ISO-10303-21;
HEADER;
FILE_DESCRIPTION(('Open CASCADE Model'),'2;1');
FILE_NAME('Open CASCADE Shape Model','2026-09-15T19:49:21',('Author'),(
    'Open CASCADE'),'Open CASCADE STEP processor 7.9','Open CASCADE 7.9'
  ,'Unknown');
FILE_SCHEMA(('AUTOMOTIVE_DESIGN { 1 0 10303 214 1 1 1 1 }'));
ENDSEC;
DATA;
#1 = APPLICATION_PROTOCOL_DEFINITION('international standard',
  'automotive_design',2000,#2);
#2 = APPLICATION_CONTEXT(
  'core data for automotive mechanical design processes');
#3 = SHAPE_DEFINITION_REPRESENTATION(#4,#10);
#4 = PRODUCT_DEFINITION_SHAPE('','',#5);
#5 = PRODUCT_DEFINITION('design','',#6,#9);
#6 = PRODUCT_DEFINITION_FORMATION('','',#7);
#7 = PRODUCT('Open CASCADE STEP translator 7.9 4',
  'Open CASCADE STEP translator 7.9 4','',(#8));
#8 = PRODUCT_CONTEXT('',#2,'mechanical');
#9 = PRODUCT_DEFINITION_CONTEXT('part definition',#2,'design');
#10 = ADVANCED_BREP_SHAPE_REPRESENTATION('',(#11,#15),#13724);
#11 = AXIS2_PLACEMENT_3D('',#12,#13,#14);
#12 = CARTESIAN_POINT('',(0.,0.,0.));
#13 = DIRECTION('',(0.,0.,1.));
#14 = DIRECTION('',(1.,0.,-0.));
#15 = MANIFOLD_SOLID_BREP('',#16);
#16 = CLOSED_SHELL('',(#17,#373,#449,#977,#1053,#1213,#1322,#1393,#1447,
    #1502,#1634,#1710,#1792,#1868,#1950,#2026,#2435,#2578,#2831,#2992,
    #3152,#3313,#3482,#4423,#4599,#4735,#5336,#5417,#5507,#5581,#6633,
    #6709,#6758,#6812,#6839,#6915,#6964,#7018,#7045,#7121,#7171,#7225,
    #7257,#7335,#7502,#7530,#7558,#7586,#7614,#7642,#7723,#7792,#7841,
    #7873,#7903,#7910,#7989,#8074,#8632,#8720,#8747,#8801,#8896,#8943,
    #9010,#9018,#9044,#9070,#9118,#9147,#9177,#9205,#9233,#9260,#9287,
    #9314,#9341,#9370,#9398,#9480,#9551,#9627,#9709,#9785,#9861,#9943,
    #10019,#10146,#10255,#10331,#10417,#10488,#10604,#10612,#10694,
    #10765,#10839,#10894,#10922,#10950,#11023,#11078,#11106,#11134,
    #11313,#11368,#11423,#11458,#11513,#11517,#11572,#11627,#11662,
    #11717,#11721,#11889,#11965,#12036,#12063,#12090,#12119,#12146,
    #12175,#12202,#12231,#12258,#12287,#12314,#12341,#12457,#12573,
    #12646,#12704,#12753,#12824,#12882,#12976,#13092,#13165,#13226,
    #13314,#13394,#13404,#13441,#13478,#13485,#13568,#13652,#13716));
#17 = ADVANCED_FACE('',(#18),#33,.F.);
#18 = FACE_BOUND('',#19,.F.);
#19 = EDGE_LOOP('',(#20,#56,#84,#117,#145,#173,#201,#229,#257,#290,#318,
    #347));
#20 = ORIENTED_EDGE('',*,*,#21,.F.);
#21 = EDGE_CURVE('',#22,#24,#26,.T.);
#22 = VERTEX_POINT('',#23);
#23 = CARTESIAN_POINT('',(-90.5,60.,32.219203340293));
#24 = VERTEX_POINT('',#25);
#25 = CARTESIAN_POINT('',(-77.5,60.,24.6));
#26 = SURFACE_CURVE('',#27,(#32,#44),.PCURVE_S1.);
#27 = CIRCLE('',#28,14.9);
#28 = AXIS2_PLACEMENT_3D('',#29,#30,#31);
#29 = CARTESIAN_POINT('',(-77.5,60.,39.5));
#30 = DIRECTION('',(0.,-1.,2.334869823773E-16));
#31 = DIRECTION('',(1.,0.,0.));
#32 = PCURVE('',#33,#38);
#33 = PLANE('',#34);
#34 = AXIS2_PLACEMENT_3D('',#35,#36,#37);
#35 = CARTESIAN_POINT('',(-98.5,60.,82.));
#36 = DIRECTION('',(0.,-1.,1.224646799147E-16));
#37 = DIRECTION('',(1.,0.,0.));
#38 = DEFINITIONAL_REPRESENTATION('',(#39),#43);
#39 = CIRCLE('',#40,14.9);
#40 = AXIS2_PLACEMENT_2D('',#41,#42);
#41 = CARTESIAN_POINT('',(21.,-42.5));
#42 = DIRECTION('',(1.,0.));
#43 = ( GEOMETRIC_REPRESENTATION_CONTEXT(2) 
PARAMETRIC_REPRESENTATION_CONTEXT() REPRESENTATION_CONTEXT('2D SPACE',''
  ) );
#44 = PCURVE('',#45,#50);
#45 = CYLINDRICAL_SURFACE('',#46,14.9);
#46 = AXIS2_PLACEMENT_3D('',#47,#48,#49);
#47 = CARTESIAN_POINT('',(-77.5,55.,39.5));
#48 = DIRECTION('',(0.,-1.,2.334869823773E-16));
#49 = DIRECTION('',(1.,0.,0.));
#50 = DEFINITIONAL_REPRESENTATION('',(#51),#55);
#51 = LINE('',#52,#53);
#52 = CARTESIAN_POINT('',(-6.28318530718,-5.));
#53 = VECTOR('',#54,1.);
#54 = DIRECTION('',(1.,-0.));
#55 = ( GEOMETRIC_REPRESENTATION_CONTEXT(2) 
PARAMETRIC_REPRESENTATION_CONTEXT() REPRESENTATION_CONTEXT('2D SPACE',''
  ) );
#56 = ORIENTED_EDGE('',*,*,#57,.F.);
#57 = EDGE_CURVE('',#58,#22,#60,.T.);
#58 = VERTEX_POINT('',#59);
#59 = CARTESIAN_POINT('',(-90.5,60.,31.824423876013));
#60 = SURFACE_CURVE('',#61,(#65,#72),.PCURVE_S1.);
#61 = LINE('',#62,#63);
#62 = CARTESIAN_POINT('',(-90.5,60.,3.));
#63 = VECTOR('',#64,1.);
#64 = DIRECTION('',(0.,1.224646799147E-16,1.));
#65 = PCURVE('',#33,#66);
#66 = DEFINITIONAL_REPRESENTATION('',(#67),#71);
#67 = LINE('',#68,#69);
#68 = CARTESIAN_POINT('',(8.,-79.));
#69 = VECTOR('',#70,1.);
#70 = DIRECTION('',(0.,1.));
#71 = ( GEOMETRIC_REPRESENTATION_CONTEXT(2) 
PARAMETRIC_REPRESENTATION_CONTEXT() REPRESENTATION_CONTEXT('2D SPACE',''
  ) );
#72 = PCURVE('',#73,#78);
#73 = CYLINDRICAL_SURFACE('',#74,8.);
#74 = AXIS2_PLACEMENT_3D('',#75,#76,#77);
#75 = CARTESIAN_POINT('',(-90.5,52.,82.));
#76 = DIRECTION('',(0.,-1.224646799147E-16,-1.));
#77 = DIRECTION('',(0.,1.,-1.224646799147E-16));
#78 = DEFINITIONAL_REPRESENTATION('',(#79),#83);
#79 = LINE('',#80,#81);
#80 = CARTESIAN_POINT('',(-0.,79.));
#81 = VECTOR('',#82,1.);
#82 = DIRECTION('',(-0.,-1.));
#83 = ( GEOMETRIC_REPRESENTATION_CONTEXT(2) 
PARAMETRIC_REPRESENTATION_CONTEXT() REPRESENTATION_CONTEXT('2D SPACE',''
  ) );
#84 = ORIENTED_EDGE('',*,*,#85,.F.);
#85 = EDGE_CURVE('',#86,#58,#88,.T.);
#86 = VERTEX_POINT('',#87);
#87 = CARTESIAN_POINT('',(-90.72969543147,60.,32.219203340293));
#88 = SURFACE_CURVE('',#89,(#93,#100),.PCURVE_S1.);
#89 = ( BOUNDED_CURVE() B_SPLINE_CURVE(2,(#90,#91,#92),.UNSPECIFIED.,.F.
,.F.) B_SPLINE_CURVE_WITH_KNOTS((3,3),(3.652127625868,4.712388980385),
.PIECEWISE_BEZIER_KNOTS.) CURVE() GEOMETRIC_REPRESENTATION_ITEM() 
RATIONAL_B_SPLINE_CURVE((1.,0.862741001437,1.)) REPRESENTATION_ITEM('') 
  );
#90 = CARTESIAN_POINT('',(-90.72969543147,60.,32.219203340293));
#91 = CARTESIAN_POINT('',(-86.45164413496,60.,24.6));
#92 = CARTESIAN_POINT('',(-77.69670050761,60.,24.6));
#93 = PCURVE('',#33,#94);
#94 = DEFINITIONAL_REPRESENTATION('',(#95),#99);
#95 = ( BOUNDED_CURVE() B_SPLINE_CURVE(2,(#96,#97,#98),.UNSPECIFIED.,.F.
,.F.) B_SPLINE_CURVE_WITH_KNOTS((3,3),(3.652127625868,4.712388980385),
.PIECEWISE_BEZIER_KNOTS.) CURVE() GEOMETRIC_REPRESENTATION_ITEM() 
RATIONAL_B_SPLINE_CURVE((1.,0.862741001437,1.)) REPRESENTATION_ITEM('') 
  );
#96 = CARTESIAN_POINT('',(7.770304568528,-49.7807966597));
#97 = CARTESIAN_POINT('',(12.048355865034,-57.4));
#98 = CARTESIAN_POINT('',(20.803299492386,-57.4));
#99 = ( GEOMETRIC_REPRESENTATION_CONTEXT(2) 
PARAMETRIC_REPRESENTATION_CONTEXT() REPRESENTATION_CONTEXT('2D SPACE',''
  ) );
#100 = PCURVE('',#101,#108);
#101 = ( BOUNDED_SURFACE() B_SPLINE_SURFACE(2,1,(
    (#102,#103)
    ,(#104,#105)
,(#106,#107
    )),.UNSPECIFIED.,.F.,.F.,.F.) B_SPLINE_SURFACE_WITH_KNOTS((3,3),(2,2
    ),(1.570796326795,3.14159265359),(-5.,-2.1),
.PIECEWISE_BEZIER_KNOTS.) GEOMETRIC_REPRESENTATION_ITEM() 
RATIONAL_B_SPLINE_SURFACE((
    (1.,1.)
    ,(0.707106781187,0.707106781187)
,(1.,1.))) REPRESENTATION_ITEM('') SURFACE() );
#102 = CARTESIAN_POINT('',(-77.69670050761,60.,24.6));
#103 = CARTESIAN_POINT('',(-77.69670050761,57.1,24.6));
#104 = CARTESIAN_POINT('',(-92.63451776649,60.,24.6));
#105 = CARTESIAN_POINT('',(-92.63451776649,57.1,24.6));
#106 = CARTESIAN_POINT('',(-92.63451776649,60.,39.5));
#107 = CARTESIAN_POINT('',(-92.63451776649,57.1,39.5));
#108 = DEFINITIONAL_REPRESENTATION('',(#109),#116);
#109 = B_SPLINE_CURVE_WITH_KNOTS('',5,(#110,#111,#112,#113,#114,#115),
  .UNSPECIFIED.,.F.,.F.,(6,6),(3.652127625868,4.712388980385),
  .PIECEWISE_BEZIER_KNOTS.);
#110 = CARTESIAN_POINT('',(2.618434231107,-5.));
#111 = CARTESIAN_POINT('',(2.423013382289,-5.));
#112 = CARTESIAN_POINT('',(2.221014101688,-5.));
#113 = CARTESIAN_POINT('',(2.011993207271,-5.000000000001));
#114 = CARTESIAN_POINT('',(1.795448955092,-5.));
#115 = CARTESIAN_POINT('',(1.570796326795,-5.));
#116 = ( GEOMETRIC_REPRESENTATION_CONTEXT(2) 
PARAMETRIC_REPRESENTATION_CONTEXT() REPRESENTATION_CONTEXT('2D SPACE',''
  ) );
#117 = ORIENTED_EDGE('',*,*,#118,.F.);
#118 = EDGE_CURVE('',#119,#86,#121,.T.);
#119 = VERTEX_POINT('',#120);
#120 = CARTESIAN_POINT('',(-90.72969543147,60.,3.));
#121 = SURFACE_CURVE('',#122,(#125,#131),.PCURVE_S1.);
#122 = B_SPLINE_CURVE_WITH_KNOTS('',1,(#123,#124),.UNSPECIFIED.,.F.,.F.,
  (2,2),(0.,29.219203340293),.PIECEWISE_BEZIER_KNOTS.);
#123 = CARTESIAN_POINT('',(-90.72969543147,60.,3.));
#124 = CARTESIAN_POINT('',(-90.72969543147,60.,32.219203340293));
#125 = PCURVE('',#33,#126);
#126 = DEFINITIONAL_REPRESENTATION('',(#127),#130);
#127 = B_SPLINE_CURVE_WITH_KNOTS('',1,(#128,#129),.UNSPECIFIED.,.F.,.F.,
  (2,2),(0.,29.219203340293),.PIECEWISE_BEZIER_KNOTS.);
#128 = CARTESIAN_POINT('',(7.770304568528,-79.));
#129 = CARTESIAN_POINT('',(7.770304568528,-49.7807966597));
#130 = ( GEOMETRIC_REPRESENTATION_CONTEXT(2) 
PARAMETRIC_REPRESENTATION_CONTEXT() REPRESENTATION_CONTEXT('2D SPACE',''
  ) );
#131 = PCURVE('',#132,#139);
#132 = ( BOUNDED_SURFACE() B_SPLINE_SURFACE(2,1,(
    (#133,#134)
    ,(#135,#136)
,(#137,#138
    )),.UNSPECIFIED.,.F.,.F.,.F.) B_SPLINE_SURFACE_WITH_KNOTS((3,3),(2,2
    ),(0.,1.570796326795),(15.5,79.),.PIECEWISE_BEZIER_KNOTS.) 
GEOMETRIC_REPRESENTATION_ITEM() RATIONAL_B_SPLINE_SURFACE((
    (1.,1.)
    ,(0.707106781187,0.707106781187)
,(1.,1.))) REPRESENTATION_ITEM('') SURFACE() );
#133 = CARTESIAN_POINT('',(-90.72969543147,60.,66.5));
#134 = CARTESIAN_POINT('',(-90.72969543147,60.,3.));
#135 = CARTESIAN_POINT('',(-98.75,60.,66.5));
#136 = CARTESIAN_POINT('',(-98.75,60.,3.));
#137 = CARTESIAN_POINT('',(-98.75,52.,66.5));
#138 = CARTESIAN_POINT('',(-98.75,52.,3.));
#139 = DEFINITIONAL_REPRESENTATION('',(#140),#144);
#140 = B_SPLINE_CURVE_WITH_KNOTS('',2,(#141,#142,#143),.UNSPECIFIED.,.F.
  ,.F.,(3,3),(0.,29.219203340293),.PIECEWISE_BEZIER_KNOTS.);
#141 = CARTESIAN_POINT('',(0.,79.));
#142 = CARTESIAN_POINT('',(0.,64.390398329854));
#143 = CARTESIAN_POINT('',(0.,49.780796659707));
#144 = ( GEOMETRIC_REPRESENTATION_CONTEXT(2) 
PARAMETRIC_REPRESENTATION_CONTEXT() REPRESENTATION_CONTEXT('2D SPACE',''
  ) );
#145 = ORIENTED_EDGE('',*,*,#146,.T.);
#146 = EDGE_CURVE('',#119,#147,#149,.T.);
#147 = VERTEX_POINT('',#148);
#148 = CARTESIAN_POINT('',(-90.5,60.,3.));
#149 = SURFACE_CURVE('',#150,(#153,#159),.PCURVE_S1.);
#150 = B_SPLINE_CURVE_WITH_KNOTS('',1,(#151,#152),.UNSPECIFIED.,.F.,.F.,
  (2,2),(0.,181.),.PIECEWISE_BEZIER_KNOTS.);
#151 = CARTESIAN_POINT('',(-90.72969543147,60.,3.));
#152 = CARTESIAN_POINT('',(90.729695431472,60.,3.));
#153 = PCURVE('',#33,#154);
#154 = DEFINITIONAL_REPRESENTATION('',(#155),#158);
#155 = B_SPLINE_CURVE_WITH_KNOTS('',1,(#156,#157),.UNSPECIFIED.,.F.,.F.,
  (2,2),(0.,181.),.PIECEWISE_BEZIER_KNOTS.);
#156 = CARTESIAN_POINT('',(7.770304568528,-79.));
#157 = CARTESIAN_POINT('',(189.22969543147,-79.));
#158 = ( GEOMETRIC_REPRESENTATION_CONTEXT(2) 
PARAMETRIC_REPRESENTATION_CONTEXT() REPRESENTATION_CONTEXT('2D SPACE',''
  ) );
#159 = PCURVE('',#160,#167);
#160 = ( BOUNDED_SURFACE() B_SPLINE_SURFACE(2,1,(
    (#161,#162)
    ,(#163,#164)
,(#165,#166
    )),.UNSPECIFIED.,.F.,.F.,.F.) B_SPLINE_SURFACE_WITH_KNOTS((3,3),(2,2
    ),(0.,1.570796326795),(0.,181.),.PIECEWISE_BEZIER_KNOTS.) 
GEOMETRIC_REPRESENTATION_ITEM() RATIONAL_B_SPLINE_SURFACE((
    (1.,1.)
    ,(0.707106781187,0.707106781187)
,(1.,1.))) REPRESENTATION_ITEM('') SURFACE() );
#161 = CARTESIAN_POINT('',(-90.72969543147,60.,3.));
#162 = CARTESIAN_POINT('',(90.729695431472,60.,3.));
#163 = CARTESIAN_POINT('',(-90.72969543147,60.,-1.42108547152E-14));
#164 = CARTESIAN_POINT('',(90.729695431472,60.,-1.42108547152E-14));
#165 = CARTESIAN_POINT('',(-90.72969543147,57.,0.));
#166 = CARTESIAN_POINT('',(90.729695431472,57.,0.));
#167 = DEFINITIONAL_REPRESENTATION('',(#168),#172);
#168 = B_SPLINE_CURVE_WITH_KNOTS('',2,(#169,#170,#171),.UNSPECIFIED.,.F.
  ,.F.,(3,3),(0.,181.),.PIECEWISE_BEZIER_KNOTS.);
#169 = CARTESIAN_POINT('',(0.,0.));
#170 = CARTESIAN_POINT('',(0.,90.5));
#171 = CARTESIAN_POINT('',(0.,181.));
#172 = ( GEOMETRIC_REPRESENTATION_CONTEXT(2) 
PARAMETRIC_REPRESENTATION_CONTEXT() REPRESENTATION_CONTEXT('2D SPACE',''
  ) );
#173 = ORIENTED_EDGE('',*,*,#174,.F.);
#174 = EDGE_CURVE('',#175,#147,#177,.T.);
#175 = VERTEX_POINT('',#176);
#176 = CARTESIAN_POINT('',(90.5,60.,3.));
#177 = SURFACE_CURVE('',#178,(#182,#189),.PCURVE_S1.);
#178 = LINE('',#179,#180);
#179 = CARTESIAN_POINT('',(90.5,60.,3.));
#180 = VECTOR('',#181,1.);
#181 = DIRECTION('',(-1.,-0.,0.));
#182 = PCURVE('',#33,#183);
#183 = DEFINITIONAL_REPRESENTATION('',(#184),#188);
#184 = LINE('',#185,#186);
#185 = CARTESIAN_POINT('',(189.,-79.));
#186 = VECTOR('',#187,1.);
#187 = DIRECTION('',(-1.,0.));
#188 = ( GEOMETRIC_REPRESENTATION_CONTEXT(2) 
PARAMETRIC_REPRESENTATION_CONTEXT() REPRESENTATION_CONTEXT('2D SPACE',''
  ) );
#189 = PCURVE('',#190,#195);
#190 = CYLINDRICAL_SURFACE('',#191,3.);
#191 = AXIS2_PLACEMENT_3D('',#192,#193,#194);
#192 = CARTESIAN_POINT('',(-90.5,57.,3.));
#193 = DIRECTION('',(1.,0.,0.));
#194 = DIRECTION('',(0.,1.,-1.224646799147E-16));
#195 = DEFINITIONAL_REPRESENTATION('',(#196),#200);
#196 = LINE('',#197,#198);
#197 = CARTESIAN_POINT('',(-0.,181.));
#198 = VECTOR('',#199,1.);
#199 = DIRECTION('',(-0.,-1.));
#200 = ( GEOMETRIC_REPRESENTATION_CONTEXT(2) 
PARAMETRIC_REPRESENTATION_CONTEXT() REPRESENTATION_CONTEXT('2D SPACE',''
  ) );
#201 = ORIENTED_EDGE('',*,*,#202,.T.);
#202 = EDGE_CURVE('',#175,#203,#205,.T.);
#203 = VERTEX_POINT('',#204);
#204 = CARTESIAN_POINT('',(90.729695431472,60.,3.));
#205 = SURFACE_CURVE('',#206,(#209,#215),.PCURVE_S1.);
#206 = B_SPLINE_CURVE_WITH_KNOTS('',1,(#207,#208),.UNSPECIFIED.,.F.,.F.,
  (2,2),(0.,181.),.PIECEWISE_BEZIER_KNOTS.);
#207 = CARTESIAN_POINT('',(-90.72969543147,60.,3.));
#208 = CARTESIAN_POINT('',(90.729695431472,60.,3.));
#209 = PCURVE('',#33,#210);
#210 = DEFINITIONAL_REPRESENTATION('',(#211),#214);
#211 = B_SPLINE_CURVE_WITH_KNOTS('',1,(#212,#213),.UNSPECIFIED.,.F.,.F.,
  (2,2),(0.,181.),.PIECEWISE_BEZIER_KNOTS.);
#212 = CARTESIAN_POINT('',(7.770304568528,-79.));
#213 = CARTESIAN_POINT('',(189.22969543147,-79.));
#214 = ( GEOMETRIC_REPRESENTATION_CONTEXT(2) 
PARAMETRIC_REPRESENTATION_CONTEXT() REPRESENTATION_CONTEXT('2D SPACE',''
  ) );
#215 = PCURVE('',#216,#223);
#216 = ( BOUNDED_SURFACE() B_SPLINE_SURFACE(2,1,(
    (#217,#218)
    ,(#219,#220)
,(#221,#222
    )),.UNSPECIFIED.,.F.,.F.,.F.) B_SPLINE_SURFACE_WITH_KNOTS((3,3),(2,2
    ),(0.,1.570796326795),(0.,181.),.PIECEWISE_BEZIER_KNOTS.) 
GEOMETRIC_REPRESENTATION_ITEM() RATIONAL_B_SPLINE_SURFACE((
    (1.,1.)
    ,(0.707106781187,0.707106781187)
,(1.,1.))) REPRESENTATION_ITEM('') SURFACE() );
#217 = CARTESIAN_POINT('',(-90.72969543147,60.,3.));
#218 = CARTESIAN_POINT('',(90.729695431472,60.,3.));
#219 = CARTESIAN_POINT('',(-90.72969543147,60.,-1.42108547152E-14));
#220 = CARTESIAN_POINT('',(90.729695431472,60.,-1.42108547152E-14));
#221 = CARTESIAN_POINT('',(-90.72969543147,57.,0.));
#222 = CARTESIAN_POINT('',(90.729695431472,57.,0.));
#223 = DEFINITIONAL_REPRESENTATION('',(#224),#228);
#224 = B_SPLINE_CURVE_WITH_KNOTS('',2,(#225,#226,#227),.UNSPECIFIED.,.F.
  ,.F.,(3,3),(0.,181.),.PIECEWISE_BEZIER_KNOTS.);
#225 = CARTESIAN_POINT('',(0.,0.));
#226 = CARTESIAN_POINT('',(0.,90.5));
#227 = CARTESIAN_POINT('',(0.,181.));
#228 = ( GEOMETRIC_REPRESENTATION_CONTEXT(2) 
PARAMETRIC_REPRESENTATION_CONTEXT() REPRESENTATION_CONTEXT('2D SPACE',''
  ) );
#229 = ORIENTED_EDGE('',*,*,#230,.F.);
#230 = EDGE_CURVE('',#231,#203,#233,.T.);
#231 = VERTEX_POINT('',#232);
#232 = CARTESIAN_POINT('',(90.729695431472,60.,32.219203340293));
#233 = SURFACE_CURVE('',#234,(#237,#243),.PCURVE_S1.);
#234 = B_SPLINE_CURVE_WITH_KNOTS('',1,(#235,#236),.UNSPECIFIED.,.F.,.F.,
  (2,2),(0.,29.219203340293),.PIECEWISE_BEZIER_KNOTS.);
#235 = CARTESIAN_POINT('',(90.729695431472,60.,32.219203340293));
#236 = CARTESIAN_POINT('',(90.729695431472,60.,3.));
#237 = PCURVE('',#33,#238);
#238 = DEFINITIONAL_REPRESENTATION('',(#239),#242);
#239 = B_SPLINE_CURVE_WITH_KNOTS('',1,(#240,#241),.UNSPECIFIED.,.F.,.F.,
  (2,2),(0.,29.219203340293),.PIECEWISE_BEZIER_KNOTS.);
#240 = CARTESIAN_POINT('',(189.22969543147,-49.7807966597));
#241 = CARTESIAN_POINT('',(189.22969543147,-79.));
#242 = ( GEOMETRIC_REPRESENTATION_CONTEXT(2) 
PARAMETRIC_REPRESENTATION_CONTEXT() REPRESENTATION_CONTEXT('2D SPACE',''
  ) );
#243 = PCURVE('',#244,#251);
#244 = ( BOUNDED_SURFACE() B_SPLINE_SURFACE(2,1,(
    (#245,#246)
    ,(#247,#248)
,(#249,#250
    )),.UNSPECIFIED.,.F.,.F.,.F.) B_SPLINE_SURFACE_WITH_KNOTS((3,3),(2,2
    ),(0.,1.570796326795),(15.5,79.),.PIECEWISE_BEZIER_KNOTS.) 
GEOMETRIC_REPRESENTATION_ITEM() RATIONAL_B_SPLINE_SURFACE((
    (1.,1.)
    ,(0.707106781187,0.707106781187)
,(1.,1.))) REPRESENTATION_ITEM('') SURFACE() );
#245 = CARTESIAN_POINT('',(90.729695431472,60.,66.5));
#246 = CARTESIAN_POINT('',(90.729695431472,60.,3.));
#247 = CARTESIAN_POINT('',(98.75,60.,66.5));
#248 = CARTESIAN_POINT('',(98.75,60.,3.));
#249 = CARTESIAN_POINT('',(98.75,52.,66.5));
#250 = CARTESIAN_POINT('',(98.75,52.,3.));
#251 = DEFINITIONAL_REPRESENTATION('',(#252),#256);
#252 = B_SPLINE_CURVE_WITH_KNOTS('',2,(#253,#254,#255),.UNSPECIFIED.,.F.
  ,.F.,(3,3),(0.,29.219203340293),.PIECEWISE_BEZIER_KNOTS.);
#253 = CARTESIAN_POINT('',(0.,49.780796659707));
#254 = CARTESIAN_POINT('',(-3.46547050072E-47,64.390398329854));
#255 = CARTESIAN_POINT('',(0.,79.));
#256 = ( GEOMETRIC_REPRESENTATION_CONTEXT(2) 
PARAMETRIC_REPRESENTATION_CONTEXT() REPRESENTATION_CONTEXT('2D SPACE',''
  ) );
#257 = ORIENTED_EDGE('',*,*,#258,.F.);
#258 = EDGE_CURVE('',#259,#231,#261,.T.);
#259 = VERTEX_POINT('',#260);
#260 = CARTESIAN_POINT('',(90.5,60.,31.824423876013));
#261 = SURFACE_CURVE('',#262,(#266,#273),.PCURVE_S1.);
#262 = ( BOUNDED_CURVE() B_SPLINE_CURVE(2,(#263,#264,#265),
.UNSPECIFIED.,.F.,.F.) B_SPLINE_CURVE_WITH_KNOTS((3,3),(4.712388980385,
5.772650334901),.PIECEWISE_BEZIER_KNOTS.) CURVE() 
GEOMETRIC_REPRESENTATION_ITEM() RATIONAL_B_SPLINE_CURVE((1.,
0.862741001437,1.)) REPRESENTATION_ITEM('') );
#263 = CARTESIAN_POINT('',(77.696700507614,60.,24.6));
#264 = CARTESIAN_POINT('',(86.451644134966,60.,24.6));
#265 = CARTESIAN_POINT('',(90.729695431472,60.,32.219203340293));
#266 = PCURVE('',#33,#267);
#267 = DEFINITIONAL_REPRESENTATION('',(#268),#272);
#268 = ( BOUNDED_CURVE() B_SPLINE_CURVE(2,(#269,#270,#271),
.UNSPECIFIED.,.F.,.F.) B_SPLINE_CURVE_WITH_KNOTS((3,3),(4.712388980385,
5.772650334901),.PIECEWISE_BEZIER_KNOTS.) CURVE() 
GEOMETRIC_REPRESENTATION_ITEM() RATIONAL_B_SPLINE_CURVE((1.,
0.862741001437,1.)) REPRESENTATION_ITEM('') );
#269 = CARTESIAN_POINT('',(176.19670050761,-57.4));
#270 = CARTESIAN_POINT('',(184.95164413496,-57.4));
#271 = CARTESIAN_POINT('',(189.22969543147,-49.7807966597));
#272 = ( GEOMETRIC_REPRESENTATION_CONTEXT(2) 
PARAMETRIC_REPRESENTATION_CONTEXT() REPRESENTATION_CONTEXT('2D SPACE',''
  ) );
#273 = PCURVE('',#274,#281);
#274 = ( BOUNDED_SURFACE() B_SPLINE_SURFACE(2,1,(
    (#275,#276)
    ,(#277,#278)
,(#279,#280
    )),.UNSPECIFIED.,.F.,.F.,.F.) B_SPLINE_SURFACE_WITH_KNOTS((3,3),(2,2
    ),(0.,1.570796326795),(-5.,-2.1),.PIECEWISE_BEZIER_KNOTS.) 
GEOMETRIC_REPRESENTATION_ITEM() RATIONAL_B_SPLINE_SURFACE((
    (1.,1.)
    ,(0.707106781187,0.707106781187)
,(1.,1.))) REPRESENTATION_ITEM('') SURFACE() );
#275 = CARTESIAN_POINT('',(92.634517766497,60.,39.5));
#276 = CARTESIAN_POINT('',(92.634517766497,57.1,39.5));
#277 = CARTESIAN_POINT('',(92.634517766497,60.,24.6));
#278 = CARTESIAN_POINT('',(92.634517766497,57.1,24.6));
#279 = CARTESIAN_POINT('',(77.696700507614,60.,24.6));
#280 = CARTESIAN_POINT('',(77.696700507614,57.1,24.6));
#281 = DEFINITIONAL_REPRESENTATION('',(#282),#289);
#282 = B_SPLINE_CURVE_WITH_KNOTS('',5,(#283,#284,#285,#286,#287,#288),
  .UNSPECIFIED.,.F.,.F.,(6,6),(4.712388980385,5.772650334901),
  .PIECEWISE_BEZIER_KNOTS.);
#283 = CARTESIAN_POINT('',(1.570796326795,-5.));
#284 = CARTESIAN_POINT('',(1.346143698498,-5.));
#285 = CARTESIAN_POINT('',(1.129599446319,-5.));
#286 = CARTESIAN_POINT('',(0.920578551902,-5.));
#287 = CARTESIAN_POINT('',(0.7185792713,-5.));
#288 = CARTESIAN_POINT('',(0.523158422483,-5.));
#289 = ( GEOMETRIC_REPRESENTATION_CONTEXT(2) 
PARAMETRIC_REPRESENTATION_CONTEXT() REPRESENTATION_CONTEXT('2D SPACE',''
  ) );
#290 = ORIENTED_EDGE('',*,*,#291,.F.);
#291 = EDGE_CURVE('',#292,#259,#294,.T.);
#292 = VERTEX_POINT('',#293);
#293 = CARTESIAN_POINT('',(90.5,60.,32.219203340293));
#294 = SURFACE_CURVE('',#295,(#299,#306),.PCURVE_S1.);
#295 = LINE('',#296,#297);
#296 = CARTESIAN_POINT('',(90.5,60.,32.219203340293));
#297 = VECTOR('',#298,1.);
#298 = DIRECTION('',(0.,-1.224646799147E-16,-1.));
#299 = PCURVE('',#33,#300);
#300 = DEFINITIONAL_REPRESENTATION('',(#301),#305);
#301 = LINE('',#302,#303);
#302 = CARTESIAN_POINT('',(189.,-49.7807966597));
#303 = VECTOR('',#304,1.);
#304 = DIRECTION('',(0.,-1.));
#305 = ( GEOMETRIC_REPRESENTATION_CONTEXT(2) 
PARAMETRIC_REPRESENTATION_CONTEXT() REPRESENTATION_CONTEXT('2D SPACE',''
  ) );
#306 = PCURVE('',#307,#312);
#307 = CYLINDRICAL_SURFACE('',#308,8.);
#308 = AXIS2_PLACEMENT_3D('',#309,#310,#311);
#309 = CARTESIAN_POINT('',(90.5,52.,82.));
#310 = DIRECTION('',(0.,-1.224646799147E-16,-1.));
#311 = DIRECTION('',(0.,1.,-1.224646799147E-16));
#312 = DEFINITIONAL_REPRESENTATION('',(#313),#317);
#313 = LINE('',#314,#315);
#314 = CARTESIAN_POINT('',(0.,49.780796659707));
#315 = VECTOR('',#316,1.);
#316 = DIRECTION('',(0.,1.));
#317 = ( GEOMETRIC_REPRESENTATION_CONTEXT(2) 
PARAMETRIC_REPRESENTATION_CONTEXT() REPRESENTATION_CONTEXT('2D SPACE',''
  ) );
#318 = ORIENTED_EDGE('',*,*,#319,.F.);
#319 = EDGE_CURVE('',#320,#292,#322,.T.);
#320 = VERTEX_POINT('',#321);
#321 = CARTESIAN_POINT('',(77.5,60.,24.6));
#322 = SURFACE_CURVE('',#323,(#328,#335),.PCURVE_S1.);
#323 = CIRCLE('',#324,14.9);
#324 = AXIS2_PLACEMENT_3D('',#325,#326,#327);
#325 = CARTESIAN_POINT('',(77.5,60.,39.5));
#326 = DIRECTION('',(0.,-1.,2.334869823773E-16));
#327 = DIRECTION('',(1.,0.,0.));
#328 = PCURVE('',#33,#329);
#329 = DEFINITIONAL_REPRESENTATION('',(#330),#334);
#330 = CIRCLE('',#331,14.9);
#331 = AXIS2_PLACEMENT_2D('',#332,#333);
#332 = CARTESIAN_POINT('',(176.,-42.5));
#333 = DIRECTION('',(1.,0.));
#334 = ( GEOMETRIC_REPRESENTATION_CONTEXT(2) 
PARAMETRIC_REPRESENTATION_CONTEXT() REPRESENTATION_CONTEXT('2D SPACE',''
  ) );
#335 = PCURVE('',#336,#341);
#336 = CYLINDRICAL_SURFACE('',#337,14.9);
#337 = AXIS2_PLACEMENT_3D('',#338,#339,#340);
#338 = CARTESIAN_POINT('',(77.5,55.,39.5));
#339 = DIRECTION('',(0.,-1.,2.334869823773E-16));
#340 = DIRECTION('',(1.,0.,0.));
#341 = DEFINITIONAL_REPRESENTATION('',(#342),#346);
#342 = LINE('',#343,#344);
#343 = CARTESIAN_POINT('',(-6.28318530718,-5.));
#344 = VECTOR('',#345,1.);
#345 = DIRECTION('',(1.,-0.));
#346 = ( GEOMETRIC_REPRESENTATION_CONTEXT(2) 
PARAMETRIC_REPRESENTATION_CONTEXT() REPRESENTATION_CONTEXT('2D SPACE',''
  ) );
#347 = ORIENTED_EDGE('',*,*,#348,.T.);
#348 = EDGE_CURVE('',#320,#24,#349,.T.);
#349 = SURFACE_CURVE('',#350,(#354,#361),.PCURVE_S1.);
#350 = LINE('',#351,#352);
#351 = CARTESIAN_POINT('',(-10.5,60.,24.6));
#352 = VECTOR('',#353,1.);
#353 = DIRECTION('',(-1.,-0.,0.));
#354 = PCURVE('',#33,#355);
#355 = DEFINITIONAL_REPRESENTATION('',(#356),#360);
#356 = LINE('',#357,#358);
#357 = CARTESIAN_POINT('',(88.,-57.4));
#358 = VECTOR('',#359,1.);
#359 = DIRECTION('',(-1.,0.));
#360 = ( GEOMETRIC_REPRESENTATION_CONTEXT(2) 
PARAMETRIC_REPRESENTATION_CONTEXT() REPRESENTATION_CONTEXT('2D SPACE',''
  ) );
#361 = PCURVE('',#362,#367);
#362 = PLANE('',#363);
#363 = AXIS2_PLACEMENT_3D('',#364,#365,#366);
#364 = CARTESIAN_POINT('',(77.5,55.,24.6));
#365 = DIRECTION('',(-0.,1.224646799147E-16,1.));
#366 = DIRECTION('',(-1.,-0.,0.));
#367 = DEFINITIONAL_REPRESENTATION('',(#368),#372);
#368 = LINE('',#369,#370);
#369 = CARTESIAN_POINT('',(88.,-5.));
#370 = VECTOR('',#371,1.);
#371 = DIRECTION('',(1.,0.));
#372 = ( GEOMETRIC_REPRESENTATION_CONTEXT(2) 
PARAMETRIC_REPRESENTATION_CONTEXT() REPRESENTATION_CONTEXT('2D SPACE',''
  ) );
#373 = ADVANCED_FACE('',(#374),#362,.T.);
#374 = FACE_BOUND('',#375,.T.);
#375 = EDGE_LOOP('',(#376,#399,#427,#448));
#376 = ORIENTED_EDGE('',*,*,#377,.F.);
#377 = EDGE_CURVE('',#378,#24,#380,.T.);
#378 = VERTEX_POINT('',#379);
#379 = CARTESIAN_POINT('',(-77.5,57.1,24.6));
#380 = SURFACE_CURVE('',#381,(#385,#392),.PCURVE_S1.);
#381 = LINE('',#382,#383);
#382 = CARTESIAN_POINT('',(-77.5,57.1,24.6));
#383 = VECTOR('',#384,1.);
#384 = DIRECTION('',(0.,1.,-1.224646799147E-16));
#385 = PCURVE('',#362,#386);
#386 = DEFINITIONAL_REPRESENTATION('',(#387),#391);
#387 = LINE('',#388,#389);
#388 = CARTESIAN_POINT('',(155.,-2.1));
#389 = VECTOR('',#390,1.);
#390 = DIRECTION('',(-0.,-1.));
#391 = ( GEOMETRIC_REPRESENTATION_CONTEXT(2) 
PARAMETRIC_REPRESENTATION_CONTEXT() REPRESENTATION_CONTEXT('2D SPACE',''
  ) );
#392 = PCURVE('',#45,#393);
#393 = DEFINITIONAL_REPRESENTATION('',(#394),#398);
#394 = LINE('',#395,#396);
#395 = CARTESIAN_POINT('',(-1.570796326795,-2.1));
#396 = VECTOR('',#397,1.);
#397 = DIRECTION('',(-0.,-1.));
#398 = ( GEOMETRIC_REPRESENTATION_CONTEXT(2) 
PARAMETRIC_REPRESENTATION_CONTEXT() REPRESENTATION_CONTEXT('2D SPACE',''
  ) );
#399 = ORIENTED_EDGE('',*,*,#400,.F.);
#400 = EDGE_CURVE('',#401,#378,#403,.T.);
#401 = VERTEX_POINT('',#402);
#402 = CARTESIAN_POINT('',(77.5,57.1,24.6));
#403 = SURFACE_CURVE('',#404,(#408,#415),.PCURVE_S1.);
#404 = LINE('',#405,#406);
#405 = CARTESIAN_POINT('',(-16.25,57.1,24.6));
#406 = VECTOR('',#407,1.);
#407 = DIRECTION('',(-1.,0.,-0.));
#408 = PCURVE('',#362,#409);
#409 = DEFINITIONAL_REPRESENTATION('',(#410),#414);
#410 = LINE('',#411,#412);
#411 = CARTESIAN_POINT('',(93.75,-2.1));
#412 = VECTOR('',#413,1.);
#413 = DIRECTION('',(1.,-0.));
#414 = ( GEOMETRIC_REPRESENTATION_CONTEXT(2) 
PARAMETRIC_REPRESENTATION_CONTEXT() REPRESENTATION_CONTEXT('2D SPACE',''
  ) );
#415 = PCURVE('',#416,#421);
#416 = PLANE('',#417);
#417 = AXIS2_PLACEMENT_3D('',#418,#419,#420);
#418 = CARTESIAN_POINT('',(-110.,57.1,82.));
#419 = DIRECTION('',(0.,-1.,1.224646799147E-16));
#420 = DIRECTION('',(0.,-1.224646799147E-16,-1.));
#421 = DEFINITIONAL_REPRESENTATION('',(#422),#426);
#422 = LINE('',#423,#424);
#423 = CARTESIAN_POINT('',(57.4,93.75));
#424 = VECTOR('',#425,1.);
#425 = DIRECTION('',(-0.,-1.));
#426 = ( GEOMETRIC_REPRESENTATION_CONTEXT(2) 
PARAMETRIC_REPRESENTATION_CONTEXT() REPRESENTATION_CONTEXT('2D SPACE',''
  ) );
#427 = ORIENTED_EDGE('',*,*,#428,.T.);
#428 = EDGE_CURVE('',#401,#320,#429,.T.);
#429 = SURFACE_CURVE('',#430,(#434,#441),.PCURVE_S1.);
#430 = LINE('',#431,#432);
#431 = CARTESIAN_POINT('',(77.5,57.1,24.6));
#432 = VECTOR('',#433,1.);
#433 = DIRECTION('',(0.,1.,-1.224646799147E-16));
#434 = PCURVE('',#362,#435);
#435 = DEFINITIONAL_REPRESENTATION('',(#436),#440);
#436 = LINE('',#437,#438);
#437 = CARTESIAN_POINT('',(0.,-2.1));
#438 = VECTOR('',#439,1.);
#439 = DIRECTION('',(-0.,-1.));
#440 = ( GEOMETRIC_REPRESENTATION_CONTEXT(2) 
PARAMETRIC_REPRESENTATION_CONTEXT() REPRESENTATION_CONTEXT('2D SPACE',''
  ) );
#441 = PCURVE('',#336,#442);
#442 = DEFINITIONAL_REPRESENTATION('',(#443),#447);
#443 = LINE('',#444,#445);
#444 = CARTESIAN_POINT('',(-1.570796326795,-2.1));
#445 = VECTOR('',#446,1.);
#446 = DIRECTION('',(-0.,-1.));
#447 = ( GEOMETRIC_REPRESENTATION_CONTEXT(2) 
PARAMETRIC_REPRESENTATION_CONTEXT() REPRESENTATION_CONTEXT('2D SPACE',''
  ) );
#448 = ORIENTED_EDGE('',*,*,#348,.T.);
#449 = ADVANCED_FACE('',(#450),#416,.T.);
#450 = FACE_BOUND('',#451,.T.);
#451 = EDGE_LOOP('',(#452,#482,#510,#538,#566,#594,#622,#650,#678,#706,
    #734,#762,#790,#818,#847,#875,#897,#898,#922,#950));
#452 = ORIENTED_EDGE('',*,*,#453,.F.);
#453 = EDGE_CURVE('',#454,#456,#458,.T.);
#454 = VERTEX_POINT('',#455);
#455 = CARTESIAN_POINT('',(-94.951,57.1,66.5));
#456 = VERTEX_POINT('',#457);
#457 = CARTESIAN_POINT('',(-92.09486210966,57.1,66.5));
#458 = SURFACE_CURVE('',#459,(#463,#470),.PCURVE_S1.);
#459 = LINE('',#460,#461);
#460 = CARTESIAN_POINT('',(-110.,57.1,66.5));
#461 = VECTOR('',#462,1.);
#462 = DIRECTION('',(1.,0.,0.));
#463 = PCURVE('',#416,#464);
#464 = DEFINITIONAL_REPRESENTATION('',(#465),#469);
#465 = LINE('',#466,#467);
#466 = CARTESIAN_POINT('',(15.5,0.));
#467 = VECTOR('',#468,1.);
#468 = DIRECTION('',(0.,1.));
#469 = ( GEOMETRIC_REPRESENTATION_CONTEXT(2) 
PARAMETRIC_REPRESENTATION_CONTEXT() REPRESENTATION_CONTEXT('2D SPACE',''
  ) );
#470 = PCURVE('',#471,#476);
#471 = PLANE('',#472);
#472 = AXIS2_PLACEMENT_3D('',#473,#474,#475);
#473 = CARTESIAN_POINT('',(-110.,65.,66.5));
#474 = DIRECTION('',(0.,-1.224646799147E-16,-1.));
#475 = DIRECTION('',(1.,0.,0.));
#476 = DEFINITIONAL_REPRESENTATION('',(#477),#481);
#477 = LINE('',#478,#479);
#478 = CARTESIAN_POINT('',(0.,7.9));
#479 = VECTOR('',#480,1.);
#480 = DIRECTION('',(1.,0.));
#481 = ( GEOMETRIC_REPRESENTATION_CONTEXT(2) 
PARAMETRIC_REPRESENTATION_CONTEXT() REPRESENTATION_CONTEXT('2D SPACE',''
  ) );
#482 = ORIENTED_EDGE('',*,*,#483,.T.);
#483 = EDGE_CURVE('',#454,#484,#486,.T.);
#484 = VERTEX_POINT('',#485);
#485 = CARTESIAN_POINT('',(-94.951,57.1,61.));
#486 = SURFACE_CURVE('',#487,(#491,#498),.PCURVE_S1.);
#487 = LINE('',#488,#489);
#488 = CARTESIAN_POINT('',(-94.951,57.1,82.));
#489 = VECTOR('',#490,1.);
#490 = DIRECTION('',(0.,-1.224646799147E-16,-1.));
#491 = PCURVE('',#416,#492);
#492 = DEFINITIONAL_REPRESENTATION('',(#493),#497);
#493 = LINE('',#494,#495);
#494 = CARTESIAN_POINT('',(0.,15.049));
#495 = VECTOR('',#496,1.);
#496 = DIRECTION('',(1.,0.));
#497 = ( GEOMETRIC_REPRESENTATION_CONTEXT(2) 
PARAMETRIC_REPRESENTATION_CONTEXT() REPRESENTATION_CONTEXT('2D SPACE',''
  ) );
#498 = PCURVE('',#499,#504);
#499 = PLANE('',#500);
#500 = AXIS2_PLACEMENT_3D('',#501,#502,#503);
#501 = CARTESIAN_POINT('',(-94.951,56.2,82.));
#502 = DIRECTION('',(1.,0.,0.));
#503 = DIRECTION('',(0.,1.,-1.224646799147E-16));
#504 = DEFINITIONAL_REPRESENTATION('',(#505),#509);
#505 = LINE('',#506,#507);
#506 = CARTESIAN_POINT('',(0.9,1.102182119233E-16));
#507 = VECTOR('',#508,1.);
#508 = DIRECTION('',(0.,-1.));
#509 = ( GEOMETRIC_REPRESENTATION_CONTEXT(2) 
PARAMETRIC_REPRESENTATION_CONTEXT() REPRESENTATION_CONTEXT('2D SPACE',''
  ) );
#510 = ORIENTED_EDGE('',*,*,#511,.T.);
#511 = EDGE_CURVE('',#484,#512,#514,.T.);
#512 = VERTEX_POINT('',#513);
#513 = CARTESIAN_POINT('',(-94.1,57.1,61.));
#514 = SURFACE_CURVE('',#515,(#519,#526),.PCURVE_S1.);
#515 = LINE('',#516,#517);
#516 = CARTESIAN_POINT('',(-104.25,57.1,61.));
#517 = VECTOR('',#518,1.);
#518 = DIRECTION('',(1.,0.,0.));
#519 = PCURVE('',#416,#520);
#520 = DEFINITIONAL_REPRESENTATION('',(#521),#525);
#521 = LINE('',#522,#523);
#522 = CARTESIAN_POINT('',(21.,5.75));
#523 = VECTOR('',#524,1.);
#524 = DIRECTION('',(0.,1.));
#525 = ( GEOMETRIC_REPRESENTATION_CONTEXT(2) 
PARAMETRIC_REPRESENTATION_CONTEXT() REPRESENTATION_CONTEXT('2D SPACE',''
  ) );
#526 = PCURVE('',#527,#532);
#527 = PLANE('',#528);
#528 = AXIS2_PLACEMENT_3D('',#529,#530,#531);
#529 = CARTESIAN_POINT('',(-98.5,60.,61.));
#530 = DIRECTION('',(0.,-1.224646799147E-16,-1.));
#531 = DIRECTION('',(1.,0.,0.));
#532 = DEFINITIONAL_REPRESENTATION('',(#533),#537);
#533 = LINE('',#534,#535);
#534 = CARTESIAN_POINT('',(-5.75,2.9));
#535 = VECTOR('',#536,1.);
#536 = DIRECTION('',(1.,0.));
#537 = ( GEOMETRIC_REPRESENTATION_CONTEXT(2) 
PARAMETRIC_REPRESENTATION_CONTEXT() REPRESENTATION_CONTEXT('2D SPACE',''
  ) );
#538 = ORIENTED_EDGE('',*,*,#539,.F.);
#539 = EDGE_CURVE('',#540,#512,#542,.T.);
#540 = VERTEX_POINT('',#541);
#541 = CARTESIAN_POINT('',(-94.1,57.1,20.));
#542 = SURFACE_CURVE('',#543,(#547,#554),.PCURVE_S1.);
#543 = LINE('',#544,#545);
#544 = CARTESIAN_POINT('',(-94.1,57.1,71.5));
#545 = VECTOR('',#546,1.);
#546 = DIRECTION('',(0.,1.224646799147E-16,1.));
#547 = PCURVE('',#416,#548);
#548 = DEFINITIONAL_REPRESENTATION('',(#549),#553);
#549 = LINE('',#550,#551);
#550 = CARTESIAN_POINT('',(10.5,15.9));
#551 = VECTOR('',#552,1.);
#552 = DIRECTION('',(-1.,0.));
#553 = ( GEOMETRIC_REPRESENTATION_CONTEXT(2) 
PARAMETRIC_REPRESENTATION_CONTEXT() REPRESENTATION_CONTEXT('2D SPACE',''
  ) );
#554 = PCURVE('',#555,#560);
#555 = PLANE('',#556);
#556 = AXIS2_PLACEMENT_3D('',#557,#558,#559);
#557 = CARTESIAN_POINT('',(-94.1,60.,61.));
#558 = DIRECTION('',(1.,0.,0.));
#559 = DIRECTION('',(0.,-1.224646799147E-16,-1.));
#560 = DEFINITIONAL_REPRESENTATION('',(#561),#565);
#561 = LINE('',#562,#563);
#562 = CARTESIAN_POINT('',(-10.5,-2.9));
#563 = VECTOR('',#564,1.);
#564 = DIRECTION('',(-1.,0.));
#565 = ( GEOMETRIC_REPRESENTATION_CONTEXT(2) 
PARAMETRIC_REPRESENTATION_CONTEXT() REPRESENTATION_CONTEXT('2D SPACE',''
  ) );
#566 = ORIENTED_EDGE('',*,*,#567,.T.);
#567 = EDGE_CURVE('',#540,#568,#570,.T.);
#568 = VERTEX_POINT('',#569);
#569 = CARTESIAN_POINT('',(-15.,57.1,20.));
#570 = SURFACE_CURVE('',#571,(#575,#582),.PCURVE_S1.);
#571 = LINE('',#572,#573);
#572 = CARTESIAN_POINT('',(-110.,57.1,20.));
#573 = VECTOR('',#574,1.);
#574 = DIRECTION('',(1.,0.,0.));
#575 = PCURVE('',#416,#576);
#576 = DEFINITIONAL_REPRESENTATION('',(#577),#581);
#577 = LINE('',#578,#579);
#578 = CARTESIAN_POINT('',(62.,0.));
#579 = VECTOR('',#580,1.);
#580 = DIRECTION('',(0.,1.));
#581 = ( GEOMETRIC_REPRESENTATION_CONTEXT(2) 
PARAMETRIC_REPRESENTATION_CONTEXT() REPRESENTATION_CONTEXT('2D SPACE',''
  ) );
#582 = PCURVE('',#583,#588);
#583 = PLANE('',#584);
#584 = AXIS2_PLACEMENT_3D('',#585,#586,#587);
#585 = CARTESIAN_POINT('',(-94.951,57.1,20.));
#586 = DIRECTION('',(0.,0.707106781187,0.707106781187));
#587 = DIRECTION('',(0.,0.707106781187,-0.707106781187));
#588 = DEFINITIONAL_REPRESENTATION('',(#589),#593);
#589 = LINE('',#590,#591);
#590 = CARTESIAN_POINT('',(0.,15.049));
#591 = VECTOR('',#592,1.);
#592 = DIRECTION('',(0.,-1.));
#593 = ( GEOMETRIC_REPRESENTATION_CONTEXT(2) 
PARAMETRIC_REPRESENTATION_CONTEXT() REPRESENTATION_CONTEXT('2D SPACE',''
  ) );
#594 = ORIENTED_EDGE('',*,*,#595,.T.);
#595 = EDGE_CURVE('',#568,#596,#598,.T.);
#596 = VERTEX_POINT('',#597);
#597 = CARTESIAN_POINT('',(-15.,57.1,22.1));
#598 = SURFACE_CURVE('',#599,(#603,#610),.PCURVE_S1.);
#599 = LINE('',#600,#601);
#600 = CARTESIAN_POINT('',(-15.,57.1,52.05));
#601 = VECTOR('',#602,1.);
#602 = DIRECTION('',(0.,1.224646799147E-16,1.));
#603 = PCURVE('',#416,#604);
#604 = DEFINITIONAL_REPRESENTATION('',(#605),#609);
#605 = LINE('',#606,#607);
#606 = CARTESIAN_POINT('',(29.95,95.));
#607 = VECTOR('',#608,1.);
#608 = DIRECTION('',(-1.,0.));
#609 = ( GEOMETRIC_REPRESENTATION_CONTEXT(2) 
PARAMETRIC_REPRESENTATION_CONTEXT() REPRESENTATION_CONTEXT('2D SPACE',''
  ) );
#610 = PCURVE('',#611,#616);
#611 = PLANE('',#612);
#612 = AXIS2_PLACEMENT_3D('',#613,#614,#615);
#613 = CARTESIAN_POINT('',(-15.,59.,22.1));
#614 = DIRECTION('',(1.,0.,0.));
#615 = DIRECTION('',(0.,-1.224646799147E-16,-1.));
#616 = DEFINITIONAL_REPRESENTATION('',(#617),#621);
#617 = LINE('',#618,#619);
#618 = CARTESIAN_POINT('',(-29.95,-1.9));
#619 = VECTOR('',#620,1.);
#620 = DIRECTION('',(-1.,0.));
#621 = ( GEOMETRIC_REPRESENTATION_CONTEXT(2) 
PARAMETRIC_REPRESENTATION_CONTEXT() REPRESENTATION_CONTEXT('2D SPACE',''
  ) );
#622 = ORIENTED_EDGE('',*,*,#623,.T.);
#623 = EDGE_CURVE('',#596,#624,#626,.T.);
#624 = VERTEX_POINT('',#625);
#625 = CARTESIAN_POINT('',(15.,57.1,22.1));
#626 = SURFACE_CURVE('',#627,(#631,#638),.PCURVE_S1.);
#627 = LINE('',#628,#629);
#628 = CARTESIAN_POINT('',(-62.5,57.1,22.1));
#629 = VECTOR('',#630,1.);
#630 = DIRECTION('',(1.,0.,0.));
#631 = PCURVE('',#416,#632);
#632 = DEFINITIONAL_REPRESENTATION('',(#633),#637);
#633 = LINE('',#634,#635);
#634 = CARTESIAN_POINT('',(59.9,47.5));
#635 = VECTOR('',#636,1.);
#636 = DIRECTION('',(0.,1.));
#637 = ( GEOMETRIC_REPRESENTATION_CONTEXT(2) 
PARAMETRIC_REPRESENTATION_CONTEXT() REPRESENTATION_CONTEXT('2D SPACE',''
  ) );
#638 = PCURVE('',#639,#644);
#639 = PLANE('',#640);
#640 = AXIS2_PLACEMENT_3D('',#641,#642,#643);
#641 = CARTESIAN_POINT('',(-15.,59.,22.1));
#642 = DIRECTION('',(0.,-1.224646799147E-16,-1.));
#643 = DIRECTION('',(1.,0.,0.));
#644 = DEFINITIONAL_REPRESENTATION('',(#645),#649);
#645 = LINE('',#646,#647);
#646 = CARTESIAN_POINT('',(-47.5,1.9));
#647 = VECTOR('',#648,1.);
#648 = DIRECTION('',(1.,0.));
#649 = ( GEOMETRIC_REPRESENTATION_CONTEXT(2) 
PARAMETRIC_REPRESENTATION_CONTEXT() REPRESENTATION_CONTEXT('2D SPACE',''
  ) );
#650 = ORIENTED_EDGE('',*,*,#651,.F.);
#651 = EDGE_CURVE('',#652,#624,#654,.T.);
#652 = VERTEX_POINT('',#653);
#653 = CARTESIAN_POINT('',(15.,57.1,20.));
#654 = SURFACE_CURVE('',#655,(#659,#666),.PCURVE_S1.);
#655 = LINE('',#656,#657);
#656 = CARTESIAN_POINT('',(15.,57.1,52.05));
#657 = VECTOR('',#658,1.);
#658 = DIRECTION('',(0.,1.224646799147E-16,1.));
#659 = PCURVE('',#416,#660);
#660 = DEFINITIONAL_REPRESENTATION('',(#661),#665);
#661 = LINE('',#662,#663);
#662 = CARTESIAN_POINT('',(29.95,125.));
#663 = VECTOR('',#664,1.);
#664 = DIRECTION('',(-1.,0.));
#665 = ( GEOMETRIC_REPRESENTATION_CONTEXT(2) 
PARAMETRIC_REPRESENTATION_CONTEXT() REPRESENTATION_CONTEXT('2D SPACE',''
  ) );
#666 = PCURVE('',#667,#672);
#667 = PLANE('',#668);
#668 = AXIS2_PLACEMENT_3D('',#669,#670,#671);
#669 = CARTESIAN_POINT('',(15.,59.,22.1));
#670 = DIRECTION('',(1.,0.,0.));
#671 = DIRECTION('',(0.,-1.224646799147E-16,-1.));
#672 = DEFINITIONAL_REPRESENTATION('',(#673),#677);
#673 = LINE('',#674,#675);
#674 = CARTESIAN_POINT('',(-29.95,-1.9));
#675 = VECTOR('',#676,1.);
#676 = DIRECTION('',(-1.,0.));
#677 = ( GEOMETRIC_REPRESENTATION_CONTEXT(2) 
PARAMETRIC_REPRESENTATION_CONTEXT() REPRESENTATION_CONTEXT('2D SPACE',''
  ) );
#678 = ORIENTED_EDGE('',*,*,#679,.T.);
#679 = EDGE_CURVE('',#652,#680,#682,.T.);
#680 = VERTEX_POINT('',#681);
#681 = CARTESIAN_POINT('',(94.1,57.1,20.));
#682 = SURFACE_CURVE('',#683,(#687,#694),.PCURVE_S1.);
#683 = LINE('',#684,#685);
#684 = CARTESIAN_POINT('',(-110.,57.1,20.));
#685 = VECTOR('',#686,1.);
#686 = DIRECTION('',(1.,0.,0.));
#687 = PCURVE('',#416,#688);
#688 = DEFINITIONAL_REPRESENTATION('',(#689),#693);
#689 = LINE('',#690,#691);
#690 = CARTESIAN_POINT('',(62.,0.));
#691 = VECTOR('',#692,1.);
#692 = DIRECTION('',(0.,1.));
#693 = ( GEOMETRIC_REPRESENTATION_CONTEXT(2) 
PARAMETRIC_REPRESENTATION_CONTEXT() REPRESENTATION_CONTEXT('2D SPACE',''
  ) );
#694 = PCURVE('',#695,#700);
#695 = PLANE('',#696);
#696 = AXIS2_PLACEMENT_3D('',#697,#698,#699);
#697 = CARTESIAN_POINT('',(-94.951,57.1,20.));
#698 = DIRECTION('',(0.,0.707106781187,0.707106781187));
#699 = DIRECTION('',(0.,0.707106781187,-0.707106781187));
#700 = DEFINITIONAL_REPRESENTATION('',(#701),#705);
#701 = LINE('',#702,#703);
#702 = CARTESIAN_POINT('',(0.,15.049));
#703 = VECTOR('',#704,1.);
#704 = DIRECTION('',(0.,-1.));
#705 = ( GEOMETRIC_REPRESENTATION_CONTEXT(2) 
PARAMETRIC_REPRESENTATION_CONTEXT() REPRESENTATION_CONTEXT('2D SPACE',''
  ) );
#706 = ORIENTED_EDGE('',*,*,#707,.T.);
#707 = EDGE_CURVE('',#680,#708,#710,.T.);
#708 = VERTEX_POINT('',#709);
#709 = CARTESIAN_POINT('',(94.1,57.1,61.));
#710 = SURFACE_CURVE('',#711,(#715,#722),.PCURVE_S1.);
#711 = LINE('',#712,#713);
#712 = CARTESIAN_POINT('',(94.1,57.1,71.5));
#713 = VECTOR('',#714,1.);
#714 = DIRECTION('',(0.,1.224646799147E-16,1.));
#715 = PCURVE('',#416,#716);
#716 = DEFINITIONAL_REPRESENTATION('',(#717),#721);
#717 = LINE('',#718,#719);
#718 = CARTESIAN_POINT('',(10.5,204.1));
#719 = VECTOR('',#720,1.);
#720 = DIRECTION('',(-1.,0.));
#721 = ( GEOMETRIC_REPRESENTATION_CONTEXT(2) 
PARAMETRIC_REPRESENTATION_CONTEXT() REPRESENTATION_CONTEXT('2D SPACE',''
  ) );
#722 = PCURVE('',#723,#728);
#723 = PLANE('',#724);
#724 = AXIS2_PLACEMENT_3D('',#725,#726,#727);
#725 = CARTESIAN_POINT('',(94.1,60.,61.));
#726 = DIRECTION('',(1.,0.,0.));
#727 = DIRECTION('',(0.,-1.224646799147E-16,-1.));
#728 = DEFINITIONAL_REPRESENTATION('',(#729),#733);
#729 = LINE('',#730,#731);
#730 = CARTESIAN_POINT('',(-10.5,-2.9));
#731 = VECTOR('',#732,1.);
#732 = DIRECTION('',(-1.,0.));
#733 = ( GEOMETRIC_REPRESENTATION_CONTEXT(2) 
PARAMETRIC_REPRESENTATION_CONTEXT() REPRESENTATION_CONTEXT('2D SPACE',''
  ) );
#734 = ORIENTED_EDGE('',*,*,#735,.T.);
#735 = EDGE_CURVE('',#708,#736,#738,.T.);
#736 = VERTEX_POINT('',#737);
#737 = CARTESIAN_POINT('',(94.951,57.1,61.));
#738 = SURFACE_CURVE('',#739,(#743,#750),.PCURVE_S1.);
#739 = LINE('',#740,#741);
#740 = CARTESIAN_POINT('',(-7.95,57.1,61.));
#741 = VECTOR('',#742,1.);
#742 = DIRECTION('',(1.,0.,0.));
#743 = PCURVE('',#416,#744);
#744 = DEFINITIONAL_REPRESENTATION('',(#745),#749);
#745 = LINE('',#746,#747);
#746 = CARTESIAN_POINT('',(21.,102.05));
#747 = VECTOR('',#748,1.);
#748 = DIRECTION('',(0.,1.));
#749 = ( GEOMETRIC_REPRESENTATION_CONTEXT(2) 
PARAMETRIC_REPRESENTATION_CONTEXT() REPRESENTATION_CONTEXT('2D SPACE',''
  ) );
#750 = PCURVE('',#751,#756);
#751 = PLANE('',#752);
#752 = AXIS2_PLACEMENT_3D('',#753,#754,#755);
#753 = CARTESIAN_POINT('',(94.1,60.,61.));
#754 = DIRECTION('',(0.,-1.224646799147E-16,-1.));
#755 = DIRECTION('',(1.,0.,0.));
#756 = DEFINITIONAL_REPRESENTATION('',(#757),#761);
#757 = LINE('',#758,#759);
#758 = CARTESIAN_POINT('',(-102.05,2.9));
#759 = VECTOR('',#760,1.);
#760 = DIRECTION('',(1.,0.));
#761 = ( GEOMETRIC_REPRESENTATION_CONTEXT(2) 
PARAMETRIC_REPRESENTATION_CONTEXT() REPRESENTATION_CONTEXT('2D SPACE',''
  ) );
#762 = ORIENTED_EDGE('',*,*,#763,.T.);
#763 = EDGE_CURVE('',#736,#764,#766,.T.);
#764 = VERTEX_POINT('',#765);
#765 = CARTESIAN_POINT('',(94.951,57.1,66.5));
#766 = SURFACE_CURVE('',#767,(#771,#778),.PCURVE_S1.);
#767 = LINE('',#768,#769);
#768 = CARTESIAN_POINT('',(94.951,57.1,82.));
#769 = VECTOR('',#770,1.);
#770 = DIRECTION('',(0.,1.224646799147E-16,1.));
#771 = PCURVE('',#416,#772);
#772 = DEFINITIONAL_REPRESENTATION('',(#773),#777);
#773 = LINE('',#774,#775);
#774 = CARTESIAN_POINT('',(0.,204.951));
#775 = VECTOR('',#776,1.);
#776 = DIRECTION('',(-1.,0.));
#777 = ( GEOMETRIC_REPRESENTATION_CONTEXT(2) 
PARAMETRIC_REPRESENTATION_CONTEXT() REPRESENTATION_CONTEXT('2D SPACE',''
  ) );
#778 = PCURVE('',#779,#784);
#779 = PLANE('',#780);
#780 = AXIS2_PLACEMENT_3D('',#781,#782,#783);
#781 = CARTESIAN_POINT('',(94.951,57.9,82.));
#782 = DIRECTION('',(-1.,-0.,0.));
#783 = DIRECTION('',(0.,-1.,1.224646799147E-16));
#784 = DEFINITIONAL_REPRESENTATION('',(#785),#789);
#785 = LINE('',#786,#787);
#786 = CARTESIAN_POINT('',(0.8,-9.797174393179E-17));
#787 = VECTOR('',#788,1.);
#788 = DIRECTION('',(0.,1.));
#789 = ( GEOMETRIC_REPRESENTATION_CONTEXT(2) 
PARAMETRIC_REPRESENTATION_CONTEXT() REPRESENTATION_CONTEXT('2D SPACE',''
  ) );
#790 = ORIENTED_EDGE('',*,*,#791,.F.);
#791 = EDGE_CURVE('',#792,#764,#794,.T.);
#792 = VERTEX_POINT('',#793);
#793 = CARTESIAN_POINT('',(92.09486210966,57.1,66.5));
#794 = SURFACE_CURVE('',#795,(#799,#806),.PCURVE_S1.);
#795 = LINE('',#796,#797);
#796 = CARTESIAN_POINT('',(-110.,57.1,66.5));
#797 = VECTOR('',#798,1.);
#798 = DIRECTION('',(1.,0.,0.));
#799 = PCURVE('',#416,#800);
#800 = DEFINITIONAL_REPRESENTATION('',(#801),#805);
#801 = LINE('',#802,#803);
#802 = CARTESIAN_POINT('',(15.5,0.));
#803 = VECTOR('',#804,1.);
#804 = DIRECTION('',(0.,1.));
#805 = ( GEOMETRIC_REPRESENTATION_CONTEXT(2) 
PARAMETRIC_REPRESENTATION_CONTEXT() REPRESENTATION_CONTEXT('2D SPACE',''
  ) );
#806 = PCURVE('',#807,#812);
#807 = PLANE('',#808);
#808 = AXIS2_PLACEMENT_3D('',#809,#810,#811);
#809 = CARTESIAN_POINT('',(-110.,65.,66.5));
#810 = DIRECTION('',(0.,-1.224646799147E-16,-1.));
#811 = DIRECTION('',(1.,0.,0.));
#812 = DEFINITIONAL_REPRESENTATION('',(#813),#817);
#813 = LINE('',#814,#815);
#814 = CARTESIAN_POINT('',(0.,7.9));
#815 = VECTOR('',#816,1.);
#816 = DIRECTION('',(1.,0.));
#817 = ( GEOMETRIC_REPRESENTATION_CONTEXT(2) 
PARAMETRIC_REPRESENTATION_CONTEXT() REPRESENTATION_CONTEXT('2D SPACE',''
  ) );
#818 = ORIENTED_EDGE('',*,*,#819,.F.);
#819 = EDGE_CURVE('',#820,#792,#822,.T.);
#820 = VERTEX_POINT('',#821);
#821 = CARTESIAN_POINT('',(92.4,57.1,63.5));
#822 = SURFACE_CURVE('',#823,(#828,#835),.PCURVE_S1.);
#823 = CIRCLE('',#824,14.9);
#824 = AXIS2_PLACEMENT_3D('',#825,#826,#827);
#825 = CARTESIAN_POINT('',(77.5,57.1,63.5));
#826 = DIRECTION('',(0.,-1.,2.334869823773E-16));
#827 = DIRECTION('',(1.,0.,0.));
#828 = PCURVE('',#416,#829);
#829 = DEFINITIONAL_REPRESENTATION('',(#830),#834);
#830 = CIRCLE('',#831,14.9);
#831 = AXIS2_PLACEMENT_2D('',#832,#833);
#832 = CARTESIAN_POINT('',(18.5,187.5));
#833 = DIRECTION('',(0.,1.));
#834 = ( GEOMETRIC_REPRESENTATION_CONTEXT(2) 
PARAMETRIC_REPRESENTATION_CONTEXT() REPRESENTATION_CONTEXT('2D SPACE',''
  ) );
#835 = PCURVE('',#836,#841);
#836 = CYLINDRICAL_SURFACE('',#837,14.9);
#837 = AXIS2_PLACEMENT_3D('',#838,#839,#840);
#838 = CARTESIAN_POINT('',(77.5,55.,63.5));
#839 = DIRECTION('',(0.,-1.,2.334869823773E-16));
#840 = DIRECTION('',(1.,0.,0.));
#841 = DEFINITIONAL_REPRESENTATION('',(#842),#846);
#842 = LINE('',#843,#844);
#843 = CARTESIAN_POINT('',(-6.28318530718,-2.1));
#844 = VECTOR('',#845,1.);
#845 = DIRECTION('',(1.,-0.));
#846 = ( GEOMETRIC_REPRESENTATION_CONTEXT(2) 
PARAMETRIC_REPRESENTATION_CONTEXT() REPRESENTATION_CONTEXT('2D SPACE',''
  ) );
#847 = ORIENTED_EDGE('',*,*,#848,.T.);
#848 = EDGE_CURVE('',#820,#849,#851,.T.);
#849 = VERTEX_POINT('',#850);
#850 = CARTESIAN_POINT('',(92.4,57.1,39.5));
#851 = SURFACE_CURVE('',#852,(#856,#863),.PCURVE_S1.);
#852 = LINE('',#853,#854);
#853 = CARTESIAN_POINT('',(92.4,57.1,72.75));
#854 = VECTOR('',#855,1.);
#855 = DIRECTION('',(0.,-1.224646799147E-16,-1.));
#856 = PCURVE('',#416,#857);
#857 = DEFINITIONAL_REPRESENTATION('',(#858),#862);
#858 = LINE('',#859,#860);
#859 = CARTESIAN_POINT('',(9.25,202.4));
#860 = VECTOR('',#861,1.);
#861 = DIRECTION('',(1.,0.));
#862 = ( GEOMETRIC_REPRESENTATION_CONTEXT(2) 
PARAMETRIC_REPRESENTATION_CONTEXT() REPRESENTATION_CONTEXT('2D SPACE',''
  ) );
#863 = PCURVE('',#864,#869);
#864 = PLANE('',#865);
#865 = AXIS2_PLACEMENT_3D('',#866,#867,#868);
#866 = CARTESIAN_POINT('',(92.4,55.,63.5));
#867 = DIRECTION('',(-1.,-0.,0.));
#868 = DIRECTION('',(0.,-2.334869823773E-16,-1.));
#869 = DEFINITIONAL_REPRESENTATION('',(#870),#874);
#870 = LINE('',#871,#872);
#871 = CARTESIAN_POINT('',(-9.25,-2.1));
#872 = VECTOR('',#873,1.);
#873 = DIRECTION('',(1.,-1.110223024625E-16));
#874 = ( GEOMETRIC_REPRESENTATION_CONTEXT(2) 
PARAMETRIC_REPRESENTATION_CONTEXT() REPRESENTATION_CONTEXT('2D SPACE',''
  ) );
#875 = ORIENTED_EDGE('',*,*,#876,.F.);
#876 = EDGE_CURVE('',#401,#849,#877,.T.);
#877 = SURFACE_CURVE('',#878,(#883,#890),.PCURVE_S1.);
#878 = CIRCLE('',#879,14.9);
#879 = AXIS2_PLACEMENT_3D('',#880,#881,#882);
#880 = CARTESIAN_POINT('',(77.5,57.1,39.5));
#881 = DIRECTION('',(0.,-1.,2.334869823773E-16));
#882 = DIRECTION('',(1.,0.,0.));
#883 = PCURVE('',#416,#884);
#884 = DEFINITIONAL_REPRESENTATION('',(#885),#889);
#885 = CIRCLE('',#886,14.9);
#886 = AXIS2_PLACEMENT_2D('',#887,#888);
#887 = CARTESIAN_POINT('',(42.5,187.5));
#888 = DIRECTION('',(0.,1.));
#889 = ( GEOMETRIC_REPRESENTATION_CONTEXT(2) 
PARAMETRIC_REPRESENTATION_CONTEXT() REPRESENTATION_CONTEXT('2D SPACE',''
  ) );
#890 = PCURVE('',#336,#891);
#891 = DEFINITIONAL_REPRESENTATION('',(#892),#896);
#892 = LINE('',#893,#894);
#893 = CARTESIAN_POINT('',(-6.28318530718,-2.1));
#894 = VECTOR('',#895,1.);
#895 = DIRECTION('',(1.,-0.));
#896 = ( GEOMETRIC_REPRESENTATION_CONTEXT(2) 
PARAMETRIC_REPRESENTATION_CONTEXT() REPRESENTATION_CONTEXT('2D SPACE',''
  ) );
#897 = ORIENTED_EDGE('',*,*,#400,.T.);
#898 = ORIENTED_EDGE('',*,*,#899,.F.);
#899 = EDGE_CURVE('',#900,#378,#902,.T.);
#900 = VERTEX_POINT('',#901);
#901 = CARTESIAN_POINT('',(-92.4,57.1,39.5));
#902 = SURFACE_CURVE('',#903,(#908,#915),.PCURVE_S1.);
#903 = CIRCLE('',#904,14.9);
#904 = AXIS2_PLACEMENT_3D('',#905,#906,#907);
#905 = CARTESIAN_POINT('',(-77.5,57.1,39.5));
#906 = DIRECTION('',(0.,-1.,2.334869823773E-16));
#907 = DIRECTION('',(1.,0.,0.));
#908 = PCURVE('',#416,#909);
#909 = DEFINITIONAL_REPRESENTATION('',(#910),#914);
#910 = CIRCLE('',#911,14.9);
#911 = AXIS2_PLACEMENT_2D('',#912,#913);
#912 = CARTESIAN_POINT('',(42.5,32.5));
#913 = DIRECTION('',(0.,1.));
#914 = ( GEOMETRIC_REPRESENTATION_CONTEXT(2) 
PARAMETRIC_REPRESENTATION_CONTEXT() REPRESENTATION_CONTEXT('2D SPACE',''
  ) );
#915 = PCURVE('',#45,#916);
#916 = DEFINITIONAL_REPRESENTATION('',(#917),#921);
#917 = LINE('',#918,#919);
#918 = CARTESIAN_POINT('',(-6.28318530718,-2.1));
#919 = VECTOR('',#920,1.);
#920 = DIRECTION('',(1.,-0.));
#921 = ( GEOMETRIC_REPRESENTATION_CONTEXT(2) 
PARAMETRIC_REPRESENTATION_CONTEXT() REPRESENTATION_CONTEXT('2D SPACE',''
  ) );
#922 = ORIENTED_EDGE('',*,*,#923,.T.);
#923 = EDGE_CURVE('',#900,#924,#926,.T.);
#924 = VERTEX_POINT('',#925);
#925 = CARTESIAN_POINT('',(-92.4,57.1,63.5));
#926 = SURFACE_CURVE('',#927,(#931,#938),.PCURVE_S1.);
#927 = LINE('',#928,#929);
#928 = CARTESIAN_POINT('',(-92.4,57.1,60.75));
#929 = VECTOR('',#930,1.);
#930 = DIRECTION('',(0.,1.224646799147E-16,1.));
#931 = PCURVE('',#416,#932);
#932 = DEFINITIONAL_REPRESENTATION('',(#933),#937);
#933 = LINE('',#934,#935);
#934 = CARTESIAN_POINT('',(21.25,17.6));
#935 = VECTOR('',#936,1.);
#936 = DIRECTION('',(-1.,0.));
#937 = ( GEOMETRIC_REPRESENTATION_CONTEXT(2) 
PARAMETRIC_REPRESENTATION_CONTEXT() REPRESENTATION_CONTEXT('2D SPACE',''
  ) );
#938 = PCURVE('',#939,#944);
#939 = PLANE('',#940);
#940 = AXIS2_PLACEMENT_3D('',#941,#942,#943);
#941 = CARTESIAN_POINT('',(-92.4,55.,39.5));
#942 = DIRECTION('',(1.,0.,0.));
#943 = DIRECTION('',(0.,2.334869823773E-16,1.));
#944 = DEFINITIONAL_REPRESENTATION('',(#945),#949);
#945 = LINE('',#946,#947);
#946 = CARTESIAN_POINT('',(21.25,-2.1));
#947 = VECTOR('',#948,1.);
#948 = DIRECTION('',(1.,1.110223024625E-16));
#949 = ( GEOMETRIC_REPRESENTATION_CONTEXT(2) 
PARAMETRIC_REPRESENTATION_CONTEXT() REPRESENTATION_CONTEXT('2D SPACE',''
  ) );
#950 = ORIENTED_EDGE('',*,*,#951,.F.);
#951 = EDGE_CURVE('',#456,#924,#952,.T.);
#952 = SURFACE_CURVE('',#953,(#958,#965),.PCURVE_S1.);
#953 = CIRCLE('',#954,14.9);
#954 = AXIS2_PLACEMENT_3D('',#955,#956,#957);
#955 = CARTESIAN_POINT('',(-77.5,57.1,63.5));
#956 = DIRECTION('',(0.,-1.,2.334869823773E-16));
#957 = DIRECTION('',(1.,0.,0.));
#958 = PCURVE('',#416,#959);
#959 = DEFINITIONAL_REPRESENTATION('',(#960),#964);
#960 = CIRCLE('',#961,14.9);
#961 = AXIS2_PLACEMENT_2D('',#962,#963);
#962 = CARTESIAN_POINT('',(18.5,32.5));
#963 = DIRECTION('',(0.,1.));
#964 = ( GEOMETRIC_REPRESENTATION_CONTEXT(2) 
PARAMETRIC_REPRESENTATION_CONTEXT() REPRESENTATION_CONTEXT('2D SPACE',''
  ) );
#965 = PCURVE('',#966,#971);
#966 = CYLINDRICAL_SURFACE('',#967,14.9);
#967 = AXIS2_PLACEMENT_3D('',#968,#969,#970);
#968 = CARTESIAN_POINT('',(-77.5,55.,63.5));
#969 = DIRECTION('',(0.,-1.,2.334869823773E-16));
#970 = DIRECTION('',(1.,0.,0.));
#971 = DEFINITIONAL_REPRESENTATION('',(#972),#976);
#972 = LINE('',#973,#974);
#973 = CARTESIAN_POINT('',(-6.28318530718,-2.1));
#974 = VECTOR('',#975,1.);
#975 = DIRECTION('',(1.,-0.));
#976 = ( GEOMETRIC_REPRESENTATION_CONTEXT(2) 
PARAMETRIC_REPRESENTATION_CONTEXT() REPRESENTATION_CONTEXT('2D SPACE',''
  ) );
#977 = ADVANCED_FACE('',(#978),#499,.T.);
#978 = FACE_BOUND('',#979,.T.);
#979 = EDGE_LOOP('',(#980,#981,#1004,#1032));
#980 = ORIENTED_EDGE('',*,*,#483,.F.);
#981 = ORIENTED_EDGE('',*,*,#982,.T.);
#982 = EDGE_CURVE('',#454,#983,#985,.T.);
#983 = VERTEX_POINT('',#984);
#984 = CARTESIAN_POINT('',(-94.951,56.2,66.5));
#985 = SURFACE_CURVE('',#986,(#990,#997),.PCURVE_S1.);
#986 = LINE('',#987,#988);
#987 = CARTESIAN_POINT('',(-94.951,60.6,66.5));
#988 = VECTOR('',#989,1.);
#989 = DIRECTION('',(0.,-1.,1.224646799147E-16));
#990 = PCURVE('',#499,#991);
#991 = DEFINITIONAL_REPRESENTATION('',(#992),#996);
#992 = LINE('',#993,#994);
#993 = CARTESIAN_POINT('',(4.4,-15.5));
#994 = VECTOR('',#995,1.);
#995 = DIRECTION('',(-1.,0.));
#996 = ( GEOMETRIC_REPRESENTATION_CONTEXT(2) 
PARAMETRIC_REPRESENTATION_CONTEXT() REPRESENTATION_CONTEXT('2D SPACE',''
  ) );
#997 = PCURVE('',#471,#998);
#998 = DEFINITIONAL_REPRESENTATION('',(#999),#1003);
#999 = LINE('',#1000,#1001);
#1000 = CARTESIAN_POINT('',(15.049,4.4));
#1001 = VECTOR('',#1002,1.);
#1002 = DIRECTION('',(0.,1.));
#1003 = ( GEOMETRIC_REPRESENTATION_CONTEXT(2) 
PARAMETRIC_REPRESENTATION_CONTEXT() REPRESENTATION_CONTEXT('2D SPACE',''
  ) );
#1004 = ORIENTED_EDGE('',*,*,#1005,.T.);
#1005 = EDGE_CURVE('',#983,#1006,#1008,.T.);
#1006 = VERTEX_POINT('',#1007);
#1007 = CARTESIAN_POINT('',(-94.951,56.2,61.));
#1008 = SURFACE_CURVE('',#1009,(#1013,#1020),.PCURVE_S1.);
#1009 = LINE('',#1010,#1011);
#1010 = CARTESIAN_POINT('',(-94.951,56.2,66.5));
#1011 = VECTOR('',#1012,1.);
#1012 = DIRECTION('',(0.,-1.224646799147E-16,-1.));
#1013 = PCURVE('',#499,#1014);
#1014 = DEFINITIONAL_REPRESENTATION('',(#1015),#1019);
#1015 = LINE('',#1016,#1017);
#1016 = CARTESIAN_POINT('',(1.898202538678E-15,-15.5));
#1017 = VECTOR('',#1018,1.);
#1018 = DIRECTION('',(0.,-1.));
#1019 = ( GEOMETRIC_REPRESENTATION_CONTEXT(2) 
PARAMETRIC_REPRESENTATION_CONTEXT() REPRESENTATION_CONTEXT('2D SPACE',''
  ) );
#1020 = PCURVE('',#1021,#1026);
#1021 = PLANE('',#1022);
#1022 = AXIS2_PLACEMENT_3D('',#1023,#1024,#1025);
#1023 = CARTESIAN_POINT('',(-94.,16.2113,82.));
#1024 = DIRECTION('',(0.999717334831,2.3774996072E-02,
    -2.911597283931E-18));
#1025 = DIRECTION('',(-2.3774996072E-02,0.999717334831,
    -1.224300634153E-16));
#1026 = DEFINITIONAL_REPRESENTATION('',(#1027),#1031);
#1027 = LINE('',#1028,#1029);
#1028 = CARTESIAN_POINT('',(40.000006608624,-15.5));
#1029 = VECTOR('',#1030,1.);
#1030 = DIRECTION('',(0.,-1.));
#1031 = ( GEOMETRIC_REPRESENTATION_CONTEXT(2) 
PARAMETRIC_REPRESENTATION_CONTEXT() REPRESENTATION_CONTEXT('2D SPACE',''
  ) );
#1032 = ORIENTED_EDGE('',*,*,#1033,.T.);
#1033 = EDGE_CURVE('',#1006,#484,#1034,.T.);
#1034 = SURFACE_CURVE('',#1035,(#1039,#1046),.PCURVE_S1.);
#1035 = LINE('',#1036,#1037);
#1036 = CARTESIAN_POINT('',(-94.951,58.1,61.));
#1037 = VECTOR('',#1038,1.);
#1038 = DIRECTION('',(0.,1.,-1.224646799147E-16));
#1039 = PCURVE('',#499,#1040);
#1040 = DEFINITIONAL_REPRESENTATION('',(#1041),#1045);
#1041 = LINE('',#1042,#1043);
#1042 = CARTESIAN_POINT('',(1.9,-21.));
#1043 = VECTOR('',#1044,1.);
#1044 = DIRECTION('',(1.,0.));
#1045 = ( GEOMETRIC_REPRESENTATION_CONTEXT(2) 
PARAMETRIC_REPRESENTATION_CONTEXT() REPRESENTATION_CONTEXT('2D SPACE',''
  ) );
#1046 = PCURVE('',#527,#1047);
#1047 = DEFINITIONAL_REPRESENTATION('',(#1048),#1052);
#1048 = LINE('',#1049,#1050);
#1049 = CARTESIAN_POINT('',(3.549,1.9));
#1050 = VECTOR('',#1051,1.);
#1051 = DIRECTION('',(0.,-1.));
#1052 = ( GEOMETRIC_REPRESENTATION_CONTEXT(2) 
PARAMETRIC_REPRESENTATION_CONTEXT() REPRESENTATION_CONTEXT('2D SPACE',''
  ) );
#1053 = ADVANCED_FACE('',(#1054),#1021,.T.);
#1054 = FACE_BOUND('',#1055,.T.);
#1055 = EDGE_LOOP('',(#1056,#1084,#1112,#1140,#1168,#1191,#1212));
#1056 = ORIENTED_EDGE('',*,*,#1057,.F.);
#1057 = EDGE_CURVE('',#1058,#983,#1060,.T.);
#1058 = VERTEX_POINT('',#1059);
#1059 = CARTESIAN_POINT('',(-94.951,56.2,74.5));
#1060 = SURFACE_CURVE('',#1061,(#1065,#1072),.PCURVE_S1.);
#1061 = LINE('',#1062,#1063);
#1062 = CARTESIAN_POINT('',(-94.951,56.2,82.));
#1063 = VECTOR('',#1064,1.);
#1064 = DIRECTION('',(0.,-1.224646799147E-16,-1.));
#1065 = PCURVE('',#1021,#1066);
#1066 = DEFINITIONAL_REPRESENTATION('',(#1067),#1071);
#1067 = LINE('',#1068,#1069);
#1068 = CARTESIAN_POINT('',(40.000006608624,4.897203345706E-15));
#1069 = VECTOR('',#1070,1.);
#1070 = DIRECTION('',(0.,-1.));
#1071 = ( GEOMETRIC_REPRESENTATION_CONTEXT(2) 
PARAMETRIC_REPRESENTATION_CONTEXT() REPRESENTATION_CONTEXT('2D SPACE',''
  ) );
#1072 = PCURVE('',#1073,#1078);
#1073 = PLANE('',#1074);
#1074 = AXIS2_PLACEMENT_3D('',#1075,#1076,#1077);
#1075 = CARTESIAN_POINT('',(-110.,56.2,74.5));
#1076 = DIRECTION('',(0.,-1.,1.224646799147E-16));
#1077 = DIRECTION('',(0.,-1.224646799147E-16,-1.));
#1078 = DEFINITIONAL_REPRESENTATION('',(#1079),#1083);
#1079 = LINE('',#1080,#1081);
#1080 = CARTESIAN_POINT('',(-7.5,15.049));
#1081 = VECTOR('',#1082,1.);
#1082 = DIRECTION('',(1.,0.));
#1083 = ( GEOMETRIC_REPRESENTATION_CONTEXT(2) 
PARAMETRIC_REPRESENTATION_CONTEXT() REPRESENTATION_CONTEXT('2D SPACE',''
  ) );
#1084 = ORIENTED_EDGE('',*,*,#1085,.T.);
#1085 = EDGE_CURVE('',#1058,#1086,#1088,.T.);
#1086 = VERTEX_POINT('',#1087);
#1087 = CARTESIAN_POINT('',(-94.,16.2113,74.5));
#1088 = SURFACE_CURVE('',#1089,(#1093,#1100),.PCURVE_S1.);
#1089 = LINE('',#1090,#1091);
#1090 = CARTESIAN_POINT('',(-94.47975322692,36.38449439057,74.5));
#1091 = VECTOR('',#1092,1.);
#1092 = DIRECTION('',(2.3774996072E-02,-0.999717334831,
    1.224300634153E-16));
#1093 = PCURVE('',#1021,#1094);
#1094 = DEFINITIONAL_REPRESENTATION('',(#1095),#1099);
#1095 = LINE('',#1096,#1097);
#1096 = CARTESIAN_POINT('',(20.178898262256,-7.5));
#1097 = VECTOR('',#1098,1.);
#1098 = DIRECTION('',(-1.,0.));
#1099 = ( GEOMETRIC_REPRESENTATION_CONTEXT(2) 
PARAMETRIC_REPRESENTATION_CONTEXT() REPRESENTATION_CONTEXT('2D SPACE',''
  ) );
#1100 = PCURVE('',#1101,#1106);
#1101 = PLANE('',#1102);
#1102 = AXIS2_PLACEMENT_3D('',#1103,#1104,#1105);
#1103 = CARTESIAN_POINT('',(-110.,56.2,74.5));
#1104 = DIRECTION('',(0.,-1.224646799147E-16,-1.));
#1105 = DIRECTION('',(1.,0.,0.));
#1106 = DEFINITIONAL_REPRESENTATION('',(#1107),#1111);
#1107 = LINE('',#1108,#1109);
#1108 = CARTESIAN_POINT('',(15.520246773078,19.81550560943));
#1109 = VECTOR('',#1110,1.);
#1110 = DIRECTION('',(2.3774996072E-02,0.999717334831));
#1111 = ( GEOMETRIC_REPRESENTATION_CONTEXT(2) 
PARAMETRIC_REPRESENTATION_CONTEXT() REPRESENTATION_CONTEXT('2D SPACE',''
  ) );
#1112 = ORIENTED_EDGE('',*,*,#1113,.F.);
#1113 = EDGE_CURVE('',#1114,#1086,#1116,.T.);
#1114 = VERTEX_POINT('',#1115);
#1115 = CARTESIAN_POINT('',(-94.,16.2113,2.5));
#1116 = SURFACE_CURVE('',#1117,(#1121,#1128),.PCURVE_S1.);
#1117 = LINE('',#1118,#1119);
#1118 = CARTESIAN_POINT('',(-94.,16.2113,2.5));
#1119 = VECTOR('',#1120,1.);
#1120 = DIRECTION('',(0.,1.224646799147E-16,1.));
#1121 = PCURVE('',#1021,#1122);
#1122 = DEFINITIONAL_REPRESENTATION('',(#1123),#1127);
#1123 = LINE('',#1124,#1125);
#1124 = CARTESIAN_POINT('',(-9.219383096487E-16,-79.5));
#1125 = VECTOR('',#1126,1.);
#1126 = DIRECTION('',(0.,1.));
#1127 = ( GEOMETRIC_REPRESENTATION_CONTEXT(2) 
PARAMETRIC_REPRESENTATION_CONTEXT() REPRESENTATION_CONTEXT('2D SPACE',''
  ) );
#1128 = PCURVE('',#1129,#1134);
#1129 = PLANE('',#1130);
#1130 = AXIS2_PLACEMENT_3D('',#1131,#1132,#1133);
#1131 = CARTESIAN_POINT('',(-96.,16.2113,82.));
#1132 = DIRECTION('',(0.,-1.,1.224646799147E-16));
#1133 = DIRECTION('',(1.,0.,0.));
#1134 = DEFINITIONAL_REPRESENTATION('',(#1135),#1139);
#1135 = LINE('',#1136,#1137);
#1136 = CARTESIAN_POINT('',(2.,-79.5));
#1137 = VECTOR('',#1138,1.);
#1138 = DIRECTION('',(0.,1.));
#1139 = ( GEOMETRIC_REPRESENTATION_CONTEXT(2) 
PARAMETRIC_REPRESENTATION_CONTEXT() REPRESENTATION_CONTEXT('2D SPACE',''
  ) );
#1140 = ORIENTED_EDGE('',*,*,#1141,.T.);
#1141 = EDGE_CURVE('',#1114,#1142,#1144,.T.);
#1142 = VERTEX_POINT('',#1143);
#1143 = CARTESIAN_POINT('',(-94.1,20.416210620379,2.5));
#1144 = SURFACE_CURVE('',#1145,(#1149,#1156),.PCURVE_S1.);
#1145 = LINE('',#1146,#1147);
#1146 = CARTESIAN_POINT('',(-94.,16.2113,2.5));
#1147 = VECTOR('',#1148,1.);
#1148 = DIRECTION('',(-2.3774996072E-02,0.999717334831,
    -1.224300634153E-16));
#1149 = PCURVE('',#1021,#1150);
#1150 = DEFINITIONAL_REPRESENTATION('',(#1151),#1155);
#1151 = LINE('',#1152,#1153);
#1152 = CARTESIAN_POINT('',(-9.219383096487E-16,-79.5));
#1153 = VECTOR('',#1154,1.);
#1154 = DIRECTION('',(1.,0.));
#1155 = ( GEOMETRIC_REPRESENTATION_CONTEXT(2) 
PARAMETRIC_REPRESENTATION_CONTEXT() REPRESENTATION_CONTEXT('2D SPACE',''
  ) );
#1156 = PCURVE('',#1157,#1162);
#1157 = PLANE('',#1158);
#1158 = AXIS2_PLACEMENT_3D('',#1159,#1160,#1161);
#1159 = CARTESIAN_POINT('',(-8.098319410761E-16,-3.627530455241,2.5));
#1160 = DIRECTION('',(0.,-1.224646799147E-16,-1.));
#1161 = DIRECTION('',(1.,0.,0.));
#1162 = DEFINITIONAL_REPRESENTATION('',(#1163),#1167);
#1163 = LINE('',#1164,#1165);
#1164 = CARTESIAN_POINT('',(-94.,-19.83883045524));
#1165 = VECTOR('',#1166,1.);
#1166 = DIRECTION('',(-2.3774996072E-02,-0.999717334831));
#1167 = ( GEOMETRIC_REPRESENTATION_CONTEXT(2) 
PARAMETRIC_REPRESENTATION_CONTEXT() REPRESENTATION_CONTEXT('2D SPACE',''
  ) );
#1168 = ORIENTED_EDGE('',*,*,#1169,.F.);
#1169 = EDGE_CURVE('',#1170,#1142,#1172,.T.);
#1170 = VERTEX_POINT('',#1171);
#1171 = CARTESIAN_POINT('',(-94.1,20.416210620399,61.));
#1172 = SURFACE_CURVE('',#1173,(#1177,#1184),.PCURVE_S1.);
#1173 = LINE('',#1174,#1175);
#1174 = CARTESIAN_POINT('',(-94.1,20.416210620398,71.5));
#1175 = VECTOR('',#1176,1.);
#1176 = DIRECTION('',(0.,-1.224646799147E-16,-1.));
#1177 = PCURVE('',#1021,#1178);
#1178 = DEFINITIONAL_REPRESENTATION('',(#1179),#1183);
#1179 = LINE('',#1180,#1181);
#1180 = CARTESIAN_POINT('',(4.206099538234,-10.5));
#1181 = VECTOR('',#1182,1.);
#1182 = DIRECTION('',(0.,-1.));
#1183 = ( GEOMETRIC_REPRESENTATION_CONTEXT(2) 
PARAMETRIC_REPRESENTATION_CONTEXT() REPRESENTATION_CONTEXT('2D SPACE',''
  ) );
#1184 = PCURVE('',#555,#1185);
#1185 = DEFINITIONAL_REPRESENTATION('',(#1186),#1190);
#1186 = LINE('',#1187,#1188);
#1187 = CARTESIAN_POINT('',(-10.5,-39.5837893796));
#1188 = VECTOR('',#1189,1.);
#1189 = DIRECTION('',(1.,0.));
#1190 = ( GEOMETRIC_REPRESENTATION_CONTEXT(2) 
PARAMETRIC_REPRESENTATION_CONTEXT() REPRESENTATION_CONTEXT('2D SPACE',''
  ) );
#1191 = ORIENTED_EDGE('',*,*,#1192,.T.);
#1192 = EDGE_CURVE('',#1170,#1006,#1193,.T.);
#1193 = SURFACE_CURVE('',#1194,(#1198,#1205),.PCURVE_S1.);
#1194 = LINE('',#1195,#1196);
#1195 = CARTESIAN_POINT('',(-94.52166276074,38.146752829412,61.));
#1196 = VECTOR('',#1197,1.);
#1197 = DIRECTION('',(-2.3774996072E-02,0.999717334831,
    -1.224300634153E-16));
#1198 = PCURVE('',#1021,#1199);
#1199 = DEFINITIONAL_REPRESENTATION('',(#1200),#1204);
#1200 = LINE('',#1201,#1202);
#1201 = CARTESIAN_POINT('',(21.941654971021,-21.));
#1202 = VECTOR('',#1203,1.);
#1203 = DIRECTION('',(1.,0.));
#1204 = ( GEOMETRIC_REPRESENTATION_CONTEXT(2) 
PARAMETRIC_REPRESENTATION_CONTEXT() REPRESENTATION_CONTEXT('2D SPACE',''
  ) );
#1205 = PCURVE('',#527,#1206);
#1206 = DEFINITIONAL_REPRESENTATION('',(#1207),#1211);
#1207 = LINE('',#1208,#1209);
#1208 = CARTESIAN_POINT('',(3.978337239251,21.853247170588));
#1209 = VECTOR('',#1210,1.);
#1210 = DIRECTION('',(-2.3774996072E-02,-0.999717334831));
#1211 = ( GEOMETRIC_REPRESENTATION_CONTEXT(2) 
PARAMETRIC_REPRESENTATION_CONTEXT() REPRESENTATION_CONTEXT('2D SPACE',''
  ) );
#1212 = ORIENTED_EDGE('',*,*,#1005,.F.);
#1213 = ADVANCED_FACE('',(#1214),#1101,.F.);
#1214 = FACE_BOUND('',#1215,.F.);
#1215 = EDGE_LOOP('',(#1216,#1239,#1267,#1300,#1321));
#1216 = ORIENTED_EDGE('',*,*,#1217,.F.);
#1217 = EDGE_CURVE('',#1218,#1086,#1220,.T.);
#1218 = VERTEX_POINT('',#1219);
#1219 = CARTESIAN_POINT('',(-96.,16.2113,74.5));
#1220 = SURFACE_CURVE('',#1221,(#1225,#1232),.PCURVE_S1.);
#1221 = LINE('',#1222,#1223);
#1222 = CARTESIAN_POINT('',(-110.,16.2113,74.5));
#1223 = VECTOR('',#1224,1.);
#1224 = DIRECTION('',(1.,0.,0.));
#1225 = PCURVE('',#1101,#1226);
#1226 = DEFINITIONAL_REPRESENTATION('',(#1227),#1231);
#1227 = LINE('',#1228,#1229);
#1228 = CARTESIAN_POINT('',(0.,39.9887));
#1229 = VECTOR('',#1230,1.);
#1230 = DIRECTION('',(1.,0.));
#1231 = ( GEOMETRIC_REPRESENTATION_CONTEXT(2) 
PARAMETRIC_REPRESENTATION_CONTEXT() REPRESENTATION_CONTEXT('2D SPACE',''
  ) );
#1232 = PCURVE('',#1129,#1233);
#1233 = DEFINITIONAL_REPRESENTATION('',(#1234),#1238);
#1234 = LINE('',#1235,#1236);
#1235 = CARTESIAN_POINT('',(-14.,-7.5));
#1236 = VECTOR('',#1237,1.);
#1237 = DIRECTION('',(1.,0.));
#1238 = ( GEOMETRIC_REPRESENTATION_CONTEXT(2) 
PARAMETRIC_REPRESENTATION_CONTEXT() REPRESENTATION_CONTEXT('2D SPACE',''
  ) );
#1239 = ORIENTED_EDGE('',*,*,#1240,.T.);
#1240 = EDGE_CURVE('',#1218,#1241,#1243,.T.);
#1241 = VERTEX_POINT('',#1242);
#1242 = CARTESIAN_POINT('',(-96.,53.5,74.5));
#1243 = SURFACE_CURVE('',#1244,(#1248,#1255),.PCURVE_S1.);
#1244 = LINE('',#1245,#1246);
#1245 = CARTESIAN_POINT('',(-96.,1.35,74.5));
#1246 = VECTOR('',#1247,1.);
#1247 = DIRECTION('',(0.,1.,-1.224646799147E-16));
#1248 = PCURVE('',#1101,#1249);
#1249 = DEFINITIONAL_REPRESENTATION('',(#1250),#1254);
#1250 = LINE('',#1251,#1252);
#1251 = CARTESIAN_POINT('',(14.,54.85));
#1252 = VECTOR('',#1253,1.);
#1253 = DIRECTION('',(0.,-1.));
#1254 = ( GEOMETRIC_REPRESENTATION_CONTEXT(2) 
PARAMETRIC_REPRESENTATION_CONTEXT() REPRESENTATION_CONTEXT('2D SPACE',''
  ) );
#1255 = PCURVE('',#1256,#1261);
#1256 = PLANE('',#1257);
#1257 = AXIS2_PLACEMENT_3D('',#1258,#1259,#1260);
#1258 = CARTESIAN_POINT('',(-96.,-53.5,82.));
#1259 = DIRECTION('',(1.,0.,0.));
#1260 = DIRECTION('',(0.,1.,-1.224646799147E-16));
#1261 = DEFINITIONAL_REPRESENTATION('',(#1262),#1266);
#1262 = LINE('',#1263,#1264);
#1263 = CARTESIAN_POINT('',(54.85,-7.5));
#1264 = VECTOR('',#1265,1.);
#1265 = DIRECTION('',(1.,0.));
#1266 = ( GEOMETRIC_REPRESENTATION_CONTEXT(2) 
PARAMETRIC_REPRESENTATION_CONTEXT() REPRESENTATION_CONTEXT('2D SPACE',''
  ) );
#1267 = ORIENTED_EDGE('',*,*,#1268,.F.);
#1268 = EDGE_CURVE('',#1269,#1241,#1271,.T.);
#1269 = VERTEX_POINT('',#1270);
#1270 = CARTESIAN_POINT('',(-94.95127091267,56.2,74.5));
#1271 = SURFACE_CURVE('',#1272,(#1277,#1288),.PCURVE_S1.);
#1272 = CIRCLE('',#1273,4.);
#1273 = AXIS2_PLACEMENT_3D('',#1274,#1275,#1276);
#1274 = CARTESIAN_POINT('',(-92.,53.5,74.5));
#1275 = DIRECTION('',(-0.,1.224646799147E-16,1.));
#1276 = DIRECTION('',(1.,0.,0.));
#1277 = PCURVE('',#1101,#1278);
#1278 = DEFINITIONAL_REPRESENTATION('',(#1279),#1287);
#1279 = ( BOUNDED_CURVE() B_SPLINE_CURVE(2,(#1280,#1281,#1282,#1283,
#1284,#1285,#1286),.UNSPECIFIED.,.T.,.F.) B_SPLINE_CURVE_WITH_KNOTS((1,2
    ,2,2,2,1),(-2.094395102393,0.,2.094395102393,4.188790204786,
6.28318530718,8.377580409573),.UNSPECIFIED.) CURVE() 
GEOMETRIC_REPRESENTATION_ITEM() RATIONAL_B_SPLINE_CURVE((1.,0.5,1.,0.5,
1.,0.5,1.)) REPRESENTATION_ITEM('') );
#1280 = CARTESIAN_POINT('',(22.,2.7));
#1281 = CARTESIAN_POINT('',(22.,-4.228203230276));
#1282 = CARTESIAN_POINT('',(16.,-0.764101615138));
#1283 = CARTESIAN_POINT('',(10.,2.7));
#1284 = CARTESIAN_POINT('',(16.,6.164101615138));
#1285 = CARTESIAN_POINT('',(22.,9.628203230276));
#1286 = CARTESIAN_POINT('',(22.,2.7));
#1287 = ( GEOMETRIC_REPRESENTATION_CONTEXT(2) 
PARAMETRIC_REPRESENTATION_CONTEXT() REPRESENTATION_CONTEXT('2D SPACE',''
  ) );
#1288 = PCURVE('',#1289,#1294);
#1289 = CYLINDRICAL_SURFACE('',#1290,4.);
#1290 = AXIS2_PLACEMENT_3D('',#1291,#1292,#1293);
#1291 = CARTESIAN_POINT('',(-92.,53.5,82.));
#1292 = DIRECTION('',(0.,1.224646799147E-16,1.));
#1293 = DIRECTION('',(1.,0.,0.));
#1294 = DEFINITIONAL_REPRESENTATION('',(#1295),#1299);
#1295 = LINE('',#1296,#1297);
#1296 = CARTESIAN_POINT('',(-6.28318530718,-7.5));
#1297 = VECTOR('',#1298,1.);
#1298 = DIRECTION('',(1.,-0.));
#1299 = ( GEOMETRIC_REPRESENTATION_CONTEXT(2) 
PARAMETRIC_REPRESENTATION_CONTEXT() REPRESENTATION_CONTEXT('2D SPACE',''
  ) );
#1300 = ORIENTED_EDGE('',*,*,#1301,.T.);
#1301 = EDGE_CURVE('',#1269,#1058,#1302,.T.);
#1302 = SURFACE_CURVE('',#1303,(#1307,#1314),.PCURVE_S1.);
#1303 = LINE('',#1304,#1305);
#1304 = CARTESIAN_POINT('',(-110.,56.2,74.5));
#1305 = VECTOR('',#1306,1.);
#1306 = DIRECTION('',(1.,0.,0.));
#1307 = PCURVE('',#1101,#1308);
#1308 = DEFINITIONAL_REPRESENTATION('',(#1309),#1313);
#1309 = LINE('',#1310,#1311);
#1310 = CARTESIAN_POINT('',(0.,0.));
#1311 = VECTOR('',#1312,1.);
#1312 = DIRECTION('',(1.,0.));
#1313 = ( GEOMETRIC_REPRESENTATION_CONTEXT(2) 
PARAMETRIC_REPRESENTATION_CONTEXT() REPRESENTATION_CONTEXT('2D SPACE',''
  ) );
#1314 = PCURVE('',#1073,#1315);
#1315 = DEFINITIONAL_REPRESENTATION('',(#1316),#1320);
#1316 = LINE('',#1317,#1318);
#1317 = CARTESIAN_POINT('',(0.,0.));
#1318 = VECTOR('',#1319,1.);
#1319 = DIRECTION('',(0.,1.));
#1320 = ( GEOMETRIC_REPRESENTATION_CONTEXT(2) 
PARAMETRIC_REPRESENTATION_CONTEXT() REPRESENTATION_CONTEXT('2D SPACE',''
  ) );
#1321 = ORIENTED_EDGE('',*,*,#1085,.T.);
#1322 = ADVANCED_FACE('',(#1323),#1256,.F.);
#1323 = FACE_BOUND('',#1324,.F.);
#1324 = EDGE_LOOP('',(#1325,#1348,#1349,#1372));
#1325 = ORIENTED_EDGE('',*,*,#1326,.F.);
#1326 = EDGE_CURVE('',#1241,#1327,#1329,.T.);
#1327 = VERTEX_POINT('',#1328);
#1328 = CARTESIAN_POINT('',(-96.,53.5,66.5));
#1329 = SURFACE_CURVE('',#1330,(#1334,#1341),.PCURVE_S1.);
#1330 = LINE('',#1331,#1332);
#1331 = CARTESIAN_POINT('',(-96.,53.5,82.));
#1332 = VECTOR('',#1333,1.);
#1333 = DIRECTION('',(0.,-1.224646799147E-16,-1.));
#1334 = PCURVE('',#1256,#1335);
#1335 = DEFINITIONAL_REPRESENTATION('',(#1336),#1340);
#1336 = LINE('',#1337,#1338);
#1337 = CARTESIAN_POINT('',(107.,1.310372075088E-14));
#1338 = VECTOR('',#1339,1.);
#1339 = DIRECTION('',(0.,-1.));
#1340 = ( GEOMETRIC_REPRESENTATION_CONTEXT(2) 
PARAMETRIC_REPRESENTATION_CONTEXT() REPRESENTATION_CONTEXT('2D SPACE',''
  ) );
#1341 = PCURVE('',#1289,#1342);
#1342 = DEFINITIONAL_REPRESENTATION('',(#1343),#1347);
#1343 = LINE('',#1344,#1345);
#1344 = CARTESIAN_POINT('',(-3.14159265359,0.));
#1345 = VECTOR('',#1346,1.);
#1346 = DIRECTION('',(-0.,-1.));
#1347 = ( GEOMETRIC_REPRESENTATION_CONTEXT(2) 
PARAMETRIC_REPRESENTATION_CONTEXT() REPRESENTATION_CONTEXT('2D SPACE',''
  ) );
#1348 = ORIENTED_EDGE('',*,*,#1240,.F.);
#1349 = ORIENTED_EDGE('',*,*,#1350,.T.);
#1350 = EDGE_CURVE('',#1218,#1351,#1353,.T.);
#1351 = VERTEX_POINT('',#1352);
#1352 = CARTESIAN_POINT('',(-96.,16.2113,66.5));
#1353 = SURFACE_CURVE('',#1354,(#1358,#1365),.PCURVE_S1.);
#1354 = LINE('',#1355,#1356);
#1355 = CARTESIAN_POINT('',(-96.,16.2113,78.25));
#1356 = VECTOR('',#1357,1.);
#1357 = DIRECTION('',(0.,-1.224646799147E-16,-1.));
#1358 = PCURVE('',#1256,#1359);
#1359 = DEFINITIONAL_REPRESENTATION('',(#1360),#1364);
#1360 = LINE('',#1361,#1362);
#1361 = CARTESIAN_POINT('',(69.7113,-3.75));
#1362 = VECTOR('',#1363,1.);
#1363 = DIRECTION('',(0.,-1.));
#1364 = ( GEOMETRIC_REPRESENTATION_CONTEXT(2) 
PARAMETRIC_REPRESENTATION_CONTEXT() REPRESENTATION_CONTEXT('2D SPACE',''
  ) );
#1365 = PCURVE('',#1129,#1366);
#1366 = DEFINITIONAL_REPRESENTATION('',(#1367),#1371);
#1367 = LINE('',#1368,#1369);
#1368 = CARTESIAN_POINT('',(0.,-3.75));
#1369 = VECTOR('',#1370,1.);
#1370 = DIRECTION('',(0.,-1.));
#1371 = ( GEOMETRIC_REPRESENTATION_CONTEXT(2) 
PARAMETRIC_REPRESENTATION_CONTEXT() REPRESENTATION_CONTEXT('2D SPACE',''
  ) );
#1372 = ORIENTED_EDGE('',*,*,#1373,.F.);
#1373 = EDGE_CURVE('',#1327,#1351,#1374,.T.);
#1374 = SURFACE_CURVE('',#1375,(#1379,#1386),.PCURVE_S1.);
#1375 = LINE('',#1376,#1377);
#1376 = CARTESIAN_POINT('',(-96.,5.75,66.5));
#1377 = VECTOR('',#1378,1.);
#1378 = DIRECTION('',(0.,-1.,1.224646799147E-16));
#1379 = PCURVE('',#1256,#1380);
#1380 = DEFINITIONAL_REPRESENTATION('',(#1381),#1385);
#1381 = LINE('',#1382,#1383);
#1382 = CARTESIAN_POINT('',(59.25,-15.5));
#1383 = VECTOR('',#1384,1.);
#1384 = DIRECTION('',(-1.,0.));
#1385 = ( GEOMETRIC_REPRESENTATION_CONTEXT(2) 
PARAMETRIC_REPRESENTATION_CONTEXT() REPRESENTATION_CONTEXT('2D SPACE',''
  ) );
#1386 = PCURVE('',#471,#1387);
#1387 = DEFINITIONAL_REPRESENTATION('',(#1388),#1392);
#1388 = LINE('',#1389,#1390);
#1389 = CARTESIAN_POINT('',(14.,59.25));
#1390 = VECTOR('',#1391,1.);
#1391 = DIRECTION('',(0.,1.));
#1392 = ( GEOMETRIC_REPRESENTATION_CONTEXT(2) 
PARAMETRIC_REPRESENTATION_CONTEXT() REPRESENTATION_CONTEXT('2D SPACE',''
  ) );
#1393 = ADVANCED_FACE('',(#1394),#1289,.T.);
#1394 = FACE_BOUND('',#1395,.F.);
#1395 = EDGE_LOOP('',(#1396,#1419,#1420,#1421));
#1396 = ORIENTED_EDGE('',*,*,#1397,.T.);
#1397 = EDGE_CURVE('',#1398,#1269,#1400,.T.);
#1398 = VERTEX_POINT('',#1399);
#1399 = CARTESIAN_POINT('',(-94.95127091267,56.2,66.5));
#1400 = SURFACE_CURVE('',#1401,(#1405,#1412),.PCURVE_S1.);
#1401 = LINE('',#1402,#1403);
#1402 = CARTESIAN_POINT('',(-94.95127091267,56.2,82.));
#1403 = VECTOR('',#1404,1.);
#1404 = DIRECTION('',(0.,1.224646799147E-16,1.));
#1405 = PCURVE('',#1289,#1406);
#1406 = DEFINITIONAL_REPRESENTATION('',(#1407),#1411);
#1407 = LINE('',#1408,#1409);
#1408 = CARTESIAN_POINT('',(-3.882557355793,0.));
#1409 = VECTOR('',#1410,1.);
#1410 = DIRECTION('',(-0.,1.));
#1411 = ( GEOMETRIC_REPRESENTATION_CONTEXT(2) 
PARAMETRIC_REPRESENTATION_CONTEXT() REPRESENTATION_CONTEXT('2D SPACE',''
  ) );
#1412 = PCURVE('',#1073,#1413);
#1413 = DEFINITIONAL_REPRESENTATION('',(#1414),#1418);
#1414 = LINE('',#1415,#1416);
#1415 = CARTESIAN_POINT('',(-7.5,15.048729087325));
#1416 = VECTOR('',#1417,1.);
#1417 = DIRECTION('',(-1.,0.));
#1418 = ( GEOMETRIC_REPRESENTATION_CONTEXT(2) 
PARAMETRIC_REPRESENTATION_CONTEXT() REPRESENTATION_CONTEXT('2D SPACE',''
  ) );
#1419 = ORIENTED_EDGE('',*,*,#1268,.T.);
#1420 = ORIENTED_EDGE('',*,*,#1326,.T.);
#1421 = ORIENTED_EDGE('',*,*,#1422,.F.);
#1422 = EDGE_CURVE('',#1398,#1327,#1423,.T.);
#1423 = SURFACE_CURVE('',#1424,(#1429,#1436),.PCURVE_S1.);
#1424 = CIRCLE('',#1425,4.);
#1425 = AXIS2_PLACEMENT_3D('',#1426,#1427,#1428);
#1426 = CARTESIAN_POINT('',(-92.,53.5,66.5));
#1427 = DIRECTION('',(-0.,1.224646799147E-16,1.));
#1428 = DIRECTION('',(1.,0.,0.));
#1429 = PCURVE('',#1289,#1430);
#1430 = DEFINITIONAL_REPRESENTATION('',(#1431),#1435);
#1431 = LINE('',#1432,#1433);
#1432 = CARTESIAN_POINT('',(-6.28318530718,-15.5));
#1433 = VECTOR('',#1434,1.);
#1434 = DIRECTION('',(1.,-0.));
#1435 = ( GEOMETRIC_REPRESENTATION_CONTEXT(2) 
PARAMETRIC_REPRESENTATION_CONTEXT() REPRESENTATION_CONTEXT('2D SPACE',''
  ) );
#1436 = PCURVE('',#471,#1437);
#1437 = DEFINITIONAL_REPRESENTATION('',(#1438),#1446);
#1438 = ( BOUNDED_CURVE() B_SPLINE_CURVE(2,(#1439,#1440,#1441,#1442,
#1443,#1444,#1445),.UNSPECIFIED.,.T.,.F.) B_SPLINE_CURVE_WITH_KNOTS((1,2
    ,2,2,2,1),(-2.094395102393,0.,2.094395102393,4.188790204786,
6.28318530718,8.377580409573),.UNSPECIFIED.) CURVE() 
GEOMETRIC_REPRESENTATION_ITEM() RATIONAL_B_SPLINE_CURVE((1.,0.5,1.,0.5,
1.,0.5,1.)) REPRESENTATION_ITEM('') );
#1439 = CARTESIAN_POINT('',(22.,11.5));
#1440 = CARTESIAN_POINT('',(22.,4.571796769724));
#1441 = CARTESIAN_POINT('',(16.,8.035898384862));
#1442 = CARTESIAN_POINT('',(10.,11.5));
#1443 = CARTESIAN_POINT('',(16.,14.964101615138));
#1444 = CARTESIAN_POINT('',(22.,18.428203230276));
#1445 = CARTESIAN_POINT('',(22.,11.5));
#1446 = ( GEOMETRIC_REPRESENTATION_CONTEXT(2) 
PARAMETRIC_REPRESENTATION_CONTEXT() REPRESENTATION_CONTEXT('2D SPACE',''
  ) );
#1447 = ADVANCED_FACE('',(#1448),#1129,.T.);
#1448 = FACE_BOUND('',#1449,.T.);
#1449 = EDGE_LOOP('',(#1450,#1451,#1452,#1480,#1501));
#1450 = ORIENTED_EDGE('',*,*,#1217,.F.);
#1451 = ORIENTED_EDGE('',*,*,#1350,.T.);
#1452 = ORIENTED_EDGE('',*,*,#1453,.F.);
#1453 = EDGE_CURVE('',#1454,#1351,#1456,.T.);
#1454 = VERTEX_POINT('',#1455);
#1455 = CARTESIAN_POINT('',(-96.,16.2113,2.5));
#1456 = SURFACE_CURVE('',#1457,(#1461,#1468),.PCURVE_S1.);
#1457 = LINE('',#1458,#1459);
#1458 = CARTESIAN_POINT('',(-96.,16.2113,2.5));
#1459 = VECTOR('',#1460,1.);
#1460 = DIRECTION('',(0.,1.224646799147E-16,1.));
#1461 = PCURVE('',#1129,#1462);
#1462 = DEFINITIONAL_REPRESENTATION('',(#1463),#1467);
#1463 = LINE('',#1464,#1465);
#1464 = CARTESIAN_POINT('',(0.,-79.5));
#1465 = VECTOR('',#1466,1.);
#1466 = DIRECTION('',(0.,1.));
#1467 = ( GEOMETRIC_REPRESENTATION_CONTEXT(2) 
PARAMETRIC_REPRESENTATION_CONTEXT() REPRESENTATION_CONTEXT('2D SPACE',''
  ) );
#1468 = PCURVE('',#1469,#1474);
#1469 = PLANE('',#1470);
#1470 = AXIS2_PLACEMENT_3D('',#1471,#1472,#1473);
#1471 = CARTESIAN_POINT('',(-96.,-65.,82.));
#1472 = DIRECTION('',(1.,0.,0.));
#1473 = DIRECTION('',(0.,1.,-1.224646799147E-16));
#1474 = DEFINITIONAL_REPRESENTATION('',(#1475),#1479);
#1475 = LINE('',#1476,#1477);
#1476 = CARTESIAN_POINT('',(81.2113,-79.5));
#1477 = VECTOR('',#1478,1.);
#1478 = DIRECTION('',(0.,1.));
#1479 = ( GEOMETRIC_REPRESENTATION_CONTEXT(2) 
PARAMETRIC_REPRESENTATION_CONTEXT() REPRESENTATION_CONTEXT('2D SPACE',''
  ) );
#1480 = ORIENTED_EDGE('',*,*,#1481,.T.);
#1481 = EDGE_CURVE('',#1454,#1114,#1482,.T.);
#1482 = SURFACE_CURVE('',#1483,(#1487,#1494),.PCURVE_S1.);
#1483 = LINE('',#1484,#1485);
#1484 = CARTESIAN_POINT('',(-96.,16.2113,2.5));
#1485 = VECTOR('',#1486,1.);
#1486 = DIRECTION('',(1.,0.,0.));
#1487 = PCURVE('',#1129,#1488);
#1488 = DEFINITIONAL_REPRESENTATION('',(#1489),#1493);
#1489 = LINE('',#1490,#1491);
#1490 = CARTESIAN_POINT('',(0.,-79.5));
#1491 = VECTOR('',#1492,1.);
#1492 = DIRECTION('',(1.,0.));
#1493 = ( GEOMETRIC_REPRESENTATION_CONTEXT(2) 
PARAMETRIC_REPRESENTATION_CONTEXT() REPRESENTATION_CONTEXT('2D SPACE',''
  ) );
#1494 = PCURVE('',#1157,#1495);
#1495 = DEFINITIONAL_REPRESENTATION('',(#1496),#1500);
#1496 = LINE('',#1497,#1498);
#1497 = CARTESIAN_POINT('',(-96.,-19.83883045524));
#1498 = VECTOR('',#1499,1.);
#1499 = DIRECTION('',(1.,0.));
#1500 = ( GEOMETRIC_REPRESENTATION_CONTEXT(2) 
PARAMETRIC_REPRESENTATION_CONTEXT() REPRESENTATION_CONTEXT('2D SPACE',''
  ) );
#1501 = ORIENTED_EDGE('',*,*,#1113,.T.);
#1502 = ADVANCED_FACE('',(#1503),#1469,.T.);
#1503 = FACE_BOUND('',#1504,.T.);
#1504 = EDGE_LOOP('',(#1505,#1528,#1556,#1584,#1612,#1633));
#1505 = ORIENTED_EDGE('',*,*,#1506,.F.);
#1506 = EDGE_CURVE('',#1507,#1351,#1509,.T.);
#1507 = VERTEX_POINT('',#1508);
#1508 = CARTESIAN_POINT('',(-96.,-49.5,66.5));
#1509 = SURFACE_CURVE('',#1510,(#1514,#1521),.PCURVE_S1.);
#1510 = LINE('',#1511,#1512);
#1511 = CARTESIAN_POINT('',(-96.,-49.5,66.5));
#1512 = VECTOR('',#1513,1.);
#1513 = DIRECTION('',(0.,1.,-1.224646799147E-16));
#1514 = PCURVE('',#1469,#1515);
#1515 = DEFINITIONAL_REPRESENTATION('',(#1516),#1520);
#1516 = LINE('',#1517,#1518);
#1517 = CARTESIAN_POINT('',(15.5,-15.5));
#1518 = VECTOR('',#1519,1.);
#1519 = DIRECTION('',(1.,0.));
#1520 = ( GEOMETRIC_REPRESENTATION_CONTEXT(2) 
PARAMETRIC_REPRESENTATION_CONTEXT() REPRESENTATION_CONTEXT('2D SPACE',''
  ) );
#1521 = PCURVE('',#471,#1522);
#1522 = DEFINITIONAL_REPRESENTATION('',(#1523),#1527);
#1523 = LINE('',#1524,#1525);
#1524 = CARTESIAN_POINT('',(14.,114.5));
#1525 = VECTOR('',#1526,1.);
#1526 = DIRECTION('',(0.,-1.));
#1527 = ( GEOMETRIC_REPRESENTATION_CONTEXT(2) 
PARAMETRIC_REPRESENTATION_CONTEXT() REPRESENTATION_CONTEXT('2D SPACE',''
  ) );
#1528 = ORIENTED_EDGE('',*,*,#1529,.T.);
#1529 = EDGE_CURVE('',#1507,#1530,#1532,.T.);
#1530 = VERTEX_POINT('',#1531);
#1531 = CARTESIAN_POINT('',(-96.,-49.5,61.5));
#1532 = SURFACE_CURVE('',#1533,(#1537,#1544),.PCURVE_S1.);
#1533 = LINE('',#1534,#1535);
#1534 = CARTESIAN_POINT('',(-96.,-49.5,66.5));
#1535 = VECTOR('',#1536,1.);
#1536 = DIRECTION('',(0.,-1.224646799147E-16,-1.));
#1537 = PCURVE('',#1469,#1538);
#1538 = DEFINITIONAL_REPRESENTATION('',(#1539),#1543);
#1539 = LINE('',#1540,#1541);
#1540 = CARTESIAN_POINT('',(15.5,-15.5));
#1541 = VECTOR('',#1542,1.);
#1542 = DIRECTION('',(0.,-1.));
#1543 = ( GEOMETRIC_REPRESENTATION_CONTEXT(2) 
PARAMETRIC_REPRESENTATION_CONTEXT() REPRESENTATION_CONTEXT('2D SPACE',''
  ) );
#1544 = PCURVE('',#1545,#1550);
#1545 = CYLINDRICAL_SURFACE('',#1546,7.999938827116);
#1546 = AXIS2_PLACEMENT_3D('',#1547,#1548,#1549);
#1547 = CARTESIAN_POINT('',(-88.00006133053,-49.49841180092,66.5));
#1548 = DIRECTION('',(-0.,1.224646799147E-16,1.));
#1549 = DIRECTION('',(-0.312494723209,-0.949919495519,1.163315869635E-16
    ));
#1550 = DEFINITIONAL_REPRESENTATION('',(#1551),#1555);
#1551 = LINE('',#1552,#1553);
#1552 = CARTESIAN_POINT('',(-1.252779651456,0.));
#1553 = VECTOR('',#1554,1.);
#1554 = DIRECTION('',(-0.,-1.));
#1555 = ( GEOMETRIC_REPRESENTATION_CONTEXT(2) 
PARAMETRIC_REPRESENTATION_CONTEXT() REPRESENTATION_CONTEXT('2D SPACE',''
  ) );
#1556 = ORIENTED_EDGE('',*,*,#1557,.T.);
#1557 = EDGE_CURVE('',#1530,#1558,#1560,.T.);
#1558 = VERTEX_POINT('',#1559);
#1559 = CARTESIAN_POINT('',(-96.,-47.95685577392,61.5));
#1560 = SURFACE_CURVE('',#1561,(#1565,#1572),.PCURVE_S1.);
#1561 = LINE('',#1562,#1563);
#1562 = CARTESIAN_POINT('',(-96.,-49.5,61.5));
#1563 = VECTOR('',#1564,1.);
#1564 = DIRECTION('',(0.,1.,-1.224646799147E-16));
#1565 = PCURVE('',#1469,#1566);
#1566 = DEFINITIONAL_REPRESENTATION('',(#1567),#1571);
#1567 = LINE('',#1568,#1569);
#1568 = CARTESIAN_POINT('',(15.5,-20.5));
#1569 = VECTOR('',#1570,1.);
#1570 = DIRECTION('',(1.,0.));
#1571 = ( GEOMETRIC_REPRESENTATION_CONTEXT(2) 
PARAMETRIC_REPRESENTATION_CONTEXT() REPRESENTATION_CONTEXT('2D SPACE',''
  ) );
#1572 = PCURVE('',#1573,#1578);
#1573 = PLANE('',#1574);
#1574 = AXIS2_PLACEMENT_3D('',#1575,#1576,#1577);
#1575 = CARTESIAN_POINT('',(7.940052182528E-04,-42.54745183028,61.5));
#1576 = DIRECTION('',(-0.,1.224646799147E-16,1.));
#1577 = DIRECTION('',(-1.,-0.,0.));
#1578 = DEFINITIONAL_REPRESENTATION('',(#1579),#1583);
#1579 = LINE('',#1580,#1581);
#1580 = CARTESIAN_POINT('',(96.000794005218,6.952548169712));
#1581 = VECTOR('',#1582,1.);
#1582 = DIRECTION('',(-0.,-1.));
#1583 = ( GEOMETRIC_REPRESENTATION_CONTEXT(2) 
PARAMETRIC_REPRESENTATION_CONTEXT() REPRESENTATION_CONTEXT('2D SPACE',''
  ) );
#1584 = ORIENTED_EDGE('',*,*,#1585,.T.);
#1585 = EDGE_CURVE('',#1558,#1586,#1588,.T.);
#1586 = VERTEX_POINT('',#1587);
#1587 = CARTESIAN_POINT('',(-96.,-47.95685577392,2.5));
#1588 = SURFACE_CURVE('',#1589,(#1593,#1600),.PCURVE_S1.);
#1589 = LINE('',#1590,#1591);
#1590 = CARTESIAN_POINT('',(-96.,-47.95685577392,61.5));
#1591 = VECTOR('',#1592,1.);
#1592 = DIRECTION('',(0.,-1.224646799147E-16,-1.));
#1593 = PCURVE('',#1469,#1594);
#1594 = DEFINITIONAL_REPRESENTATION('',(#1595),#1599);
#1595 = LINE('',#1596,#1597);
#1596 = CARTESIAN_POINT('',(17.043144226074,-20.5));
#1597 = VECTOR('',#1598,1.);
#1598 = DIRECTION('',(0.,-1.));
#1599 = ( GEOMETRIC_REPRESENTATION_CONTEXT(2) 
PARAMETRIC_REPRESENTATION_CONTEXT() REPRESENTATION_CONTEXT('2D SPACE',''
  ) );
#1600 = PCURVE('',#1601,#1606);
#1601 = PLANE('',#1602);
#1602 = AXIS2_PLACEMENT_3D('',#1603,#1604,#1605);
#1603 = CARTESIAN_POINT('',(-93.65685272216,-47.95685577392,61.5));
#1604 = DIRECTION('',(0.,1.,-1.224646799147E-16));
#1605 = DIRECTION('',(-1.,-0.,0.));
#1606 = DEFINITIONAL_REPRESENTATION('',(#1607),#1611);
#1607 = LINE('',#1608,#1609);
#1608 = CARTESIAN_POINT('',(2.343147277832,0.));
#1609 = VECTOR('',#1610,1.);
#1610 = DIRECTION('',(0.,-1.));
#1611 = ( GEOMETRIC_REPRESENTATION_CONTEXT(2) 
PARAMETRIC_REPRESENTATION_CONTEXT() REPRESENTATION_CONTEXT('2D SPACE',''
  ) );
#1612 = ORIENTED_EDGE('',*,*,#1613,.T.);
#1613 = EDGE_CURVE('',#1586,#1454,#1614,.T.);
#1614 = SURFACE_CURVE('',#1615,(#1619,#1626),.PCURVE_S1.);
#1615 = LINE('',#1616,#1617);
#1616 = CARTESIAN_POINT('',(-96.,-47.95685577392,2.5));
#1617 = VECTOR('',#1618,1.);
#1618 = DIRECTION('',(0.,1.,-1.224646799147E-16));
#1619 = PCURVE('',#1469,#1620);
#1620 = DEFINITIONAL_REPRESENTATION('',(#1621),#1625);
#1621 = LINE('',#1622,#1623);
#1622 = CARTESIAN_POINT('',(17.043144226074,-79.5));
#1623 = VECTOR('',#1624,1.);
#1624 = DIRECTION('',(1.,0.));
#1625 = ( GEOMETRIC_REPRESENTATION_CONTEXT(2) 
PARAMETRIC_REPRESENTATION_CONTEXT() REPRESENTATION_CONTEXT('2D SPACE',''
  ) );
#1626 = PCURVE('',#1157,#1627);
#1627 = DEFINITIONAL_REPRESENTATION('',(#1628),#1632);
#1628 = LINE('',#1629,#1630);
#1629 = CARTESIAN_POINT('',(-96.,44.329325318685));
#1630 = VECTOR('',#1631,1.);
#1631 = DIRECTION('',(0.,-1.));
#1632 = ( GEOMETRIC_REPRESENTATION_CONTEXT(2) 
PARAMETRIC_REPRESENTATION_CONTEXT() REPRESENTATION_CONTEXT('2D SPACE',''
  ) );
#1633 = ORIENTED_EDGE('',*,*,#1453,.T.);
#1634 = ADVANCED_FACE('',(#1635),#1601,.T.);
#1635 = FACE_BOUND('',#1636,.T.);
#1636 = EDGE_LOOP('',(#1637,#1667,#1688,#1689));
#1637 = ORIENTED_EDGE('',*,*,#1638,.T.);
#1638 = EDGE_CURVE('',#1639,#1641,#1643,.T.);
#1639 = VERTEX_POINT('',#1640);
#1640 = CARTESIAN_POINT('',(-93.65685272216,-47.95685577392,61.5));
#1641 = VERTEX_POINT('',#1642);
#1642 = CARTESIAN_POINT('',(-93.65685272216,-47.95685577392,2.5));
#1643 = SURFACE_CURVE('',#1644,(#1648,#1655),.PCURVE_S1.);
#1644 = LINE('',#1645,#1646);
#1645 = CARTESIAN_POINT('',(-93.65685272216,-47.95685577392,61.5));
#1646 = VECTOR('',#1647,1.);
#1647 = DIRECTION('',(0.,-1.224646799147E-16,-1.));
#1648 = PCURVE('',#1601,#1649);
#1649 = DEFINITIONAL_REPRESENTATION('',(#1650),#1654);
#1650 = LINE('',#1651,#1652);
#1651 = CARTESIAN_POINT('',(0.,0.));
#1652 = VECTOR('',#1653,1.);
#1653 = DIRECTION('',(0.,-1.));
#1654 = ( GEOMETRIC_REPRESENTATION_CONTEXT(2) 
PARAMETRIC_REPRESENTATION_CONTEXT() REPRESENTATION_CONTEXT('2D SPACE',''
  ) );
#1655 = PCURVE('',#1656,#1661);
#1656 = CYLINDRICAL_SURFACE('',#1657,7.199951713292);
#1657 = AXIS2_PLACEMENT_3D('',#1658,#1659,#1660);
#1658 = CARTESIAN_POINT('',(-93.66060145297,-55.1568065113,61.5));
#1659 = DIRECTION('',(0.,1.224646799147E-16,1.));
#1660 = DIRECTION('',(0.438975368007,0.898499096428,-1.100344042478E-16)
  );
#1661 = DEFINITIONAL_REPRESENTATION('',(#1662),#1666);
#1662 = LINE('',#1663,#1664);
#1663 = CARTESIAN_POINT('',(0.453937312944,0.));
#1664 = VECTOR('',#1665,1.);
#1665 = DIRECTION('',(0.,-1.));
#1666 = ( GEOMETRIC_REPRESENTATION_CONTEXT(2) 
PARAMETRIC_REPRESENTATION_CONTEXT() REPRESENTATION_CONTEXT('2D SPACE',''
  ) );
#1667 = ORIENTED_EDGE('',*,*,#1668,.T.);
#1668 = EDGE_CURVE('',#1641,#1586,#1669,.T.);
#1669 = SURFACE_CURVE('',#1670,(#1674,#1681),.PCURVE_S1.);
#1670 = LINE('',#1671,#1672);
#1671 = CARTESIAN_POINT('',(-93.65685272216,-47.95685577392,2.5));
#1672 = VECTOR('',#1673,1.);
#1673 = DIRECTION('',(-1.,-0.,0.));
#1674 = PCURVE('',#1601,#1675);
#1675 = DEFINITIONAL_REPRESENTATION('',(#1676),#1680);
#1676 = LINE('',#1677,#1678);
#1677 = CARTESIAN_POINT('',(0.,-59.));
#1678 = VECTOR('',#1679,1.);
#1679 = DIRECTION('',(1.,0.));
#1680 = ( GEOMETRIC_REPRESENTATION_CONTEXT(2) 
PARAMETRIC_REPRESENTATION_CONTEXT() REPRESENTATION_CONTEXT('2D SPACE',''
  ) );
#1681 = PCURVE('',#1157,#1682);
#1682 = DEFINITIONAL_REPRESENTATION('',(#1683),#1687);
#1683 = LINE('',#1684,#1685);
#1684 = CARTESIAN_POINT('',(-93.65685272216,44.329325318685));
#1685 = VECTOR('',#1686,1.);
#1686 = DIRECTION('',(-1.,0.));
#1687 = ( GEOMETRIC_REPRESENTATION_CONTEXT(2) 
PARAMETRIC_REPRESENTATION_CONTEXT() REPRESENTATION_CONTEXT('2D SPACE',''
  ) );
#1688 = ORIENTED_EDGE('',*,*,#1585,.F.);
#1689 = ORIENTED_EDGE('',*,*,#1690,.F.);
#1690 = EDGE_CURVE('',#1639,#1558,#1691,.T.);
#1691 = SURFACE_CURVE('',#1692,(#1696,#1703),.PCURVE_S1.);
#1692 = LINE('',#1693,#1694);
#1693 = CARTESIAN_POINT('',(-93.65685272216,-47.95685577392,61.5));
#1694 = VECTOR('',#1695,1.);
#1695 = DIRECTION('',(-1.,-0.,0.));
#1696 = PCURVE('',#1601,#1697);
#1697 = DEFINITIONAL_REPRESENTATION('',(#1698),#1702);
#1698 = LINE('',#1699,#1700);
#1699 = CARTESIAN_POINT('',(0.,0.));
#1700 = VECTOR('',#1701,1.);
#1701 = DIRECTION('',(1.,0.));
#1702 = ( GEOMETRIC_REPRESENTATION_CONTEXT(2) 
PARAMETRIC_REPRESENTATION_CONTEXT() REPRESENTATION_CONTEXT('2D SPACE',''
  ) );
#1703 = PCURVE('',#1573,#1704);
#1704 = DEFINITIONAL_REPRESENTATION('',(#1705),#1709);
#1705 = LINE('',#1706,#1707);
#1706 = CARTESIAN_POINT('',(93.657646727386,5.409403943638));
#1707 = VECTOR('',#1708,1.);
#1708 = DIRECTION('',(1.,0.));
#1709 = ( GEOMETRIC_REPRESENTATION_CONTEXT(2) 
PARAMETRIC_REPRESENTATION_CONTEXT() REPRESENTATION_CONTEXT('2D SPACE',''
  ) );
#1710 = ADVANCED_FACE('',(#1711),#1656,.T.);
#1711 = FACE_BOUND('',#1712,.T.);
#1712 = EDGE_LOOP('',(#1713,#1743,#1769,#1770));
#1713 = ORIENTED_EDGE('',*,*,#1714,.T.);
#1714 = EDGE_CURVE('',#1715,#1717,#1719,.T.);
#1715 = VERTEX_POINT('',#1716);
#1716 = CARTESIAN_POINT('',(-90.5,-48.68765640258,61.5));
#1717 = VERTEX_POINT('',#1718);
#1718 = CARTESIAN_POINT('',(-90.5,-48.68765640258,2.5));
#1719 = SURFACE_CURVE('',#1720,(#1724,#1731),.PCURVE_S1.);
#1720 = LINE('',#1721,#1722);
#1721 = CARTESIAN_POINT('',(-90.5,-48.68765640258,61.5));
#1722 = VECTOR('',#1723,1.);
#1723 = DIRECTION('',(0.,-1.224646799147E-16,-1.));
#1724 = PCURVE('',#1656,#1725);
#1725 = DEFINITIONAL_REPRESENTATION('',(#1726),#1730);
#1726 = LINE('',#1727,#1728);
#1727 = CARTESIAN_POINT('',(0.,0.));
#1728 = VECTOR('',#1729,1.);
#1729 = DIRECTION('',(0.,-1.));
#1730 = ( GEOMETRIC_REPRESENTATION_CONTEXT(2) 
PARAMETRIC_REPRESENTATION_CONTEXT() REPRESENTATION_CONTEXT('2D SPACE',''
  ) );
#1731 = PCURVE('',#1732,#1737);
#1732 = PLANE('',#1733);
#1733 = AXIS2_PLACEMENT_3D('',#1734,#1735,#1736);
#1734 = CARTESIAN_POINT('',(-88.,-48.68765640258,61.5));
#1735 = DIRECTION('',(0.,1.,-1.224646799147E-16));
#1736 = DIRECTION('',(-1.,-0.,0.));
#1737 = DEFINITIONAL_REPRESENTATION('',(#1738),#1742);
#1738 = LINE('',#1739,#1740);
#1739 = CARTESIAN_POINT('',(2.5,0.));
#1740 = VECTOR('',#1741,1.);
#1741 = DIRECTION('',(0.,-1.));
#1742 = ( GEOMETRIC_REPRESENTATION_CONTEXT(2) 
PARAMETRIC_REPRESENTATION_CONTEXT() REPRESENTATION_CONTEXT('2D SPACE',''
  ) );
#1743 = ORIENTED_EDGE('',*,*,#1744,.T.);
#1744 = EDGE_CURVE('',#1717,#1641,#1745,.T.);
#1745 = SURFACE_CURVE('',#1746,(#1751,#1758),.PCURVE_S1.);
#1746 = CIRCLE('',#1747,7.199951713292);
#1747 = AXIS2_PLACEMENT_3D('',#1748,#1749,#1750);
#1748 = CARTESIAN_POINT('',(-93.66060145297,-55.1568065113,2.5));
#1749 = DIRECTION('',(-1.304192550408E-33,1.224646799147E-16,1.));
#1750 = DIRECTION('',(0.438975368007,0.898499096428,-1.100344042478E-16)
  );
#1751 = PCURVE('',#1656,#1752);
#1752 = DEFINITIONAL_REPRESENTATION('',(#1753),#1757);
#1753 = LINE('',#1754,#1755);
#1754 = CARTESIAN_POINT('',(0.,-59.));
#1755 = VECTOR('',#1756,1.);
#1756 = DIRECTION('',(1.,0.));
#1757 = ( GEOMETRIC_REPRESENTATION_CONTEXT(2) 
PARAMETRIC_REPRESENTATION_CONTEXT() REPRESENTATION_CONTEXT('2D SPACE',''
  ) );
#1758 = PCURVE('',#1157,#1759);
#1759 = DEFINITIONAL_REPRESENTATION('',(#1760),#1768);
#1760 = ( BOUNDED_CURVE() B_SPLINE_CURVE(2,(#1761,#1762,#1763,#1764,
#1765,#1766,#1767),.UNSPECIFIED.,.T.,.F.) B_SPLINE_CURVE_WITH_KNOTS((1,2
    ,2,2,2,1),(-2.094395102393,0.,2.094395102393,4.188790204786,
6.28318530718,8.377580409573),.UNSPECIFIED.) CURVE() 
GEOMETRIC_REPRESENTATION_ITEM() RATIONAL_B_SPLINE_CURVE((1.,0.5,1.,0.5,
1.,0.5,1.)) REPRESENTATION_ITEM('') );
#1761 = CARTESIAN_POINT('',(-90.5,45.060125947347));
#1762 = CARTESIAN_POINT('',(-101.70489667,39.585803648314));
#1763 = CARTESIAN_POINT('',(-100.8433505145,52.026689960913));
#1764 = CARTESIAN_POINT('',(-99.98180435893,64.467576273511));
#1765 = CARTESIAN_POINT('',(-89.63845384441,57.501012259945));
#1766 = CARTESIAN_POINT('',(-79.2951033299,50.534448246379));
#1767 = CARTESIAN_POINT('',(-90.5,45.060125947347));
#1768 = ( GEOMETRIC_REPRESENTATION_CONTEXT(2) 
PARAMETRIC_REPRESENTATION_CONTEXT() REPRESENTATION_CONTEXT('2D SPACE',''
  ) );
#1769 = ORIENTED_EDGE('',*,*,#1638,.F.);
#1770 = ORIENTED_EDGE('',*,*,#1771,.F.);
#1771 = EDGE_CURVE('',#1715,#1639,#1772,.T.);
#1772 = SURFACE_CURVE('',#1773,(#1778,#1785),.PCURVE_S1.);
#1773 = CIRCLE('',#1774,7.199951713292);
#1774 = AXIS2_PLACEMENT_3D('',#1775,#1776,#1777);
#1775 = CARTESIAN_POINT('',(-93.66060145297,-55.1568065113,61.5));
#1776 = DIRECTION('',(-1.304192550408E-33,1.224646799147E-16,1.));
#1777 = DIRECTION('',(0.438975368007,0.898499096428,-1.100344042478E-16)
  );
#1778 = PCURVE('',#1656,#1779);
#1779 = DEFINITIONAL_REPRESENTATION('',(#1780),#1784);
#1780 = LINE('',#1781,#1782);
#1781 = CARTESIAN_POINT('',(0.,0.));
#1782 = VECTOR('',#1783,1.);
#1783 = DIRECTION('',(1.,0.));
#1784 = ( GEOMETRIC_REPRESENTATION_CONTEXT(2) 
PARAMETRIC_REPRESENTATION_CONTEXT() REPRESENTATION_CONTEXT('2D SPACE',''
  ) );
#1785 = PCURVE('',#1573,#1786);
#1786 = DEFINITIONAL_REPRESENTATION('',(#1787),#1791);
#1787 = CIRCLE('',#1788,7.199951713292);
#1788 = AXIS2_PLACEMENT_2D('',#1789,#1790);
#1789 = CARTESIAN_POINT('',(93.661395458195,12.609354681021));
#1790 = DIRECTION('',(-0.438975368007,-0.898499096428));
#1791 = ( GEOMETRIC_REPRESENTATION_CONTEXT(2) 
PARAMETRIC_REPRESENTATION_CONTEXT() REPRESENTATION_CONTEXT('2D SPACE',''
  ) );
#1792 = ADVANCED_FACE('',(#1793),#1732,.T.);
#1793 = FACE_BOUND('',#1794,.T.);
#1794 = EDGE_LOOP('',(#1795,#1825,#1846,#1847));
#1795 = ORIENTED_EDGE('',*,*,#1796,.T.);
#1796 = EDGE_CURVE('',#1797,#1799,#1801,.T.);
#1797 = VERTEX_POINT('',#1798);
#1798 = CARTESIAN_POINT('',(-88.,-48.68765640258,61.5));
#1799 = VERTEX_POINT('',#1800);
#1800 = CARTESIAN_POINT('',(-88.,-48.68765640258,2.5));
#1801 = SURFACE_CURVE('',#1802,(#1806,#1813),.PCURVE_S1.);
#1802 = LINE('',#1803,#1804);
#1803 = CARTESIAN_POINT('',(-88.,-48.68765640258,61.5));
#1804 = VECTOR('',#1805,1.);
#1805 = DIRECTION('',(0.,-1.224646799147E-16,-1.));
#1806 = PCURVE('',#1732,#1807);
#1807 = DEFINITIONAL_REPRESENTATION('',(#1808),#1812);
#1808 = LINE('',#1809,#1810);
#1809 = CARTESIAN_POINT('',(0.,0.));
#1810 = VECTOR('',#1811,1.);
#1811 = DIRECTION('',(0.,-1.));
#1812 = ( GEOMETRIC_REPRESENTATION_CONTEXT(2) 
PARAMETRIC_REPRESENTATION_CONTEXT() REPRESENTATION_CONTEXT('2D SPACE',''
  ) );
#1813 = PCURVE('',#1814,#1819);
#1814 = CYLINDRICAL_SURFACE('',#1815,7.199278552716);
#1815 = AXIS2_PLACEMENT_3D('',#1816,#1817,#1818);
#1816 = CARTESIAN_POINT('',(-91.15613419332,-55.15823818735,61.5));
#1817 = DIRECTION('',(0.,1.224646799147E-16,1.));
#1818 = DIRECTION('',(0.999999981482,1.924450029295E-04,
    -2.356771568495E-20));
#1819 = DEFINITIONAL_REPRESENTATION('',(#1820),#1824);
#1820 = LINE('',#1821,#1822);
#1821 = CARTESIAN_POINT('',(1.11679073672,0.));
#1822 = VECTOR('',#1823,1.);
#1823 = DIRECTION('',(0.,-1.));
#1824 = ( GEOMETRIC_REPRESENTATION_CONTEXT(2) 
PARAMETRIC_REPRESENTATION_CONTEXT() REPRESENTATION_CONTEXT('2D SPACE',''
  ) );
#1825 = ORIENTED_EDGE('',*,*,#1826,.T.);
#1826 = EDGE_CURVE('',#1799,#1717,#1827,.T.);
#1827 = SURFACE_CURVE('',#1828,(#1832,#1839),.PCURVE_S1.);
#1828 = LINE('',#1829,#1830);
#1829 = CARTESIAN_POINT('',(-88.,-48.68765640258,2.5));
#1830 = VECTOR('',#1831,1.);
#1831 = DIRECTION('',(-1.,-0.,0.));
#1832 = PCURVE('',#1732,#1833);
#1833 = DEFINITIONAL_REPRESENTATION('',(#1834),#1838);
#1834 = LINE('',#1835,#1836);
#1835 = CARTESIAN_POINT('',(0.,-59.));
#1836 = VECTOR('',#1837,1.);
#1837 = DIRECTION('',(1.,0.));
#1838 = ( GEOMETRIC_REPRESENTATION_CONTEXT(2) 
PARAMETRIC_REPRESENTATION_CONTEXT() REPRESENTATION_CONTEXT('2D SPACE',''
  ) );
#1839 = PCURVE('',#1157,#1840);
#1840 = DEFINITIONAL_REPRESENTATION('',(#1841),#1845);
#1841 = LINE('',#1842,#1843);
#1842 = CARTESIAN_POINT('',(-88.,45.060125947347));
#1843 = VECTOR('',#1844,1.);
#1844 = DIRECTION('',(-1.,0.));
#1845 = ( GEOMETRIC_REPRESENTATION_CONTEXT(2) 
PARAMETRIC_REPRESENTATION_CONTEXT() REPRESENTATION_CONTEXT('2D SPACE',''
  ) );
#1846 = ORIENTED_EDGE('',*,*,#1714,.F.);
#1847 = ORIENTED_EDGE('',*,*,#1848,.F.);
#1848 = EDGE_CURVE('',#1797,#1715,#1849,.T.);
#1849 = SURFACE_CURVE('',#1850,(#1854,#1861),.PCURVE_S1.);
#1850 = LINE('',#1851,#1852);
#1851 = CARTESIAN_POINT('',(-88.,-48.68765640258,61.5));
#1852 = VECTOR('',#1853,1.);
#1853 = DIRECTION('',(-1.,-0.,0.));
#1854 = PCURVE('',#1732,#1855);
#1855 = DEFINITIONAL_REPRESENTATION('',(#1856),#1860);
#1856 = LINE('',#1857,#1858);
#1857 = CARTESIAN_POINT('',(0.,0.));
#1858 = VECTOR('',#1859,1.);
#1859 = DIRECTION('',(1.,0.));
#1860 = ( GEOMETRIC_REPRESENTATION_CONTEXT(2) 
PARAMETRIC_REPRESENTATION_CONTEXT() REPRESENTATION_CONTEXT('2D SPACE',''
  ) );
#1861 = PCURVE('',#1573,#1862);
#1862 = DEFINITIONAL_REPRESENTATION('',(#1863),#1867);
#1863 = LINE('',#1864,#1865);
#1864 = CARTESIAN_POINT('',(88.000794005218,6.1402045723));
#1865 = VECTOR('',#1866,1.);
#1866 = DIRECTION('',(1.,0.));
#1867 = ( GEOMETRIC_REPRESENTATION_CONTEXT(2) 
PARAMETRIC_REPRESENTATION_CONTEXT() REPRESENTATION_CONTEXT('2D SPACE',''
  ) );
#1868 = ADVANCED_FACE('',(#1869),#1814,.T.);
#1869 = FACE_BOUND('',#1870,.T.);
#1870 = EDGE_LOOP('',(#1871,#1901,#1927,#1928));
#1871 = ORIENTED_EDGE('',*,*,#1872,.T.);
#1872 = EDGE_CURVE('',#1873,#1875,#1877,.T.);
#1873 = VERTEX_POINT('',#1874);
#1874 = CARTESIAN_POINT('',(-83.95685577392,-55.15685272216,61.5));
#1875 = VERTEX_POINT('',#1876);
#1876 = CARTESIAN_POINT('',(-83.95685577392,-55.15685272216,2.5));
#1877 = SURFACE_CURVE('',#1878,(#1882,#1889),.PCURVE_S1.);
#1878 = LINE('',#1879,#1880);
#1879 = CARTESIAN_POINT('',(-83.95685577392,-55.15685272216,61.5));
#1880 = VECTOR('',#1881,1.);
#1881 = DIRECTION('',(0.,-1.224646799147E-16,-1.));
#1882 = PCURVE('',#1814,#1883);
#1883 = DEFINITIONAL_REPRESENTATION('',(#1884),#1888);
#1884 = LINE('',#1885,#1886);
#1885 = CARTESIAN_POINT('',(0.,0.));
#1886 = VECTOR('',#1887,1.);
#1887 = DIRECTION('',(0.,-1.));
#1888 = ( GEOMETRIC_REPRESENTATION_CONTEXT(2) 
PARAMETRIC_REPRESENTATION_CONTEXT() REPRESENTATION_CONTEXT('2D SPACE',''
  ) );
#1889 = PCURVE('',#1890,#1895);
#1890 = PLANE('',#1891);
#1891 = AXIS2_PLACEMENT_3D('',#1892,#1893,#1894);
#1892 = CARTESIAN_POINT('',(-83.95685577392,-57.5,61.5));
#1893 = DIRECTION('',(1.,0.,0.));
#1894 = DIRECTION('',(0.,1.,-1.224646799147E-16));
#1895 = DEFINITIONAL_REPRESENTATION('',(#1896),#1900);
#1896 = LINE('',#1897,#1898);
#1897 = CARTESIAN_POINT('',(2.343147277832,2.869527813728E-16));
#1898 = VECTOR('',#1899,1.);
#1899 = DIRECTION('',(0.,-1.));
#1900 = ( GEOMETRIC_REPRESENTATION_CONTEXT(2) 
PARAMETRIC_REPRESENTATION_CONTEXT() REPRESENTATION_CONTEXT('2D SPACE',''
  ) );
#1901 = ORIENTED_EDGE('',*,*,#1902,.T.);
#1902 = EDGE_CURVE('',#1875,#1799,#1903,.T.);
#1903 = SURFACE_CURVE('',#1904,(#1909,#1916),.PCURVE_S1.);
#1904 = CIRCLE('',#1905,7.199278552716);
#1905 = AXIS2_PLACEMENT_3D('',#1906,#1907,#1908);
#1906 = CARTESIAN_POINT('',(-91.15613419332,-55.15823818735,2.5));
#1907 = DIRECTION('',(1.331855909789E-36,1.224646799147E-16,1.));
#1908 = DIRECTION('',(0.999999981482,1.924450029295E-04,
    -2.356771568495E-20));
#1909 = PCURVE('',#1814,#1910);
#1910 = DEFINITIONAL_REPRESENTATION('',(#1911),#1915);
#1911 = LINE('',#1912,#1913);
#1912 = CARTESIAN_POINT('',(0.,-59.));
#1913 = VECTOR('',#1914,1.);
#1914 = DIRECTION('',(1.,0.));
#1915 = ( GEOMETRIC_REPRESENTATION_CONTEXT(2) 
PARAMETRIC_REPRESENTATION_CONTEXT() REPRESENTATION_CONTEXT('2D SPACE',''
  ) );
#1916 = PCURVE('',#1157,#1917);
#1917 = DEFINITIONAL_REPRESENTATION('',(#1918),#1926);
#1918 = ( BOUNDED_CURVE() B_SPLINE_CURVE(2,(#1919,#1920,#1921,#1922,
#1923,#1924,#1925),.UNSPECIFIED.,.T.,.F.) B_SPLINE_CURVE_WITH_KNOTS((1,2
    ,2,2,2,1),(-2.094395102393,0.,2.094395102393,4.188790204786,
6.28318530718,8.377580409573),.UNSPECIFIED.) CURVE() 
GEOMETRIC_REPRESENTATION_ITEM() RATIONAL_B_SPLINE_CURVE((1.,0.5,1.,0.5,
1.,0.5,1.)) REPRESENTATION_ITEM('') );
#1919 = CARTESIAN_POINT('',(-83.95685577392,51.529322266927));
#1920 = CARTESIAN_POINT('',(-83.95925547001,39.059806266687));
#1921 = CARTESIAN_POINT('',(-94.75697325107,45.29664246458));
#1922 = CARTESIAN_POINT('',(-105.5546910321,51.533478662473));
#1923 = CARTESIAN_POINT('',(-94.75457355498,57.76615846482));
#1924 = CARTESIAN_POINT('',(-83.95445607783,63.998838267167));
#1925 = CARTESIAN_POINT('',(-83.95685577392,51.529322266927));
#1926 = ( GEOMETRIC_REPRESENTATION_CONTEXT(2) 
PARAMETRIC_REPRESENTATION_CONTEXT() REPRESENTATION_CONTEXT('2D SPACE',''
  ) );
#1927 = ORIENTED_EDGE('',*,*,#1796,.F.);
#1928 = ORIENTED_EDGE('',*,*,#1929,.F.);
#1929 = EDGE_CURVE('',#1873,#1797,#1930,.T.);
#1930 = SURFACE_CURVE('',#1931,(#1936,#1943),.PCURVE_S1.);
#1931 = CIRCLE('',#1932,7.199278552716);
#1932 = AXIS2_PLACEMENT_3D('',#1933,#1934,#1935);
#1933 = CARTESIAN_POINT('',(-91.15613419332,-55.15823818735,61.5));
#1934 = DIRECTION('',(1.331855909789E-36,1.224646799147E-16,1.));
#1935 = DIRECTION('',(0.999999981482,1.924450029295E-04,
    -2.356771568495E-20));
#1936 = PCURVE('',#1814,#1937);
#1937 = DEFINITIONAL_REPRESENTATION('',(#1938),#1942);
#1938 = LINE('',#1939,#1940);
#1939 = CARTESIAN_POINT('',(0.,0.));
#1940 = VECTOR('',#1941,1.);
#1941 = DIRECTION('',(1.,0.));
#1942 = ( GEOMETRIC_REPRESENTATION_CONTEXT(2) 
PARAMETRIC_REPRESENTATION_CONTEXT() REPRESENTATION_CONTEXT('2D SPACE',''
  ) );
#1943 = PCURVE('',#1573,#1944);
#1944 = DEFINITIONAL_REPRESENTATION('',(#1945),#1949);
#1945 = CIRCLE('',#1946,7.199278552716);
#1946 = AXIS2_PLACEMENT_2D('',#1947,#1948);
#1947 = CARTESIAN_POINT('',(91.156928198547,12.610786357062));
#1948 = DIRECTION('',(-0.999999981482,-1.924450029295E-04));
#1949 = ( GEOMETRIC_REPRESENTATION_CONTEXT(2) 
PARAMETRIC_REPRESENTATION_CONTEXT() REPRESENTATION_CONTEXT('2D SPACE',''
  ) );
#1950 = ADVANCED_FACE('',(#1951),#1890,.T.);
#1951 = FACE_BOUND('',#1952,.T.);
#1952 = EDGE_LOOP('',(#1953,#1983,#2004,#2005));
#1953 = ORIENTED_EDGE('',*,*,#1954,.T.);
#1954 = EDGE_CURVE('',#1955,#1957,#1959,.T.);
#1955 = VERTEX_POINT('',#1956);
#1956 = CARTESIAN_POINT('',(-83.95685577392,-57.5,61.5));
#1957 = VERTEX_POINT('',#1958);
#1958 = CARTESIAN_POINT('',(-83.95685577392,-57.5,2.5));
#1959 = SURFACE_CURVE('',#1960,(#1964,#1971),.PCURVE_S1.);
#1960 = LINE('',#1961,#1962);
#1961 = CARTESIAN_POINT('',(-83.95685577392,-57.5,61.5));
#1962 = VECTOR('',#1963,1.);
#1963 = DIRECTION('',(0.,-1.224646799147E-16,-1.));
#1964 = PCURVE('',#1890,#1965);
#1965 = DEFINITIONAL_REPRESENTATION('',(#1966),#1970);
#1966 = LINE('',#1967,#1968);
#1967 = CARTESIAN_POINT('',(0.,0.));
#1968 = VECTOR('',#1969,1.);
#1969 = DIRECTION('',(0.,-1.));
#1970 = ( GEOMETRIC_REPRESENTATION_CONTEXT(2) 
PARAMETRIC_REPRESENTATION_CONTEXT() REPRESENTATION_CONTEXT('2D SPACE',''
  ) );
#1971 = PCURVE('',#1972,#1977);
#1972 = PLANE('',#1973);
#1973 = AXIS2_PLACEMENT_3D('',#1974,#1975,#1976);
#1974 = CARTESIAN_POINT('',(85.5,-57.5,66.5));
#1975 = DIRECTION('',(0.,1.,-1.224646799147E-16));
#1976 = DIRECTION('',(-1.,-0.,0.));
#1977 = DEFINITIONAL_REPRESENTATION('',(#1978),#1982);
#1978 = LINE('',#1979,#1980);
#1979 = CARTESIAN_POINT('',(169.45685577392,-5.));
#1980 = VECTOR('',#1981,1.);
#1981 = DIRECTION('',(0.,-1.));
#1982 = ( GEOMETRIC_REPRESENTATION_CONTEXT(2) 
PARAMETRIC_REPRESENTATION_CONTEXT() REPRESENTATION_CONTEXT('2D SPACE',''
  ) );
#1983 = ORIENTED_EDGE('',*,*,#1984,.T.);
#1984 = EDGE_CURVE('',#1957,#1875,#1985,.T.);
#1985 = SURFACE_CURVE('',#1986,(#1990,#1997),.PCURVE_S1.);
#1986 = LINE('',#1987,#1988);
#1987 = CARTESIAN_POINT('',(-83.95685577392,-57.5,2.5));
#1988 = VECTOR('',#1989,1.);
#1989 = DIRECTION('',(0.,1.,-1.224646799147E-16));
#1990 = PCURVE('',#1890,#1991);
#1991 = DEFINITIONAL_REPRESENTATION('',(#1992),#1996);
#1992 = LINE('',#1993,#1994);
#1993 = CARTESIAN_POINT('',(1.199887573684E-16,-59.));
#1994 = VECTOR('',#1995,1.);
#1995 = DIRECTION('',(1.,0.));
#1996 = ( GEOMETRIC_REPRESENTATION_CONTEXT(2) 
PARAMETRIC_REPRESENTATION_CONTEXT() REPRESENTATION_CONTEXT('2D SPACE',''
  ) );
#1997 = PCURVE('',#1157,#1998);
#1998 = DEFINITIONAL_REPRESENTATION('',(#1999),#2003);
#1999 = LINE('',#2000,#2001);
#2000 = CARTESIAN_POINT('',(-83.95685577392,53.872469544759));
#2001 = VECTOR('',#2002,1.);
#2002 = DIRECTION('',(0.,-1.));
#2003 = ( GEOMETRIC_REPRESENTATION_CONTEXT(2) 
PARAMETRIC_REPRESENTATION_CONTEXT() REPRESENTATION_CONTEXT('2D SPACE',''
  ) );
#2004 = ORIENTED_EDGE('',*,*,#1872,.F.);
#2005 = ORIENTED_EDGE('',*,*,#2006,.F.);
#2006 = EDGE_CURVE('',#1955,#1873,#2007,.T.);
#2007 = SURFACE_CURVE('',#2008,(#2012,#2019),.PCURVE_S1.);
#2008 = LINE('',#2009,#2010);
#2009 = CARTESIAN_POINT('',(-83.95685577392,-57.5,61.5));
#2010 = VECTOR('',#2011,1.);
#2011 = DIRECTION('',(0.,1.,-1.224646799147E-16));
#2012 = PCURVE('',#1890,#2013);
#2013 = DEFINITIONAL_REPRESENTATION('',(#2014),#2018);
#2014 = LINE('',#2015,#2016);
#2015 = CARTESIAN_POINT('',(0.,0.));
#2016 = VECTOR('',#2017,1.);
#2017 = DIRECTION('',(1.,0.));
#2018 = ( GEOMETRIC_REPRESENTATION_CONTEXT(2) 
PARAMETRIC_REPRESENTATION_CONTEXT() REPRESENTATION_CONTEXT('2D SPACE',''
  ) );
#2019 = PCURVE('',#1573,#2020);
#2020 = DEFINITIONAL_REPRESENTATION('',(#2021),#2025);
#2021 = LINE('',#2022,#2023);
#2022 = CARTESIAN_POINT('',(83.957649779144,14.952548169712));
#2023 = VECTOR('',#2024,1.);
#2024 = DIRECTION('',(-0.,-1.));
#2025 = ( GEOMETRIC_REPRESENTATION_CONTEXT(2) 
PARAMETRIC_REPRESENTATION_CONTEXT() REPRESENTATION_CONTEXT('2D SPACE',''
  ) );
#2026 = ADVANCED_FACE('',(#2027),#1972,.T.);
#2027 = FACE_BOUND('',#2028,.T.);
#2028 = EDGE_LOOP('',(#2029,#2054,#2082,#2110,#2138,#2159,#2160,#2183,
    #2211,#2234,#2267,#2295,#2323,#2352,#2380,#2409));
#2029 = ORIENTED_EDGE('',*,*,#2030,.F.);
#2030 = EDGE_CURVE('',#2031,#2033,#2035,.T.);
#2031 = VERTEX_POINT('',#2032);
#2032 = CARTESIAN_POINT('',(85.5,-57.5,66.5));
#2033 = VERTEX_POINT('',#2034);
#2034 = CARTESIAN_POINT('',(66.284,-57.5,66.5));
#2035 = SURFACE_CURVE('',#2036,(#2040,#2047),.PCURVE_S1.);
#2036 = LINE('',#2037,#2038);
#2037 = CARTESIAN_POINT('',(85.5,-57.5,66.5));
#2038 = VECTOR('',#2039,1.);
#2039 = DIRECTION('',(-1.,-0.,0.));
#2040 = PCURVE('',#1972,#2041);
#2041 = DEFINITIONAL_REPRESENTATION('',(#2042),#2046);
#2042 = LINE('',#2043,#2044);
#2043 = CARTESIAN_POINT('',(0.,0.));
#2044 = VECTOR('',#2045,1.);
#2045 = DIRECTION('',(1.,0.));
#2046 = ( GEOMETRIC_REPRESENTATION_CONTEXT(2) 
PARAMETRIC_REPRESENTATION_CONTEXT() REPRESENTATION_CONTEXT('2D SPACE',''
  ) );
#2047 = PCURVE('',#807,#2048);
#2048 = DEFINITIONAL_REPRESENTATION('',(#2049),#2053);
#2049 = LINE('',#2050,#2051);
#2050 = CARTESIAN_POINT('',(195.5,122.5));
#2051 = VECTOR('',#2052,1.);
#2052 = DIRECTION('',(-1.,0.));
#2053 = ( GEOMETRIC_REPRESENTATION_CONTEXT(2) 
PARAMETRIC_REPRESENTATION_CONTEXT() REPRESENTATION_CONTEXT('2D SPACE',''
  ) );
#2054 = ORIENTED_EDGE('',*,*,#2055,.T.);
#2055 = EDGE_CURVE('',#2031,#2056,#2058,.T.);
#2056 = VERTEX_POINT('',#2057);
#2057 = CARTESIAN_POINT('',(85.5,-57.5,61.5));
#2058 = SURFACE_CURVE('',#2059,(#2063,#2070),.PCURVE_S1.);
#2059 = LINE('',#2060,#2061);
#2060 = CARTESIAN_POINT('',(85.5,-57.5,66.5));
#2061 = VECTOR('',#2062,1.);
#2062 = DIRECTION('',(0.,-1.224646799147E-16,-1.));
#2063 = PCURVE('',#1972,#2064);
#2064 = DEFINITIONAL_REPRESENTATION('',(#2065),#2069);
#2065 = LINE('',#2066,#2067);
#2066 = CARTESIAN_POINT('',(0.,0.));
#2067 = VECTOR('',#2068,1.);
#2068 = DIRECTION('',(0.,-1.));
#2069 = ( GEOMETRIC_REPRESENTATION_CONTEXT(2) 
PARAMETRIC_REPRESENTATION_CONTEXT() REPRESENTATION_CONTEXT('2D SPACE',''
  ) );
#2070 = PCURVE('',#2071,#2076);
#2071 = CYLINDRICAL_SURFACE('',#2072,8.013742691767);
#2072 = AXIS2_PLACEMENT_3D('',#2073,#2074,#2075);
#2073 = CARTESIAN_POINT('',(85.492827498277,-49.48626051801,66.5));
#2074 = DIRECTION('',(-0.,1.224646799147E-16,1.));
#2075 = DIRECTION('',(0.312859121906,-0.949799541925,1.16316896885E-16)
  );
#2076 = DEFINITIONAL_REPRESENTATION('',(#2077),#2081);
#2077 = LINE('',#2078,#2079);
#2078 = CARTESIAN_POINT('',(-0.317306757908,0.));
#2079 = VECTOR('',#2080,1.);
#2080 = DIRECTION('',(-0.,-1.));
#2081 = ( GEOMETRIC_REPRESENTATION_CONTEXT(2) 
PARAMETRIC_REPRESENTATION_CONTEXT() REPRESENTATION_CONTEXT('2D SPACE',''
  ) );
#2082 = ORIENTED_EDGE('',*,*,#2083,.T.);
#2083 = EDGE_CURVE('',#2056,#2084,#2086,.T.);
#2084 = VERTEX_POINT('',#2085);
#2085 = CARTESIAN_POINT('',(83.956855773926,-57.5,61.5));
#2086 = SURFACE_CURVE('',#2087,(#2091,#2098),.PCURVE_S1.);
#2087 = LINE('',#2088,#2089);
#2088 = CARTESIAN_POINT('',(85.5,-57.5,61.5));
#2089 = VECTOR('',#2090,1.);
#2090 = DIRECTION('',(-1.,-0.,0.));
#2091 = PCURVE('',#1972,#2092);
#2092 = DEFINITIONAL_REPRESENTATION('',(#2093),#2097);
#2093 = LINE('',#2094,#2095);
#2094 = CARTESIAN_POINT('',(-0.,-5.));
#2095 = VECTOR('',#2096,1.);
#2096 = DIRECTION('',(1.,0.));
#2097 = ( GEOMETRIC_REPRESENTATION_CONTEXT(2) 
PARAMETRIC_REPRESENTATION_CONTEXT() REPRESENTATION_CONTEXT('2D SPACE',''
  ) );
#2098 = PCURVE('',#2099,#2104);
#2099 = PLANE('',#2100);
#2100 = AXIS2_PLACEMENT_3D('',#2101,#2102,#2103);
#2101 = CARTESIAN_POINT('',(7.940052182528E-04,-42.54745183028,61.5));
#2102 = DIRECTION('',(-0.,1.224646799147E-16,1.));
#2103 = DIRECTION('',(-1.,-0.,0.));
#2104 = DEFINITIONAL_REPRESENTATION('',(#2105),#2109);
#2105 = LINE('',#2106,#2107);
#2106 = CARTESIAN_POINT('',(-85.49920599478,14.952548169712));
#2107 = VECTOR('',#2108,1.);
#2108 = DIRECTION('',(1.,0.));
#2109 = ( GEOMETRIC_REPRESENTATION_CONTEXT(2) 
PARAMETRIC_REPRESENTATION_CONTEXT() REPRESENTATION_CONTEXT('2D SPACE',''
  ) );
#2110 = ORIENTED_EDGE('',*,*,#2111,.T.);
#2111 = EDGE_CURVE('',#2084,#2112,#2114,.T.);
#2112 = VERTEX_POINT('',#2113);
#2113 = CARTESIAN_POINT('',(83.956855773926,-57.5,2.5));
#2114 = SURFACE_CURVE('',#2115,(#2119,#2126),.PCURVE_S1.);
#2115 = LINE('',#2116,#2117);
#2116 = CARTESIAN_POINT('',(83.956855773926,-57.5,61.5));
#2117 = VECTOR('',#2118,1.);
#2118 = DIRECTION('',(0.,-1.224646799147E-16,-1.));
#2119 = PCURVE('',#1972,#2120);
#2120 = DEFINITIONAL_REPRESENTATION('',(#2121),#2125);
#2121 = LINE('',#2122,#2123);
#2122 = CARTESIAN_POINT('',(1.543144226074,-5.));
#2123 = VECTOR('',#2124,1.);
#2124 = DIRECTION('',(0.,-1.));
#2125 = ( GEOMETRIC_REPRESENTATION_CONTEXT(2) 
PARAMETRIC_REPRESENTATION_CONTEXT() REPRESENTATION_CONTEXT('2D SPACE',''
  ) );
#2126 = PCURVE('',#2127,#2132);
#2127 = PLANE('',#2128);
#2128 = AXIS2_PLACEMENT_3D('',#2129,#2130,#2131);
#2129 = CARTESIAN_POINT('',(83.956855773926,-55.15685272216,61.5));
#2130 = DIRECTION('',(-1.,-0.,0.));
#2131 = DIRECTION('',(0.,-1.,1.224646799147E-16));
#2132 = DEFINITIONAL_REPRESENTATION('',(#2133),#2137);
#2133 = LINE('',#2134,#2135);
#2134 = CARTESIAN_POINT('',(2.343147277832,-2.869527813728E-16));
#2135 = VECTOR('',#2136,1.);
#2136 = DIRECTION('',(0.,-1.));
#2137 = ( GEOMETRIC_REPRESENTATION_CONTEXT(2) 
PARAMETRIC_REPRESENTATION_CONTEXT() REPRESENTATION_CONTEXT('2D SPACE',''
  ) );
#2138 = ORIENTED_EDGE('',*,*,#2139,.T.);
#2139 = EDGE_CURVE('',#2112,#1957,#2140,.T.);
#2140 = SURFACE_CURVE('',#2141,(#2145,#2152),.PCURVE_S1.);
#2141 = LINE('',#2142,#2143);
#2142 = CARTESIAN_POINT('',(83.956855773926,-57.5,2.5));
#2143 = VECTOR('',#2144,1.);
#2144 = DIRECTION('',(-1.,-0.,0.));
#2145 = PCURVE('',#1972,#2146);
#2146 = DEFINITIONAL_REPRESENTATION('',(#2147),#2151);
#2147 = LINE('',#2148,#2149);
#2148 = CARTESIAN_POINT('',(1.543144226074,-64.));
#2149 = VECTOR('',#2150,1.);
#2150 = DIRECTION('',(1.,0.));
#2151 = ( GEOMETRIC_REPRESENTATION_CONTEXT(2) 
PARAMETRIC_REPRESENTATION_CONTEXT() REPRESENTATION_CONTEXT('2D SPACE',''
  ) );
#2152 = PCURVE('',#1157,#2153);
#2153 = DEFINITIONAL_REPRESENTATION('',(#2154),#2158);
#2154 = LINE('',#2155,#2156);
#2155 = CARTESIAN_POINT('',(83.956855773926,53.872469544759));
#2156 = VECTOR('',#2157,1.);
#2157 = DIRECTION('',(-1.,0.));
#2158 = ( GEOMETRIC_REPRESENTATION_CONTEXT(2) 
PARAMETRIC_REPRESENTATION_CONTEXT() REPRESENTATION_CONTEXT('2D SPACE',''
  ) );
#2159 = ORIENTED_EDGE('',*,*,#1954,.F.);
#2160 = ORIENTED_EDGE('',*,*,#2161,.T.);
#2161 = EDGE_CURVE('',#1955,#2162,#2164,.T.);
#2162 = VERTEX_POINT('',#2163);
#2163 = CARTESIAN_POINT('',(-85.5,-57.5,61.5));
#2164 = SURFACE_CURVE('',#2165,(#2169,#2176),.PCURVE_S1.);
#2165 = LINE('',#2166,#2167);
#2166 = CARTESIAN_POINT('',(85.5,-57.5,61.5));
#2167 = VECTOR('',#2168,1.);
#2168 = DIRECTION('',(-1.,-0.,0.));
#2169 = PCURVE('',#1972,#2170);
#2170 = DEFINITIONAL_REPRESENTATION('',(#2171),#2175);
#2171 = LINE('',#2172,#2173);
#2172 = CARTESIAN_POINT('',(-0.,-5.));
#2173 = VECTOR('',#2174,1.);
#2174 = DIRECTION('',(1.,0.));
#2175 = ( GEOMETRIC_REPRESENTATION_CONTEXT(2) 
PARAMETRIC_REPRESENTATION_CONTEXT() REPRESENTATION_CONTEXT('2D SPACE',''
  ) );
#2176 = PCURVE('',#1573,#2177);
#2177 = DEFINITIONAL_REPRESENTATION('',(#2178),#2182);
#2178 = LINE('',#2179,#2180);
#2179 = CARTESIAN_POINT('',(-85.49920599478,14.952548169712));
#2180 = VECTOR('',#2181,1.);
#2181 = DIRECTION('',(1.,0.));
#2182 = ( GEOMETRIC_REPRESENTATION_CONTEXT(2) 
PARAMETRIC_REPRESENTATION_CONTEXT() REPRESENTATION_CONTEXT('2D SPACE',''
  ) );
#2183 = ORIENTED_EDGE('',*,*,#2184,.F.);
#2184 = EDGE_CURVE('',#2185,#2162,#2187,.T.);
#2185 = VERTEX_POINT('',#2186);
#2186 = CARTESIAN_POINT('',(-85.5,-57.5,66.5));
#2187 = SURFACE_CURVE('',#2188,(#2192,#2199),.PCURVE_S1.);
#2188 = LINE('',#2189,#2190);
#2189 = CARTESIAN_POINT('',(-85.5,-57.5,66.5));
#2190 = VECTOR('',#2191,1.);
#2191 = DIRECTION('',(0.,-1.224646799147E-16,-1.));
#2192 = PCURVE('',#1972,#2193);
#2193 = DEFINITIONAL_REPRESENTATION('',(#2194),#2198);
#2194 = LINE('',#2195,#2196);
#2195 = CARTESIAN_POINT('',(171.,0.));
#2196 = VECTOR('',#2197,1.);
#2197 = DIRECTION('',(0.,-1.));
#2198 = ( GEOMETRIC_REPRESENTATION_CONTEXT(2) 
PARAMETRIC_REPRESENTATION_CONTEXT() REPRESENTATION_CONTEXT('2D SPACE',''
  ) );
#2199 = PCURVE('',#2200,#2205);
#2200 = CYLINDRICAL_SURFACE('',#2201,8.013742691767);
#2201 = AXIS2_PLACEMENT_3D('',#2202,#2203,#2204);
#2202 = CARTESIAN_POINT('',(-85.49282749827,-49.48626051801,66.5));
#2203 = DIRECTION('',(-0.,1.224646799147E-16,1.));
#2204 = DIRECTION('',(-8.950252084834E-04,-0.999999599465,
    1.224646308633E-16));
#2205 = DEFINITIONAL_REPRESENTATION('',(#2206),#2210);
#2206 = LINE('',#2207,#2208);
#2207 = CARTESIAN_POINT('',(-0.,0.));
#2208 = VECTOR('',#2209,1.);
#2209 = DIRECTION('',(-0.,-1.));
#2210 = ( GEOMETRIC_REPRESENTATION_CONTEXT(2) 
PARAMETRIC_REPRESENTATION_CONTEXT() REPRESENTATION_CONTEXT('2D SPACE',''
  ) );
#2211 = ORIENTED_EDGE('',*,*,#2212,.F.);
#2212 = EDGE_CURVE('',#2213,#2185,#2215,.T.);
#2213 = VERTEX_POINT('',#2214);
#2214 = CARTESIAN_POINT('',(12.341790055232,-57.5,66.5));
#2215 = SURFACE_CURVE('',#2216,(#2220,#2227),.PCURVE_S1.);
#2216 = LINE('',#2217,#2218);
#2217 = CARTESIAN_POINT('',(85.5,-57.5,66.5));
#2218 = VECTOR('',#2219,1.);
#2219 = DIRECTION('',(-1.,-0.,0.));
#2220 = PCURVE('',#1972,#2221);
#2221 = DEFINITIONAL_REPRESENTATION('',(#2222),#2226);
#2222 = LINE('',#2223,#2224);
#2223 = CARTESIAN_POINT('',(0.,0.));
#2224 = VECTOR('',#2225,1.);
#2225 = DIRECTION('',(1.,0.));
#2226 = ( GEOMETRIC_REPRESENTATION_CONTEXT(2) 
PARAMETRIC_REPRESENTATION_CONTEXT() REPRESENTATION_CONTEXT('2D SPACE',''
  ) );
#2227 = PCURVE('',#471,#2228);
#2228 = DEFINITIONAL_REPRESENTATION('',(#2229),#2233);
#2229 = LINE('',#2230,#2231);
#2230 = CARTESIAN_POINT('',(195.5,122.5));
#2231 = VECTOR('',#2232,1.);
#2232 = DIRECTION('',(-1.,0.));
#2233 = ( GEOMETRIC_REPRESENTATION_CONTEXT(2) 
PARAMETRIC_REPRESENTATION_CONTEXT() REPRESENTATION_CONTEXT('2D SPACE',''
  ) );
#2234 = ORIENTED_EDGE('',*,*,#2235,.T.);
#2235 = EDGE_CURVE('',#2213,#2236,#2238,.T.);
#2236 = VERTEX_POINT('',#2237);
#2237 = CARTESIAN_POINT('',(19.658209944768,-57.5,66.5));
#2238 = SURFACE_CURVE('',#2239,(#2244,#2255),.PCURVE_S1.);
#2239 = CIRCLE('',#2240,3.85);
#2240 = AXIS2_PLACEMENT_3D('',#2241,#2242,#2243);
#2241 = CARTESIAN_POINT('',(16.,-57.5,65.3));
#2242 = DIRECTION('',(-5.108317836382E-33,-1.,1.224646799147E-16));
#2243 = DIRECTION('',(-0.950184401238,3.817080932407E-17,0.311688311688)
  );
#2244 = PCURVE('',#1972,#2245);
#2245 = DEFINITIONAL_REPRESENTATION('',(#2246),#2254);
#2246 = ( BOUNDED_CURVE() B_SPLINE_CURVE(2,(#2247,#2248,#2249,#2250,
#2251,#2252,#2253),.UNSPECIFIED.,.T.,.F.) B_SPLINE_CURVE_WITH_KNOTS((1,2
    ,2,2,2,1),(-2.094395102393,0.,2.094395102393,4.188790204786,
6.28318530718,8.377580409573),.UNSPECIFIED.) CURVE() 
GEOMETRIC_REPRESENTATION_ITEM() RATIONAL_B_SPLINE_CURVE((1.,0.5,1.,0.5,
1.,0.5,1.)) REPRESENTATION_ITEM('') );
#2247 = CARTESIAN_POINT('',(73.158209944768,2.242650509743E-14));
#2248 = CARTESIAN_POINT('',(75.236670913851,-6.336205489092));
#2249 = CARTESIAN_POINT('',(68.710125512157,-4.968102744546));
#2250 = CARTESIAN_POINT('',(62.183580110464,-3.6));
#2251 = CARTESIAN_POINT('',(66.631664543075,1.368102744546));
#2252 = CARTESIAN_POINT('',(71.079748975685,6.336205489092));
#2253 = CARTESIAN_POINT('',(73.158209944768,2.242650509743E-14));
#2254 = ( GEOMETRIC_REPRESENTATION_CONTEXT(2) 
PARAMETRIC_REPRESENTATION_CONTEXT() REPRESENTATION_CONTEXT('2D SPACE',''
  ) );
#2255 = PCURVE('',#2256,#2261);
#2256 = CYLINDRICAL_SURFACE('',#2257,3.85);
#2257 = AXIS2_PLACEMENT_3D('',#2258,#2259,#2260);
#2258 = CARTESIAN_POINT('',(16.,-54.,65.3));
#2259 = DIRECTION('',(-0.,1.,-1.224646799147E-16));
#2260 = DIRECTION('',(0.,-1.224646799147E-16,-1.));
#2261 = DEFINITIONAL_REPRESENTATION('',(#2262),#2266);
#2262 = LINE('',#2263,#2264);
#2263 = CARTESIAN_POINT('',(-4.395419639216,-3.5));
#2264 = VECTOR('',#2265,1.);
#2265 = DIRECTION('',(-1.,-0.));
#2266 = ( GEOMETRIC_REPRESENTATION_CONTEXT(2) 
PARAMETRIC_REPRESENTATION_CONTEXT() REPRESENTATION_CONTEXT('2D SPACE',''
  ) );
#2267 = ORIENTED_EDGE('',*,*,#2268,.F.);
#2268 = EDGE_CURVE('',#2269,#2236,#2271,.T.);
#2269 = VERTEX_POINT('',#2270);
#2270 = CARTESIAN_POINT('',(51.344,-57.5,66.5));
#2271 = SURFACE_CURVE('',#2272,(#2276,#2283),.PCURVE_S1.);
#2272 = LINE('',#2273,#2274);
#2273 = CARTESIAN_POINT('',(85.5,-57.5,66.5));
#2274 = VECTOR('',#2275,1.);
#2275 = DIRECTION('',(-1.,-0.,0.));
#2276 = PCURVE('',#1972,#2277);
#2277 = DEFINITIONAL_REPRESENTATION('',(#2278),#2282);
#2278 = LINE('',#2279,#2280);
#2279 = CARTESIAN_POINT('',(0.,0.));
#2280 = VECTOR('',#2281,1.);
#2281 = DIRECTION('',(1.,0.));
#2282 = ( GEOMETRIC_REPRESENTATION_CONTEXT(2) 
PARAMETRIC_REPRESENTATION_CONTEXT() REPRESENTATION_CONTEXT('2D SPACE',''
  ) );
#2283 = PCURVE('',#2284,#2289);
#2284 = PLANE('',#2285);
#2285 = AXIS2_PLACEMENT_3D('',#2286,#2287,#2288);
#2286 = CARTESIAN_POINT('',(-3.622896038673E-15,-42.75082898884,66.5));
#2287 = DIRECTION('',(-0.,1.224646799147E-16,1.));
#2288 = DIRECTION('',(-1.,-0.,0.));
#2289 = DEFINITIONAL_REPRESENTATION('',(#2290),#2294);
#2290 = LINE('',#2291,#2292);
#2291 = CARTESIAN_POINT('',(-85.5,14.749171011152));
#2292 = VECTOR('',#2293,1.);
#2293 = DIRECTION('',(1.,0.));
#2294 = ( GEOMETRIC_REPRESENTATION_CONTEXT(2) 
PARAMETRIC_REPRESENTATION_CONTEXT() REPRESENTATION_CONTEXT('2D SPACE',''
  ) );
#2295 = ORIENTED_EDGE('',*,*,#2296,.F.);
#2296 = EDGE_CURVE('',#2297,#2269,#2299,.T.);
#2297 = VERTEX_POINT('',#2298);
#2298 = CARTESIAN_POINT('',(51.344,-57.5,65.));
#2299 = SURFACE_CURVE('',#2300,(#2304,#2311),.PCURVE_S1.);
#2300 = LINE('',#2301,#2302);
#2301 = CARTESIAN_POINT('',(51.344,-57.5,65.75));
#2302 = VECTOR('',#2303,1.);
#2303 = DIRECTION('',(0.,1.224646799147E-16,1.));
#2304 = PCURVE('',#1972,#2305);
#2305 = DEFINITIONAL_REPRESENTATION('',(#2306),#2310);
#2306 = LINE('',#2307,#2308);
#2307 = CARTESIAN_POINT('',(34.156,-0.75));
#2308 = VECTOR('',#2309,1.);
#2309 = DIRECTION('',(0.,1.));
#2310 = ( GEOMETRIC_REPRESENTATION_CONTEXT(2) 
PARAMETRIC_REPRESENTATION_CONTEXT() REPRESENTATION_CONTEXT('2D SPACE',''
  ) );
#2311 = PCURVE('',#2312,#2317);
#2312 = PLANE('',#2313);
#2313 = AXIS2_PLACEMENT_3D('',#2314,#2315,#2316);
#2314 = CARTESIAN_POINT('',(51.344,-54.,65.));
#2315 = DIRECTION('',(-1.,0.,0.));
#2316 = DIRECTION('',(0.,2.334869823773E-16,1.));
#2317 = DEFINITIONAL_REPRESENTATION('',(#2318),#2322);
#2318 = LINE('',#2319,#2320);
#2319 = CARTESIAN_POINT('',(0.75,-3.5));
#2320 = VECTOR('',#2321,1.);
#2321 = DIRECTION('',(1.,-1.110223024625E-16));
#2322 = ( GEOMETRIC_REPRESENTATION_CONTEXT(2) 
PARAMETRIC_REPRESENTATION_CONTEXT() REPRESENTATION_CONTEXT('2D SPACE',''
  ) );
#2323 = ORIENTED_EDGE('',*,*,#2324,.F.);
#2324 = EDGE_CURVE('',#2325,#2297,#2327,.T.);
#2325 = VERTEX_POINT('',#2326);
#2326 = CARTESIAN_POINT('',(53.344,-57.5,63.));
#2327 = SURFACE_CURVE('',#2328,(#2333,#2340),.PCURVE_S1.);
#2328 = CIRCLE('',#2329,2.);
#2329 = AXIS2_PLACEMENT_3D('',#2330,#2331,#2332);
#2330 = CARTESIAN_POINT('',(53.344,-57.5,65.));
#2331 = DIRECTION('',(0.,1.,-2.334869823773E-16));
#2332 = DIRECTION('',(1.,0.,0.));
#2333 = PCURVE('',#1972,#2334);
#2334 = DEFINITIONAL_REPRESENTATION('',(#2335),#2339);
#2335 = CIRCLE('',#2336,2.);
#2336 = AXIS2_PLACEMENT_2D('',#2337,#2338);
#2337 = CARTESIAN_POINT('',(32.156,-1.5));
#2338 = DIRECTION('',(-1.,0.));
#2339 = ( GEOMETRIC_REPRESENTATION_CONTEXT(2) 
PARAMETRIC_REPRESENTATION_CONTEXT() REPRESENTATION_CONTEXT('2D SPACE',''
  ) );
#2340 = PCURVE('',#2341,#2346);
#2341 = CYLINDRICAL_SURFACE('',#2342,2.);
#2342 = AXIS2_PLACEMENT_3D('',#2343,#2344,#2345);
#2343 = CARTESIAN_POINT('',(53.344,-54.,65.));
#2344 = DIRECTION('',(0.,1.,-2.334869823773E-16));
#2345 = DIRECTION('',(1.,0.,0.));
#2346 = DEFINITIONAL_REPRESENTATION('',(#2347),#2351);
#2347 = LINE('',#2348,#2349);
#2348 = CARTESIAN_POINT('',(0.,-3.5));
#2349 = VECTOR('',#2350,1.);
#2350 = DIRECTION('',(1.,0.));
#2351 = ( GEOMETRIC_REPRESENTATION_CONTEXT(2) 
PARAMETRIC_REPRESENTATION_CONTEXT() REPRESENTATION_CONTEXT('2D SPACE',''
  ) );
#2352 = ORIENTED_EDGE('',*,*,#2353,.F.);
#2353 = EDGE_CURVE('',#2354,#2325,#2356,.T.);
#2354 = VERTEX_POINT('',#2355);
#2355 = CARTESIAN_POINT('',(64.284,-57.5,63.));
#2356 = SURFACE_CURVE('',#2357,(#2361,#2368),.PCURVE_S1.);
#2357 = LINE('',#2358,#2359);
#2358 = CARTESIAN_POINT('',(74.892,-57.5,63.));
#2359 = VECTOR('',#2360,1.);
#2360 = DIRECTION('',(-1.,-0.,0.));
#2361 = PCURVE('',#1972,#2362);
#2362 = DEFINITIONAL_REPRESENTATION('',(#2363),#2367);
#2363 = LINE('',#2364,#2365);
#2364 = CARTESIAN_POINT('',(10.608,-3.5));
#2365 = VECTOR('',#2366,1.);
#2366 = DIRECTION('',(1.,0.));
#2367 = ( GEOMETRIC_REPRESENTATION_CONTEXT(2) 
PARAMETRIC_REPRESENTATION_CONTEXT() REPRESENTATION_CONTEXT('2D SPACE',''
  ) );
#2368 = PCURVE('',#2369,#2374);
#2369 = PLANE('',#2370);
#2370 = AXIS2_PLACEMENT_3D('',#2371,#2372,#2373);
#2371 = CARTESIAN_POINT('',(64.284,-54.,63.));
#2372 = DIRECTION('',(0.,-1.224646799147E-16,-1.));
#2373 = DIRECTION('',(-1.,-0.,0.));
#2374 = DEFINITIONAL_REPRESENTATION('',(#2375),#2379);
#2375 = LINE('',#2376,#2377);
#2376 = CARTESIAN_POINT('',(-10.608,-3.5));
#2377 = VECTOR('',#2378,1.);
#2378 = DIRECTION('',(1.,0.));
#2379 = ( GEOMETRIC_REPRESENTATION_CONTEXT(2) 
PARAMETRIC_REPRESENTATION_CONTEXT() REPRESENTATION_CONTEXT('2D SPACE',''
  ) );
#2380 = ORIENTED_EDGE('',*,*,#2381,.F.);
#2381 = EDGE_CURVE('',#2382,#2354,#2384,.T.);
#2382 = VERTEX_POINT('',#2383);
#2383 = CARTESIAN_POINT('',(66.284,-57.5,65.));
#2384 = SURFACE_CURVE('',#2385,(#2390,#2397),.PCURVE_S1.);
#2385 = CIRCLE('',#2386,2.);
#2386 = AXIS2_PLACEMENT_3D('',#2387,#2388,#2389);
#2387 = CARTESIAN_POINT('',(64.284,-57.5,65.));
#2388 = DIRECTION('',(0.,1.,-2.334869823773E-16));
#2389 = DIRECTION('',(1.,0.,0.));
#2390 = PCURVE('',#1972,#2391);
#2391 = DEFINITIONAL_REPRESENTATION('',(#2392),#2396);
#2392 = CIRCLE('',#2393,2.);
#2393 = AXIS2_PLACEMENT_2D('',#2394,#2395);
#2394 = CARTESIAN_POINT('',(21.216,-1.5));
#2395 = DIRECTION('',(-1.,0.));
#2396 = ( GEOMETRIC_REPRESENTATION_CONTEXT(2) 
PARAMETRIC_REPRESENTATION_CONTEXT() REPRESENTATION_CONTEXT('2D SPACE',''
  ) );
#2397 = PCURVE('',#2398,#2403);
#2398 = CYLINDRICAL_SURFACE('',#2399,2.);
#2399 = AXIS2_PLACEMENT_3D('',#2400,#2401,#2402);
#2400 = CARTESIAN_POINT('',(64.284,-54.,65.));
#2401 = DIRECTION('',(0.,1.,-2.334869823773E-16));
#2402 = DIRECTION('',(1.,0.,0.));
#2403 = DEFINITIONAL_REPRESENTATION('',(#2404),#2408);
#2404 = LINE('',#2405,#2406);
#2405 = CARTESIAN_POINT('',(0.,-3.5));
#2406 = VECTOR('',#2407,1.);
#2407 = DIRECTION('',(1.,0.));
#2408 = ( GEOMETRIC_REPRESENTATION_CONTEXT(2) 
PARAMETRIC_REPRESENTATION_CONTEXT() REPRESENTATION_CONTEXT('2D SPACE',''
  ) );
#2409 = ORIENTED_EDGE('',*,*,#2410,.F.);
#2410 = EDGE_CURVE('',#2033,#2382,#2411,.T.);
#2411 = SURFACE_CURVE('',#2412,(#2416,#2423),.PCURVE_S1.);
#2412 = LINE('',#2413,#2414);
#2413 = CARTESIAN_POINT('',(66.284,-57.5,67.25));
#2414 = VECTOR('',#2415,1.);
#2415 = DIRECTION('',(0.,-1.224646799147E-16,-1.));
#2416 = PCURVE('',#1972,#2417);
#2417 = DEFINITIONAL_REPRESENTATION('',(#2418),#2422);
#2418 = LINE('',#2419,#2420);
#2419 = CARTESIAN_POINT('',(19.216,0.75));
#2420 = VECTOR('',#2421,1.);
#2421 = DIRECTION('',(0.,-1.));
#2422 = ( GEOMETRIC_REPRESENTATION_CONTEXT(2) 
PARAMETRIC_REPRESENTATION_CONTEXT() REPRESENTATION_CONTEXT('2D SPACE',''
  ) );
#2423 = PCURVE('',#2424,#2429);
#2424 = PLANE('',#2425);
#2425 = AXIS2_PLACEMENT_3D('',#2426,#2427,#2428);
#2426 = CARTESIAN_POINT('',(66.284,-54.,68.));
#2427 = DIRECTION('',(1.,0.,0.));
#2428 = DIRECTION('',(0.,-2.334869823773E-16,-1.));
#2429 = DEFINITIONAL_REPRESENTATION('',(#2430),#2434);
#2430 = LINE('',#2431,#2432);
#2431 = CARTESIAN_POINT('',(0.75,-3.5));
#2432 = VECTOR('',#2433,1.);
#2433 = DIRECTION('',(1.,1.110223024625E-16));
#2434 = ( GEOMETRIC_REPRESENTATION_CONTEXT(2) 
PARAMETRIC_REPRESENTATION_CONTEXT() REPRESENTATION_CONTEXT('2D SPACE',''
  ) );
#2435 = ADVANCED_FACE('',(#2436),#2424,.F.);
#2436 = FACE_BOUND('',#2437,.F.);
#2437 = EDGE_LOOP('',(#2438,#2461,#2556,#2577));
#2438 = ORIENTED_EDGE('',*,*,#2439,.F.);
#2439 = EDGE_CURVE('',#2440,#2033,#2442,.T.);
#2440 = VERTEX_POINT('',#2441);
#2441 = CARTESIAN_POINT('',(66.284,-58.,66.5));
#2442 = SURFACE_CURVE('',#2443,(#2447,#2454),.PCURVE_S1.);
#2443 = LINE('',#2444,#2445);
#2444 = CARTESIAN_POINT('',(66.284,-48.37541449442,66.5));
#2445 = VECTOR('',#2446,1.);
#2446 = DIRECTION('',(0.,1.,-1.224646799147E-16));
#2447 = PCURVE('',#2424,#2448);
#2448 = DEFINITIONAL_REPRESENTATION('',(#2449),#2453);
#2449 = LINE('',#2450,#2451);
#2450 = CARTESIAN_POINT('',(1.5,5.624585505576));
#2451 = VECTOR('',#2452,1.);
#2452 = DIRECTION('',(-1.110223024625E-16,1.));
#2453 = ( GEOMETRIC_REPRESENTATION_CONTEXT(2) 
PARAMETRIC_REPRESENTATION_CONTEXT() REPRESENTATION_CONTEXT('2D SPACE',''
  ) );
#2454 = PCURVE('',#807,#2455);
#2455 = DEFINITIONAL_REPRESENTATION('',(#2456),#2460);
#2456 = LINE('',#2457,#2458);
#2457 = CARTESIAN_POINT('',(176.284,113.37541449442));
#2458 = VECTOR('',#2459,1.);
#2459 = DIRECTION('',(0.,-1.));
#2460 = ( GEOMETRIC_REPRESENTATION_CONTEXT(2) 
PARAMETRIC_REPRESENTATION_CONTEXT() REPRESENTATION_CONTEXT('2D SPACE',''
  ) );
#2461 = ORIENTED_EDGE('',*,*,#2462,.T.);
#2462 = EDGE_CURVE('',#2440,#2463,#2465,.T.);
#2463 = VERTEX_POINT('',#2464);
#2464 = CARTESIAN_POINT('',(66.284,-58.,65.));
#2465 = SURFACE_CURVE('',#2466,(#2470,#2477),.PCURVE_S1.);
#2466 = LINE('',#2467,#2468);
#2467 = CARTESIAN_POINT('',(66.284,-58.,70.));
#2468 = VECTOR('',#2469,1.);
#2469 = DIRECTION('',(0.,-2.334869823773E-16,-1.));
#2470 = PCURVE('',#2424,#2471);
#2471 = DEFINITIONAL_REPRESENTATION('',(#2472),#2476);
#2472 = LINE('',#2473,#2474);
#2473 = CARTESIAN_POINT('',(-2.,-4.));
#2474 = VECTOR('',#2475,1.);
#2475 = DIRECTION('',(1.,0.));
#2476 = ( GEOMETRIC_REPRESENTATION_CONTEXT(2) 
PARAMETRIC_REPRESENTATION_CONTEXT() REPRESENTATION_CONTEXT('2D SPACE',''
  ) );
#2477 = PCURVE('',#2478,#2551);
#2478 = ( BOUNDED_SURFACE() B_SPLINE_SURFACE(8,7,(
    (#2479,#2480,#2481,#2482,#2483,#2484,#2485,#2486)
    ,(#2487,#2488,#2489,#2490,#2491,#2492,#2493,#2494)
    ,(#2495,#2496,#2497,#2498,#2499,#2500,#2501,#2502)
    ,(#2503,#2504,#2505,#2506,#2507,#2508,#2509,#2510)
    ,(#2511,#2512,#2513,#2514,#2515,#2516,#2517,#2518)
    ,(#2519,#2520,#2521,#2522,#2523,#2524,#2525,#2526)
    ,(#2527,#2528,#2529,#2530,#2531,#2532,#2533,#2534)
    ,(#2535,#2536,#2537,#2538,#2539,#2540,#2541,#2542)
    ,(#2543,#2544,#2545,#2546,#2547,#2548,#2549,#2550
)),.UNSPECIFIED.,.F.,.F.,.F.) B_SPLINE_SURFACE_WITH_KNOTS((9,9),(8,8),(
    2.,3.),(0.,1.),.PIECEWISE_BEZIER_KNOTS.) 
GEOMETRIC_REPRESENTATION_ITEM() RATIONAL_B_SPLINE_SURFACE((
    (1.,1.,1.,1.,1.,1.,1.,1.)
    ,(1.,1.,1.,1.,1.,1.,1.,1.)
    ,(1.,1.,1.,1.,1.,1.,1.,1.)
    ,(1.,1.,1.,1.,1.,1.,1.,1.)
    ,(1.,1.,1.,1.,1.,1.,1.,1.)
    ,(1.,1.,1.,1.,1.,1.,1.,1.)
    ,(1.,1.,1.,1.,1.,1.,1.,1.)
    ,(1.,1.,1.,1.,1.,1.,1.,1.)
,(1.,1.,1.,1.,1.,1.,1.,1.))) REPRESENTATION_ITEM('') SURFACE() );
#2479 = CARTESIAN_POINT('',(66.284,-58.,68.));
#2480 = CARTESIAN_POINT('',(66.284006646551,-58.45210179871,
    68.000000000001));
#2481 = CARTESIAN_POINT('',(66.403192404176,-58.90414643041,
    67.999999999995));
#2482 = CARTESIAN_POINT('',(66.641773582159,-59.31758136842,
    68.000000000008));
#2483 = CARTESIAN_POINT('',(66.982533672429,-59.65262452167,
    67.999999999994));
#2484 = CARTESIAN_POINT('',(67.392829117766,-59.8841732375,
    68.000000000003));
#2485 = CARTESIAN_POINT('',(67.838445366176,-60.00000407356,
    67.999999999999));
#2486 = CARTESIAN_POINT('',(68.284,-60.,68.));
#2487 = CARTESIAN_POINT('',(66.284,-58.,67.625));
#2488 = CARTESIAN_POINT('',(66.284006646551,-58.45210179871,
    67.625000000001));
#2489 = CARTESIAN_POINT('',(66.403192404176,-58.90414643041,
    67.624999999998));
#2490 = CARTESIAN_POINT('',(66.641773582159,-59.31758136842,
    67.625000000004));
#2491 = CARTESIAN_POINT('',(66.982533672429,-59.65262452167,
    67.624999999997));
#2492 = CARTESIAN_POINT('',(67.392829117766,-59.8841732375,
    67.625000000001));
#2493 = CARTESIAN_POINT('',(67.838445366176,-60.00000407356,67.625));
#2494 = CARTESIAN_POINT('',(68.284,-60.,67.625));
#2495 = CARTESIAN_POINT('',(66.284,-58.,67.25));
#2496 = CARTESIAN_POINT('',(66.284006646551,-58.45210179871,
    67.250000000001));
#2497 = CARTESIAN_POINT('',(66.403192404176,-58.90414643041,
    67.249999999996));
#2498 = CARTESIAN_POINT('',(66.641773582159,-59.31758136842,
    67.250000000007));
#2499 = CARTESIAN_POINT('',(66.982533672429,-59.65262452167,
    67.249999999994));
#2500 = CARTESIAN_POINT('',(67.392829117766,-59.8841732375,
    67.250000000003));
#2501 = CARTESIAN_POINT('',(67.838445366176,-60.00000407356,
    67.249999999999));
#2502 = CARTESIAN_POINT('',(68.284,-60.,67.25));
#2503 = CARTESIAN_POINT('',(66.284,-58.,66.875));
#2504 = CARTESIAN_POINT('',(66.284006646551,-58.45210179871,66.875));
#2505 = CARTESIAN_POINT('',(66.403192404176,-58.90414643041,66.875));
#2506 = CARTESIAN_POINT('',(66.641773582159,-59.31758136842,
    66.874999999999));
#2507 = CARTESIAN_POINT('',(66.982533672429,-59.65262452167,
    66.875000000002));
#2508 = CARTESIAN_POINT('',(67.392829117766,-59.8841732375,
    66.874999999998));
#2509 = CARTESIAN_POINT('',(67.838445366176,-60.00000407356,
    66.875000000001));
#2510 = CARTESIAN_POINT('',(68.284,-60.,66.875));
#2511 = CARTESIAN_POINT('',(66.284,-58.,66.5));
#2512 = CARTESIAN_POINT('',(66.284006646551,-58.45210179871,
    66.500000000002));
#2513 = CARTESIAN_POINT('',(66.403192404176,-58.90414643041,
    66.499999999994));
#2514 = CARTESIAN_POINT('',(66.641773582159,-59.31758136842,
    66.500000000011));
#2515 = CARTESIAN_POINT('',(66.982533672429,-59.65262452167,
    66.49999999999));
#2516 = CARTESIAN_POINT('',(67.392829117766,-59.8841732375,
    66.500000000005));
#2517 = CARTESIAN_POINT('',(67.838445366176,-60.00000407356,
    66.499999999999));
#2518 = CARTESIAN_POINT('',(68.284,-60.,66.5));
#2519 = CARTESIAN_POINT('',(66.284,-58.,66.125));
#2520 = CARTESIAN_POINT('',(66.284006646551,-58.45210179871,
    66.125000000002));
#2521 = CARTESIAN_POINT('',(66.403192404176,-58.90414643041,
    66.124999999992));
#2522 = CARTESIAN_POINT('',(66.641773582159,-59.31758136842,
    66.125000000013));
#2523 = CARTESIAN_POINT('',(66.982533672429,-59.65262452167,
    66.124999999987));
#2524 = CARTESIAN_POINT('',(67.392829117766,-59.8841732375,
    66.125000000007));
#2525 = CARTESIAN_POINT('',(67.838445366176,-60.00000407356,
    66.124999999998));
#2526 = CARTESIAN_POINT('',(68.284,-60.,66.125));
#2527 = CARTESIAN_POINT('',(66.284,-58.,65.75));
#2528 = CARTESIAN_POINT('',(66.284006646551,-58.45210179871,65.75));
#2529 = CARTESIAN_POINT('',(66.403192404176,-58.90414643041,65.75));
#2530 = CARTESIAN_POINT('',(66.641773582159,-59.31758136842,
    65.749999999999));
#2531 = CARTESIAN_POINT('',(66.982533672429,-59.65262452167,
    65.750000000002));
#2532 = CARTESIAN_POINT('',(67.392829117766,-59.8841732375,
    65.749999999999));
#2533 = CARTESIAN_POINT('',(67.838445366176,-60.00000407356,
    65.750000000001));
#2534 = CARTESIAN_POINT('',(68.284,-60.,65.75));
#2535 = CARTESIAN_POINT('',(66.284,-58.,65.375));
#2536 = CARTESIAN_POINT('',(66.284006646551,-58.45210179871,
    65.375000000001));
#2537 = CARTESIAN_POINT('',(66.403192404176,-58.90414643041,
    65.374999999998));
#2538 = CARTESIAN_POINT('',(66.641773582159,-59.31758136842,
    65.375000000003));
#2539 = CARTESIAN_POINT('',(66.982533672429,-59.65262452167,
    65.374999999998));
#2540 = CARTESIAN_POINT('',(67.392829117766,-59.8841732375,
    65.375000000001));
#2541 = CARTESIAN_POINT('',(67.838445366176,-60.00000407356,65.375));
#2542 = CARTESIAN_POINT('',(68.284,-60.,65.375));
#2543 = CARTESIAN_POINT('',(66.284,-58.,65.));
#2544 = CARTESIAN_POINT('',(66.284006646551,-58.45210179871,
    65.000000000001));
#2545 = CARTESIAN_POINT('',(66.403192404177,-58.90414643043,
    64.999999999996));
#2546 = CARTESIAN_POINT('',(66.641773582158,-59.3175813684,
    65.000000000005));
#2547 = CARTESIAN_POINT('',(66.98253367243,-59.65262452169,
    64.999999999996));
#2548 = CARTESIAN_POINT('',(67.392829117765,-59.88417323749,
    65.000000000001));
#2549 = CARTESIAN_POINT('',(67.838445366177,-60.00000407356,65.));
#2550 = CARTESIAN_POINT('',(68.284,-60.,65.));
#2551 = DEFINITIONAL_REPRESENTATION('',(#2552),#2555);
#2552 = B_SPLINE_CURVE_WITH_KNOTS('',1,(#2553,#2554),.UNSPECIFIED.,.F.,
  .F.,(2,2),(2.,5.),.PIECEWISE_BEZIER_KNOTS.);
#2553 = CARTESIAN_POINT('',(2.,0.));
#2554 = CARTESIAN_POINT('',(3.,0.));
#2555 = ( GEOMETRIC_REPRESENTATION_CONTEXT(2) 
PARAMETRIC_REPRESENTATION_CONTEXT() REPRESENTATION_CONTEXT('2D SPACE',''
  ) );
#2556 = ORIENTED_EDGE('',*,*,#2557,.F.);
#2557 = EDGE_CURVE('',#2382,#2463,#2558,.T.);
#2558 = SURFACE_CURVE('',#2559,(#2563,#2570),.PCURVE_S1.);
#2559 = LINE('',#2560,#2561);
#2560 = CARTESIAN_POINT('',(66.284,-54.,65.));
#2561 = VECTOR('',#2562,1.);
#2562 = DIRECTION('',(0.,-1.,1.224646799147E-16));
#2563 = PCURVE('',#2424,#2564);
#2564 = DEFINITIONAL_REPRESENTATION('',(#2565),#2569);
#2565 = LINE('',#2566,#2567);
#2566 = CARTESIAN_POINT('',(3.,7.004609471318E-16));
#2567 = VECTOR('',#2568,1.);
#2568 = DIRECTION('',(1.110223024625E-16,-1.));
#2569 = ( GEOMETRIC_REPRESENTATION_CONTEXT(2) 
PARAMETRIC_REPRESENTATION_CONTEXT() REPRESENTATION_CONTEXT('2D SPACE',''
  ) );
#2570 = PCURVE('',#2398,#2571);
#2571 = DEFINITIONAL_REPRESENTATION('',(#2572),#2576);
#2572 = LINE('',#2573,#2574);
#2573 = CARTESIAN_POINT('',(0.,0.));
#2574 = VECTOR('',#2575,1.);
#2575 = DIRECTION('',(0.,-1.));
#2576 = ( GEOMETRIC_REPRESENTATION_CONTEXT(2) 
PARAMETRIC_REPRESENTATION_CONTEXT() REPRESENTATION_CONTEXT('2D SPACE',''
  ) );
#2577 = ORIENTED_EDGE('',*,*,#2410,.F.);
#2578 = ADVANCED_FACE('',(#2579),#2478,.T.);
#2579 = FACE_BOUND('',#2580,.T.);
#2580 = EDGE_LOOP('',(#2581,#2691,#2692,#2793));
#2581 = ORIENTED_EDGE('',*,*,#2582,.F.);
#2582 = EDGE_CURVE('',#2440,#2583,#2585,.T.);
#2583 = VERTEX_POINT('',#2584);
#2584 = CARTESIAN_POINT('',(68.284,-60.,66.5));
#2585 = SURFACE_CURVE('',#2586,(#2619,#2655),.PCURVE_S1.);
#2586 = B_SPLINE_CURVE_WITH_KNOTS('',6,(#2587,#2588,#2589,#2590,#2591,
    #2592,#2593,#2594,#2595,#2596,#2597,#2598,#2599,#2600,#2601,#2602,
    #2603,#2604,#2605,#2606,#2607,#2608,#2609,#2610,#2611,#2612,#2613,
    #2614,#2615,#2616,#2617,#2618),.UNSPECIFIED.,.F.,.F.,(7,5,5,5,5,5,7)
  ,(0.,9.059264064283E-02,0.335831257956,0.502102960895,0.663829456547,
    0.921511336013,1.),.UNSPECIFIED.);
#2587 = CARTESIAN_POINT('',(66.284,-58.,66.5));
#2588 = CARTESIAN_POINT('',(66.284000697814,-58.04746568992,66.5));
#2589 = CARTESIAN_POINT('',(66.285352617077,-58.09493135589,66.5));
#2590 = CARTESIAN_POINT('',(66.288056050194,-58.14234869383,66.5));
#2591 = CARTESIAN_POINT('',(66.292108887987,-58.18966954145,66.5));
#2592 = CARTESIAN_POINT('',(66.2975066197,-58.23684587828,66.5));
#2593 = CARTESIAN_POINT('',(66.322476231509,-58.41101762147,66.5));
#2594 = CARTESIAN_POINT('',(66.3505160626,-58.53680231229,66.5));
#2595 = CARTESIAN_POINT('',(66.38822526188,-58.66022228364,66.5));
#2596 = CARTESIAN_POINT('',(66.435339192437,-58.78035766406,66.5));
#2597 = CARTESIAN_POINT('',(66.491488665141,-58.89632642548,66.5));
#2598 = CARTESIAN_POINT('',(66.600042440231,-59.08252967744,66.5));
#2599 = CARTESIAN_POINT('',(66.64783296406,-59.15546989059,66.5));
#2600 = CARTESIAN_POINT('',(66.6994005827,-59.22585608111,66.5));
#2601 = CARTESIAN_POINT('',(66.754572913851,-59.29344601567,66.5));
#2602 = CARTESIAN_POINT('',(66.813157216379,-59.35801360592,66.5));
#2603 = CARTESIAN_POINT('',(66.935034657918,-59.47900754773,66.5));
#2604 = CARTESIAN_POINT('',(66.998156590685,-59.53560942988,66.5));
#2605 = CARTESIAN_POINT('',(67.064110060578,-59.58896166392,66.5));
#2606 = CARTESIAN_POINT('',(67.132685110878,-59.63888983348,66.5));
#2607 = CARTESIAN_POINT('',(67.203657956184,-59.6852379969,66.5));
#2608 = CARTESIAN_POINT('',(67.393315214103,-59.79579297094,66.5));
#2609 = CARTESIAN_POINT('',(67.515332039363,-59.85428493432,66.5));
#2610 = CARTESIAN_POINT('',(67.641872951773,-59.90278189451,66.5));
#2611 = CARTESIAN_POINT('',(67.771916080313,-59.94087133885,66.5));
#2612 = CARTESIAN_POINT('',(67.904398072664,-59.96826868427,66.5));
#2613 = CARTESIAN_POINT('',(68.078967353693,-59.98988674552,66.5));
#2614 = CARTESIAN_POINT('',(68.119849629224,-59.99392971323,66.5));
#2615 = CARTESIAN_POINT('',(68.160825067717,-59.99696448922,66.5));
#2616 = CARTESIAN_POINT('',(68.201862677622,-59.99898849489,66.5));
#2617 = CARTESIAN_POINT('',(68.242931378294,-60.00000037547,66.5));
#2618 = CARTESIAN_POINT('',(68.284,-60.,66.5));
#2619 = PCURVE('',#2478,#2620);
#2620 = DEFINITIONAL_REPRESENTATION('',(#2621),#2654);
#2621 = B_SPLINE_CURVE_WITH_KNOTS('',6,(#2622,#2623,#2624,#2625,#2626,
    #2627,#2628,#2629,#2630,#2631,#2632,#2633,#2634,#2635,#2636,#2637,
    #2638,#2639,#2640,#2641,#2642,#2643,#2644,#2645,#2646,#2647,#2648,
    #2649,#2650,#2651,#2652,#2653),.UNSPECIFIED.,.F.,.F.,(7,5,5,5,5,5,7)
  ,(0.,9.059264064283E-02,0.335831257956,0.502102960895,0.663829456547,
    0.921511336013,1.),.UNSPECIFIED.);
#2622 = CARTESIAN_POINT('',(2.5,0.));
#2623 = CARTESIAN_POINT('',(2.5,1.499842041297E-02));
#2624 = CARTESIAN_POINT('',(2.5,2.999702149204E-02));
#2625 = CARTESIAN_POINT('',(2.5,4.499612649313E-02));
#2626 = CARTESIAN_POINT('',(2.5,5.999607883297E-02));
#2627 = CARTESIAN_POINT('',(2.5,7.499724208913E-02));
#2628 = CARTESIAN_POINT('',(2.5,0.130613184248));
#2629 = CARTESIAN_POINT('',(2.5,0.171240068293));
#2630 = CARTESIAN_POINT('',(2.5,0.211883791054));
#2631 = CARTESIAN_POINT('',(2.5,0.252554423412));
#2632 = CARTESIAN_POINT('',(2.5,0.293260007527));
#2633 = CARTESIAN_POINT('',(2.5,0.361621701673));
#2634 = CARTESIAN_POINT('',(2.5,0.38926025843));
#2635 = CARTESIAN_POINT('',(2.5,0.416916834126));
#2636 = CARTESIAN_POINT('',(2.5,0.444592171724));
#2637 = CARTESIAN_POINT('',(2.5,0.47228659329));
#2638 = CARTESIAN_POINT('',(2.5,0.526955832355));
#2639 = CARTESIAN_POINT('',(2.5,0.553929804914));
#2640 = CARTESIAN_POINT('',(2.5,0.580921839687));
#2641 = CARTESIAN_POINT('',(2.5,0.607931489524));
#2642 = CARTESIAN_POINT('',(2.5,0.634957938118));
#2643 = CARTESIAN_POINT('',(2.5,0.705086627842));
#2644 = CARTESIAN_POINT('',(2.5,0.74821560649));
#2645 = CARTESIAN_POINT('',(2.5,0.79137693151));
#2646 = CARTESIAN_POINT('',(2.5,0.834566832106));
#2647 = CARTESIAN_POINT('',(2.5,0.877779154248));
#2648 = CARTESIAN_POINT('',(2.5,0.934164862219));
#2649 = CARTESIAN_POINT('',(2.5,0.947330755437));
#2650 = CARTESIAN_POINT('',(2.5,0.960497436246));
#2651 = CARTESIAN_POINT('',(2.5,0.973664676563));
#2652 = CARTESIAN_POINT('',(2.5,0.986832263627));
#2653 = CARTESIAN_POINT('',(2.5,1.));
#2654 = ( GEOMETRIC_REPRESENTATION_CONTEXT(2) 
PARAMETRIC_REPRESENTATION_CONTEXT() REPRESENTATION_CONTEXT('2D SPACE',''
  ) );
#2655 = PCURVE('',#807,#2656);
#2656 = DEFINITIONAL_REPRESENTATION('',(#2657),#2690);
#2657 = B_SPLINE_CURVE_WITH_KNOTS('',6,(#2658,#2659,#2660,#2661,#2662,
    #2663,#2664,#2665,#2666,#2667,#2668,#2669,#2670,#2671,#2672,#2673,
    #2674,#2675,#2676,#2677,#2678,#2679,#2680,#2681,#2682,#2683,#2684,
    #2685,#2686,#2687,#2688,#2689),.UNSPECIFIED.,.F.,.F.,(7,5,5,5,5,5,7)
  ,(0.,9.059264064283E-02,0.335831257956,0.502102960895,0.663829456547,
    0.921511336013,1.),.UNSPECIFIED.);
#2658 = CARTESIAN_POINT('',(176.284,123.));
#2659 = CARTESIAN_POINT('',(176.28400069781,123.04746568992));
#2660 = CARTESIAN_POINT('',(176.28535261707,123.09493135589));
#2661 = CARTESIAN_POINT('',(176.28805605019,123.14234869383));
#2662 = CARTESIAN_POINT('',(176.29210888798,123.18966954145));
#2663 = CARTESIAN_POINT('',(176.2975066197,123.23684587828));
#2664 = CARTESIAN_POINT('',(176.3224762315,123.41101762147));
#2665 = CARTESIAN_POINT('',(176.3505160626,123.53680231229));
#2666 = CARTESIAN_POINT('',(176.38822526188,123.66022228364));
#2667 = CARTESIAN_POINT('',(176.43533919243,123.78035766406));
#2668 = CARTESIAN_POINT('',(176.49148866514,123.89632642548));
#2669 = CARTESIAN_POINT('',(176.60004244023,124.08252967744));
#2670 = CARTESIAN_POINT('',(176.64783296406,124.15546989059));
#2671 = CARTESIAN_POINT('',(176.6994005827,124.22585608111));
#2672 = CARTESIAN_POINT('',(176.75457291385,124.29344601567));
#2673 = CARTESIAN_POINT('',(176.81315721637,124.35801360592));
#2674 = CARTESIAN_POINT('',(176.93503465791,124.47900754773));
#2675 = CARTESIAN_POINT('',(176.99815659068,124.53560942988));
#2676 = CARTESIAN_POINT('',(177.06411006057,124.58896166392));
#2677 = CARTESIAN_POINT('',(177.13268511087,124.63888983348));
#2678 = CARTESIAN_POINT('',(177.20365795618,124.6852379969));
#2679 = CARTESIAN_POINT('',(177.3933152141,124.79579297094));
#2680 = CARTESIAN_POINT('',(177.51533203936,124.85428493432));
#2681 = CARTESIAN_POINT('',(177.64187295177,124.90278189451));
#2682 = CARTESIAN_POINT('',(177.77191608031,124.94087133885));
#2683 = CARTESIAN_POINT('',(177.90439807266,124.96826868427));
#2684 = CARTESIAN_POINT('',(178.07896735369,124.98988674552));
#2685 = CARTESIAN_POINT('',(178.11984962922,124.99392971323));
#2686 = CARTESIAN_POINT('',(178.16082506771,124.99696448922));
#2687 = CARTESIAN_POINT('',(178.20186267762,124.99898849489));
#2688 = CARTESIAN_POINT('',(178.24293137829,125.00000037547));
#2689 = CARTESIAN_POINT('',(178.284,125.));
#2690 = ( GEOMETRIC_REPRESENTATION_CONTEXT(2) 
PARAMETRIC_REPRESENTATION_CONTEXT() REPRESENTATION_CONTEXT('2D SPACE',''
  ) );
#2691 = ORIENTED_EDGE('',*,*,#2462,.T.);
#2692 = ORIENTED_EDGE('',*,*,#2693,.T.);
#2693 = EDGE_CURVE('',#2463,#2694,#2696,.T.);
#2694 = VERTEX_POINT('',#2695);
#2695 = CARTESIAN_POINT('',(68.284,-60.,65.));
#2696 = SURFACE_CURVE('',#2697,(#2706,#2713),.PCURVE_S1.);
#2697 = ( BOUNDED_CURVE() B_SPLINE_CURVE(7,(#2698,#2699,#2700,#2701,
    #2702,#2703,#2704,#2705),.UNSPECIFIED.,.F.,.F.) 
B_SPLINE_CURVE_WITH_KNOTS((8,8),(0.,1.),.PIECEWISE_BEZIER_KNOTS.) CURVE(
) GEOMETRIC_REPRESENTATION_ITEM() RATIONAL_B_SPLINE_CURVE((1.,1.,1.,1.,
1.,1.,1.,1.)) REPRESENTATION_ITEM('') );
#2698 = CARTESIAN_POINT('',(66.284,-58.,65.));
#2699 = CARTESIAN_POINT('',(66.284006646551,-58.45210179871,
    65.000000000001));
#2700 = CARTESIAN_POINT('',(66.403192404177,-58.90414643043,
    64.999999999996));
#2701 = CARTESIAN_POINT('',(66.641773582158,-59.3175813684,
    65.000000000005));
#2702 = CARTESIAN_POINT('',(66.98253367243,-59.65262452169,
    64.999999999996));
#2703 = CARTESIAN_POINT('',(67.392829117765,-59.88417323749,
    65.000000000001));
#2704 = CARTESIAN_POINT('',(67.838445366177,-60.00000407356,65.));
#2705 = CARTESIAN_POINT('',(68.284,-60.,65.));
#2706 = PCURVE('',#2478,#2707);
#2707 = DEFINITIONAL_REPRESENTATION('',(#2708),#2712);
#2708 = LINE('',#2709,#2710);
#2709 = CARTESIAN_POINT('',(3.,0.));
#2710 = VECTOR('',#2711,1.);
#2711 = DIRECTION('',(0.,1.));
#2712 = ( GEOMETRIC_REPRESENTATION_CONTEXT(2) 
PARAMETRIC_REPRESENTATION_CONTEXT() REPRESENTATION_CONTEXT('2D SPACE',''
  ) );
#2713 = PCURVE('',#2714,#2787);
#2714 = ( BOUNDED_SURFACE() B_SPLINE_SURFACE(8,7,(
    (#2715,#2716,#2717,#2718,#2719,#2720,#2721,#2722)
    ,(#2723,#2724,#2725,#2726,#2727,#2728,#2729,#2730)
    ,(#2731,#2732,#2733,#2734,#2735,#2736,#2737,#2738)
    ,(#2739,#2740,#2741,#2742,#2743,#2744,#2745,#2746)
    ,(#2747,#2748,#2749,#2750,#2751,#2752,#2753,#2754)
    ,(#2755,#2756,#2757,#2758,#2759,#2760,#2761,#2762)
    ,(#2763,#2764,#2765,#2766,#2767,#2768,#2769,#2770)
    ,(#2771,#2772,#2773,#2774,#2775,#2776,#2777,#2778)
    ,(#2779,#2780,#2781,#2782,#2783,#2784,#2785,#2786
)),.UNSPECIFIED.,.F.,.F.,.F.) B_SPLINE_SURFACE_WITH_KNOTS((9,9),(8,8),(
    3.,4.),(0.,1.),.PIECEWISE_BEZIER_KNOTS.) 
GEOMETRIC_REPRESENTATION_ITEM() RATIONAL_B_SPLINE_SURFACE((
    (1.,1.,1.,1.,1.,1.,1.,1.)
    ,(1.,1.,1.,1.,1.,1.,1.,1.)
    ,(1.,1.,1.,1.,1.,1.,1.,1.)
    ,(1.,1.,1.,1.,1.,1.,1.,1.)
    ,(1.,1.,1.,1.,1.,1.,1.,1.)
    ,(1.,1.,1.,1.,1.,1.,1.,1.)
    ,(1.,1.,1.,1.,1.,1.,1.,1.)
    ,(1.,1.,1.,1.,1.,1.,1.,1.)
,(1.,1.,1.,1.,1.,1.,1.,1.))) REPRESENTATION_ITEM('') SURFACE() );
#2715 = CARTESIAN_POINT('',(66.284,-58.,65.));
#2716 = CARTESIAN_POINT('',(66.284006646551,-58.45210179871,
    65.000000000001));
#2717 = CARTESIAN_POINT('',(66.403192404177,-58.90414643043,
    64.999999999996));
#2718 = CARTESIAN_POINT('',(66.641773582158,-59.3175813684,
    65.000000000005));
#2719 = CARTESIAN_POINT('',(66.98253367243,-59.65262452169,
    64.999999999996));
#2720 = CARTESIAN_POINT('',(67.392829117765,-59.88417323749,
    65.000000000001));
#2721 = CARTESIAN_POINT('',(67.838445366177,-60.00000407356,65.));
#2722 = CARTESIAN_POINT('',(68.284,-60.,65.));
#2723 = CARTESIAN_POINT('',(66.284,-58.,64.607300918301));
#2724 = CARTESIAN_POINT('',(66.284006646558,-58.45210179871,
    64.607299613255));
#2725 = CARTESIAN_POINT('',(66.403192404149,-58.90414643043,
    64.583897544465));
#2726 = CARTESIAN_POINT('',(66.641773582207,-59.31758136839,
    64.537052239721));
#2727 = CARTESIAN_POINT('',(66.982533672382,-59.6526245217,
    64.470144152449));
#2728 = CARTESIAN_POINT('',(67.39282911779,-59.88417323748,
    64.389582830149));
#2729 = CARTESIAN_POINT('',(67.838445366171,-60.00000407357,
    64.302086284377));
#2730 = CARTESIAN_POINT('',(68.284,-60.,64.214601836602));
#2731 = CARTESIAN_POINT('',(66.195878422078,-58.,64.214601712992));
#2732 = CARTESIAN_POINT('',(66.195884775764,-58.45210179871,
    64.214599102897));
#2733 = CARTESIAN_POINT('',(66.309819114932,-58.90414643041,
    64.167794957959));
#2734 = CARTESIAN_POINT('',(66.537888217859,-59.31758136842,
    64.074104333714));
#2735 = CARTESIAN_POINT('',(66.86363414986,-59.65262452167,
    63.940288138112));
#2736 = CARTESIAN_POINT('',(67.255851654051,-59.8841732375,
    63.779165468158));
#2737 = CARTESIAN_POINT('',(67.681833699033,-60.00000407356,
    63.604172349068));
#2738 = CARTESIAN_POINT('',(68.107756844155,-60.,63.429203425983));
#2739 = CARTESIAN_POINT('',(66.019636131743,-58.,63.84497353133));
#2740 = CARTESIAN_POINT('',(66.019641899748,-58.45210179871,
    63.844969692856));
#2741 = CARTESIAN_POINT('',(66.123073453379,-58.90414643041,
    63.776138340495));
#2742 = CARTESIAN_POINT('',(66.330118509869,-59.31758136841,
    63.638354552716));
#2743 = CARTESIAN_POINT('',(66.625836272264,-59.65262452168,
    63.441561090899));
#2744 = CARTESIAN_POINT('',(66.981898072116,-59.88417323749,
    63.204610041189));
#2745 = CARTESIAN_POINT('',(67.36861190292,-60.00000407356,
    62.947260760316));
#2746 = CARTESIAN_POINT('',(67.755272263487,-60.,62.689947062659));
#2747 = CARTESIAN_POINT('',(65.762517511559,-58.,63.52148248844));
#2748 = CARTESIAN_POINT('',(65.762522425079,-58.4521017987,
    63.521477574914));
#2749 = CARTESIAN_POINT('',(65.850631539971,-58.90414643042,
    63.433368460049));
#2750 = CARTESIAN_POINT('',(66.027004764753,-59.3175813684,
    63.256995235217));
#2751 = CARTESIAN_POINT('',(66.278914645116,-59.65262452169,
    63.005085354907));
#2752 = CARTESIAN_POINT('',(66.582229145532,-59.88417323748,
    62.701770854463));
#2753 = CARTESIAN_POINT('',(66.911654858885,-60.00000407356,
    62.372345141113));
#2754 = CARTESIAN_POINT('',(67.241035023118,-59.99999999999,
    62.042964976881));
#2755 = CARTESIAN_POINT('',(65.439026468671,-58.,63.264363868257));
#2756 = CARTESIAN_POINT('',(65.439030307136,-58.45210179871,
    63.264358100258));
#2757 = CARTESIAN_POINT('',(65.507861659532,-58.90414643041,
    63.160926546608));
#2758 = CARTESIAN_POINT('',(65.645645447236,-59.31758136841,
    62.953881490147));
#2759 = CARTESIAN_POINT('',(65.842438909148,-59.65262452168,
    62.658163727728));
#2760 = CARTESIAN_POINT('',(66.079389958782,-59.8841732375,
    62.30210192788));
#2761 = CARTESIAN_POINT('',(66.336739239692,-60.00000407356,
    61.915388097084));
#2762 = CARTESIAN_POINT('',(66.594052937341,-60.,61.528727736514));
#2763 = CARTESIAN_POINT('',(65.069398287008,-58.,63.088121577922));
#2764 = CARTESIAN_POINT('',(65.069400897106,-58.4521017987,
    63.088115224219));
#2765 = CARTESIAN_POINT('',(65.116205042032,-58.90414643043,
    62.974180885131));
#2766 = CARTESIAN_POINT('',(65.209895666302,-59.31758136839,
    62.746111782033));
#2767 = CARTESIAN_POINT('',(65.343711861872,-59.6526245217,
    62.420365850242));
#2768 = CARTESIAN_POINT('',(65.504834531853,-59.88417323748,
    62.028148345898));
#2769 = CARTESIAN_POINT('',(65.679827650928,-60.00000407357,
    61.602166300979));
#2770 = CARTESIAN_POINT('',(65.854796574016,-60.,61.176243155845));
#2771 = CARTESIAN_POINT('',(64.676699081699,-58.,63.));
#2772 = CARTESIAN_POINT('',(64.676700386749,-58.45210179871,
    62.999993353445));
#2773 = CARTESIAN_POINT('',(64.700102455519,-58.90414643042,
    62.880807595839));
#2774 = CARTESIAN_POINT('',(64.746947760309,-59.3175813684,
    62.642226417815));
#2775 = CARTESIAN_POINT('',(64.813855847521,-59.65262452169,
    62.301466327595));
#2776 = CARTESIAN_POINT('',(64.894417169868,-59.88417323749,
    61.891170882222));
#2777 = CARTESIAN_POINT('',(64.981913715619,-60.00000407356,
    61.445554633827));
#2778 = CARTESIAN_POINT('',(65.069398163398,-60.,61.));
#2779 = CARTESIAN_POINT('',(64.284,-58.,63.));
#2780 = CARTESIAN_POINT('',(64.283999999997,-58.45210179871,
    62.999993353446));
#2781 = CARTESIAN_POINT('',(64.284000000007,-58.90414643041,
    62.880807595836));
#2782 = CARTESIAN_POINT('',(64.283999999991,-59.31758136842,
    62.642226417822));
#2783 = CARTESIAN_POINT('',(64.284000000005,-59.65262452167,
    62.301466327587));
#2784 = CARTESIAN_POINT('',(64.283999999999,-59.8841732375,
    61.891170882227));
#2785 = CARTESIAN_POINT('',(64.284,-60.00000407356,61.445554633825));
#2786 = CARTESIAN_POINT('',(64.284,-60.,61.));
#2787 = DEFINITIONAL_REPRESENTATION('',(#2788),#2792);
#2788 = LINE('',#2789,#2790);
#2789 = CARTESIAN_POINT('',(3.,0.));
#2790 = VECTOR('',#2791,1.);
#2791 = DIRECTION('',(0.,1.));
#2792 = ( GEOMETRIC_REPRESENTATION_CONTEXT(2) 
PARAMETRIC_REPRESENTATION_CONTEXT() REPRESENTATION_CONTEXT('2D SPACE',''
  ) );
#2793 = ORIENTED_EDGE('',*,*,#2794,.F.);
#2794 = EDGE_CURVE('',#2583,#2694,#2795,.T.);
#2795 = SURFACE_CURVE('',#2796,(#2806,#2813),.PCURVE_S1.);
#2796 = B_SPLINE_CURVE_WITH_KNOTS('',8,(#2797,#2798,#2799,#2800,#2801,
    #2802,#2803,#2804,#2805),.UNSPECIFIED.,.F.,.F.,(9,9),(2.,3.),
  .PIECEWISE_BEZIER_KNOTS.);
#2797 = CARTESIAN_POINT('',(68.284,-60.,68.));
#2798 = CARTESIAN_POINT('',(68.284,-60.,67.625));
#2799 = CARTESIAN_POINT('',(68.284,-60.,67.25));
#2800 = CARTESIAN_POINT('',(68.284,-60.,66.875));
#2801 = CARTESIAN_POINT('',(68.284,-60.,66.5));
#2802 = CARTESIAN_POINT('',(68.284,-60.,66.125));
#2803 = CARTESIAN_POINT('',(68.284,-60.,65.75));
#2804 = CARTESIAN_POINT('',(68.284,-60.,65.375));
#2805 = CARTESIAN_POINT('',(68.284,-60.,65.));
#2806 = PCURVE('',#2478,#2807);
#2807 = DEFINITIONAL_REPRESENTATION('',(#2808),#2812);
#2808 = LINE('',#2809,#2810);
#2809 = CARTESIAN_POINT('',(0.,1.));
#2810 = VECTOR('',#2811,1.);
#2811 = DIRECTION('',(1.,0.));
#2812 = ( GEOMETRIC_REPRESENTATION_CONTEXT(2) 
PARAMETRIC_REPRESENTATION_CONTEXT() REPRESENTATION_CONTEXT('2D SPACE',''
  ) );
#2813 = PCURVE('',#2814,#2819);
#2814 = PLANE('',#2815);
#2815 = AXIS2_PLACEMENT_3D('',#2816,#2817,#2818);
#2816 = CARTESIAN_POINT('',(-90.5,-60.,66.5));
#2817 = DIRECTION('',(0.,-1.,1.224646799147E-16));
#2818 = DIRECTION('',(1.,0.,0.));
#2819 = DEFINITIONAL_REPRESENTATION('',(#2820),#2830);
#2820 = B_SPLINE_CURVE_WITH_KNOTS('',8,(#2821,#2822,#2823,#2824,#2825,
    #2826,#2827,#2828,#2829),.UNSPECIFIED.,.F.,.F.,(9,9),(2.,3.),
  .PIECEWISE_BEZIER_KNOTS.);
#2821 = CARTESIAN_POINT('',(158.784,1.5));
#2822 = CARTESIAN_POINT('',(158.784,1.125));
#2823 = CARTESIAN_POINT('',(158.784,0.75));
#2824 = CARTESIAN_POINT('',(158.784,0.375));
#2825 = CARTESIAN_POINT('',(158.784,1.42108547152E-14));
#2826 = CARTESIAN_POINT('',(158.784,-0.375));
#2827 = CARTESIAN_POINT('',(158.784,-0.75));
#2828 = CARTESIAN_POINT('',(158.784,-1.125));
#2829 = CARTESIAN_POINT('',(158.784,-1.5));
#2830 = ( GEOMETRIC_REPRESENTATION_CONTEXT(2) 
PARAMETRIC_REPRESENTATION_CONTEXT() REPRESENTATION_CONTEXT('2D SPACE',''
  ) );
#2831 = ADVANCED_FACE('',(#2832),#2714,.T.);
#2832 = FACE_BOUND('',#2833,.T.);
#2833 = EDGE_LOOP('',(#2834,#2857,#2958,#2991));
#2834 = ORIENTED_EDGE('',*,*,#2835,.T.);
#2835 = EDGE_CURVE('',#2463,#2836,#2838,.T.);
#2836 = VERTEX_POINT('',#2837);
#2837 = CARTESIAN_POINT('',(64.284,-58.,63.));
#2838 = SURFACE_CURVE('',#2839,(#2844,#2850),.PCURVE_S1.);
#2839 = CIRCLE('',#2840,2.);
#2840 = AXIS2_PLACEMENT_3D('',#2841,#2842,#2843);
#2841 = CARTESIAN_POINT('',(64.284,-58.,65.));
#2842 = DIRECTION('',(0.,1.,-2.334869823773E-16));
#2843 = DIRECTION('',(1.,0.,0.));
#2844 = PCURVE('',#2714,#2845);
#2845 = DEFINITIONAL_REPRESENTATION('',(#2846),#2849);
#2846 = B_SPLINE_CURVE_WITH_KNOTS('',1,(#2847,#2848),.UNSPECIFIED.,.F.,
  .F.,(2,2),(0.,1.570796326795),.PIECEWISE_BEZIER_KNOTS.);
#2847 = CARTESIAN_POINT('',(3.,0.));
#2848 = CARTESIAN_POINT('',(4.,0.));
#2849 = ( GEOMETRIC_REPRESENTATION_CONTEXT(2) 
PARAMETRIC_REPRESENTATION_CONTEXT() REPRESENTATION_CONTEXT('2D SPACE',''
  ) );
#2850 = PCURVE('',#2398,#2851);
#2851 = DEFINITIONAL_REPRESENTATION('',(#2852),#2856);
#2852 = LINE('',#2853,#2854);
#2853 = CARTESIAN_POINT('',(0.,-4.));
#2854 = VECTOR('',#2855,1.);
#2855 = DIRECTION('',(1.,0.));
#2856 = ( GEOMETRIC_REPRESENTATION_CONTEXT(2) 
PARAMETRIC_REPRESENTATION_CONTEXT() REPRESENTATION_CONTEXT('2D SPACE',''
  ) );
#2857 = ORIENTED_EDGE('',*,*,#2858,.T.);
#2858 = EDGE_CURVE('',#2836,#2859,#2861,.T.);
#2859 = VERTEX_POINT('',#2860);
#2860 = CARTESIAN_POINT('',(64.284,-60.,61.));
#2861 = SURFACE_CURVE('',#2862,(#2871,#2878),.PCURVE_S1.);
#2862 = ( BOUNDED_CURVE() B_SPLINE_CURVE(7,(#2863,#2864,#2865,#2866,
    #2867,#2868,#2869,#2870),.UNSPECIFIED.,.F.,.F.) 
B_SPLINE_CURVE_WITH_KNOTS((8,8),(0.,1.),.PIECEWISE_BEZIER_KNOTS.) CURVE(
) GEOMETRIC_REPRESENTATION_ITEM() RATIONAL_B_SPLINE_CURVE((1.,1.,1.,1.,
1.,1.,1.,1.)) REPRESENTATION_ITEM('') );
#2863 = CARTESIAN_POINT('',(64.284,-58.,63.));
#2864 = CARTESIAN_POINT('',(64.283999999997,-58.45210179871,
    62.999993353446));
#2865 = CARTESIAN_POINT('',(64.284000000007,-58.90414643041,
    62.880807595836));
#2866 = CARTESIAN_POINT('',(64.283999999991,-59.31758136842,
    62.642226417822));
#2867 = CARTESIAN_POINT('',(64.284000000005,-59.65262452167,
    62.301466327587));
#2868 = CARTESIAN_POINT('',(64.283999999999,-59.8841732375,
    61.891170882227));
#2869 = CARTESIAN_POINT('',(64.284,-60.00000407356,61.445554633825));
#2870 = CARTESIAN_POINT('',(64.284,-60.,61.));
#2871 = PCURVE('',#2714,#2872);
#2872 = DEFINITIONAL_REPRESENTATION('',(#2873),#2877);
#2873 = LINE('',#2874,#2875);
#2874 = CARTESIAN_POINT('',(4.,0.));
#2875 = VECTOR('',#2876,1.);
#2876 = DIRECTION('',(0.,1.));
#2877 = ( GEOMETRIC_REPRESENTATION_CONTEXT(2) 
PARAMETRIC_REPRESENTATION_CONTEXT() REPRESENTATION_CONTEXT('2D SPACE',''
  ) );
#2878 = PCURVE('',#2879,#2952);
#2879 = ( BOUNDED_SURFACE() B_SPLINE_SURFACE(8,7,(
    (#2880,#2881,#2882,#2883,#2884,#2885,#2886,#2887)
    ,(#2888,#2889,#2890,#2891,#2892,#2893,#2894,#2895)
    ,(#2896,#2897,#2898,#2899,#2900,#2901,#2902,#2903)
    ,(#2904,#2905,#2906,#2907,#2908,#2909,#2910,#2911)
    ,(#2912,#2913,#2914,#2915,#2916,#2917,#2918,#2919)
    ,(#2920,#2921,#2922,#2923,#2924,#2925,#2926,#2927)
    ,(#2928,#2929,#2930,#2931,#2932,#2933,#2934,#2935)
    ,(#2936,#2937,#2938,#2939,#2940,#2941,#2942,#2943)
    ,(#2944,#2945,#2946,#2947,#2948,#2949,#2950,#2951
)),.UNSPECIFIED.,.F.,.F.,.F.) B_SPLINE_SURFACE_WITH_KNOTS((9,9),(8,8),(
    4.,5.),(0.,1.),.PIECEWISE_BEZIER_KNOTS.) 
GEOMETRIC_REPRESENTATION_ITEM() RATIONAL_B_SPLINE_SURFACE((
    (1.,1.,1.,1.,1.,1.,1.,1.)
    ,(1.,1.,1.,1.,1.,1.,1.,1.)
    ,(1.,1.,1.,1.,1.,1.,1.,1.)
    ,(1.,1.,1.,1.,1.,1.,1.,1.)
    ,(1.,1.,1.,1.,1.,1.,1.,1.)
    ,(1.,1.,1.,1.,1.,1.,1.,1.)
    ,(1.,1.,1.,1.,1.,1.,1.,1.)
    ,(1.,1.,1.,1.,1.,1.,1.,1.)
,(1.,1.,1.,1.,1.,1.,1.,1.))) REPRESENTATION_ITEM('') SURFACE() );
#2880 = CARTESIAN_POINT('',(64.284,-58.,63.));
#2881 = CARTESIAN_POINT('',(64.283999999997,-58.45210179871,
    62.999993353446));
#2882 = CARTESIAN_POINT('',(64.284000000007,-58.90414643041,
    62.880807595836));
#2883 = CARTESIAN_POINT('',(64.283999999991,-59.31758136842,
    62.642226417822));
#2884 = CARTESIAN_POINT('',(64.284000000005,-59.65262452167,
    62.301466327587));
#2885 = CARTESIAN_POINT('',(64.283999999999,-59.8841732375,
    61.891170882227));
#2886 = CARTESIAN_POINT('',(64.284,-60.00000407356,61.445554633825));
#2887 = CARTESIAN_POINT('',(64.284,-60.,61.));
#2888 = CARTESIAN_POINT('',(62.9165,-58.,63.));
#2889 = CARTESIAN_POINT('',(62.916499999992,-58.45210179871,
    62.999993353446));
#2890 = CARTESIAN_POINT('',(62.916500000027,-58.90414643041,
    62.880807595836));
#2891 = CARTESIAN_POINT('',(62.916499999954,-59.31758136842,
    62.642226417822));
#2892 = CARTESIAN_POINT('',(62.916500000043,-59.65262452167,
    62.301466327587));
#2893 = CARTESIAN_POINT('',(62.916499999978,-59.8841732375,
    61.891170882227));
#2894 = CARTESIAN_POINT('',(62.916500000005,-60.00000407356,
    61.445554633825));
#2895 = CARTESIAN_POINT('',(62.9165,-60.,61.));
#2896 = CARTESIAN_POINT('',(61.549,-58.,63.));
#2897 = CARTESIAN_POINT('',(61.548999999997,-58.45210179871,
    62.999993353446));
#2898 = CARTESIAN_POINT('',(61.54900000001,-58.90414643041,
    62.880807595836));
#2899 = CARTESIAN_POINT('',(61.548999999986,-59.31758136842,
    62.642226417822));
#2900 = CARTESIAN_POINT('',(61.549000000011,-59.65262452167,
    62.301466327587));
#2901 = CARTESIAN_POINT('',(61.548999999995,-59.8841732375,
    61.891170882227));
#2902 = CARTESIAN_POINT('',(61.549000000001,-60.00000407356,
    61.445554633825));
#2903 = CARTESIAN_POINT('',(61.549,-60.,61.));
#2904 = CARTESIAN_POINT('',(60.1815,-58.,63.));
#2905 = CARTESIAN_POINT('',(60.181499999994,-58.45210179871,
    62.999993353446));
#2906 = CARTESIAN_POINT('',(60.181500000022,-58.90414643041,
    62.880807595836));
#2907 = CARTESIAN_POINT('',(60.181499999967,-59.31758136842,
    62.642226417822));
#2908 = CARTESIAN_POINT('',(60.181500000027,-59.65262452167,
    62.301466327587));
#2909 = CARTESIAN_POINT('',(60.181499999988,-59.8841732375,
    61.891170882227));
#2910 = CARTESIAN_POINT('',(60.181500000002,-60.00000407356,
    61.445554633825));
#2911 = CARTESIAN_POINT('',(60.1815,-60.,61.));
#2912 = CARTESIAN_POINT('',(58.814,-58.,63.));
#2913 = CARTESIAN_POINT('',(58.813999999996,-58.45210179871,
    62.999993353446));
#2914 = CARTESIAN_POINT('',(58.814000000012,-58.90414643041,
    62.880807595836));
#2915 = CARTESIAN_POINT('',(58.813999999983,-59.31758136842,
    62.642226417822));
#2916 = CARTESIAN_POINT('',(58.814000000013,-59.65262452167,
    62.301466327587));
#2917 = CARTESIAN_POINT('',(58.813999999994,-59.8841732375,
    61.891170882227));
#2918 = CARTESIAN_POINT('',(58.814000000001,-60.00000407356,
    61.445554633825));
#2919 = CARTESIAN_POINT('',(58.814,-60.,61.));
#2920 = CARTESIAN_POINT('',(57.4465,-58.,63.));
#2921 = CARTESIAN_POINT('',(57.446499999994,-58.45210179871,
    62.999993353446));
#2922 = CARTESIAN_POINT('',(57.446500000023,-58.90414643041,
    62.880807595836));
#2923 = CARTESIAN_POINT('',(57.446499999963,-59.31758136842,
    62.642226417822));
#2924 = CARTESIAN_POINT('',(57.446500000033,-59.65262452167,
    62.301466327587));
#2925 = CARTESIAN_POINT('',(57.446499999984,-59.8841732375,
    61.891170882227));
#2926 = CARTESIAN_POINT('',(57.446500000003,-60.00000407356,
    61.445554633825));
#2927 = CARTESIAN_POINT('',(57.4465,-60.,61.));
#2928 = CARTESIAN_POINT('',(56.079,-58.,63.));
#2929 = CARTESIAN_POINT('',(56.078999999993,-58.45210179871,
    62.999993353446));
#2930 = CARTESIAN_POINT('',(56.079000000024,-58.90414643041,
    62.880807595836));
#2931 = CARTESIAN_POINT('',(56.07899999996,-59.31758136842,
    62.642226417822));
#2932 = CARTESIAN_POINT('',(56.079000000036,-59.65262452167,
    62.301466327587));
#2933 = CARTESIAN_POINT('',(56.078999999982,-59.8841732375,
    61.891170882227));
#2934 = CARTESIAN_POINT('',(56.079000000004,-60.00000407356,
    61.445554633825));
#2935 = CARTESIAN_POINT('',(56.079,-60.,61.));
#2936 = CARTESIAN_POINT('',(54.7115,-58.,63.));
#2937 = CARTESIAN_POINT('',(54.711499999998,-58.45210179871,
    62.999993353446));
#2938 = CARTESIAN_POINT('',(54.711500000006,-58.90414643041,
    62.880807595836));
#2939 = CARTESIAN_POINT('',(54.711499999992,-59.31758136842,
    62.642226417822));
#2940 = CARTESIAN_POINT('',(54.711500000005,-59.65262452167,
    62.301466327587));
#2941 = CARTESIAN_POINT('',(54.711499999999,-59.8841732375,
    61.891170882227));
#2942 = CARTESIAN_POINT('',(54.7115,-60.00000407356,61.445554633825));
#2943 = CARTESIAN_POINT('',(54.7115,-60.,61.));
#2944 = CARTESIAN_POINT('',(53.344,-58.,63.));
#2945 = CARTESIAN_POINT('',(53.343999999995,-58.45210179871,
    62.999993353443));
#2946 = CARTESIAN_POINT('',(53.344000000017,-58.90414643043,
    62.880807595844));
#2947 = CARTESIAN_POINT('',(53.343999999973,-59.3175813684,
    62.642226417807));
#2948 = CARTESIAN_POINT('',(53.344000000024,-59.65262452169,
    62.301466327603));
#2949 = CARTESIAN_POINT('',(53.343999999989,-59.88417323749,
    61.891170882218));
#2950 = CARTESIAN_POINT('',(53.344000000002,-60.00000407356,
    61.445554633827));
#2951 = CARTESIAN_POINT('',(53.344,-60.,61.));
#2952 = DEFINITIONAL_REPRESENTATION('',(#2953),#2957);
#2953 = LINE('',#2954,#2955);
#2954 = CARTESIAN_POINT('',(4.,0.));
#2955 = VECTOR('',#2956,1.);
#2956 = DIRECTION('',(0.,1.));
#2957 = ( GEOMETRIC_REPRESENTATION_CONTEXT(2) 
PARAMETRIC_REPRESENTATION_CONTEXT() REPRESENTATION_CONTEXT('2D SPACE',''
  ) );
#2958 = ORIENTED_EDGE('',*,*,#2959,.F.);
#2959 = EDGE_CURVE('',#2694,#2859,#2960,.T.);
#2960 = SURFACE_CURVE('',#2961,(#2971,#2978),.PCURVE_S1.);
#2961 = B_SPLINE_CURVE_WITH_KNOTS('',8,(#2962,#2963,#2964,#2965,#2966,
    #2967,#2968,#2969,#2970),.UNSPECIFIED.,.F.,.F.,(9,9),(3.,4.),
  .PIECEWISE_BEZIER_KNOTS.);
#2962 = CARTESIAN_POINT('',(68.284,-60.,65.));
#2963 = CARTESIAN_POINT('',(68.284,-60.,64.214601836602));
#2964 = CARTESIAN_POINT('',(68.107756844155,-60.,63.429203425983));
#2965 = CARTESIAN_POINT('',(67.755272263487,-60.,62.689947062659));
#2966 = CARTESIAN_POINT('',(67.241035023118,-59.99999999999,
    62.042964976881));
#2967 = CARTESIAN_POINT('',(66.594052937341,-60.,61.528727736514));
#2968 = CARTESIAN_POINT('',(65.854796574016,-60.,61.176243155845));
#2969 = CARTESIAN_POINT('',(65.069398163398,-60.,61.));
#2970 = CARTESIAN_POINT('',(64.284,-60.,61.));
#2971 = PCURVE('',#2714,#2972);
#2972 = DEFINITIONAL_REPRESENTATION('',(#2973),#2977);
#2973 = LINE('',#2974,#2975);
#2974 = CARTESIAN_POINT('',(0.,1.));
#2975 = VECTOR('',#2976,1.);
#2976 = DIRECTION('',(1.,0.));
#2977 = ( GEOMETRIC_REPRESENTATION_CONTEXT(2) 
PARAMETRIC_REPRESENTATION_CONTEXT() REPRESENTATION_CONTEXT('2D SPACE',''
  ) );
#2978 = PCURVE('',#2814,#2979);
#2979 = DEFINITIONAL_REPRESENTATION('',(#2980),#2990);
#2980 = B_SPLINE_CURVE_WITH_KNOTS('',8,(#2981,#2982,#2983,#2984,#2985,
    #2986,#2987,#2988,#2989),.UNSPECIFIED.,.F.,.F.,(9,9),(3.,4.),
  .PIECEWISE_BEZIER_KNOTS.);
#2981 = CARTESIAN_POINT('',(158.784,-1.5));
#2982 = CARTESIAN_POINT('',(158.784,-2.285398163398));
#2983 = CARTESIAN_POINT('',(158.60775684415,-3.070796574017));
#2984 = CARTESIAN_POINT('',(158.25527226348,-3.810052937341));
#2985 = CARTESIAN_POINT('',(157.74103502311,-4.457035023119));
#2986 = CARTESIAN_POINT('',(157.09405293734,-4.971272263486));
#2987 = CARTESIAN_POINT('',(156.35479657401,-5.323756844155));
#2988 = CARTESIAN_POINT('',(155.56939816339,-5.5));
#2989 = CARTESIAN_POINT('',(154.784,-5.5));
#2990 = ( GEOMETRIC_REPRESENTATION_CONTEXT(2) 
PARAMETRIC_REPRESENTATION_CONTEXT() REPRESENTATION_CONTEXT('2D SPACE',''
  ) );
#2991 = ORIENTED_EDGE('',*,*,#2693,.F.);
#2992 = ADVANCED_FACE('',(#2993),#2879,.T.);
#2993 = FACE_BOUND('',#2994,.T.);
#2994 = EDGE_LOOP('',(#2995,#3017,#3118,#3151));
#2995 = ORIENTED_EDGE('',*,*,#2996,.T.);
#2996 = EDGE_CURVE('',#2836,#2997,#2999,.T.);
#2997 = VERTEX_POINT('',#2998);
#2998 = CARTESIAN_POINT('',(53.344,-58.,63.));
#2999 = SURFACE_CURVE('',#3000,(#3004,#3010),.PCURVE_S1.);
#3000 = LINE('',#3001,#3002);
#3001 = CARTESIAN_POINT('',(66.284,-58.,63.));
#3002 = VECTOR('',#3003,1.);
#3003 = DIRECTION('',(-1.,-0.,0.));
#3004 = PCURVE('',#2879,#3005);
#3005 = DEFINITIONAL_REPRESENTATION('',(#3006),#3009);
#3006 = B_SPLINE_CURVE_WITH_KNOTS('',1,(#3007,#3008),.UNSPECIFIED.,.F.,
  .F.,(2,2),(2.,12.94),.PIECEWISE_BEZIER_KNOTS.);
#3007 = CARTESIAN_POINT('',(4.,0.));
#3008 = CARTESIAN_POINT('',(5.,0.));
#3009 = ( GEOMETRIC_REPRESENTATION_CONTEXT(2) 
PARAMETRIC_REPRESENTATION_CONTEXT() REPRESENTATION_CONTEXT('2D SPACE',''
  ) );
#3010 = PCURVE('',#2369,#3011);
#3011 = DEFINITIONAL_REPRESENTATION('',(#3012),#3016);
#3012 = LINE('',#3013,#3014);
#3013 = CARTESIAN_POINT('',(-2.,-4.));
#3014 = VECTOR('',#3015,1.);
#3015 = DIRECTION('',(1.,0.));
#3016 = ( GEOMETRIC_REPRESENTATION_CONTEXT(2) 
PARAMETRIC_REPRESENTATION_CONTEXT() REPRESENTATION_CONTEXT('2D SPACE',''
  ) );
#3017 = ORIENTED_EDGE('',*,*,#3018,.T.);
#3018 = EDGE_CURVE('',#2997,#3019,#3021,.T.);
#3019 = VERTEX_POINT('',#3020);
#3020 = CARTESIAN_POINT('',(53.344,-60.,61.));
#3021 = SURFACE_CURVE('',#3022,(#3031,#3038),.PCURVE_S1.);
#3022 = ( BOUNDED_CURVE() B_SPLINE_CURVE(7,(#3023,#3024,#3025,#3026,
    #3027,#3028,#3029,#3030),.UNSPECIFIED.,.F.,.F.) 
B_SPLINE_CURVE_WITH_KNOTS((8,8),(0.,1.),.PIECEWISE_BEZIER_KNOTS.) CURVE(
) GEOMETRIC_REPRESENTATION_ITEM() RATIONAL_B_SPLINE_CURVE((1.,1.,1.,1.,
1.,1.,1.,1.)) REPRESENTATION_ITEM('') );
#3023 = CARTESIAN_POINT('',(53.344,-58.,63.));
#3024 = CARTESIAN_POINT('',(53.343999999995,-58.45210179871,
    62.999993353443));
#3025 = CARTESIAN_POINT('',(53.344000000017,-58.90414643043,
    62.880807595844));
#3026 = CARTESIAN_POINT('',(53.343999999973,-59.3175813684,
    62.642226417807));
#3027 = CARTESIAN_POINT('',(53.344000000024,-59.65262452169,
    62.301466327603));
#3028 = CARTESIAN_POINT('',(53.343999999989,-59.88417323749,
    61.891170882218));
#3029 = CARTESIAN_POINT('',(53.344000000002,-60.00000407356,
    61.445554633827));
#3030 = CARTESIAN_POINT('',(53.344,-60.,61.));
#3031 = PCURVE('',#2879,#3032);
#3032 = DEFINITIONAL_REPRESENTATION('',(#3033),#3037);
#3033 = LINE('',#3034,#3035);
#3034 = CARTESIAN_POINT('',(5.,0.));
#3035 = VECTOR('',#3036,1.);
#3036 = DIRECTION('',(0.,1.));
#3037 = ( GEOMETRIC_REPRESENTATION_CONTEXT(2) 
PARAMETRIC_REPRESENTATION_CONTEXT() REPRESENTATION_CONTEXT('2D SPACE',''
  ) );
#3038 = PCURVE('',#3039,#3112);
#3039 = ( BOUNDED_SURFACE() B_SPLINE_SURFACE(8,7,(
    (#3040,#3041,#3042,#3043,#3044,#3045,#3046,#3047)
    ,(#3048,#3049,#3050,#3051,#3052,#3053,#3054,#3055)
    ,(#3056,#3057,#3058,#3059,#3060,#3061,#3062,#3063)
    ,(#3064,#3065,#3066,#3067,#3068,#3069,#3070,#3071)
    ,(#3072,#3073,#3074,#3075,#3076,#3077,#3078,#3079)
    ,(#3080,#3081,#3082,#3083,#3084,#3085,#3086,#3087)
    ,(#3088,#3089,#3090,#3091,#3092,#3093,#3094,#3095)
    ,(#3096,#3097,#3098,#3099,#3100,#3101,#3102,#3103)
    ,(#3104,#3105,#3106,#3107,#3108,#3109,#3110,#3111
)),.UNSPECIFIED.,.F.,.F.,.F.) B_SPLINE_SURFACE_WITH_KNOTS((9,9),(8,8),(
    5.,6.),(0.,1.),.PIECEWISE_BEZIER_KNOTS.) 
GEOMETRIC_REPRESENTATION_ITEM() RATIONAL_B_SPLINE_SURFACE((
    (1.,1.,1.,1.,1.,1.,1.,1.)
    ,(1.,1.,1.,1.,1.,1.,1.,1.)
    ,(1.,1.,1.,1.,1.,1.,1.,1.)
    ,(1.,1.,1.,1.,1.,1.,1.,1.)
    ,(1.,1.,1.,1.,1.,1.,1.,1.)
    ,(1.,1.,1.,1.,1.,1.,1.,1.)
    ,(1.,1.,1.,1.,1.,1.,1.,1.)
    ,(1.,1.,1.,1.,1.,1.,1.,1.)
,(1.,1.,1.,1.,1.,1.,1.,1.))) REPRESENTATION_ITEM('') SURFACE() );
#3040 = CARTESIAN_POINT('',(53.344,-58.,63.));
#3041 = CARTESIAN_POINT('',(53.343999999995,-58.45210179871,
    62.999993353443));
#3042 = CARTESIAN_POINT('',(53.344000000017,-58.90414643043,
    62.880807595844));
#3043 = CARTESIAN_POINT('',(53.343999999973,-59.3175813684,
    62.642226417807));
#3044 = CARTESIAN_POINT('',(53.344000000024,-59.65262452169,
    62.301466327603));
#3045 = CARTESIAN_POINT('',(53.343999999989,-59.88417323749,
    61.891170882218));
#3046 = CARTESIAN_POINT('',(53.344000000002,-60.00000407356,
    61.445554633827));
#3047 = CARTESIAN_POINT('',(53.344,-60.,61.));
#3048 = CARTESIAN_POINT('',(52.951300918301,-58.,63.));
#3049 = CARTESIAN_POINT('',(52.951299613249,-58.45210179871,
    62.999993353445));
#3050 = CARTESIAN_POINT('',(52.927897544484,-58.90414643043,
    62.88080759584));
#3051 = CARTESIAN_POINT('',(52.88105223969,-59.31758136839,
    62.642226417814));
#3052 = CARTESIAN_POINT('',(52.814144152474,-59.6526245217,
    62.301466327596));
#3053 = CARTESIAN_POINT('',(52.733582830136,-59.88417323748,
    61.891170882222));
#3054 = CARTESIAN_POINT('',(52.646086284379,-60.00000407356,
    61.445554633826));
#3055 = CARTESIAN_POINT('',(52.558601836602,-60.,61.));
#3056 = CARTESIAN_POINT('',(52.558601712992,-58.,63.088121577922));
#3057 = CARTESIAN_POINT('',(52.558599102895,-58.4521017987,
    63.088115224217));
#3058 = CARTESIAN_POINT('',(52.511794957971,-58.90414643044,
    62.974180885135));
#3059 = CARTESIAN_POINT('',(52.418104333688,-59.31758136839,
    62.746111782025));
#3060 = CARTESIAN_POINT('',(52.284288138144,-59.65262452171,
    62.420365850252));
#3061 = CARTESIAN_POINT('',(52.123165468141,-59.88417323748,
    62.028148345889));
#3062 = CARTESIAN_POINT('',(51.948172349074,-60.00000407357,
    61.602166300982));
#3063 = CARTESIAN_POINT('',(51.773203425984,-60.,61.176243155845));
#3064 = CARTESIAN_POINT('',(52.188973531329,-57.99999999999,
    63.264363868258));
#3065 = CARTESIAN_POINT('',(52.188969692848,-58.45210179871,
    63.264358100259));
#3066 = CARTESIAN_POINT('',(52.120138340513,-58.90414643041,
    63.160926546607));
#3067 = CARTESIAN_POINT('',(51.982354552693,-59.31758136841,
    62.953881490154));
#3068 = CARTESIAN_POINT('',(51.785561090907,-59.65262452167,
    62.658163727717));
#3069 = CARTESIAN_POINT('',(51.548610041185,-59.8841732375,
    62.302101927892));
#3070 = CARTESIAN_POINT('',(51.291260760315,-60.00000407356,
    61.91538809708));
#3071 = CARTESIAN_POINT('',(51.033947062658,-59.99999999999,
    61.528727736515));
#3072 = CARTESIAN_POINT('',(51.865482488441,-58.,63.52148248844));
#3073 = CARTESIAN_POINT('',(51.865477574919,-58.4521017987,
    63.521477574913));
#3074 = CARTESIAN_POINT('',(51.777368460047,-58.90414643045,
    63.433368460049));
#3075 = CARTESIAN_POINT('',(51.600995235215,-59.31758136838,
    63.25699523521));
#3076 = CARTESIAN_POINT('',(51.34908535492,-59.65262452173,
    63.00508535492));
#3077 = CARTESIAN_POINT('',(51.045770854456,-59.88417323746,
    62.70177085445));
#3078 = CARTESIAN_POINT('',(50.716345141117,-60.00000407357,
    62.372345141117));
#3079 = CARTESIAN_POINT('',(50.386964976883,-60.,62.04296497688));
#3080 = CARTESIAN_POINT('',(51.608363868256,-57.99999999999,
    63.84497353133));
#3081 = CARTESIAN_POINT('',(51.608358100249,-58.45210179871,
    63.844969692858));
#3082 = CARTESIAN_POINT('',(51.504926546626,-58.90414643041,
    63.776138340489));
#3083 = CARTESIAN_POINT('',(51.297881490124,-59.31758136841,
    63.638354552734));
#3084 = CARTESIAN_POINT('',(51.002163727739,-59.65262452167,
    63.441561090877));
#3085 = CARTESIAN_POINT('',(50.646101927877,-59.8841732375,
    63.204610041205));
#3086 = CARTESIAN_POINT('',(50.259388097083,-60.00000407356,
    62.947260760312));
#3087 = CARTESIAN_POINT('',(49.872727736513,-59.99999999999,
    62.68994706266));
#3088 = CARTESIAN_POINT('',(51.432121577923,-58.,64.214601712991));
#3089 = CARTESIAN_POINT('',(51.432115224217,-58.4521017987,
    64.214599102896));
#3090 = CARTESIAN_POINT('',(51.318180885141,-58.90414643044,
    64.167794957962));
#3091 = CARTESIAN_POINT('',(51.090111782016,-59.31758136838,
    64.074104333704));
#3092 = CARTESIAN_POINT('',(50.764365850258,-59.65262452171,
    63.940288138125));
#3093 = CARTESIAN_POINT('',(50.372148345891,-59.88417323747,
    63.779165468149));
#3094 = CARTESIAN_POINT('',(49.94616630098,-60.00000407357,
    63.604172349071));
#3095 = CARTESIAN_POINT('',(49.520243155846,-60.,63.429203425983));
#3096 = CARTESIAN_POINT('',(51.344,-58.,64.607300918301));
#3097 = CARTESIAN_POINT('',(51.343993353436,-58.45210179871,
    64.607299613254));
#3098 = CARTESIAN_POINT('',(51.224807595871,-58.90414643042,
    64.583897544471));
#3099 = CARTESIAN_POINT('',(50.986226417762,-59.31758136841,
    64.537052239712));
#3100 = CARTESIAN_POINT('',(50.645466327645,-59.65262452168,
    64.470144152457));
#3101 = CARTESIAN_POINT('',(50.235170882196,-59.88417323749,
    64.389582830145));
#3102 = CARTESIAN_POINT('',(49.789554633833,-60.00000407356,
    64.302086284378));
#3103 = CARTESIAN_POINT('',(49.344,-60.,64.214601836603));
#3104 = CARTESIAN_POINT('',(51.344,-58.,65.));
#3105 = CARTESIAN_POINT('',(51.343993353438,-58.45210179871,
    65.000000000001));
#3106 = CARTESIAN_POINT('',(51.224807595862,-58.90414643041,
    64.999999999995));
#3107 = CARTESIAN_POINT('',(50.986226417777,-59.31758136842,
    65.000000000008));
#3108 = CARTESIAN_POINT('',(50.64546632763,-59.65262452167,
    64.999999999993));
#3109 = CARTESIAN_POINT('',(50.235170882205,-59.8841732375,
    65.000000000003));
#3110 = CARTESIAN_POINT('',(49.789554633831,-60.00000407356,
    64.999999999999));
#3111 = CARTESIAN_POINT('',(49.344,-60.,65.));
#3112 = DEFINITIONAL_REPRESENTATION('',(#3113),#3117);
#3113 = LINE('',#3114,#3115);
#3114 = CARTESIAN_POINT('',(5.,0.));
#3115 = VECTOR('',#3116,1.);
#3116 = DIRECTION('',(0.,1.));
#3117 = ( GEOMETRIC_REPRESENTATION_CONTEXT(2) 
PARAMETRIC_REPRESENTATION_CONTEXT() REPRESENTATION_CONTEXT('2D SPACE',''
  ) );
#3118 = ORIENTED_EDGE('',*,*,#3119,.F.);
#3119 = EDGE_CURVE('',#2859,#3019,#3120,.T.);
#3120 = SURFACE_CURVE('',#3121,(#3131,#3138),.PCURVE_S1.);
#3121 = B_SPLINE_CURVE_WITH_KNOTS('',8,(#3122,#3123,#3124,#3125,#3126,
    #3127,#3128,#3129,#3130),.UNSPECIFIED.,.F.,.F.,(9,9),(4.,5.),
  .PIECEWISE_BEZIER_KNOTS.);
#3122 = CARTESIAN_POINT('',(64.284,-60.,61.));
#3123 = CARTESIAN_POINT('',(62.9165,-60.,61.));
#3124 = CARTESIAN_POINT('',(61.549,-60.,61.));
#3125 = CARTESIAN_POINT('',(60.1815,-60.,61.));
#3126 = CARTESIAN_POINT('',(58.814,-60.,61.));
#3127 = CARTESIAN_POINT('',(57.4465,-60.,61.));
#3128 = CARTESIAN_POINT('',(56.079,-60.,61.));
#3129 = CARTESIAN_POINT('',(54.7115,-60.,61.));
#3130 = CARTESIAN_POINT('',(53.344,-60.,61.));
#3131 = PCURVE('',#2879,#3132);
#3132 = DEFINITIONAL_REPRESENTATION('',(#3133),#3137);
#3133 = LINE('',#3134,#3135);
#3134 = CARTESIAN_POINT('',(0.,1.));
#3135 = VECTOR('',#3136,1.);
#3136 = DIRECTION('',(1.,0.));
#3137 = ( GEOMETRIC_REPRESENTATION_CONTEXT(2) 
PARAMETRIC_REPRESENTATION_CONTEXT() REPRESENTATION_CONTEXT('2D SPACE',''
  ) );
#3138 = PCURVE('',#2814,#3139);
#3139 = DEFINITIONAL_REPRESENTATION('',(#3140),#3150);
#3140 = B_SPLINE_CURVE_WITH_KNOTS('',8,(#3141,#3142,#3143,#3144,#3145,
    #3146,#3147,#3148,#3149),.UNSPECIFIED.,.F.,.F.,(9,9),(4.,5.),
  .PIECEWISE_BEZIER_KNOTS.);
#3141 = CARTESIAN_POINT('',(154.784,-5.5));
#3142 = CARTESIAN_POINT('',(153.4165,-5.5));
#3143 = CARTESIAN_POINT('',(152.049,-5.5));
#3144 = CARTESIAN_POINT('',(150.6815,-5.5));
#3145 = CARTESIAN_POINT('',(149.314,-5.5));
#3146 = CARTESIAN_POINT('',(147.9465,-5.5));
#3147 = CARTESIAN_POINT('',(146.579,-5.5));
#3148 = CARTESIAN_POINT('',(145.2115,-5.5));
#3149 = CARTESIAN_POINT('',(143.844,-5.5));
#3150 = ( GEOMETRIC_REPRESENTATION_CONTEXT(2) 
PARAMETRIC_REPRESENTATION_CONTEXT() REPRESENTATION_CONTEXT('2D SPACE',''
  ) );
#3151 = ORIENTED_EDGE('',*,*,#2858,.F.);
#3152 = ADVANCED_FACE('',(#3153),#3039,.T.);
#3153 = FACE_BOUND('',#3154,.T.);
#3154 = EDGE_LOOP('',(#3155,#3178,#3279,#3312));
#3155 = ORIENTED_EDGE('',*,*,#3156,.T.);
#3156 = EDGE_CURVE('',#2997,#3157,#3159,.T.);
#3157 = VERTEX_POINT('',#3158);
#3158 = CARTESIAN_POINT('',(51.344,-58.,65.));
#3159 = SURFACE_CURVE('',#3160,(#3165,#3171),.PCURVE_S1.);
#3160 = CIRCLE('',#3161,2.);
#3161 = AXIS2_PLACEMENT_3D('',#3162,#3163,#3164);
#3162 = CARTESIAN_POINT('',(53.344,-58.,65.));
#3163 = DIRECTION('',(0.,1.,-2.334869823773E-16));
#3164 = DIRECTION('',(1.,0.,0.));
#3165 = PCURVE('',#3039,#3166);
#3166 = DEFINITIONAL_REPRESENTATION('',(#3167),#3170);
#3167 = B_SPLINE_CURVE_WITH_KNOTS('',1,(#3168,#3169),.UNSPECIFIED.,.F.,
  .F.,(2,2),(1.570796326795,3.14159265359),.PIECEWISE_BEZIER_KNOTS.);
#3168 = CARTESIAN_POINT('',(5.,0.));
#3169 = CARTESIAN_POINT('',(6.,0.));
#3170 = ( GEOMETRIC_REPRESENTATION_CONTEXT(2) 
PARAMETRIC_REPRESENTATION_CONTEXT() REPRESENTATION_CONTEXT('2D SPACE',''
  ) );
#3171 = PCURVE('',#2341,#3172);
#3172 = DEFINITIONAL_REPRESENTATION('',(#3173),#3177);
#3173 = LINE('',#3174,#3175);
#3174 = CARTESIAN_POINT('',(0.,-4.));
#3175 = VECTOR('',#3176,1.);
#3176 = DIRECTION('',(1.,0.));
#3177 = ( GEOMETRIC_REPRESENTATION_CONTEXT(2) 
PARAMETRIC_REPRESENTATION_CONTEXT() REPRESENTATION_CONTEXT('2D SPACE',''
  ) );
#3178 = ORIENTED_EDGE('',*,*,#3179,.T.);
#3179 = EDGE_CURVE('',#3157,#3180,#3182,.T.);
#3180 = VERTEX_POINT('',#3181);
#3181 = CARTESIAN_POINT('',(49.344,-60.,65.));
#3182 = SURFACE_CURVE('',#3183,(#3192,#3199),.PCURVE_S1.);
#3183 = ( BOUNDED_CURVE() B_SPLINE_CURVE(7,(#3184,#3185,#3186,#3187,
    #3188,#3189,#3190,#3191),.UNSPECIFIED.,.F.,.F.) 
B_SPLINE_CURVE_WITH_KNOTS((8,8),(0.,1.),.PIECEWISE_BEZIER_KNOTS.) CURVE(
) GEOMETRIC_REPRESENTATION_ITEM() RATIONAL_B_SPLINE_CURVE((1.,1.,1.,1.,
1.,1.,1.,1.)) REPRESENTATION_ITEM('') );
#3184 = CARTESIAN_POINT('',(51.344,-58.,65.));
#3185 = CARTESIAN_POINT('',(51.343993353438,-58.45210179871,
    65.000000000001));
#3186 = CARTESIAN_POINT('',(51.224807595862,-58.90414643041,
    64.999999999995));
#3187 = CARTESIAN_POINT('',(50.986226417777,-59.31758136842,
    65.000000000008));
#3188 = CARTESIAN_POINT('',(50.64546632763,-59.65262452167,
    64.999999999993));
#3189 = CARTESIAN_POINT('',(50.235170882205,-59.8841732375,
    65.000000000003));
#3190 = CARTESIAN_POINT('',(49.789554633831,-60.00000407356,
    64.999999999999));
#3191 = CARTESIAN_POINT('',(49.344,-60.,65.));
#3192 = PCURVE('',#3039,#3193);
#3193 = DEFINITIONAL_REPRESENTATION('',(#3194),#3198);
#3194 = LINE('',#3195,#3196);
#3195 = CARTESIAN_POINT('',(6.,0.));
#3196 = VECTOR('',#3197,1.);
#3197 = DIRECTION('',(0.,1.));
#3198 = ( GEOMETRIC_REPRESENTATION_CONTEXT(2) 
PARAMETRIC_REPRESENTATION_CONTEXT() REPRESENTATION_CONTEXT('2D SPACE',''
  ) );
#3199 = PCURVE('',#3200,#3273);
#3200 = ( BOUNDED_SURFACE() B_SPLINE_SURFACE(8,7,(
    (#3201,#3202,#3203,#3204,#3205,#3206,#3207,#3208)
    ,(#3209,#3210,#3211,#3212,#3213,#3214,#3215,#3216)
    ,(#3217,#3218,#3219,#3220,#3221,#3222,#3223,#3224)
    ,(#3225,#3226,#3227,#3228,#3229,#3230,#3231,#3232)
    ,(#3233,#3234,#3235,#3236,#3237,#3238,#3239,#3240)
    ,(#3241,#3242,#3243,#3244,#3245,#3246,#3247,#3248)
    ,(#3249,#3250,#3251,#3252,#3253,#3254,#3255,#3256)
    ,(#3257,#3258,#3259,#3260,#3261,#3262,#3263,#3264)
    ,(#3265,#3266,#3267,#3268,#3269,#3270,#3271,#3272
)),.UNSPECIFIED.,.F.,.F.,.F.) B_SPLINE_SURFACE_WITH_KNOTS((9,9),(8,8),(
    6.,7.),(0.,1.),.PIECEWISE_BEZIER_KNOTS.) 
GEOMETRIC_REPRESENTATION_ITEM() RATIONAL_B_SPLINE_SURFACE((
    (1.,1.,1.,1.,1.,1.,1.,1.)
    ,(1.,1.,1.,1.,1.,1.,1.,1.)
    ,(1.,1.,1.,1.,1.,1.,1.,1.)
    ,(1.,1.,1.,1.,1.,1.,1.,1.)
    ,(1.,1.,1.,1.,1.,1.,1.,1.)
    ,(1.,1.,1.,1.,1.,1.,1.,1.)
    ,(1.,1.,1.,1.,1.,1.,1.,1.)
    ,(1.,1.,1.,1.,1.,1.,1.,1.)
,(1.,1.,1.,1.,1.,1.,1.,1.))) REPRESENTATION_ITEM('') SURFACE() );
#3201 = CARTESIAN_POINT('',(51.344,-58.,65.));
#3202 = CARTESIAN_POINT('',(51.343993353438,-58.45210179871,
    65.000000000001));
#3203 = CARTESIAN_POINT('',(51.224807595862,-58.90414643041,
    64.999999999995));
#3204 = CARTESIAN_POINT('',(50.986226417777,-59.31758136842,
    65.000000000008));
#3205 = CARTESIAN_POINT('',(50.64546632763,-59.65262452167,
    64.999999999993));
#3206 = CARTESIAN_POINT('',(50.235170882205,-59.8841732375,
    65.000000000003));
#3207 = CARTESIAN_POINT('',(49.789554633831,-60.00000407356,
    64.999999999999));
#3208 = CARTESIAN_POINT('',(49.344,-60.,65.));
#3209 = CARTESIAN_POINT('',(51.344,-58.,65.375));
#3210 = CARTESIAN_POINT('',(51.343993353438,-58.45210179871,
    65.375000000001));
#3211 = CARTESIAN_POINT('',(51.224807595862,-58.90414643041,
    65.374999999998));
#3212 = CARTESIAN_POINT('',(50.986226417777,-59.31758136842,
    65.375000000003));
#3213 = CARTESIAN_POINT('',(50.64546632763,-59.65262452167,
    65.374999999998));
#3214 = CARTESIAN_POINT('',(50.235170882205,-59.8841732375,
    65.375000000001));
#3215 = CARTESIAN_POINT('',(49.789554633831,-60.00000407356,65.375));
#3216 = CARTESIAN_POINT('',(49.344,-60.,65.375));
#3217 = CARTESIAN_POINT('',(51.344,-58.,65.75));
#3218 = CARTESIAN_POINT('',(51.343993353438,-58.45210179871,65.75));
#3219 = CARTESIAN_POINT('',(51.224807595862,-58.90414643041,65.75));
#3220 = CARTESIAN_POINT('',(50.986226417777,-59.31758136842,
    65.749999999999));
#3221 = CARTESIAN_POINT('',(50.64546632763,-59.65262452167,
    65.750000000002));
#3222 = CARTESIAN_POINT('',(50.235170882205,-59.8841732375,
    65.749999999999));
#3223 = CARTESIAN_POINT('',(49.789554633831,-60.00000407356,
    65.750000000001));
#3224 = CARTESIAN_POINT('',(49.344,-60.,65.75));
#3225 = CARTESIAN_POINT('',(51.344,-58.,66.125));
#3226 = CARTESIAN_POINT('',(51.343993353438,-58.45210179871,
    66.125000000001));
#3227 = CARTESIAN_POINT('',(51.224807595862,-58.90414643041,
    66.124999999995));
#3228 = CARTESIAN_POINT('',(50.986226417777,-59.31758136842,
    66.125000000008));
#3229 = CARTESIAN_POINT('',(50.64546632763,-59.65262452167,
    66.124999999993));
#3230 = CARTESIAN_POINT('',(50.235170882205,-59.8841732375,
    66.125000000003));
#3231 = CARTESIAN_POINT('',(49.789554633831,-60.00000407356,
    66.124999999999));
#3232 = CARTESIAN_POINT('',(49.344,-60.,66.125));
#3233 = CARTESIAN_POINT('',(51.344,-58.,66.5));
#3234 = CARTESIAN_POINT('',(51.343993353438,-58.45210179871,
    66.500000000002));
#3235 = CARTESIAN_POINT('',(51.224807595862,-58.90414643041,
    66.499999999992));
#3236 = CARTESIAN_POINT('',(50.986226417777,-59.31758136842,
    66.500000000014));
#3237 = CARTESIAN_POINT('',(50.64546632763,-59.65262452167,
    66.499999999987));
#3238 = CARTESIAN_POINT('',(50.235170882205,-59.8841732375,
    66.500000000007));
#3239 = CARTESIAN_POINT('',(49.789554633831,-60.00000407356,
    66.499999999998));
#3240 = CARTESIAN_POINT('',(49.344,-60.,66.5));
#3241 = CARTESIAN_POINT('',(51.344,-58.,66.875));
#3242 = CARTESIAN_POINT('',(51.343993353438,-58.45210179871,66.875));
#3243 = CARTESIAN_POINT('',(51.224807595862,-58.90414643041,66.875));
#3244 = CARTESIAN_POINT('',(50.986226417777,-59.31758136842,
    66.874999999999));
#3245 = CARTESIAN_POINT('',(50.64546632763,-59.65262452167,
    66.875000000002));
#3246 = CARTESIAN_POINT('',(50.235170882205,-59.8841732375,
    66.874999999998));
#3247 = CARTESIAN_POINT('',(49.789554633831,-60.00000407356,
    66.875000000001));
#3248 = CARTESIAN_POINT('',(49.344,-60.,66.875));
#3249 = CARTESIAN_POINT('',(51.344,-58.,67.25));
#3250 = CARTESIAN_POINT('',(51.343993353438,-58.45210179871,
    67.250000000002));
#3251 = CARTESIAN_POINT('',(51.224807595862,-58.90414643041,
    67.249999999995));
#3252 = CARTESIAN_POINT('',(50.986226417777,-59.31758136842,
    67.250000000009));
#3253 = CARTESIAN_POINT('',(50.64546632763,-59.65262452167,
    67.249999999992));
#3254 = CARTESIAN_POINT('',(50.235170882205,-59.8841732375,
    67.250000000004));
#3255 = CARTESIAN_POINT('',(49.789554633831,-60.00000407356,
    67.249999999999));
#3256 = CARTESIAN_POINT('',(49.344,-60.,67.25));
#3257 = CARTESIAN_POINT('',(51.344,-58.,67.625));
#3258 = CARTESIAN_POINT('',(51.343993353438,-58.45210179871,
    67.625000000001));
#3259 = CARTESIAN_POINT('',(51.224807595862,-58.90414643041,
    67.624999999995));
#3260 = CARTESIAN_POINT('',(50.986226417777,-59.31758136842,
    67.625000000008));
#3261 = CARTESIAN_POINT('',(50.64546632763,-59.65262452167,
    67.624999999992));
#3262 = CARTESIAN_POINT('',(50.235170882205,-59.8841732375,
    67.625000000004));
#3263 = CARTESIAN_POINT('',(49.789554633831,-60.00000407356,
    67.624999999999));
#3264 = CARTESIAN_POINT('',(49.344,-60.,67.625));
#3265 = CARTESIAN_POINT('',(51.344,-58.,68.));
#3266 = CARTESIAN_POINT('',(51.343993353438,-58.45210179871,
    68.000000000001));
#3267 = CARTESIAN_POINT('',(51.224807595862,-58.90414643043,
    67.999999999995));
#3268 = CARTESIAN_POINT('',(50.986226417778,-59.3175813684,
    68.000000000008));
#3269 = CARTESIAN_POINT('',(50.645466327628,-59.65262452169,
    67.999999999993));
#3270 = CARTESIAN_POINT('',(50.235170882206,-59.88417323749,
    68.000000000003));
#3271 = CARTESIAN_POINT('',(49.78955463383,-60.00000407356,
    67.999999999999));
#3272 = CARTESIAN_POINT('',(49.344,-60.,68.));
#3273 = DEFINITIONAL_REPRESENTATION('',(#3274),#3278);
#3274 = LINE('',#3275,#3276);
#3275 = CARTESIAN_POINT('',(6.,0.));
#3276 = VECTOR('',#3277,1.);
#3277 = DIRECTION('',(0.,1.));
#3278 = ( GEOMETRIC_REPRESENTATION_CONTEXT(2) 
PARAMETRIC_REPRESENTATION_CONTEXT() REPRESENTATION_CONTEXT('2D SPACE',''
  ) );
#3279 = ORIENTED_EDGE('',*,*,#3280,.F.);
#3280 = EDGE_CURVE('',#3019,#3180,#3281,.T.);
#3281 = SURFACE_CURVE('',#3282,(#3292,#3299),.PCURVE_S1.);
#3282 = B_SPLINE_CURVE_WITH_KNOTS('',8,(#3283,#3284,#3285,#3286,#3287,
    #3288,#3289,#3290,#3291),.UNSPECIFIED.,.F.,.F.,(9,9),(5.,6.),
  .PIECEWISE_BEZIER_KNOTS.);
#3283 = CARTESIAN_POINT('',(53.344,-60.,61.));
#3284 = CARTESIAN_POINT('',(52.558601836602,-60.,61.));
#3285 = CARTESIAN_POINT('',(51.773203425984,-60.,61.176243155845));
#3286 = CARTESIAN_POINT('',(51.033947062658,-59.99999999999,
    61.528727736515));
#3287 = CARTESIAN_POINT('',(50.386964976883,-60.,62.04296497688));
#3288 = CARTESIAN_POINT('',(49.872727736513,-59.99999999999,
    62.68994706266));
#3289 = CARTESIAN_POINT('',(49.520243155846,-60.,63.429203425983));
#3290 = CARTESIAN_POINT('',(49.344,-60.,64.214601836603));
#3291 = CARTESIAN_POINT('',(49.344,-60.,65.));
#3292 = PCURVE('',#3039,#3293);
#3293 = DEFINITIONAL_REPRESENTATION('',(#3294),#3298);
#3294 = LINE('',#3295,#3296);
#3295 = CARTESIAN_POINT('',(0.,1.));
#3296 = VECTOR('',#3297,1.);
#3297 = DIRECTION('',(1.,0.));
#3298 = ( GEOMETRIC_REPRESENTATION_CONTEXT(2) 
PARAMETRIC_REPRESENTATION_CONTEXT() REPRESENTATION_CONTEXT('2D SPACE',''
  ) );
#3299 = PCURVE('',#2814,#3300);
#3300 = DEFINITIONAL_REPRESENTATION('',(#3301),#3311);
#3301 = B_SPLINE_CURVE_WITH_KNOTS('',8,(#3302,#3303,#3304,#3305,#3306,
    #3307,#3308,#3309,#3310),.UNSPECIFIED.,.F.,.F.,(9,9),(5.,6.),
  .PIECEWISE_BEZIER_KNOTS.);
#3302 = CARTESIAN_POINT('',(143.844,-5.5));
#3303 = CARTESIAN_POINT('',(143.0586018366,-5.5));
#3304 = CARTESIAN_POINT('',(142.27320342598,-5.323756844155));
#3305 = CARTESIAN_POINT('',(141.53394706265,-4.971272263485));
#3306 = CARTESIAN_POINT('',(140.88696497688,-4.45703502312));
#3307 = CARTESIAN_POINT('',(140.37272773651,-3.81005293734));
#3308 = CARTESIAN_POINT('',(140.02024315584,-3.070796574017));
#3309 = CARTESIAN_POINT('',(139.844,-2.285398163397));
#3310 = CARTESIAN_POINT('',(139.844,-1.5));
#3311 = ( GEOMETRIC_REPRESENTATION_CONTEXT(2) 
PARAMETRIC_REPRESENTATION_CONTEXT() REPRESENTATION_CONTEXT('2D SPACE',''
  ) );
#3312 = ORIENTED_EDGE('',*,*,#3018,.F.);
#3313 = ADVANCED_FACE('',(#3314),#3200,.T.);
#3314 = FACE_BOUND('',#3315,.T.);
#3315 = EDGE_LOOP('',(#3316,#3317,#3339,#3449));
#3316 = ORIENTED_EDGE('',*,*,#3179,.F.);
#3317 = ORIENTED_EDGE('',*,*,#3318,.T.);
#3318 = EDGE_CURVE('',#3157,#3319,#3321,.T.);
#3319 = VERTEX_POINT('',#3320);
#3320 = CARTESIAN_POINT('',(51.344,-58.,66.5));
#3321 = SURFACE_CURVE('',#3322,(#3326,#3332),.PCURVE_S1.);
#3322 = LINE('',#3323,#3324);
#3323 = CARTESIAN_POINT('',(51.344,-58.,63.));
#3324 = VECTOR('',#3325,1.);
#3325 = DIRECTION('',(0.,2.334869823773E-16,1.));
#3326 = PCURVE('',#3200,#3327);
#3327 = DEFINITIONAL_REPRESENTATION('',(#3328),#3331);
#3328 = B_SPLINE_CURVE_WITH_KNOTS('',1,(#3329,#3330),.UNSPECIFIED.,.F.,
  .F.,(2,2),(2.,5.),.PIECEWISE_BEZIER_KNOTS.);
#3329 = CARTESIAN_POINT('',(6.,0.));
#3330 = CARTESIAN_POINT('',(7.,0.));
#3331 = ( GEOMETRIC_REPRESENTATION_CONTEXT(2) 
PARAMETRIC_REPRESENTATION_CONTEXT() REPRESENTATION_CONTEXT('2D SPACE',''
  ) );
#3332 = PCURVE('',#2312,#3333);
#3333 = DEFINITIONAL_REPRESENTATION('',(#3334),#3338);
#3334 = LINE('',#3335,#3336);
#3335 = CARTESIAN_POINT('',(-2.,-4.));
#3336 = VECTOR('',#3337,1.);
#3337 = DIRECTION('',(1.,0.));
#3338 = ( GEOMETRIC_REPRESENTATION_CONTEXT(2) 
PARAMETRIC_REPRESENTATION_CONTEXT() REPRESENTATION_CONTEXT('2D SPACE',''
  ) );
#3339 = ORIENTED_EDGE('',*,*,#3340,.T.);
#3340 = EDGE_CURVE('',#3319,#3341,#3343,.T.);
#3341 = VERTEX_POINT('',#3342);
#3342 = CARTESIAN_POINT('',(49.344,-60.,66.5));
#3343 = SURFACE_CURVE('',#3344,(#3377,#3413),.PCURVE_S1.);
#3344 = B_SPLINE_CURVE_WITH_KNOTS('',6,(#3345,#3346,#3347,#3348,#3349,
    #3350,#3351,#3352,#3353,#3354,#3355,#3356,#3357,#3358,#3359,#3360,
    #3361,#3362,#3363,#3364,#3365,#3366,#3367,#3368,#3369,#3370,#3371,
    #3372,#3373,#3374,#3375,#3376),.UNSPECIFIED.,.F.,.F.,(7,5,5,5,5,5,7)
  ,(0.,9.059264064297E-02,0.335831257956,0.502102960895,0.663829456548,
    0.921511336013,1.),.UNSPECIFIED.);
#3345 = CARTESIAN_POINT('',(51.344,-58.,66.5));
#3346 = CARTESIAN_POINT('',(51.343999302185,-58.04746568992,66.5));
#3347 = CARTESIAN_POINT('',(51.342647382921,-58.09493135589,66.5));
#3348 = CARTESIAN_POINT('',(51.339943949805,-58.14234869383,66.5));
#3349 = CARTESIAN_POINT('',(51.335891112012,-58.18966954145,66.5));
#3350 = CARTESIAN_POINT('',(51.330493380298,-58.23684587828,66.5));
#3351 = CARTESIAN_POINT('',(51.305523768491,-58.41101762147,66.5));
#3352 = CARTESIAN_POINT('',(51.277483937401,-58.53680231229,66.5));
#3353 = CARTESIAN_POINT('',(51.239774738121,-58.66022228364,66.5));
#3354 = CARTESIAN_POINT('',(51.192660807564,-58.78035766406,66.5));
#3355 = CARTESIAN_POINT('',(51.136511334859,-58.89632642548,66.5));
#3356 = CARTESIAN_POINT('',(51.027957559769,-59.08252967744,66.5));
#3357 = CARTESIAN_POINT('',(50.98016703594,-59.15546989059,66.5));
#3358 = CARTESIAN_POINT('',(50.928599417299,-59.22585608111,66.5));
#3359 = CARTESIAN_POINT('',(50.873427086148,-59.29344601567,66.5));
#3360 = CARTESIAN_POINT('',(50.814842783621,-59.35801360591,66.5));
#3361 = CARTESIAN_POINT('',(50.692965342082,-59.47900754773,66.5));
#3362 = CARTESIAN_POINT('',(50.629843409315,-59.53560942988,66.5));
#3363 = CARTESIAN_POINT('',(50.563889939422,-59.58896166392,66.5));
#3364 = CARTESIAN_POINT('',(50.495314889122,-59.63888983348,66.5));
#3365 = CARTESIAN_POINT('',(50.424342043817,-59.6852379969,66.5));
#3366 = CARTESIAN_POINT('',(50.234684785898,-59.79579297094,66.5));
#3367 = CARTESIAN_POINT('',(50.112667960637,-59.85428493432,66.5));
#3368 = CARTESIAN_POINT('',(49.986127048228,-59.90278189451,66.5));
#3369 = CARTESIAN_POINT('',(49.856083919687,-59.94087133885,66.5));
#3370 = CARTESIAN_POINT('',(49.723601927336,-59.96826868427,66.5));
#3371 = CARTESIAN_POINT('',(49.549032646307,-59.98988674552,66.5));
#3372 = CARTESIAN_POINT('',(49.508150370777,-59.99392971323,66.5));
#3373 = CARTESIAN_POINT('',(49.467174932283,-59.99696448922,66.5));
#3374 = CARTESIAN_POINT('',(49.426137322379,-59.99898849489,66.5));
#3375 = CARTESIAN_POINT('',(49.385068621706,-60.00000037547,66.5));
#3376 = CARTESIAN_POINT('',(49.344,-60.,66.5));
#3377 = PCURVE('',#3200,#3378);
#3378 = DEFINITIONAL_REPRESENTATION('',(#3379),#3412);
#3379 = B_SPLINE_CURVE_WITH_KNOTS('',6,(#3380,#3381,#3382,#3383,#3384,
    #3385,#3386,#3387,#3388,#3389,#3390,#3391,#3392,#3393,#3394,#3395,
    #3396,#3397,#3398,#3399,#3400,#3401,#3402,#3403,#3404,#3405,#3406,
    #3407,#3408,#3409,#3410,#3411),.UNSPECIFIED.,.F.,.F.,(7,5,5,5,5,5,7)
  ,(0.,9.059264064297E-02,0.335831257956,0.502102960895,0.663829456548,
    0.921511336013,1.),.UNSPECIFIED.);
#3380 = CARTESIAN_POINT('',(6.5,0.));
#3381 = CARTESIAN_POINT('',(6.5,1.499842041297E-02));
#3382 = CARTESIAN_POINT('',(6.5,2.999702149203E-02));
#3383 = CARTESIAN_POINT('',(6.5,4.499612649311E-02));
#3384 = CARTESIAN_POINT('',(6.5,5.999607883295E-02));
#3385 = CARTESIAN_POINT('',(6.5,7.499724208911E-02));
#3386 = CARTESIAN_POINT('',(6.5,0.130613184248));
#3387 = CARTESIAN_POINT('',(6.5,0.171240068293));
#3388 = CARTESIAN_POINT('',(6.5,0.211883791054));
#3389 = CARTESIAN_POINT('',(6.5,0.252554423412));
#3390 = CARTESIAN_POINT('',(6.5,0.293260007527));
#3391 = CARTESIAN_POINT('',(6.5,0.361621701673));
#3392 = CARTESIAN_POINT('',(6.5,0.38926025843));
#3393 = CARTESIAN_POINT('',(6.5,0.416916834126));
#3394 = CARTESIAN_POINT('',(6.5,0.444592171724));
#3395 = CARTESIAN_POINT('',(6.5,0.47228659329));
#3396 = CARTESIAN_POINT('',(6.5,0.526955832355));
#3397 = CARTESIAN_POINT('',(6.5,0.553929804914));
#3398 = CARTESIAN_POINT('',(6.5,0.580921839687));
#3399 = CARTESIAN_POINT('',(6.5,0.607931489524));
#3400 = CARTESIAN_POINT('',(6.5,0.634957938118));
#3401 = CARTESIAN_POINT('',(6.5,0.705086627842));
#3402 = CARTESIAN_POINT('',(6.5,0.74821560649));
#3403 = CARTESIAN_POINT('',(6.5,0.791376931509));
#3404 = CARTESIAN_POINT('',(6.5,0.834566832106));
#3405 = CARTESIAN_POINT('',(6.5,0.877779154247));
#3406 = CARTESIAN_POINT('',(6.5,0.934164862219));
#3407 = CARTESIAN_POINT('',(6.5,0.947330755437));
#3408 = CARTESIAN_POINT('',(6.5,0.960497436246));
#3409 = CARTESIAN_POINT('',(6.5,0.973664676563));
#3410 = CARTESIAN_POINT('',(6.5,0.986832263627));
#3411 = CARTESIAN_POINT('',(6.5,1.));
#3412 = ( GEOMETRIC_REPRESENTATION_CONTEXT(2) 
PARAMETRIC_REPRESENTATION_CONTEXT() REPRESENTATION_CONTEXT('2D SPACE',''
  ) );
#3413 = PCURVE('',#2284,#3414);
#3414 = DEFINITIONAL_REPRESENTATION('',(#3415),#3448);
#3415 = B_SPLINE_CURVE_WITH_KNOTS('',6,(#3416,#3417,#3418,#3419,#3420,
    #3421,#3422,#3423,#3424,#3425,#3426,#3427,#3428,#3429,#3430,#3431,
    #3432,#3433,#3434,#3435,#3436,#3437,#3438,#3439,#3440,#3441,#3442,
    #3443,#3444,#3445,#3446,#3447),.UNSPECIFIED.,.F.,.F.,(7,5,5,5,5,5,7)
  ,(0.,9.059264064297E-02,0.335831257956,0.502102960895,0.663829456548,
    0.921511336013,1.),.UNSPECIFIED.);
#3416 = CARTESIAN_POINT('',(-51.344,15.249171011152));
#3417 = CARTESIAN_POINT('',(-51.34399930218,15.296636701078));
#3418 = CARTESIAN_POINT('',(-51.34264738292,15.344102367046));
#3419 = CARTESIAN_POINT('',(-51.3399439498,15.391519704983));
#3420 = CARTESIAN_POINT('',(-51.33589111201,15.438840552608));
#3421 = CARTESIAN_POINT('',(-51.33049338029,15.486016889438));
#3422 = CARTESIAN_POINT('',(-51.30552376849,15.660188632625));
#3423 = CARTESIAN_POINT('',(-51.2774839374,15.78597332345));
#3424 = CARTESIAN_POINT('',(-51.23977473812,15.909393294798));
#3425 = CARTESIAN_POINT('',(-51.19266080756,16.029528675213));
#3426 = CARTESIAN_POINT('',(-51.13651133485,16.145497436633));
#3427 = CARTESIAN_POINT('',(-51.02795755976,16.331700688594));
#3428 = CARTESIAN_POINT('',(-50.98016703594,16.404640901745));
#3429 = CARTESIAN_POINT('',(-50.92859941729,16.475027092268));
#3430 = CARTESIAN_POINT('',(-50.87342708614,16.542617026827));
#3431 = CARTESIAN_POINT('',(-50.81484278362,16.607184617071));
#3432 = CARTESIAN_POINT('',(-50.69296534208,16.728178558885));
#3433 = CARTESIAN_POINT('',(-50.62984340931,16.78478044104));
#3434 = CARTESIAN_POINT('',(-50.56388993942,16.838132675075));
#3435 = CARTESIAN_POINT('',(-50.49531488912,16.888060844641));
#3436 = CARTESIAN_POINT('',(-50.42434204381,16.934409008055));
#3437 = CARTESIAN_POINT('',(-50.23468478589,17.044963982099));
#3438 = CARTESIAN_POINT('',(-50.11266796063,17.103455945481));
#3439 = CARTESIAN_POINT('',(-49.98612704822,17.151952905667));
#3440 = CARTESIAN_POINT('',(-49.85608391968,17.190042350002));
#3441 = CARTESIAN_POINT('',(-49.72360192733,17.217439695426));
#3442 = CARTESIAN_POINT('',(-49.5490326463,17.239057756679));
#3443 = CARTESIAN_POINT('',(-49.50815037077,17.243100724386));
#3444 = CARTESIAN_POINT('',(-49.46717493228,17.246135500376));
#3445 = CARTESIAN_POINT('',(-49.42613732237,17.248159506051));
#3446 = CARTESIAN_POINT('',(-49.3850686217,17.249171386629));
#3447 = CARTESIAN_POINT('',(-49.344,17.249171011152));
#3448 = ( GEOMETRIC_REPRESENTATION_CONTEXT(2) 
PARAMETRIC_REPRESENTATION_CONTEXT() REPRESENTATION_CONTEXT('2D SPACE',''
  ) );
#3449 = ORIENTED_EDGE('',*,*,#3450,.F.);
#3450 = EDGE_CURVE('',#3180,#3341,#3451,.T.);
#3451 = SURFACE_CURVE('',#3452,(#3462,#3469),.PCURVE_S1.);
#3452 = B_SPLINE_CURVE_WITH_KNOTS('',8,(#3453,#3454,#3455,#3456,#3457,
    #3458,#3459,#3460,#3461),.UNSPECIFIED.,.F.,.F.,(9,9),(6.,7.),
  .PIECEWISE_BEZIER_KNOTS.);
#3453 = CARTESIAN_POINT('',(49.344,-60.,65.));
#3454 = CARTESIAN_POINT('',(49.344,-60.,65.375));
#3455 = CARTESIAN_POINT('',(49.344,-60.,65.75));
#3456 = CARTESIAN_POINT('',(49.344,-60.,66.125));
#3457 = CARTESIAN_POINT('',(49.344,-60.,66.5));
#3458 = CARTESIAN_POINT('',(49.344,-60.,66.875));
#3459 = CARTESIAN_POINT('',(49.344,-60.,67.25));
#3460 = CARTESIAN_POINT('',(49.344,-60.,67.625));
#3461 = CARTESIAN_POINT('',(49.344,-60.,68.));
#3462 = PCURVE('',#3200,#3463);
#3463 = DEFINITIONAL_REPRESENTATION('',(#3464),#3468);
#3464 = LINE('',#3465,#3466);
#3465 = CARTESIAN_POINT('',(0.,1.));
#3466 = VECTOR('',#3467,1.);
#3467 = DIRECTION('',(1.,0.));
#3468 = ( GEOMETRIC_REPRESENTATION_CONTEXT(2) 
PARAMETRIC_REPRESENTATION_CONTEXT() REPRESENTATION_CONTEXT('2D SPACE',''
  ) );
#3469 = PCURVE('',#2814,#3470);
#3470 = DEFINITIONAL_REPRESENTATION('',(#3471),#3481);
#3471 = B_SPLINE_CURVE_WITH_KNOTS('',8,(#3472,#3473,#3474,#3475,#3476,
    #3477,#3478,#3479,#3480),.UNSPECIFIED.,.F.,.F.,(9,9),(6.,7.),
  .PIECEWISE_BEZIER_KNOTS.);
#3472 = CARTESIAN_POINT('',(139.844,-1.5));
#3473 = CARTESIAN_POINT('',(139.844,-1.125));
#3474 = CARTESIAN_POINT('',(139.844,-0.75));
#3475 = CARTESIAN_POINT('',(139.844,-0.375));
#3476 = CARTESIAN_POINT('',(139.844,0.));
#3477 = CARTESIAN_POINT('',(139.844,0.375));
#3478 = CARTESIAN_POINT('',(139.844,0.75));
#3479 = CARTESIAN_POINT('',(139.844,1.125));
#3480 = CARTESIAN_POINT('',(139.844,1.5));
#3481 = ( GEOMETRIC_REPRESENTATION_CONTEXT(2) 
PARAMETRIC_REPRESENTATION_CONTEXT() REPRESENTATION_CONTEXT('2D SPACE',''
  ) );
#3482 = ADVANCED_FACE('',(#3483),#2814,.T.);
#3483 = FACE_BOUND('',#3484,.T.);
#3484 = EDGE_LOOP('',(#3485,#3515,#3543,#3571,#3599,#3627,#3648,#3649,
    #3650,#3651,#3652,#3653,#3676,#4039,#4402));
#3485 = ORIENTED_EDGE('',*,*,#3486,.T.);
#3486 = EDGE_CURVE('',#3487,#3489,#3491,.T.);
#3487 = VERTEX_POINT('',#3488);
#3488 = CARTESIAN_POINT('',(-90.72969543147,-60.,66.5));
#3489 = VERTEX_POINT('',#3490);
#3490 = CARTESIAN_POINT('',(-90.72969543147,-60.,3.));
#3491 = SURFACE_CURVE('',#3492,(#3495,#3501),.PCURVE_S1.);
#3492 = B_SPLINE_CURVE_WITH_KNOTS('',1,(#3493,#3494),.UNSPECIFIED.,.F.,
  .F.,(2,2),(0.,63.5),.PIECEWISE_BEZIER_KNOTS.);
#3493 = CARTESIAN_POINT('',(-90.72969543147,-60.,66.5));
#3494 = CARTESIAN_POINT('',(-90.72969543147,-60.,3.));
#3495 = PCURVE('',#2814,#3496);
#3496 = DEFINITIONAL_REPRESENTATION('',(#3497),#3500);
#3497 = B_SPLINE_CURVE_WITH_KNOTS('',1,(#3498,#3499),.UNSPECIFIED.,.F.,
  .F.,(2,2),(0.,63.5),.PIECEWISE_BEZIER_KNOTS.);
#3498 = CARTESIAN_POINT('',(-0.229695431472,0.));
#3499 = CARTESIAN_POINT('',(-0.229695431472,-63.5));
#3500 = ( GEOMETRIC_REPRESENTATION_CONTEXT(2) 
PARAMETRIC_REPRESENTATION_CONTEXT() REPRESENTATION_CONTEXT('2D SPACE',''
  ) );
#3501 = PCURVE('',#3502,#3509);
#3502 = ( BOUNDED_SURFACE() B_SPLINE_SURFACE(2,1,(
    (#3503,#3504)
    ,(#3505,#3506)
    ,(#3507,#3508
)),.UNSPECIFIED.,.F.,.F.,.F.) B_SPLINE_SURFACE_WITH_KNOTS((3,3),(2,2),(
    0.,1.570211665735),(-63.57623904971,0.),.PIECEWISE_BEZIER_KNOTS.) 
GEOMETRIC_REPRESENTATION_ITEM() RATIONAL_B_SPLINE_SURFACE((
    (1.,1.)
    ,(0.70731345987,0.70731345987)
,(1.,1.))) REPRESENTATION_ITEM('') SURFACE() );
#3503 = CARTESIAN_POINT('',(-98.75,-52.,2.923760950285));
#3504 = CARTESIAN_POINT('',(-98.75,-52.,66.5));
#3505 = CARTESIAN_POINT('',(-98.74765610524,-59.99766203915,
    2.923760950285));
#3506 = CARTESIAN_POINT('',(-98.74765610524,-59.99766203915,66.5));
#3507 = CARTESIAN_POINT('',(-90.72969543147,-60.,2.923760950285));
#3508 = CARTESIAN_POINT('',(-90.72969543147,-60.,66.5));
#3509 = DEFINITIONAL_REPRESENTATION('',(#3510),#3514);
#3510 = B_SPLINE_CURVE_WITH_KNOTS('',2,(#3511,#3512,#3513),
  .UNSPECIFIED.,.F.,.F.,(3,3),(0.,63.5),.PIECEWISE_BEZIER_KNOTS.);
#3511 = CARTESIAN_POINT('',(1.570211665735,7.105427357601E-15));
#3512 = CARTESIAN_POINT('',(1.570211665735,-31.75));
#3513 = CARTESIAN_POINT('',(1.570211665735,-63.5));
#3514 = ( GEOMETRIC_REPRESENTATION_CONTEXT(2) 
PARAMETRIC_REPRESENTATION_CONTEXT() REPRESENTATION_CONTEXT('2D SPACE',''
  ) );
#3515 = ORIENTED_EDGE('',*,*,#3516,.F.);
#3516 = EDGE_CURVE('',#3517,#3489,#3519,.T.);
#3517 = VERTEX_POINT('',#3518);
#3518 = CARTESIAN_POINT('',(-90.5,-60.,3.));
#3519 = SURFACE_CURVE('',#3520,(#3523,#3529),.PCURVE_S1.);
#3520 = B_SPLINE_CURVE_WITH_KNOTS('',1,(#3521,#3522),.UNSPECIFIED.,.F.,
  .F.,(2,2),(0.,181.),.PIECEWISE_BEZIER_KNOTS.);
#3521 = CARTESIAN_POINT('',(90.729695431472,-60.,3.));
#3522 = CARTESIAN_POINT('',(-90.72969543147,-60.,3.));
#3523 = PCURVE('',#2814,#3524);
#3524 = DEFINITIONAL_REPRESENTATION('',(#3525),#3528);
#3525 = B_SPLINE_CURVE_WITH_KNOTS('',1,(#3526,#3527),.UNSPECIFIED.,.F.,
  .F.,(2,2),(0.,181.),.PIECEWISE_BEZIER_KNOTS.);
#3526 = CARTESIAN_POINT('',(181.22969543147,-63.5));
#3527 = CARTESIAN_POINT('',(-0.229695431472,-63.5));
#3528 = ( GEOMETRIC_REPRESENTATION_CONTEXT(2) 
PARAMETRIC_REPRESENTATION_CONTEXT() REPRESENTATION_CONTEXT('2D SPACE',''
  ) );
#3529 = PCURVE('',#3530,#3537);
#3530 = ( BOUNDED_SURFACE() B_SPLINE_SURFACE(2,1,(
    (#3531,#3532)
    ,(#3533,#3534)
    ,(#3535,#3536
)),.UNSPECIFIED.,.F.,.F.,.F.) B_SPLINE_SURFACE_WITH_KNOTS((3,3),(2,2),(
    0.,0.16744807922),(0.,181.),.PIECEWISE_BEZIER_KNOTS.) 
GEOMETRIC_REPRESENTATION_ITEM() RATIONAL_B_SPLINE_SURFACE((
    (1.,1.)
    ,(0.996497189455,0.996497189455)
,(1.,1.))) REPRESENTATION_ITEM('') SURFACE() );
#3531 = CARTESIAN_POINT('',(90.729695431472,-60.,3.));
#3532 = CARTESIAN_POINT('',(-90.72969543147,-60.,3.));
#3533 = CARTESIAN_POINT('',(90.729695431472,-60.,2.748239349299));
#3534 = CARTESIAN_POINT('',(-90.72969543147,-60.,2.748239349299));
#3535 = CARTESIAN_POINT('',(90.729695431472,-59.95803989155,2.5));
#3536 = CARTESIAN_POINT('',(-90.72969543147,-59.95803989155,2.5));
#3537 = DEFINITIONAL_REPRESENTATION('',(#3538),#3542);
#3538 = B_SPLINE_CURVE_WITH_KNOTS('',2,(#3539,#3540,#3541),
  .UNSPECIFIED.,.F.,.F.,(3,3),(0.,181.),.PIECEWISE_BEZIER_KNOTS.);
#3539 = CARTESIAN_POINT('',(0.,0.));
#3540 = CARTESIAN_POINT('',(0.,90.5));
#3541 = CARTESIAN_POINT('',(0.,181.));
#3542 = ( GEOMETRIC_REPRESENTATION_CONTEXT(2) 
PARAMETRIC_REPRESENTATION_CONTEXT() REPRESENTATION_CONTEXT('2D SPACE',''
  ) );
#3543 = ORIENTED_EDGE('',*,*,#3544,.T.);
#3544 = EDGE_CURVE('',#3517,#3545,#3547,.T.);
#3545 = VERTEX_POINT('',#3546);
#3546 = CARTESIAN_POINT('',(90.5,-60.,3.));
#3547 = SURFACE_CURVE('',#3548,(#3552,#3559),.PCURVE_S1.);
#3548 = LINE('',#3549,#3550);
#3549 = CARTESIAN_POINT('',(-90.5,-60.,3.));
#3550 = VECTOR('',#3551,1.);
#3551 = DIRECTION('',(1.,0.,0.));
#3552 = PCURVE('',#2814,#3553);
#3553 = DEFINITIONAL_REPRESENTATION('',(#3554),#3558);
#3554 = LINE('',#3555,#3556);
#3555 = CARTESIAN_POINT('',(0.,-63.5));
#3556 = VECTOR('',#3557,1.);
#3557 = DIRECTION('',(1.,0.));
#3558 = ( GEOMETRIC_REPRESENTATION_CONTEXT(2) 
PARAMETRIC_REPRESENTATION_CONTEXT() REPRESENTATION_CONTEXT('2D SPACE',''
  ) );
#3559 = PCURVE('',#3560,#3565);
#3560 = CYLINDRICAL_SURFACE('',#3561,3.);
#3561 = AXIS2_PLACEMENT_3D('',#3562,#3563,#3564);
#3562 = CARTESIAN_POINT('',(90.5,-57.,3.));
#3563 = DIRECTION('',(-1.,-0.,0.));
#3564 = DIRECTION('',(0.,-1.,1.224646799147E-16));
#3565 = DEFINITIONAL_REPRESENTATION('',(#3566),#3570);
#3566 = LINE('',#3567,#3568);
#3567 = CARTESIAN_POINT('',(-0.,181.));
#3568 = VECTOR('',#3569,1.);
#3569 = DIRECTION('',(-0.,-1.));
#3570 = ( GEOMETRIC_REPRESENTATION_CONTEXT(2) 
PARAMETRIC_REPRESENTATION_CONTEXT() REPRESENTATION_CONTEXT('2D SPACE',''
  ) );
#3571 = ORIENTED_EDGE('',*,*,#3572,.F.);
#3572 = EDGE_CURVE('',#3573,#3545,#3575,.T.);
#3573 = VERTEX_POINT('',#3574);
#3574 = CARTESIAN_POINT('',(90.729695431472,-60.,3.));
#3575 = SURFACE_CURVE('',#3576,(#3579,#3585),.PCURVE_S1.);
#3576 = B_SPLINE_CURVE_WITH_KNOTS('',1,(#3577,#3578),.UNSPECIFIED.,.F.,
  .F.,(2,2),(0.,181.),.PIECEWISE_BEZIER_KNOTS.);
#3577 = CARTESIAN_POINT('',(90.729695431472,-60.,3.));
#3578 = CARTESIAN_POINT('',(-90.72969543147,-60.,3.));
#3579 = PCURVE('',#2814,#3580);
#3580 = DEFINITIONAL_REPRESENTATION('',(#3581),#3584);
#3581 = B_SPLINE_CURVE_WITH_KNOTS('',1,(#3582,#3583),.UNSPECIFIED.,.F.,
  .F.,(2,2),(0.,181.),.PIECEWISE_BEZIER_KNOTS.);
#3582 = CARTESIAN_POINT('',(181.22969543147,-63.5));
#3583 = CARTESIAN_POINT('',(-0.229695431472,-63.5));
#3584 = ( GEOMETRIC_REPRESENTATION_CONTEXT(2) 
PARAMETRIC_REPRESENTATION_CONTEXT() REPRESENTATION_CONTEXT('2D SPACE',''
  ) );
#3585 = PCURVE('',#3586,#3593);
#3586 = ( BOUNDED_SURFACE() B_SPLINE_SURFACE(2,1,(
    (#3587,#3588)
    ,(#3589,#3590)
    ,(#3591,#3592
)),.UNSPECIFIED.,.F.,.F.,.F.) B_SPLINE_SURFACE_WITH_KNOTS((3,3),(2,2),(
    0.,0.16744807922),(0.,181.),.PIECEWISE_BEZIER_KNOTS.) 
GEOMETRIC_REPRESENTATION_ITEM() RATIONAL_B_SPLINE_SURFACE((
    (1.,1.)
    ,(0.996497189455,0.996497189455)
,(1.,1.))) REPRESENTATION_ITEM('') SURFACE() );
#3587 = CARTESIAN_POINT('',(90.729695431472,-60.,3.));
#3588 = CARTESIAN_POINT('',(-90.72969543147,-60.,3.));
#3589 = CARTESIAN_POINT('',(90.729695431472,-60.,2.748239349299));
#3590 = CARTESIAN_POINT('',(-90.72969543147,-60.,2.748239349299));
#3591 = CARTESIAN_POINT('',(90.729695431472,-59.95803989155,2.5));
#3592 = CARTESIAN_POINT('',(-90.72969543147,-59.95803989155,2.5));
#3593 = DEFINITIONAL_REPRESENTATION('',(#3594),#3598);
#3594 = B_SPLINE_CURVE_WITH_KNOTS('',2,(#3595,#3596,#3597),
  .UNSPECIFIED.,.F.,.F.,(3,3),(0.,181.),.PIECEWISE_BEZIER_KNOTS.);
#3595 = CARTESIAN_POINT('',(0.,0.));
#3596 = CARTESIAN_POINT('',(0.,90.5));
#3597 = CARTESIAN_POINT('',(0.,181.));
#3598 = ( GEOMETRIC_REPRESENTATION_CONTEXT(2) 
PARAMETRIC_REPRESENTATION_CONTEXT() REPRESENTATION_CONTEXT('2D SPACE',''
  ) );
#3599 = ORIENTED_EDGE('',*,*,#3600,.T.);
#3600 = EDGE_CURVE('',#3573,#3601,#3603,.T.);
#3601 = VERTEX_POINT('',#3602);
#3602 = CARTESIAN_POINT('',(90.729695431472,-60.,66.5));
#3603 = SURFACE_CURVE('',#3604,(#3607,#3613),.PCURVE_S1.);
#3604 = B_SPLINE_CURVE_WITH_KNOTS('',1,(#3605,#3606),.UNSPECIFIED.,.F.,
  .F.,(2,2),(0.5,64.),.PIECEWISE_BEZIER_KNOTS.);
#3605 = CARTESIAN_POINT('',(90.729695431472,-60.,3.));
#3606 = CARTESIAN_POINT('',(90.729695431472,-60.,66.5));
#3607 = PCURVE('',#2814,#3608);
#3608 = DEFINITIONAL_REPRESENTATION('',(#3609),#3612);
#3609 = B_SPLINE_CURVE_WITH_KNOTS('',1,(#3610,#3611),.UNSPECIFIED.,.F.,
  .F.,(2,2),(0.5,64.),.PIECEWISE_BEZIER_KNOTS.);
#3610 = CARTESIAN_POINT('',(181.22969543147,-63.5));
#3611 = CARTESIAN_POINT('',(181.22969543147,0.));
#3612 = ( GEOMETRIC_REPRESENTATION_CONTEXT(2) 
PARAMETRIC_REPRESENTATION_CONTEXT() REPRESENTATION_CONTEXT('2D SPACE',''
  ) );
#3613 = PCURVE('',#3614,#3621);
#3614 = ( BOUNDED_SURFACE() B_SPLINE_SURFACE(2,1,(
    (#3615,#3616)
    ,(#3617,#3618)
    ,(#3619,#3620
)),.UNSPECIFIED.,.F.,.F.,.F.) B_SPLINE_SURFACE_WITH_KNOTS((3,3),(2,2),(
    0.,1.570211665735),(-63.57623904971,0.),.PIECEWISE_BEZIER_KNOTS.) 
GEOMETRIC_REPRESENTATION_ITEM() RATIONAL_B_SPLINE_SURFACE((
    (1.,1.)
    ,(0.70731345987,0.70731345987)
,(1.,1.))) REPRESENTATION_ITEM('') SURFACE() );
#3615 = CARTESIAN_POINT('',(90.729695431472,-60.,2.923760950289));
#3616 = CARTESIAN_POINT('',(90.729695431472,-60.,66.5));
#3617 = CARTESIAN_POINT('',(98.747656105241,-59.99766203915,
    2.923760950289));
#3618 = CARTESIAN_POINT('',(98.747656105241,-59.99766203915,66.5));
#3619 = CARTESIAN_POINT('',(98.75,-52.,2.923760950289));
#3620 = CARTESIAN_POINT('',(98.75,-52.,66.5));
#3621 = DEFINITIONAL_REPRESENTATION('',(#3622),#3626);
#3622 = B_SPLINE_CURVE_WITH_KNOTS('',2,(#3623,#3624,#3625),
  .UNSPECIFIED.,.F.,.F.,(3,3),(0.5,64.),.PIECEWISE_BEZIER_KNOTS.);
#3623 = CARTESIAN_POINT('',(-3.215092212193E-46,-63.5));
#3624 = CARTESIAN_POINT('',(3.233410349021E-46,-31.75));
#3625 = CARTESIAN_POINT('',(-4.026407024009E-47,7.105427357601E-15));
#3626 = ( GEOMETRIC_REPRESENTATION_CONTEXT(2) 
PARAMETRIC_REPRESENTATION_CONTEXT() REPRESENTATION_CONTEXT('2D SPACE',''
  ) );
#3627 = ORIENTED_EDGE('',*,*,#3628,.T.);
#3628 = EDGE_CURVE('',#3601,#2583,#3629,.T.);
#3629 = SURFACE_CURVE('',#3630,(#3634,#3641),.PCURVE_S1.);
#3630 = LINE('',#3631,#3632);
#3631 = CARTESIAN_POINT('',(90.729695431472,-60.,66.5));
#3632 = VECTOR('',#3633,1.);
#3633 = DIRECTION('',(-1.,-4.45826449491E-31,-3.640449228311E-15));
#3634 = PCURVE('',#2814,#3635);
#3635 = DEFINITIONAL_REPRESENTATION('',(#3636),#3640);
#3636 = LINE('',#3637,#3638);
#3637 = CARTESIAN_POINT('',(181.22969543147,0.));
#3638 = VECTOR('',#3639,1.);
#3639 = DIRECTION('',(-1.,-3.640449228311E-15));
#3640 = ( GEOMETRIC_REPRESENTATION_CONTEXT(2) 
PARAMETRIC_REPRESENTATION_CONTEXT() REPRESENTATION_CONTEXT('2D SPACE',''
  ) );
#3641 = PCURVE('',#807,#3642);
#3642 = DEFINITIONAL_REPRESENTATION('',(#3643),#3647);
#3643 = LINE('',#3644,#3645);
#3644 = CARTESIAN_POINT('',(200.72969543147,125.));
#3645 = VECTOR('',#3646,1.);
#3646 = DIRECTION('',(-1.,0.));
#3647 = ( GEOMETRIC_REPRESENTATION_CONTEXT(2) 
PARAMETRIC_REPRESENTATION_CONTEXT() REPRESENTATION_CONTEXT('2D SPACE',''
  ) );
#3648 = ORIENTED_EDGE('',*,*,#2794,.T.);
#3649 = ORIENTED_EDGE('',*,*,#2959,.T.);
#3650 = ORIENTED_EDGE('',*,*,#3119,.T.);
#3651 = ORIENTED_EDGE('',*,*,#3280,.T.);
#3652 = ORIENTED_EDGE('',*,*,#3450,.T.);
#3653 = ORIENTED_EDGE('',*,*,#3654,.F.);
#3654 = EDGE_CURVE('',#3655,#3341,#3657,.T.);
#3655 = VERTEX_POINT('',#3656);
#3656 = CARTESIAN_POINT('',(21.725600401476,-60.,66.5));
#3657 = SURFACE_CURVE('',#3658,(#3662,#3669),.PCURVE_S1.);
#3658 = LINE('',#3659,#3660);
#3659 = CARTESIAN_POINT('',(-90.5,-60.,66.5));
#3660 = VECTOR('',#3661,1.);
#3661 = DIRECTION('',(1.,0.,0.));
#3662 = PCURVE('',#2814,#3663);
#3663 = DEFINITIONAL_REPRESENTATION('',(#3664),#3668);
#3664 = LINE('',#3665,#3666);
#3665 = CARTESIAN_POINT('',(0.,0.));
#3666 = VECTOR('',#3667,1.);
#3667 = DIRECTION('',(1.,0.));
#3668 = ( GEOMETRIC_REPRESENTATION_CONTEXT(2) 
PARAMETRIC_REPRESENTATION_CONTEXT() REPRESENTATION_CONTEXT('2D SPACE',''
  ) );
#3669 = PCURVE('',#2284,#3670);
#3670 = DEFINITIONAL_REPRESENTATION('',(#3671),#3675);
#3671 = LINE('',#3672,#3673);
#3672 = CARTESIAN_POINT('',(90.5,17.249171011152));
#3673 = VECTOR('',#3674,1.);
#3674 = DIRECTION('',(-1.,0.));
#3675 = ( GEOMETRIC_REPRESENTATION_CONTEXT(2) 
PARAMETRIC_REPRESENTATION_CONTEXT() REPRESENTATION_CONTEXT('2D SPACE',''
  ) );
#3676 = ORIENTED_EDGE('',*,*,#3677,.F.);
#3677 = EDGE_CURVE('',#3678,#3655,#3680,.T.);
#3678 = VERTEX_POINT('',#3679);
#3679 = CARTESIAN_POINT('',(16.,-60.,59.45));
#3680 = SURFACE_CURVE('',#3681,(#3697,#3716),.PCURVE_S1.);
#3681 = B_SPLINE_CURVE_WITH_KNOTS('',14,(#3682,#3683,#3684,#3685,#3686,
    #3687,#3688,#3689,#3690,#3691,#3692,#3693,#3694,#3695,#3696),
  .UNSPECIFIED.,.T.,.F.,(15,15),(0.,1.),.PIECEWISE_BEZIER_KNOTS.);
#3682 = CARTESIAN_POINT('',(16.,-60.,59.45));
#3683 = CARTESIAN_POINT('',(18.625473860504,-60.,59.449999999998));
#3684 = CARTESIAN_POINT('',(21.250948690114,-59.99999999997,
    60.718949013022));
#3685 = CARTESIAN_POINT('',(23.211993177471,-60.00000000004,
    63.256848661274));
#3686 = CARTESIAN_POINT('',(23.844250935555,-59.99999999995,
    66.684172096216));
#3687 = CARTESIAN_POINT('',(22.721514636938,-59.99999999999,
    70.241937613387));
#3688 = CARTESIAN_POINT('',(19.89542868478,-60.0000000001,
    72.957893954644));
#3689 = CARTESIAN_POINT('',(16.000000000076,-59.99999999978,
    73.980397322068));
#3690 = CARTESIAN_POINT('',(12.104571315076,-60.00000000026,
    72.957893954614));
#3691 = CARTESIAN_POINT('',(9.278485363181,-59.99999999975,
    70.241937613432));
#3692 = CARTESIAN_POINT('',(8.155749064364,-60.00000000016,
    66.684172096174));
#3693 = CARTESIAN_POINT('',(8.788006822573,-59.99999999991,63.2568486613
    ));
#3694 = CARTESIAN_POINT('',(10.749051309868,-60.00000000003,
    60.718949013011));
#3695 = CARTESIAN_POINT('',(13.3745261395,-59.99999999999,
    59.450000000001));
#3696 = CARTESIAN_POINT('',(16.,-60.,59.45));
#3697 = PCURVE('',#2814,#3698);
#3698 = DEFINITIONAL_REPRESENTATION('',(#3699),#3715);
#3699 = B_SPLINE_CURVE_WITH_KNOTS('',14,(#3700,#3701,#3702,#3703,#3704,
    #3705,#3706,#3707,#3708,#3709,#3710,#3711,#3712,#3713,#3714),
  .UNSPECIFIED.,.F.,.F.,(15,15),(0.,1.),.PIECEWISE_BEZIER_KNOTS.);
#3700 = CARTESIAN_POINT('',(106.5,-7.05));
#3701 = CARTESIAN_POINT('',(109.1254738605,-7.050000000002));
#3702 = CARTESIAN_POINT('',(111.75094869011,-5.781050986978));
#3703 = CARTESIAN_POINT('',(113.71199317747,-3.243151338726));
#3704 = CARTESIAN_POINT('',(114.34425093555,0.184172096216));
#3705 = CARTESIAN_POINT('',(113.22151463693,3.741937613387));
#3706 = CARTESIAN_POINT('',(110.39542868478,6.457893954644));
#3707 = CARTESIAN_POINT('',(106.50000000007,7.480397322068));
#3708 = CARTESIAN_POINT('',(102.60457131507,6.457893954614));
#3709 = CARTESIAN_POINT('',(99.778485363181,3.741937613432));
#3710 = CARTESIAN_POINT('',(98.655749064364,0.184172096174));
#3711 = CARTESIAN_POINT('',(99.288006822573,-3.2431513387));
#3712 = CARTESIAN_POINT('',(101.24905130986,-5.781050986989));
#3713 = CARTESIAN_POINT('',(103.8745261395,-7.049999999999));
#3714 = CARTESIAN_POINT('',(106.5,-7.05));
#3715 = ( GEOMETRIC_REPRESENTATION_CONTEXT(2) 
PARAMETRIC_REPRESENTATION_CONTEXT() REPRESENTATION_CONTEXT('2D SPACE',''
  ) );
#3716 = PCURVE('',#3717,#4033);
#3717 = ( BOUNDED_SURFACE() B_SPLINE_SURFACE(14,8,(
    (#3718,#3719,#3720,#3721,#3722,#3723,#3724,#3725,#3726,#3727,#3728
      ,#3729,#3730,#3731,#3732,#3733,#3734,#3735,#3736,#3737,#3738)
    ,(#3739,#3740,#3741,#3742,#3743,#3744,#3745,#3746,#3747,#3748,#3749
      ,#3750,#3751,#3752,#3753,#3754,#3755,#3756,#3757,#3758,#3759)
    ,(#3760,#3761,#3762,#3763,#3764,#3765,#3766,#3767,#3768,#3769,#3770
      ,#3771,#3772,#3773,#3774,#3775,#3776,#3777,#3778,#3779,#3780)
    ,(#3781,#3782,#3783,#3784,#3785,#3786,#3787,#3788,#3789,#3790,#3791
      ,#3792,#3793,#3794,#3795,#3796,#3797,#3798,#3799,#3800,#3801)
    ,(#3802,#3803,#3804,#3805,#3806,#3807,#3808,#3809,#3810,#3811,#3812
      ,#3813,#3814,#3815,#3816,#3817,#3818,#3819,#3820,#3821,#3822)
    ,(#3823,#3824,#3825,#3826,#3827,#3828,#3829,#3830,#3831,#3832,#3833
      ,#3834,#3835,#3836,#3837,#3838,#3839,#3840,#3841,#3842,#3843)
    ,(#3844,#3845,#3846,#3847,#3848,#3849,#3850,#3851,#3852,#3853,#3854
      ,#3855,#3856,#3857,#3858,#3859,#3860,#3861,#3862,#3863,#3864)
    ,(#3865,#3866,#3867,#3868,#3869,#3870,#3871,#3872,#3873,#3874,#3875
      ,#3876,#3877,#3878,#3879,#3880,#3881,#3882,#3883,#3884,#3885)
    ,(#3886,#3887,#3888,#3889,#3890,#3891,#3892,#3893,#3894,#3895,#3896
      ,#3897,#3898,#3899,#3900,#3901,#3902,#3903,#3904,#3905,#3906)
    ,(#3907,#3908,#3909,#3910,#3911,#3912,#3913,#3914,#3915,#3916,#3917
      ,#3918,#3919,#3920,#3921,#3922,#3923,#3924,#3925,#3926,#3927)
    ,(#3928,#3929,#3930,#3931,#3932,#3933,#3934,#3935,#3936,#3937,#3938
      ,#3939,#3940,#3941,#3942,#3943,#3944,#3945,#3946,#3947,#3948)
    ,(#3949,#3950,#3951,#3952,#3953,#3954,#3955,#3956,#3957,#3958,#3959
      ,#3960,#3961,#3962,#3963,#3964,#3965,#3966,#3967,#3968,#3969)
    ,(#3970,#3971,#3972,#3973,#3974,#3975,#3976,#3977,#3978,#3979,#3980
      ,#3981,#3982,#3983,#3984,#3985,#3986,#3987,#3988,#3989,#3990)
    ,(#3991,#3992,#3993,#3994,#3995,#3996,#3997,#3998,#3999,#4000,#4001
      ,#4002,#4003,#4004,#4005,#4006,#4007,#4008,#4009,#4010,#4011)
    ,(#4012,#4013,#4014,#4015,#4016,#4017,#4018,#4019,#4020,#4021,#4022
      ,#4023,#4024,#4025,#4026,#4027,#4028,#4029,#4030,#4031,#4032
)),.UNSPECIFIED.,.T.,.F.,.F.) B_SPLINE_SURFACE_WITH_KNOTS((15,15),(9,6,6
    ,9),(0.,1.),(0.,0.29855097099,0.63294588431,1.),.UNSPECIFIED.) 
GEOMETRIC_REPRESENTATION_ITEM() RATIONAL_B_SPLINE_SURFACE((
    (1.,1.,1.,1.,1.,1.,1.,1.,1.,1.,1.,1.,1.,1.,1.,1.000000000001
      ,0.999999999999,1.000000000001,0.999999999999,1.,1.)
    ,(1.,1.,1.,1.,1.,1.,1.,1.,1.,1.,1.,1.,1.,1.,1.,1.000000000001
      ,0.999999999999,1.000000000001,0.999999999999,1.,1.)
    ,(1.,1.,1.,1.,1.,1.,1.,1.,1.,1.,1.,1.,1.,1.,1.,1.000000000001
      ,0.999999999999,1.000000000001,0.999999999999,1.,1.)
    ,(1.,1.,1.,1.,1.,1.,1.,1.,1.,1.,1.,1.,1.,1.,1.,1.000000000001
      ,0.999999999999,1.000000000001,0.999999999999,1.,1.)
    ,(1.,1.,1.,1.,1.,1.,1.,1.,1.,1.,1.,1.,1.,1.,1.,1.000000000001
      ,0.999999999999,1.000000000001,0.999999999999,1.,1.)
    ,(1.,1.,1.,1.,1.,1.,1.,1.,1.,1.,1.,1.,1.,1.,1.,1.000000000001
      ,0.999999999999,1.000000000001,0.999999999999,1.,1.)
    ,(1.,1.,1.,1.,1.,1.,1.,1.,1.,1.,1.,1.,1.,1.,1.,1.000000000001
      ,0.999999999999,1.000000000001,0.999999999999,1.,1.)
    ,(1.,1.,1.,1.,1.,1.,1.,1.,1.,1.,1.,1.,1.,1.,1.,1.000000000001
      ,0.999999999999,1.000000000001,0.999999999999,1.,1.)
    ,(1.,1.,1.,1.,1.,1.,1.,1.,1.,1.,1.,1.,1.,1.,1.,1.000000000001
      ,0.999999999999,1.000000000001,0.999999999999,1.,1.)
    ,(1.,1.,1.,1.,1.,1.,1.,1.,1.,1.,1.,1.,1.,1.,1.,1.000000000001
      ,0.999999999999,1.000000000001,0.999999999999,1.,1.)
    ,(1.,1.,1.,1.,1.,1.,1.,1.,1.,1.,1.,1.,1.,1.,1.,1.000000000001
      ,0.999999999999,1.000000000001,0.999999999999,1.,1.)
    ,(1.,1.,1.,1.,1.,1.,1.,1.,1.,1.,1.,1.,1.,1.,1.,1.000000000001
      ,0.999999999999,1.000000000001,0.999999999999,1.,1.)
    ,(1.,1.,1.,1.,1.,1.,1.,1.,1.,1.,1.,1.,1.,1.,1.,1.000000000001
      ,0.999999999999,1.000000000001,0.999999999999,1.,1.)
    ,(1.,1.,1.,1.,1.,1.,1.,1.,1.,1.,1.,1.,1.,1.,1.,1.000000000001
      ,0.999999999999,1.000000000001,0.999999999999,1.,1.)
    ,(1.,1.,1.,1.,1.,1.,1.,1.,1.,1.,1.,1.,1.,1.,1.,1.000000000001
      ,0.999999999999,1.000000000001,0.999999999999,1.,1.
))) REPRESENTATION_ITEM('') SURFACE() );
#3718 = CARTESIAN_POINT('',(16.,-58.,61.45));
#3719 = CARTESIAN_POINT('',(15.999999999997,-58.13456862445,
    61.450000096413));
#3720 = CARTESIAN_POINT('',(16.00000000001,-58.26913280508,
    61.439651844933));
#3721 = CARTESIAN_POINT('',(15.999999999983,-58.40216859062,
    61.418958316277));
#3722 = CARTESIAN_POINT('',(16.000000000018,-58.53212023373,
    61.388273215291));
#3723 = CARTESIAN_POINT('',(15.999999999987,-58.65768398815,
    61.348338598078));
#3724 = CARTESIAN_POINT('',(16.000000000005,-58.77794379688,
    61.300037672567));
#3725 = CARTESIAN_POINT('',(15.999999999993,-59.02033725078,
    61.181803632583));
#3726 = CARTESIAN_POINT('',(16.000000000007,-59.23430862033,
    61.03384136718));
#3727 = CARTESIAN_POINT('',(15.99999999998,-59.33886085237,
    60.948573009944));
#3728 = CARTESIAN_POINT('',(16.000000000027,-59.43471642363,
    60.857337726478));
#3729 = CARTESIAN_POINT('',(15.999999999981,-59.52187867886,
    60.761088452291));
#3730 = CARTESIAN_POINT('',(16.000000000006,-59.60042824132,
    60.660634089987));
#3731 = CARTESIAN_POINT('',(15.999999999993,-59.74738729304,
    60.442539730567));
#3732 = CARTESIAN_POINT('',(16.000000000006,-59.85753700537,
    60.211609251668));
#3733 = CARTESIAN_POINT('',(15.999999999987,-59.90526441374,
    60.088044531878));
#3734 = CARTESIAN_POINT('',(16.000000000017,-59.94325565301,
    59.962415126031));
#3735 = CARTESIAN_POINT('',(15.999999999985,-59.97165238403,
    59.83529008409));
#3736 = CARTESIAN_POINT('',(16.000000000009,-59.99055061547,
    59.70718647456));
#3737 = CARTESIAN_POINT('',(15.999999999997,-60.00000004233,
    59.578593192869));
#3738 = CARTESIAN_POINT('',(16.,-60.,59.45));
#3739 = CARTESIAN_POINT('',(17.727875959471,-57.99999999999,61.45));
#3740 = CARTESIAN_POINT('',(17.727875916215,-58.13456862449,
    61.450000096397));
#3741 = CARTESIAN_POINT('',(17.73252020057,-58.26913280493,
    61.439651844989));
#3742 = CARTESIAN_POINT('',(17.741807434594,-58.40216859092,
    61.418958316177));
#3743 = CARTESIAN_POINT('',(17.755578875641,-58.53212023348,
    61.38827321538));
#3744 = CARTESIAN_POINT('',(17.773501489999,-58.65768398826,
    61.348338598039));
#3745 = CARTESIAN_POINT('',(17.795178894616,-58.77794379686,
    61.30003767257));
#3746 = CARTESIAN_POINT('',(17.848242207743,-59.02033725082,
    61.181803632584));
#3747 = CARTESIAN_POINT('',(17.914647517091,-59.23430862031,
    61.033841367169));
#3748 = CARTESIAN_POINT('',(17.952915866488,-59.33886085247,
    60.948573009965));
#3749 = CARTESIAN_POINT('',(17.993862165699,-59.43471642338,
    60.857337726439));
#3750 = CARTESIAN_POINT('',(18.037058739164,-59.52187867916,
    60.76108845233));
#3751 = CARTESIAN_POINT('',(18.082142551443,-59.60042824118,
    60.66063408997));
#3752 = CARTESIAN_POINT('',(18.180023071094,-59.74738729321,
    60.442539730585));
#3753 = CARTESIAN_POINT('',(18.283664427646,-59.85753700522,
    60.211609251648));
#3754 = CARTESIAN_POINT('',(18.339120144194,-59.90526441423,
    60.088044531947));
#3755 = CARTESIAN_POINT('',(18.395502489818,-59.94325565202,
    59.96241512586));
#3756 = CARTESIAN_POINT('',(18.452556074948,-59.97165238528,
    59.835290084354));
#3757 = CARTESIAN_POINT('',(18.510048840779,-59.99055061455,
    59.707186474326));
#3758 = CARTESIAN_POINT('',(18.567761370437,-60.00000004268,
    59.578593192965));
#3759 = CARTESIAN_POINT('',(18.625473860504,-60.,59.449999999998));
#3760 = CARTESIAN_POINT('',(19.455752556765,-58.00000000003,
    62.285124954947));
#3761 = CARTESIAN_POINT('',(19.455752470117,-58.13456862408,
    62.285146305089));
#3762 = CARTESIAN_POINT('',(19.465041041029,-58.26913280632,
    62.27697856851));
#3763 = CARTESIAN_POINT('',(19.483615511691,-58.40216858853,
    62.260842479108));
#3764 = CARTESIAN_POINT('',(19.511158399648,-58.53212023544,
    62.236767818921));
#3765 = CARTESIAN_POINT('',(19.547003634335,-58.65768398747,
    62.205514906394));
#3766 = CARTESIAN_POINT('',(19.590358452086,-58.777943797,62.1676866216)
  );
#3767 = CARTESIAN_POINT('',(19.696485097416,-59.02033725061,
    62.075099763803));
#3768 = CARTESIAN_POINT('',(19.829295741236,-59.23430862042,
    61.959232338043));
#3769 = CARTESIAN_POINT('',(19.905832452959,-59.33886085202,
    61.892460143417));
#3770 = CARTESIAN_POINT('',(19.987725068466,-59.43471642463,
    61.82101486907));
#3771 = CARTESIAN_POINT('',(20.074118229608,-59.52187867766,
    61.745643608937));
#3772 = CARTESIAN_POINT('',(20.164285871603,-59.60042824189,
    61.666979166105));
#3773 = CARTESIAN_POINT('',(20.360046946747,-59.74738729237,
    61.4961926401));
#3774 = CARTESIAN_POINT('',(20.567329698327,-59.85753700595,
    61.315354264967));
#3775 = CARTESIAN_POINT('',(20.678241151806,-59.90526441197,
    61.218592560609));
#3776 = CARTESIAN_POINT('',(20.791005863407,-59.94325565653,
    61.120213883851));
#3777 = CARTESIAN_POINT('',(20.905113056057,-59.97165237956,
    61.020664198413));
#3778 = CARTESIAN_POINT('',(21.020098607285,-59.99055061882,
    60.920348013838));
#3779 = CARTESIAN_POINT('',(21.135523689039,-60.00000004106,
    60.819648507321));
#3780 = CARTESIAN_POINT('',(21.250948690114,-59.99999999997,
    60.718949013022));
#3781 = CARTESIAN_POINT('',(20.746354484264,-57.99999999992,
    63.955329289169));
#3782 = CARTESIAN_POINT('',(20.746354365671,-58.13456862536,
    63.955180401196));
#3783 = CARTESIAN_POINT('',(20.759111889379,-58.26913280208,
    63.952015388455));
#3784 = CARTESIAN_POINT('',(20.784623273245,-58.40216859564,
    63.944307032901));
#3785 = CARTESIAN_POINT('',(20.822452458191,-58.53212022964,
    63.933909237996));
#3786 = CARTESIAN_POINT('',(20.871684627885,-58.65768398971,
    63.91982662409));
#3787 = CARTESIAN_POINT('',(20.931230942416,-58.7779437966,
    63.902988869023));
#3788 = CARTESIAN_POINT('',(21.07699215529,-59.02033725118,
    63.861691199611));
#3789 = CARTESIAN_POINT('',(21.259402897483,-59.23430862012,
    63.810016500223));
#3790 = CARTESIAN_POINT('',(21.364523380201,-59.33886085319,
    63.780234341241));
#3791 = CARTESIAN_POINT('',(21.476999999037,-59.43471642097,
    63.748371450793));
#3792 = CARTESIAN_POINT('',(21.595657969578,-59.52187868213,
    63.714754603692));
#3793 = CARTESIAN_POINT('',(21.719500049418,-59.60042823972,
    63.67967077107));
#3794 = CARTESIAN_POINT('',(21.988370995587,-59.74738729491,
    63.603499624874));
#3795 = CARTESIAN_POINT('',(22.273066557336,-59.85753700374,
    63.522845856646));
#3796 = CARTESIAN_POINT('',(22.425399534426,-59.90526441878,
    63.479689685952));
#3797 = CARTESIAN_POINT('',(22.580277897793,-59.94325564283,
    63.435813434613));
#3798 = CARTESIAN_POINT('',(22.737000105678,-59.97165239697,
    63.391413403108));
#3799 = CARTESIAN_POINT('',(22.894928717738,-59.99055060573,
    63.346672984348));
#3800 = CARTESIAN_POINT('',(23.053461000654,-60.00000004599,
    63.301760604635));
#3801 = CARTESIAN_POINT('',(23.211993177471,-60.00000000004,
    63.256848661274));
#3802 = CARTESIAN_POINT('',(21.162455744003,-58.00000000012,
    66.211066626924));
#3803 = CARTESIAN_POINT('',(21.162455614051,-58.13456862219,
    66.211594598372));
#3804 = CARTESIAN_POINT('',(21.176331561847,-58.26913281212,
    66.212450550052));
#3805 = CARTESIAN_POINT('',(21.204079461421,-58.40216857942,
    66.21905222853));
#3806 = CARTESIAN_POINT('',(21.24522504226,-58.53212024278,
    66.225181015917));
#3807 = CARTESIAN_POINT('',(21.29877327235,-58.65768398478,
    66.235109253804));
#3808 = CARTESIAN_POINT('',(21.363539869109,-58.77794379752,
    66.246425504257));
#3809 = CARTESIAN_POINT('',(21.522079607074,-59.02033725,66.274413859491
    ));
#3810 = CARTESIAN_POINT('',(21.720481855441,-59.23430862076,
    66.309415841996));
#3811 = CARTESIAN_POINT('',(21.834817985949,-59.33886085085,
    66.329596980979));
#3812 = CARTESIAN_POINT('',(21.957155165879,-59.43471642893,
    66.351178409713));
#3813 = CARTESIAN_POINT('',(22.086215579571,-59.52187867236,
    66.373956084237));
#3814 = CARTESIAN_POINT('',(22.220914595486,-59.6004282446,
    66.397722807303));
#3815 = CARTESIAN_POINT('',(22.513356796661,-59.74738728935,
    66.449327110394));
#3816 = CARTESIAN_POINT('',(22.823010921342,-59.85753700866,
    66.503966880534));
#3817 = CARTESIAN_POINT('',(22.988698557089,-59.90526440382,
    66.533204924243));
#3818 = CARTESIAN_POINT('',(23.157154722577,-59.94325567329,
    66.562927858915));
#3819 = CARTESIAN_POINT('',(23.327616392431,-59.9716523582,
    66.593009715842));
#3820 = CARTESIAN_POINT('',(23.499390206423,-59.99055063505,
    66.623318194796));
#3821 = CARTESIAN_POINT('',(23.671820634094,-60.00000003501,
    66.653745877368));
#3822 = CARTESIAN_POINT('',(23.844250935555,-59.99999999995,
    66.684172096216));
#3823 = CARTESIAN_POINT('',(20.4235609148,-57.99999999986,
    68.552121697843));
#3824 = CARTESIAN_POINT('',(20.423560805097,-58.13456862864,
    68.55091477289));
#3825 = CARTESIAN_POINT('',(20.435450703146,-58.26913279259,
    68.563296846226));
#3826 = CARTESIAN_POINT('',(20.459227093116,-58.40216860973,
    68.57688025141));
#3827 = CARTESIAN_POINT('',(20.494483561098,-58.53212021826,
    68.605388863087));
#3828 = CARTESIAN_POINT('',(20.540367514574,-58.65768399392,
    68.638029153818));
#3829 = CARTESIAN_POINT('',(20.595864157813,-58.77794379564,
    68.679089195946));
#3830 = CARTESIAN_POINT('',(20.731712336966,-59.02033725214,
    68.778940889449));
#3831 = CARTESIAN_POINT('',(20.901717552526,-59.23430861943,
    68.903952861488));
#3832 = CARTESIAN_POINT('',(20.99968892915,-59.33886085503,
    68.975972372903));
#3833 = CARTESIAN_POINT('',(21.104516147165,-59.43471641465,
    69.05305899491));
#3834 = CARTESIAN_POINT('',(21.215104345997,-59.52187868957,
    69.134358725181));
#3835 = CARTESIAN_POINT('',(21.330524079525,-59.60042823585,
    69.219224343862));
#3836 = CARTESIAN_POINT('',(21.581109453374,-59.74738729905,
    69.403463178336));
#3837 = CARTESIAN_POINT('',(21.846443229317,-59.8575369999,
    69.598549529163));
#3838 = CARTESIAN_POINT('',(21.988416232348,-59.90526443001,
    69.702930980542));
#3839 = CARTESIAN_POINT('',(22.132761518846,-59.94325561943,
    69.809064941051));
#3840 = CARTESIAN_POINT('',(22.278825237329,-59.97165242668,
    69.916450855079));
#3841 = CARTESIAN_POINT('',(22.426013335595,-59.99055058302,
    70.024674688621));
#3842 = CARTESIAN_POINT('',(22.573764030764,-60.00000005438,
    70.133304537172));
#3843 = CARTESIAN_POINT('',(22.721514636938,-59.99999999999,
    70.241937613387));
#3844 = CARTESIAN_POINT('',(18.563658194346,-58.00000000008,
    70.340235005407));
#3845 = CARTESIAN_POINT('',(18.563658128664,-58.1345686181,
    70.342170856954));
#3846 = CARTESIAN_POINT('',(18.570548881248,-58.26913282345,
    70.349877788253));
#3847 = CARTESIAN_POINT('',(18.584328391419,-58.40216856339,
    70.383219493385));
#3848 = CARTESIAN_POINT('',(18.604761150383,-58.53212025587,
    70.419238259986));
#3849 = CARTESIAN_POINT('',(18.631353020565,-58.65768397979,
    70.473271704439));
#3850 = CARTESIAN_POINT('',(18.663515897146,-58.77794379886,
    70.536088008499));
#3851 = CARTESIAN_POINT('',(18.742246196028,-59.02033724877,
    70.690908693403));
#3852 = CARTESIAN_POINT('',(18.840772090101,-59.23430862184,
    70.884570115631));
#3853 = CARTESIAN_POINT('',(18.897551021986,-59.33886084841,
    70.996210999869));
#3854 = CARTESIAN_POINT('',(18.958303265636,-59.43471643615,
    71.115620495102));
#3855 = CARTESIAN_POINT('',(19.022394224919,-59.52187866445,
    71.241629749932));
#3856 = CARTESIAN_POINT('',(19.089285307878,-59.60042824875,
    71.373121932054));
#3857 = CARTESIAN_POINT('',(19.234511122354,-59.7473872851,
    71.658619707024));
#3858 = CARTESIAN_POINT('',(19.388284321723,-59.85753701271,
    71.960914281226));
#3859 = CARTESIAN_POINT('',(19.470564247139,-59.90526439241,
    72.122670491254));
#3860 = CARTESIAN_POINT('',(19.554219005738,-59.94325569729,
    72.287116125765));
#3861 = CARTESIAN_POINT('',(19.638869714161,-59.97165232798,
    72.453538098414));
#3862 = CARTESIAN_POINT('',(19.724171996499,-59.99055065827,
    72.621223006152));
#3863 = CARTESIAN_POINT('',(19.809800379274,-60.00000002655,
    72.789561188998));
#3864 = CARTESIAN_POINT('',(19.89542868478,-60.0000000001,
    72.957893954644));
#3865 = CARTESIAN_POINT('',(16.000000000005,-58.00000000001,
    71.012244921527));
#3866 = CARTESIAN_POINT('',(16.000000001627,-58.13456863189,
    71.009986137615));
#3867 = CARTESIAN_POINT('',(15.999999996764,-58.26913278393,
    71.032153757944));
#3868 = CARTESIAN_POINT('',(16.000000001584,-58.40216862142,
    71.055564224925));
#3869 = CARTESIAN_POINT('',(15.999999999727,-58.53212020843,
    71.105936518006));
#3870 = CARTESIAN_POINT('',(16.000000001001,-58.65768399791,
    71.163142385378));
#3871 = CARTESIAN_POINT('',(15.999999998275,-58.77794379433,
    71.235292905658));
#3872 = CARTESIAN_POINT('',(16.000000002235,-59.02033725332,
    71.410676660477));
#3873 = CARTESIAN_POINT('',(15.99999999739,-59.23430861824,
    71.630259214405));
#3874 = CARTESIAN_POINT('',(16.000000006749,-59.33886085745,
    71.756758284543));
#3875 = CARTESIAN_POINT('',(15.999999991919,-59.43471640896,
    71.89216065292));
#3876 = CARTESIAN_POINT('',(16.000000004227,-59.52187869509,
    72.034960646869));
#3877 = CARTESIAN_POINT('',(15.999999999085,-59.60042823293,
    72.184025598437));
#3878 = CARTESIAN_POINT('',(16.000000000417,-59.74738730182,
    72.507636555738));
#3879 = CARTESIAN_POINT('',(15.99999999995,-59.85753699717,
    72.850301367394));
#3880 = CARTESIAN_POINT('',(15.999999997318,-59.90526443709,
    73.033644586805));
#3881 = CARTESIAN_POINT('',(16.000000008872,-59.94325560444,
    73.220067006414));
#3882 = CARTESIAN_POINT('',(15.999999986445,-59.97165244523,
    73.408687121278));
#3883 = CARTESIAN_POINT('',(16.000000011277,-59.99055056867,
    73.598780325471));
#3884 = CARTESIAN_POINT('',(15.999999995135,-60.00000005949,
    73.789585796655));
#3885 = CARTESIAN_POINT('',(16.000000000076,-59.99999999978,
    73.980397322068));
#3886 = CARTESIAN_POINT('',(13.43634180565,-57.99999999991,
    70.340235005405));
#3887 = CARTESIAN_POINT('',(13.436341868426,-58.1345686175,
    70.342170857397));
#3888 = CARTESIAN_POINT('',(13.42945112455,-58.26913282474,
    70.349877787033));
#3889 = CARTESIAN_POINT('',(13.415671605759,-58.40216856225,
    70.383219495021));
#3890 = CARTESIAN_POINT('',(13.395238850085,-58.53212025731,
    70.419238258541));
#3891 = CARTESIAN_POINT('',(13.368646977609,-58.65768397884,
    70.473271705112));
#3892 = CARTESIAN_POINT('',(13.336484105987,-58.77794379953,
    70.536088008353));
#3893 = CARTESIAN_POINT('',(13.257753799904,-59.02033724815,
    70.690908693441));
#3894 = CARTESIAN_POINT('',(13.159227914633,-59.23430862262,
    70.884570115548));
#3895 = CARTESIAN_POINT('',(13.10244896574,-59.33886084699,
    70.996210999974));
#3896 = CARTESIAN_POINT('',(13.041696749067,-59.43471643788,
    71.115620494767));
#3897 = CARTESIAN_POINT('',(12.977605767375,-59.52187866367,
    71.241629750196));
#3898 = CARTESIAN_POINT('',(12.910714693783,-59.60042824916,
    71.373121931889));
#3899 = CARTESIAN_POINT('',(12.765488876877,-59.74738728497,
    71.658619707146));
#3900 = CARTESIAN_POINT('',(12.61171567837,-59.85753701295,
    71.960914281047));
#3901 = CARTESIAN_POINT('',(12.5294357577,-59.90526439264,
    72.122670491509));
#3902 = CARTESIAN_POINT('',(12.445780978201,-59.94325569679,
    72.287116125458));
#3903 = CARTESIAN_POINT('',(12.361130310365,-59.97165232918,
    72.453538098508));
#3904 = CARTESIAN_POINT('',(12.275827983092,-59.99055065743,
    72.621223006068));
#3905 = CARTESIAN_POINT('',(12.190199629522,-60.00000002702,
    72.789561189016));
#3906 = CARTESIAN_POINT('',(12.104571315076,-60.00000000026,
    72.957893954614));
#3907 = CARTESIAN_POINT('',(11.576439085193,-58.00000000011,
    68.552121697847));
#3908 = CARTESIAN_POINT('',(11.576439197041,-58.13456862946,
    68.550914772264));
#3909 = CARTESIAN_POINT('',(11.56454929252,-58.26913279085,
    68.563296847951));
#3910 = CARTESIAN_POINT('',(11.540772909124,-58.40216861111,
    68.5768802491));
#3911 = CARTESIAN_POINT('',(11.505516438384,-58.53212021645,
    68.605388865142));
#3912 = CARTESIAN_POINT('',(11.459632486929,-58.65768399514,
    68.63802915286));
#3913 = CARTESIAN_POINT('',(11.404135839815,-58.7779437947,
    68.679089196158));
#3914 = CARTESIAN_POINT('',(11.268287666126,-59.02033725299,
    68.778940889398));
#3915 = CARTESIAN_POINT('',(11.098282443916,-59.23430861832,
    68.903952861605));
#3916 = CARTESIAN_POINT('',(11.00031108014,-59.33886085702,
    68.975972372766));
#3917 = CARTESIAN_POINT('',(10.895483841687,-59.43471641219,
    69.053058995375));
#3918 = CARTESIAN_POINT('',(10.784895659901,-59.52187869067,
    69.134358724821));
#3919 = CARTESIAN_POINT('',(10.669475919206,-59.60042823525,
    69.219224344093));
#3920 = CARTESIAN_POINT('',(10.418890547258,-59.74738729924,
    69.403463178174));
#3921 = CARTESIAN_POINT('',(10.153556770585,-59.85753699952,
    69.598549529411));
#3922 = CARTESIAN_POINT('',(10.011583764144,-59.90526442982,
    69.702930980197));
#3923 = CARTESIAN_POINT('',(9.867238493017,-59.94325561983,
    69.809064941487));
#3924 = CARTESIAN_POINT('',(9.721174744543,-59.97165242534,
    69.916450854929));
#3925 = CARTESIAN_POINT('',(9.57398667951,-59.99055058394,70.02467468877
    ));
#3926 = CARTESIAN_POINT('',(9.426235962739,-60.0000000538,
    70.133304537136));
#3927 = CARTESIAN_POINT('',(9.278485363181,-59.99999999975,
    70.241937613432));
#3928 = CARTESIAN_POINT('',(10.837544256009,-57.9999999999,
    66.211066626921));
#3929 = CARTESIAN_POINT('',(10.837544384732,-58.13456862148,
    66.211594598896));
#3930 = CARTESIAN_POINT('',(10.823668440638,-58.2691328136,
    66.212450548607));
#3931 = CARTESIAN_POINT('',(10.79592053731,-58.40216857835,
    66.219052230463));
#3932 = CARTESIAN_POINT('',(10.754774958026,-58.53212024425,
    66.225181014183));
#3933 = CARTESIAN_POINT('',(10.701226726701,-58.65768398376,
    66.235109254611));
#3934 = CARTESIAN_POINT('',(10.636460132337,-58.77794379836,
    66.246425504078));
#3935 = CARTESIAN_POINT('',(10.477920391029,-59.02033724924,
    66.274413859526));
#3936 = CARTESIAN_POINT('',(10.279518146713,-59.23430862177,
    66.309415841901));
#3937 = CARTESIAN_POINT('',(10.165182008365,-59.33886084899,
    66.329596981072));
#3938 = CARTESIAN_POINT('',(10.04284484096,-59.4347164313,
    66.351178409341));
#3939 = CARTESIAN_POINT('',(9.913784416772,-59.52187867121,
    66.373956084523));
#3940 = CARTESIAN_POINT('',(9.779085405294,-59.60042824521,
    66.39772280711));
#3941 = CARTESIAN_POINT('',(9.486643202921,-59.74738728908,
    66.44932711052));
#3942 = CARTESIAN_POINT('',(9.176989078731,-59.8575370091,
    66.503966880327));
#3943 = CARTESIAN_POINT('',(9.011301444964,-59.9052644036,
    66.533204924536));
#3944 = CARTESIAN_POINT('',(8.842845270331,-59.94325567368,66.5629278585
    ));
#3945 = CARTESIAN_POINT('',(8.672383618399,-59.97165235854,
    66.593009716042));
#3946 = CARTESIAN_POINT('',(8.500609784542,-59.99055063484,
    66.623318194598));
#3947 = CARTESIAN_POINT('',(8.328179369779,-60.0000000353,
    66.653745877426));
#3948 = CARTESIAN_POINT('',(8.155749064364,-60.00000000016,
    66.684172096174));
#3949 = CARTESIAN_POINT('',(11.253645515727,-58.00000000005,
    63.955329289171));
#3950 = CARTESIAN_POINT('',(11.253645634879,-58.13456862574,
    63.955180400889));
#3951 = CARTESIAN_POINT('',(11.240888109479,-58.26913280133,
    63.952015389306));
#3952 = CARTESIAN_POINT('',(11.215376727352,-58.40216859602,
    63.944307031761));
#3953 = CARTESIAN_POINT('',(11.177547541657,-58.53212022903,
    63.93390923903));
#3954 = CARTESIAN_POINT('',(11.128315372603,-58.65768399014,
    63.919826623609));
#3955 = CARTESIAN_POINT('',(11.068769056886,-58.77794379615,
    63.902988869132));
#3956 = CARTESIAN_POINT('',(10.923007845631,-59.02033725155,
    63.861691199592));
#3957 = CARTESIAN_POINT('',(10.740597101489,-59.23430861959,
    63.81001650028));
#3958 = CARTESIAN_POINT('',(10.635476622542,-59.3388608541,
    63.780234341194));
#3959 = CARTESIAN_POINT('',(10.522999997659,-59.43471641981,
    63.748371451006));
#3960 = CARTESIAN_POINT('',(10.404342032208,-59.52187868262,
    63.714754603531));
#3961 = CARTESIAN_POINT('',(10.280499950205,-59.60042823941,
    63.679670771182));
#3962 = CARTESIAN_POINT('',(10.011629004633,-59.74738729499,
    63.603499624806));
#3963 = CARTESIAN_POINT('',(9.72693344262,-59.85753700352,
    63.522845856764));
#3964 = CARTESIAN_POINT('',(9.57460046464,-59.90526441875,
    63.479689685791));
#3965 = CARTESIAN_POINT('',(9.419722105528,-59.94325564284,
    63.435813434856));
#3966 = CARTESIAN_POINT('',(9.262999889251,-59.97165239651,
    63.391413402983));
#3967 = CARTESIAN_POINT('',(9.105071286501,-59.99055060602,
    63.34667298448));
#3968 = CARTESIAN_POINT('',(8.946538997535,-60.00000004575,
    63.301760604596));
#3969 = CARTESIAN_POINT('',(8.788006822573,-59.99999999991,63.2568486613
    ));
#3970 = CARTESIAN_POINT('',(12.544247443239,-57.99999999997,
    62.285124954946));
#3971 = CARTESIAN_POINT('',(12.544247529706,-58.13456862398,
    62.2851463052));
#3972 = CARTESIAN_POINT('',(12.534958959338,-58.26913280645,
    62.2769785682));
#3973 = CARTESIAN_POINT('',(12.516384488129,-58.40216858864,
    62.260842479519));
#3974 = CARTESIAN_POINT('',(12.488841600391,-58.53212023546,
    62.236767818546));
#3975 = CARTESIAN_POINT('',(12.452996365489,-58.65768398741,
    62.205514906563));
#3976 = CARTESIAN_POINT('',(12.409641548162,-58.77794379716,
    62.167686621564));
#3977 = CARTESIAN_POINT('',(12.303514902254,-59.02033725049,
    62.075099763798));
#3978 = CARTESIAN_POINT('',(12.170704259128,-59.23430862061,
    61.959232338032));
#3979 = CARTESIAN_POINT('',(12.09416754606,-59.3388608517,
    61.892460143396));
#3980 = CARTESIAN_POINT('',(12.012274932718,-59.43471642505,
    61.821014869039));
#3981 = CARTESIAN_POINT('',(11.925881769744,-59.52187867748,
    61.745643608957));
#3982 = CARTESIAN_POINT('',(11.835714128533,-59.60042824202,
    61.666979166076));
#3983 = CARTESIAN_POINT('',(11.639953053168,-59.74738729233,
    61.496192640107));
#3984 = CARTESIAN_POINT('',(11.432670301692,-59.85753700605,
    61.315354264937));
#3985 = CARTESIAN_POINT('',(11.32175884851,-59.90526441189,
    61.218592560622));
#3986 = CARTESIAN_POINT('',(11.208994135437,-59.94325565675,
    61.120213883835));
#3987 = CARTESIAN_POINT('',(11.09488694571,-59.97165237946,
    61.020664198379));
#3988 = CARTESIAN_POINT('',(10.979901391236,-59.99055061892,
    60.920348013837));
#3989 = CARTESIAN_POINT('',(10.86447631159,-60.00000004108,
    60.819648507318));
#3990 = CARTESIAN_POINT('',(10.749051309868,-60.00000000003,
    60.718949013011));
#3991 = CARTESIAN_POINT('',(14.272124040528,-58.,61.45));
#3992 = CARTESIAN_POINT('',(14.27212408383,-58.13456862445,
    61.45000009637));
#3993 = CARTESIAN_POINT('',(14.26747979933,-58.26913280506,
    61.439651845064));
#3994 = CARTESIAN_POINT('',(14.258192565477,-58.40216859064,
    61.418958316077));
#3995 = CARTESIAN_POINT('',(14.244421124324,-58.53212023371,
    61.388273215471));
#3996 = CARTESIAN_POINT('',(14.226498510052,-58.65768398814,
    61.348338597998));
#3997 = CARTESIAN_POINT('',(14.204821105329,-58.77794379686,
    61.300037672579));
#3998 = CARTESIAN_POINT('',(14.15175779233,-59.0203372508,
    61.181803632585));
#3999 = CARTESIAN_POINT('',(14.08535248283,-59.23430862031,
    61.033841367172));
#4000 = CARTESIAN_POINT('',(14.047084133725,-59.3388608524,
    60.948573009967));
#4001 = CARTESIAN_POINT('',(14.006137834043,-59.43471642348,
    60.85733772645));
#4002 = CARTESIAN_POINT('',(13.96294126098,-59.52187867905,
    60.761088452321));
#4003 = CARTESIAN_POINT('',(13.917857448525,-59.60042824121,
    60.660634089978));
#4004 = CARTESIAN_POINT('',(13.819976928928,-59.74738729316,
    60.442539730582));
#4005 = CARTESIAN_POINT('',(13.716335572347,-59.85753700525,
    60.211609251657));
#4006 = CARTESIAN_POINT('',(13.660879855749,-59.90526441407,
    60.088044531935));
#4007 = CARTESIAN_POINT('',(13.604497510413,-59.94325565228,
    59.962415125882));
#4008 = CARTESIAN_POINT('',(13.547443924693,-59.97165238496,
    59.835290084339));
#4009 = CARTESIAN_POINT('',(13.489951159525,-59.99055061476,
    59.707186474343));
#4010 = CARTESIAN_POINT('',(13.432238629433,-60.00000004259,
    59.578593192959));
#4011 = CARTESIAN_POINT('',(13.3745261395,-59.99999999999,
    59.450000000001));
#4012 = CARTESIAN_POINT('',(16.,-58.,61.45));
#4013 = CARTESIAN_POINT('',(15.999999999996,-58.13456862442,
    61.450000096429));
#4014 = CARTESIAN_POINT('',(16.000000000012,-58.26913280516,
    61.439651844888));
#4015 = CARTESIAN_POINT('',(15.999999999983,-58.4021685905,
    61.418958316345));
#4016 = CARTESIAN_POINT('',(16.000000000016,-58.53212023383,
    61.388273215229));
#4017 = CARTESIAN_POINT('',(15.999999999991,-58.65768398811,
    61.348338598113));
#4018 = CARTESIAN_POINT('',(16.000000000003,-58.77794379689,
    61.300037672556));
#4019 = CARTESIAN_POINT('',(15.999999999997,-59.02033725077,
    61.181803632597));
#4020 = CARTESIAN_POINT('',(16.000000000003,-59.23430862034,
    61.033841367165));
#4021 = CARTESIAN_POINT('',(15.99999999999,-59.33886085234,
    60.948573009986));
#4022 = CARTESIAN_POINT('',(16.000000000014,-59.43471642366,
    60.857337726419));
#4023 = CARTESIAN_POINT('',(15.999999999989,-59.52187867884,
    60.761088452338));
#4024 = CARTESIAN_POINT('',(16.000000000005,-59.60042824133,
    60.660634089968));
#4025 = CARTESIAN_POINT('',(15.999999999994,-59.74738729304,
    60.44253973059));
#4026 = CARTESIAN_POINT('',(16.000000000006,-59.85753700537,
    60.211609251646));
#4027 = CARTESIAN_POINT('',(15.999999999976,-59.90526441376,
    60.088044531951));
#4028 = CARTESIAN_POINT('',(16.000000000048,-59.94325565295,
    59.962415125898));
#4029 = CARTESIAN_POINT('',(15.999999999943,-59.97165238412,
    59.835290084243));
#4030 = CARTESIAN_POINT('',(16.000000000041,-59.99055061541,
    59.707186474453));
#4031 = CARTESIAN_POINT('',(15.999999999985,-60.00000004235,
    59.578593192908));
#4032 = CARTESIAN_POINT('',(16.,-60.,59.45));
#4033 = DEFINITIONAL_REPRESENTATION('',(#4034),#4038);
#4034 = LINE('',#4035,#4036);
#4035 = CARTESIAN_POINT('',(0.,1.));
#4036 = VECTOR('',#4037,1.);
#4037 = DIRECTION('',(1.,0.));
#4038 = ( GEOMETRIC_REPRESENTATION_CONTEXT(2) 
PARAMETRIC_REPRESENTATION_CONTEXT() REPRESENTATION_CONTEXT('2D SPACE',''
  ) );
#4039 = ORIENTED_EDGE('',*,*,#4040,.F.);
#4040 = EDGE_CURVE('',#4041,#3678,#4043,.T.);
#4041 = VERTEX_POINT('',#4042);
#4042 = CARTESIAN_POINT('',(10.274399598524,-60.,66.5));
#4043 = SURFACE_CURVE('',#4044,(#4060,#4079),.PCURVE_S1.);
#4044 = B_SPLINE_CURVE_WITH_KNOTS('',14,(#4045,#4046,#4047,#4048,#4049,
    #4050,#4051,#4052,#4053,#4054,#4055,#4056,#4057,#4058,#4059),
  .UNSPECIFIED.,.T.,.F.,(15,15),(0.,1.),.PIECEWISE_BEZIER_KNOTS.);
#4045 = CARTESIAN_POINT('',(16.,-60.,59.45));
#4046 = CARTESIAN_POINT('',(18.625473860504,-60.,59.449999999998));
#4047 = CARTESIAN_POINT('',(21.250948690114,-59.99999999997,
    60.718949013022));
#4048 = CARTESIAN_POINT('',(23.211993177471,-60.00000000004,
    63.256848661274));
#4049 = CARTESIAN_POINT('',(23.844250935555,-59.99999999995,
    66.684172096216));
#4050 = CARTESIAN_POINT('',(22.721514636938,-59.99999999999,
    70.241937613387));
#4051 = CARTESIAN_POINT('',(19.89542868478,-60.0000000001,
    72.957893954644));
#4052 = CARTESIAN_POINT('',(16.000000000076,-59.99999999978,
    73.980397322068));
#4053 = CARTESIAN_POINT('',(12.104571315076,-60.00000000026,
    72.957893954614));
#4054 = CARTESIAN_POINT('',(9.278485363181,-59.99999999975,
    70.241937613432));
#4055 = CARTESIAN_POINT('',(8.155749064364,-60.00000000016,
    66.684172096174));
#4056 = CARTESIAN_POINT('',(8.788006822573,-59.99999999991,63.2568486613
    ));
#4057 = CARTESIAN_POINT('',(10.749051309868,-60.00000000003,
    60.718949013011));
#4058 = CARTESIAN_POINT('',(13.3745261395,-59.99999999999,
    59.450000000001));
#4059 = CARTESIAN_POINT('',(16.,-60.,59.45));
#4060 = PCURVE('',#2814,#4061);
#4061 = DEFINITIONAL_REPRESENTATION('',(#4062),#4078);
#4062 = B_SPLINE_CURVE_WITH_KNOTS('',14,(#4063,#4064,#4065,#4066,#4067,
    #4068,#4069,#4070,#4071,#4072,#4073,#4074,#4075,#4076,#4077),
  .UNSPECIFIED.,.F.,.F.,(15,15),(0.,1.),.PIECEWISE_BEZIER_KNOTS.);
#4063 = CARTESIAN_POINT('',(106.5,-7.05));
#4064 = CARTESIAN_POINT('',(109.1254738605,-7.050000000002));
#4065 = CARTESIAN_POINT('',(111.75094869011,-5.781050986978));
#4066 = CARTESIAN_POINT('',(113.71199317747,-3.243151338726));
#4067 = CARTESIAN_POINT('',(114.34425093555,0.184172096216));
#4068 = CARTESIAN_POINT('',(113.22151463693,3.741937613387));
#4069 = CARTESIAN_POINT('',(110.39542868478,6.457893954644));
#4070 = CARTESIAN_POINT('',(106.50000000007,7.480397322068));
#4071 = CARTESIAN_POINT('',(102.60457131507,6.457893954614));
#4072 = CARTESIAN_POINT('',(99.778485363181,3.741937613432));
#4073 = CARTESIAN_POINT('',(98.655749064364,0.184172096174));
#4074 = CARTESIAN_POINT('',(99.288006822573,-3.2431513387));
#4075 = CARTESIAN_POINT('',(101.24905130986,-5.781050986989));
#4076 = CARTESIAN_POINT('',(103.8745261395,-7.049999999999));
#4077 = CARTESIAN_POINT('',(106.5,-7.05));
#4078 = ( GEOMETRIC_REPRESENTATION_CONTEXT(2) 
PARAMETRIC_REPRESENTATION_CONTEXT() REPRESENTATION_CONTEXT('2D SPACE',''
  ) );
#4079 = PCURVE('',#4080,#4396);
#4080 = ( BOUNDED_SURFACE() B_SPLINE_SURFACE(14,8,(
    (#4081,#4082,#4083,#4084,#4085,#4086,#4087,#4088,#4089,#4090,#4091
      ,#4092,#4093,#4094,#4095,#4096,#4097,#4098,#4099,#4100,#4101)
    ,(#4102,#4103,#4104,#4105,#4106,#4107,#4108,#4109,#4110,#4111,#4112
      ,#4113,#4114,#4115,#4116,#4117,#4118,#4119,#4120,#4121,#4122)
    ,(#4123,#4124,#4125,#4126,#4127,#4128,#4129,#4130,#4131,#4132,#4133
      ,#4134,#4135,#4136,#4137,#4138,#4139,#4140,#4141,#4142,#4143)
    ,(#4144,#4145,#4146,#4147,#4148,#4149,#4150,#4151,#4152,#4153,#4154
      ,#4155,#4156,#4157,#4158,#4159,#4160,#4161,#4162,#4163,#4164)
    ,(#4165,#4166,#4167,#4168,#4169,#4170,#4171,#4172,#4173,#4174,#4175
      ,#4176,#4177,#4178,#4179,#4180,#4181,#4182,#4183,#4184,#4185)
    ,(#4186,#4187,#4188,#4189,#4190,#4191,#4192,#4193,#4194,#4195,#4196
      ,#4197,#4198,#4199,#4200,#4201,#4202,#4203,#4204,#4205,#4206)
    ,(#4207,#4208,#4209,#4210,#4211,#4212,#4213,#4214,#4215,#4216,#4217
      ,#4218,#4219,#4220,#4221,#4222,#4223,#4224,#4225,#4226,#4227)
    ,(#4228,#4229,#4230,#4231,#4232,#4233,#4234,#4235,#4236,#4237,#4238
      ,#4239,#4240,#4241,#4242,#4243,#4244,#4245,#4246,#4247,#4248)
    ,(#4249,#4250,#4251,#4252,#4253,#4254,#4255,#4256,#4257,#4258,#4259
      ,#4260,#4261,#4262,#4263,#4264,#4265,#4266,#4267,#4268,#4269)
    ,(#4270,#4271,#4272,#4273,#4274,#4275,#4276,#4277,#4278,#4279,#4280
      ,#4281,#4282,#4283,#4284,#4285,#4286,#4287,#4288,#4289,#4290)
    ,(#4291,#4292,#4293,#4294,#4295,#4296,#4297,#4298,#4299,#4300,#4301
      ,#4302,#4303,#4304,#4305,#4306,#4307,#4308,#4309,#4310,#4311)
    ,(#4312,#4313,#4314,#4315,#4316,#4317,#4318,#4319,#4320,#4321,#4322
      ,#4323,#4324,#4325,#4326,#4327,#4328,#4329,#4330,#4331,#4332)
    ,(#4333,#4334,#4335,#4336,#4337,#4338,#4339,#4340,#4341,#4342,#4343
      ,#4344,#4345,#4346,#4347,#4348,#4349,#4350,#4351,#4352,#4353)
    ,(#4354,#4355,#4356,#4357,#4358,#4359,#4360,#4361,#4362,#4363,#4364
      ,#4365,#4366,#4367,#4368,#4369,#4370,#4371,#4372,#4373,#4374)
    ,(#4375,#4376,#4377,#4378,#4379,#4380,#4381,#4382,#4383,#4384,#4385
      ,#4386,#4387,#4388,#4389,#4390,#4391,#4392,#4393,#4394,#4395
)),.UNSPECIFIED.,.T.,.F.,.F.) B_SPLINE_SURFACE_WITH_KNOTS((15,15),(9,6,6
    ,9),(0.,1.),(0.,0.29855097099,0.63294588431,1.),.UNSPECIFIED.) 
GEOMETRIC_REPRESENTATION_ITEM() RATIONAL_B_SPLINE_SURFACE((
    (1.,1.,1.,1.,1.,1.,1.,1.,1.,1.,1.,1.,1.,1.,1.,1.000000000001
      ,0.999999999999,1.000000000001,0.999999999999,1.,1.)
    ,(1.,1.,1.,1.,1.,1.,1.,1.,1.,1.,1.,1.,1.,1.,1.,1.000000000001
      ,0.999999999999,1.000000000001,0.999999999999,1.,1.)
    ,(1.,1.,1.,1.,1.,1.,1.,1.,1.,1.,1.,1.,1.,1.,1.,1.000000000001
      ,0.999999999999,1.000000000001,0.999999999999,1.,1.)
    ,(1.,1.,1.,1.,1.,1.,1.,1.,1.,1.,1.,1.,1.,1.,1.,1.000000000001
      ,0.999999999999,1.000000000001,0.999999999999,1.,1.)
    ,(1.,1.,1.,1.,1.,1.,1.,1.,1.,1.,1.,1.,1.,1.,1.,1.000000000001
      ,0.999999999999,1.000000000001,0.999999999999,1.,1.)
    ,(1.,1.,1.,1.,1.,1.,1.,1.,1.,1.,1.,1.,1.,1.,1.,1.000000000001
      ,0.999999999999,1.000000000001,0.999999999999,1.,1.)
    ,(1.,1.,1.,1.,1.,1.,1.,1.,1.,1.,1.,1.,1.,1.,1.,1.000000000001
      ,0.999999999999,1.000000000001,0.999999999999,1.,1.)
    ,(1.,1.,1.,1.,1.,1.,1.,1.,1.,1.,1.,1.,1.,1.,1.,1.000000000001
      ,0.999999999999,1.000000000001,0.999999999999,1.,1.)
    ,(1.,1.,1.,1.,1.,1.,1.,1.,1.,1.,1.,1.,1.,1.,1.,1.000000000001
      ,0.999999999999,1.000000000001,0.999999999999,1.,1.)
    ,(1.,1.,1.,1.,1.,1.,1.,1.,1.,1.,1.,1.,1.,1.,1.,1.000000000001
      ,0.999999999999,1.000000000001,0.999999999999,1.,1.)
    ,(1.,1.,1.,1.,1.,1.,1.,1.,1.,1.,1.,1.,1.,1.,1.,1.000000000001
      ,0.999999999999,1.000000000001,0.999999999999,1.,1.)
    ,(1.,1.,1.,1.,1.,1.,1.,1.,1.,1.,1.,1.,1.,1.,1.,1.000000000001
      ,0.999999999999,1.000000000001,0.999999999999,1.,1.)
    ,(1.,1.,1.,1.,1.,1.,1.,1.,1.,1.,1.,1.,1.,1.,1.,1.000000000001
      ,0.999999999999,1.000000000001,0.999999999999,1.,1.)
    ,(1.,1.,1.,1.,1.,1.,1.,1.,1.,1.,1.,1.,1.,1.,1.,1.000000000001
      ,0.999999999999,1.000000000001,0.999999999999,1.,1.)
    ,(1.,1.,1.,1.,1.,1.,1.,1.,1.,1.,1.,1.,1.,1.,1.,1.000000000001
      ,0.999999999999,1.000000000001,0.999999999999,1.,1.
))) REPRESENTATION_ITEM('') SURFACE() );
#4081 = CARTESIAN_POINT('',(16.,-58.,61.45));
#4082 = CARTESIAN_POINT('',(15.999999999997,-58.13456862445,
    61.450000096413));
#4083 = CARTESIAN_POINT('',(16.00000000001,-58.26913280508,
    61.439651844933));
#4084 = CARTESIAN_POINT('',(15.999999999983,-58.40216859062,
    61.418958316277));
#4085 = CARTESIAN_POINT('',(16.000000000018,-58.53212023373,
    61.388273215291));
#4086 = CARTESIAN_POINT('',(15.999999999987,-58.65768398815,
    61.348338598078));
#4087 = CARTESIAN_POINT('',(16.000000000005,-58.77794379688,
    61.300037672567));
#4088 = CARTESIAN_POINT('',(15.999999999993,-59.02033725078,
    61.181803632583));
#4089 = CARTESIAN_POINT('',(16.000000000007,-59.23430862033,
    61.03384136718));
#4090 = CARTESIAN_POINT('',(15.99999999998,-59.33886085237,
    60.948573009944));
#4091 = CARTESIAN_POINT('',(16.000000000027,-59.43471642363,
    60.857337726478));
#4092 = CARTESIAN_POINT('',(15.999999999981,-59.52187867886,
    60.761088452291));
#4093 = CARTESIAN_POINT('',(16.000000000006,-59.60042824132,
    60.660634089987));
#4094 = CARTESIAN_POINT('',(15.999999999993,-59.74738729304,
    60.442539730567));
#4095 = CARTESIAN_POINT('',(16.000000000006,-59.85753700537,
    60.211609251668));
#4096 = CARTESIAN_POINT('',(15.999999999987,-59.90526441374,
    60.088044531878));
#4097 = CARTESIAN_POINT('',(16.000000000017,-59.94325565301,
    59.962415126031));
#4098 = CARTESIAN_POINT('',(15.999999999985,-59.97165238403,
    59.83529008409));
#4099 = CARTESIAN_POINT('',(16.000000000009,-59.99055061547,
    59.70718647456));
#4100 = CARTESIAN_POINT('',(15.999999999997,-60.00000004233,
    59.578593192869));
#4101 = CARTESIAN_POINT('',(16.,-60.,59.45));
#4102 = CARTESIAN_POINT('',(17.727875959471,-57.99999999999,61.45));
#4103 = CARTESIAN_POINT('',(17.727875916215,-58.13456862449,
    61.450000096397));
#4104 = CARTESIAN_POINT('',(17.73252020057,-58.26913280493,
    61.439651844989));
#4105 = CARTESIAN_POINT('',(17.741807434594,-58.40216859092,
    61.418958316177));
#4106 = CARTESIAN_POINT('',(17.755578875641,-58.53212023348,
    61.38827321538));
#4107 = CARTESIAN_POINT('',(17.773501489999,-58.65768398826,
    61.348338598039));
#4108 = CARTESIAN_POINT('',(17.795178894616,-58.77794379686,
    61.30003767257));
#4109 = CARTESIAN_POINT('',(17.848242207743,-59.02033725082,
    61.181803632584));
#4110 = CARTESIAN_POINT('',(17.914647517091,-59.23430862031,
    61.033841367169));
#4111 = CARTESIAN_POINT('',(17.952915866488,-59.33886085247,
    60.948573009965));
#4112 = CARTESIAN_POINT('',(17.993862165699,-59.43471642338,
    60.857337726439));
#4113 = CARTESIAN_POINT('',(18.037058739164,-59.52187867916,
    60.76108845233));
#4114 = CARTESIAN_POINT('',(18.082142551443,-59.60042824118,
    60.66063408997));
#4115 = CARTESIAN_POINT('',(18.180023071094,-59.74738729321,
    60.442539730585));
#4116 = CARTESIAN_POINT('',(18.283664427646,-59.85753700522,
    60.211609251648));
#4117 = CARTESIAN_POINT('',(18.339120144194,-59.90526441423,
    60.088044531947));
#4118 = CARTESIAN_POINT('',(18.395502489818,-59.94325565202,
    59.96241512586));
#4119 = CARTESIAN_POINT('',(18.452556074948,-59.97165238528,
    59.835290084354));
#4120 = CARTESIAN_POINT('',(18.510048840779,-59.99055061455,
    59.707186474326));
#4121 = CARTESIAN_POINT('',(18.567761370437,-60.00000004268,
    59.578593192965));
#4122 = CARTESIAN_POINT('',(18.625473860504,-60.,59.449999999998));
#4123 = CARTESIAN_POINT('',(19.455752556765,-58.00000000003,
    62.285124954947));
#4124 = CARTESIAN_POINT('',(19.455752470117,-58.13456862408,
    62.285146305089));
#4125 = CARTESIAN_POINT('',(19.465041041029,-58.26913280632,
    62.27697856851));
#4126 = CARTESIAN_POINT('',(19.483615511691,-58.40216858853,
    62.260842479108));
#4127 = CARTESIAN_POINT('',(19.511158399648,-58.53212023544,
    62.236767818921));
#4128 = CARTESIAN_POINT('',(19.547003634335,-58.65768398747,
    62.205514906394));
#4129 = CARTESIAN_POINT('',(19.590358452086,-58.777943797,62.1676866216)
  );
#4130 = CARTESIAN_POINT('',(19.696485097416,-59.02033725061,
    62.075099763803));
#4131 = CARTESIAN_POINT('',(19.829295741236,-59.23430862042,
    61.959232338043));
#4132 = CARTESIAN_POINT('',(19.905832452959,-59.33886085202,
    61.892460143417));
#4133 = CARTESIAN_POINT('',(19.987725068466,-59.43471642463,
    61.82101486907));
#4134 = CARTESIAN_POINT('',(20.074118229608,-59.52187867766,
    61.745643608937));
#4135 = CARTESIAN_POINT('',(20.164285871603,-59.60042824189,
    61.666979166105));
#4136 = CARTESIAN_POINT('',(20.360046946747,-59.74738729237,
    61.4961926401));
#4137 = CARTESIAN_POINT('',(20.567329698327,-59.85753700595,
    61.315354264967));
#4138 = CARTESIAN_POINT('',(20.678241151806,-59.90526441197,
    61.218592560609));
#4139 = CARTESIAN_POINT('',(20.791005863407,-59.94325565653,
    61.120213883851));
#4140 = CARTESIAN_POINT('',(20.905113056057,-59.97165237956,
    61.020664198413));
#4141 = CARTESIAN_POINT('',(21.020098607285,-59.99055061882,
    60.920348013838));
#4142 = CARTESIAN_POINT('',(21.135523689039,-60.00000004106,
    60.819648507321));
#4143 = CARTESIAN_POINT('',(21.250948690114,-59.99999999997,
    60.718949013022));
#4144 = CARTESIAN_POINT('',(20.746354484264,-57.99999999992,
    63.955329289169));
#4145 = CARTESIAN_POINT('',(20.746354365671,-58.13456862536,
    63.955180401196));
#4146 = CARTESIAN_POINT('',(20.759111889379,-58.26913280208,
    63.952015388455));
#4147 = CARTESIAN_POINT('',(20.784623273245,-58.40216859564,
    63.944307032901));
#4148 = CARTESIAN_POINT('',(20.822452458191,-58.53212022964,
    63.933909237996));
#4149 = CARTESIAN_POINT('',(20.871684627885,-58.65768398971,
    63.91982662409));
#4150 = CARTESIAN_POINT('',(20.931230942416,-58.7779437966,
    63.902988869023));
#4151 = CARTESIAN_POINT('',(21.07699215529,-59.02033725118,
    63.861691199611));
#4152 = CARTESIAN_POINT('',(21.259402897483,-59.23430862012,
    63.810016500223));
#4153 = CARTESIAN_POINT('',(21.364523380201,-59.33886085319,
    63.780234341241));
#4154 = CARTESIAN_POINT('',(21.476999999037,-59.43471642097,
    63.748371450793));
#4155 = CARTESIAN_POINT('',(21.595657969578,-59.52187868213,
    63.714754603692));
#4156 = CARTESIAN_POINT('',(21.719500049418,-59.60042823972,
    63.67967077107));
#4157 = CARTESIAN_POINT('',(21.988370995587,-59.74738729491,
    63.603499624874));
#4158 = CARTESIAN_POINT('',(22.273066557336,-59.85753700374,
    63.522845856646));
#4159 = CARTESIAN_POINT('',(22.425399534426,-59.90526441878,
    63.479689685952));
#4160 = CARTESIAN_POINT('',(22.580277897793,-59.94325564283,
    63.435813434613));
#4161 = CARTESIAN_POINT('',(22.737000105678,-59.97165239697,
    63.391413403108));
#4162 = CARTESIAN_POINT('',(22.894928717738,-59.99055060573,
    63.346672984348));
#4163 = CARTESIAN_POINT('',(23.053461000654,-60.00000004599,
    63.301760604635));
#4164 = CARTESIAN_POINT('',(23.211993177471,-60.00000000004,
    63.256848661274));
#4165 = CARTESIAN_POINT('',(21.162455744003,-58.00000000012,
    66.211066626924));
#4166 = CARTESIAN_POINT('',(21.162455614051,-58.13456862219,
    66.211594598372));
#4167 = CARTESIAN_POINT('',(21.176331561847,-58.26913281212,
    66.212450550052));
#4168 = CARTESIAN_POINT('',(21.204079461421,-58.40216857942,
    66.21905222853));
#4169 = CARTESIAN_POINT('',(21.24522504226,-58.53212024278,
    66.225181015917));
#4170 = CARTESIAN_POINT('',(21.29877327235,-58.65768398478,
    66.235109253804));
#4171 = CARTESIAN_POINT('',(21.363539869109,-58.77794379752,
    66.246425504257));
#4172 = CARTESIAN_POINT('',(21.522079607074,-59.02033725,66.274413859491
    ));
#4173 = CARTESIAN_POINT('',(21.720481855441,-59.23430862076,
    66.309415841996));
#4174 = CARTESIAN_POINT('',(21.834817985949,-59.33886085085,
    66.329596980979));
#4175 = CARTESIAN_POINT('',(21.957155165879,-59.43471642893,
    66.351178409713));
#4176 = CARTESIAN_POINT('',(22.086215579571,-59.52187867236,
    66.373956084237));
#4177 = CARTESIAN_POINT('',(22.220914595486,-59.6004282446,
    66.397722807303));
#4178 = CARTESIAN_POINT('',(22.513356796661,-59.74738728935,
    66.449327110394));
#4179 = CARTESIAN_POINT('',(22.823010921342,-59.85753700866,
    66.503966880534));
#4180 = CARTESIAN_POINT('',(22.988698557089,-59.90526440382,
    66.533204924243));
#4181 = CARTESIAN_POINT('',(23.157154722577,-59.94325567329,
    66.562927858915));
#4182 = CARTESIAN_POINT('',(23.327616392431,-59.9716523582,
    66.593009715842));
#4183 = CARTESIAN_POINT('',(23.499390206423,-59.99055063505,
    66.623318194796));
#4184 = CARTESIAN_POINT('',(23.671820634094,-60.00000003501,
    66.653745877368));
#4185 = CARTESIAN_POINT('',(23.844250935555,-59.99999999995,
    66.684172096216));
#4186 = CARTESIAN_POINT('',(20.4235609148,-57.99999999986,
    68.552121697843));
#4187 = CARTESIAN_POINT('',(20.423560805097,-58.13456862864,
    68.55091477289));
#4188 = CARTESIAN_POINT('',(20.435450703146,-58.26913279259,
    68.563296846226));
#4189 = CARTESIAN_POINT('',(20.459227093116,-58.40216860973,
    68.57688025141));
#4190 = CARTESIAN_POINT('',(20.494483561098,-58.53212021826,
    68.605388863087));
#4191 = CARTESIAN_POINT('',(20.540367514574,-58.65768399392,
    68.638029153818));
#4192 = CARTESIAN_POINT('',(20.595864157813,-58.77794379564,
    68.679089195946));
#4193 = CARTESIAN_POINT('',(20.731712336966,-59.02033725214,
    68.778940889449));
#4194 = CARTESIAN_POINT('',(20.901717552526,-59.23430861943,
    68.903952861488));
#4195 = CARTESIAN_POINT('',(20.99968892915,-59.33886085503,
    68.975972372903));
#4196 = CARTESIAN_POINT('',(21.104516147165,-59.43471641465,
    69.05305899491));
#4197 = CARTESIAN_POINT('',(21.215104345997,-59.52187868957,
    69.134358725181));
#4198 = CARTESIAN_POINT('',(21.330524079525,-59.60042823585,
    69.219224343862));
#4199 = CARTESIAN_POINT('',(21.581109453374,-59.74738729905,
    69.403463178336));
#4200 = CARTESIAN_POINT('',(21.846443229317,-59.8575369999,
    69.598549529163));
#4201 = CARTESIAN_POINT('',(21.988416232348,-59.90526443001,
    69.702930980542));
#4202 = CARTESIAN_POINT('',(22.132761518846,-59.94325561943,
    69.809064941051));
#4203 = CARTESIAN_POINT('',(22.278825237329,-59.97165242668,
    69.916450855079));
#4204 = CARTESIAN_POINT('',(22.426013335595,-59.99055058302,
    70.024674688621));
#4205 = CARTESIAN_POINT('',(22.573764030764,-60.00000005438,
    70.133304537172));
#4206 = CARTESIAN_POINT('',(22.721514636938,-59.99999999999,
    70.241937613387));
#4207 = CARTESIAN_POINT('',(18.563658194346,-58.00000000008,
    70.340235005407));
#4208 = CARTESIAN_POINT('',(18.563658128664,-58.1345686181,
    70.342170856954));
#4209 = CARTESIAN_POINT('',(18.570548881248,-58.26913282345,
    70.349877788253));
#4210 = CARTESIAN_POINT('',(18.584328391419,-58.40216856339,
    70.383219493385));
#4211 = CARTESIAN_POINT('',(18.604761150383,-58.53212025587,
    70.419238259986));
#4212 = CARTESIAN_POINT('',(18.631353020565,-58.65768397979,
    70.473271704439));
#4213 = CARTESIAN_POINT('',(18.663515897146,-58.77794379886,
    70.536088008499));
#4214 = CARTESIAN_POINT('',(18.742246196028,-59.02033724877,
    70.690908693403));
#4215 = CARTESIAN_POINT('',(18.840772090101,-59.23430862184,
    70.884570115631));
#4216 = CARTESIAN_POINT('',(18.897551021986,-59.33886084841,
    70.996210999869));
#4217 = CARTESIAN_POINT('',(18.958303265636,-59.43471643615,
    71.115620495102));
#4218 = CARTESIAN_POINT('',(19.022394224919,-59.52187866445,
    71.241629749932));
#4219 = CARTESIAN_POINT('',(19.089285307878,-59.60042824875,
    71.373121932054));
#4220 = CARTESIAN_POINT('',(19.234511122354,-59.7473872851,
    71.658619707024));
#4221 = CARTESIAN_POINT('',(19.388284321723,-59.85753701271,
    71.960914281226));
#4222 = CARTESIAN_POINT('',(19.470564247139,-59.90526439241,
    72.122670491254));
#4223 = CARTESIAN_POINT('',(19.554219005738,-59.94325569729,
    72.287116125765));
#4224 = CARTESIAN_POINT('',(19.638869714161,-59.97165232798,
    72.453538098414));
#4225 = CARTESIAN_POINT('',(19.724171996499,-59.99055065827,
    72.621223006152));
#4226 = CARTESIAN_POINT('',(19.809800379274,-60.00000002655,
    72.789561188998));
#4227 = CARTESIAN_POINT('',(19.89542868478,-60.0000000001,
    72.957893954644));
#4228 = CARTESIAN_POINT('',(16.000000000005,-58.00000000001,
    71.012244921527));
#4229 = CARTESIAN_POINT('',(16.000000001627,-58.13456863189,
    71.009986137615));
#4230 = CARTESIAN_POINT('',(15.999999996764,-58.26913278393,
    71.032153757944));
#4231 = CARTESIAN_POINT('',(16.000000001584,-58.40216862142,
    71.055564224925));
#4232 = CARTESIAN_POINT('',(15.999999999727,-58.53212020843,
    71.105936518006));
#4233 = CARTESIAN_POINT('',(16.000000001001,-58.65768399791,
    71.163142385378));
#4234 = CARTESIAN_POINT('',(15.999999998275,-58.77794379433,
    71.235292905658));
#4235 = CARTESIAN_POINT('',(16.000000002235,-59.02033725332,
    71.410676660477));
#4236 = CARTESIAN_POINT('',(15.99999999739,-59.23430861824,
    71.630259214405));
#4237 = CARTESIAN_POINT('',(16.000000006749,-59.33886085745,
    71.756758284543));
#4238 = CARTESIAN_POINT('',(15.999999991919,-59.43471640896,
    71.89216065292));
#4239 = CARTESIAN_POINT('',(16.000000004227,-59.52187869509,
    72.034960646869));
#4240 = CARTESIAN_POINT('',(15.999999999085,-59.60042823293,
    72.184025598437));
#4241 = CARTESIAN_POINT('',(16.000000000417,-59.74738730182,
    72.507636555738));
#4242 = CARTESIAN_POINT('',(15.99999999995,-59.85753699717,
    72.850301367394));
#4243 = CARTESIAN_POINT('',(15.999999997318,-59.90526443709,
    73.033644586805));
#4244 = CARTESIAN_POINT('',(16.000000008872,-59.94325560444,
    73.220067006414));
#4245 = CARTESIAN_POINT('',(15.999999986445,-59.97165244523,
    73.408687121278));
#4246 = CARTESIAN_POINT('',(16.000000011277,-59.99055056867,
    73.598780325471));
#4247 = CARTESIAN_POINT('',(15.999999995135,-60.00000005949,
    73.789585796655));
#4248 = CARTESIAN_POINT('',(16.000000000076,-59.99999999978,
    73.980397322068));
#4249 = CARTESIAN_POINT('',(13.43634180565,-57.99999999991,
    70.340235005405));
#4250 = CARTESIAN_POINT('',(13.436341868426,-58.1345686175,
    70.342170857397));
#4251 = CARTESIAN_POINT('',(13.42945112455,-58.26913282474,
    70.349877787033));
#4252 = CARTESIAN_POINT('',(13.415671605759,-58.40216856225,
    70.383219495021));
#4253 = CARTESIAN_POINT('',(13.395238850085,-58.53212025731,
    70.419238258541));
#4254 = CARTESIAN_POINT('',(13.368646977609,-58.65768397884,
    70.473271705112));
#4255 = CARTESIAN_POINT('',(13.336484105987,-58.77794379953,
    70.536088008353));
#4256 = CARTESIAN_POINT('',(13.257753799904,-59.02033724815,
    70.690908693441));
#4257 = CARTESIAN_POINT('',(13.159227914633,-59.23430862262,
    70.884570115548));
#4258 = CARTESIAN_POINT('',(13.10244896574,-59.33886084699,
    70.996210999974));
#4259 = CARTESIAN_POINT('',(13.041696749067,-59.43471643788,
    71.115620494767));
#4260 = CARTESIAN_POINT('',(12.977605767375,-59.52187866367,
    71.241629750196));
#4261 = CARTESIAN_POINT('',(12.910714693783,-59.60042824916,
    71.373121931889));
#4262 = CARTESIAN_POINT('',(12.765488876877,-59.74738728497,
    71.658619707146));
#4263 = CARTESIAN_POINT('',(12.61171567837,-59.85753701295,
    71.960914281047));
#4264 = CARTESIAN_POINT('',(12.5294357577,-59.90526439264,
    72.122670491509));
#4265 = CARTESIAN_POINT('',(12.445780978201,-59.94325569679,
    72.287116125458));
#4266 = CARTESIAN_POINT('',(12.361130310365,-59.97165232918,
    72.453538098508));
#4267 = CARTESIAN_POINT('',(12.275827983092,-59.99055065743,
    72.621223006068));
#4268 = CARTESIAN_POINT('',(12.190199629522,-60.00000002702,
    72.789561189016));
#4269 = CARTESIAN_POINT('',(12.104571315076,-60.00000000026,
    72.957893954614));
#4270 = CARTESIAN_POINT('',(11.576439085193,-58.00000000011,
    68.552121697847));
#4271 = CARTESIAN_POINT('',(11.576439197041,-58.13456862946,
    68.550914772264));
#4272 = CARTESIAN_POINT('',(11.56454929252,-58.26913279085,
    68.563296847951));
#4273 = CARTESIAN_POINT('',(11.540772909124,-58.40216861111,
    68.5768802491));
#4274 = CARTESIAN_POINT('',(11.505516438384,-58.53212021645,
    68.605388865142));
#4275 = CARTESIAN_POINT('',(11.459632486929,-58.65768399514,
    68.63802915286));
#4276 = CARTESIAN_POINT('',(11.404135839815,-58.7779437947,
    68.679089196158));
#4277 = CARTESIAN_POINT('',(11.268287666126,-59.02033725299,
    68.778940889398));
#4278 = CARTESIAN_POINT('',(11.098282443916,-59.23430861832,
    68.903952861605));
#4279 = CARTESIAN_POINT('',(11.00031108014,-59.33886085702,
    68.975972372766));
#4280 = CARTESIAN_POINT('',(10.895483841687,-59.43471641219,
    69.053058995375));
#4281 = CARTESIAN_POINT('',(10.784895659901,-59.52187869067,
    69.134358724821));
#4282 = CARTESIAN_POINT('',(10.669475919206,-59.60042823525,
    69.219224344093));
#4283 = CARTESIAN_POINT('',(10.418890547258,-59.74738729924,
    69.403463178174));
#4284 = CARTESIAN_POINT('',(10.153556770585,-59.85753699952,
    69.598549529411));
#4285 = CARTESIAN_POINT('',(10.011583764144,-59.90526442982,
    69.702930980197));
#4286 = CARTESIAN_POINT('',(9.867238493017,-59.94325561983,
    69.809064941487));
#4287 = CARTESIAN_POINT('',(9.721174744543,-59.97165242534,
    69.916450854929));
#4288 = CARTESIAN_POINT('',(9.57398667951,-59.99055058394,70.02467468877
    ));
#4289 = CARTESIAN_POINT('',(9.426235962739,-60.0000000538,
    70.133304537136));
#4290 = CARTESIAN_POINT('',(9.278485363181,-59.99999999975,
    70.241937613432));
#4291 = CARTESIAN_POINT('',(10.837544256009,-57.9999999999,
    66.211066626921));
#4292 = CARTESIAN_POINT('',(10.837544384732,-58.13456862148,
    66.211594598896));
#4293 = CARTESIAN_POINT('',(10.823668440638,-58.2691328136,
    66.212450548607));
#4294 = CARTESIAN_POINT('',(10.79592053731,-58.40216857835,
    66.219052230463));
#4295 = CARTESIAN_POINT('',(10.754774958026,-58.53212024425,
    66.225181014183));
#4296 = CARTESIAN_POINT('',(10.701226726701,-58.65768398376,
    66.235109254611));
#4297 = CARTESIAN_POINT('',(10.636460132337,-58.77794379836,
    66.246425504078));
#4298 = CARTESIAN_POINT('',(10.477920391029,-59.02033724924,
    66.274413859526));
#4299 = CARTESIAN_POINT('',(10.279518146713,-59.23430862177,
    66.309415841901));
#4300 = CARTESIAN_POINT('',(10.165182008365,-59.33886084899,
    66.329596981072));
#4301 = CARTESIAN_POINT('',(10.04284484096,-59.4347164313,
    66.351178409341));
#4302 = CARTESIAN_POINT('',(9.913784416772,-59.52187867121,
    66.373956084523));
#4303 = CARTESIAN_POINT('',(9.779085405294,-59.60042824521,
    66.39772280711));
#4304 = CARTESIAN_POINT('',(9.486643202921,-59.74738728908,
    66.44932711052));
#4305 = CARTESIAN_POINT('',(9.176989078731,-59.8575370091,
    66.503966880327));
#4306 = CARTESIAN_POINT('',(9.011301444964,-59.9052644036,
    66.533204924536));
#4307 = CARTESIAN_POINT('',(8.842845270331,-59.94325567368,66.5629278585
    ));
#4308 = CARTESIAN_POINT('',(8.672383618399,-59.97165235854,
    66.593009716042));
#4309 = CARTESIAN_POINT('',(8.500609784542,-59.99055063484,
    66.623318194598));
#4310 = CARTESIAN_POINT('',(8.328179369779,-60.0000000353,
    66.653745877426));
#4311 = CARTESIAN_POINT('',(8.155749064364,-60.00000000016,
    66.684172096174));
#4312 = CARTESIAN_POINT('',(11.253645515727,-58.00000000005,
    63.955329289171));
#4313 = CARTESIAN_POINT('',(11.253645634879,-58.13456862574,
    63.955180400889));
#4314 = CARTESIAN_POINT('',(11.240888109479,-58.26913280133,
    63.952015389306));
#4315 = CARTESIAN_POINT('',(11.215376727352,-58.40216859602,
    63.944307031761));
#4316 = CARTESIAN_POINT('',(11.177547541657,-58.53212022903,
    63.93390923903));
#4317 = CARTESIAN_POINT('',(11.128315372603,-58.65768399014,
    63.919826623609));
#4318 = CARTESIAN_POINT('',(11.068769056886,-58.77794379615,
    63.902988869132));
#4319 = CARTESIAN_POINT('',(10.923007845631,-59.02033725155,
    63.861691199592));
#4320 = CARTESIAN_POINT('',(10.740597101489,-59.23430861959,
    63.81001650028));
#4321 = CARTESIAN_POINT('',(10.635476622542,-59.3388608541,
    63.780234341194));
#4322 = CARTESIAN_POINT('',(10.522999997659,-59.43471641981,
    63.748371451006));
#4323 = CARTESIAN_POINT('',(10.404342032208,-59.52187868262,
    63.714754603531));
#4324 = CARTESIAN_POINT('',(10.280499950205,-59.60042823941,
    63.679670771182));
#4325 = CARTESIAN_POINT('',(10.011629004633,-59.74738729499,
    63.603499624806));
#4326 = CARTESIAN_POINT('',(9.72693344262,-59.85753700352,
    63.522845856764));
#4327 = CARTESIAN_POINT('',(9.57460046464,-59.90526441875,
    63.479689685791));
#4328 = CARTESIAN_POINT('',(9.419722105528,-59.94325564284,
    63.435813434856));
#4329 = CARTESIAN_POINT('',(9.262999889251,-59.97165239651,
    63.391413402983));
#4330 = CARTESIAN_POINT('',(9.105071286501,-59.99055060602,
    63.34667298448));
#4331 = CARTESIAN_POINT('',(8.946538997535,-60.00000004575,
    63.301760604596));
#4332 = CARTESIAN_POINT('',(8.788006822573,-59.99999999991,63.2568486613
    ));
#4333 = CARTESIAN_POINT('',(12.544247443239,-57.99999999997,
    62.285124954946));
#4334 = CARTESIAN_POINT('',(12.544247529706,-58.13456862398,
    62.2851463052));
#4335 = CARTESIAN_POINT('',(12.534958959338,-58.26913280645,
    62.2769785682));
#4336 = CARTESIAN_POINT('',(12.516384488129,-58.40216858864,
    62.260842479519));
#4337 = CARTESIAN_POINT('',(12.488841600391,-58.53212023546,
    62.236767818546));
#4338 = CARTESIAN_POINT('',(12.452996365489,-58.65768398741,
    62.205514906563));
#4339 = CARTESIAN_POINT('',(12.409641548162,-58.77794379716,
    62.167686621564));
#4340 = CARTESIAN_POINT('',(12.303514902254,-59.02033725049,
    62.075099763798));
#4341 = CARTESIAN_POINT('',(12.170704259128,-59.23430862061,
    61.959232338032));
#4342 = CARTESIAN_POINT('',(12.09416754606,-59.3388608517,
    61.892460143396));
#4343 = CARTESIAN_POINT('',(12.012274932718,-59.43471642505,
    61.821014869039));
#4344 = CARTESIAN_POINT('',(11.925881769744,-59.52187867748,
    61.745643608957));
#4345 = CARTESIAN_POINT('',(11.835714128533,-59.60042824202,
    61.666979166076));
#4346 = CARTESIAN_POINT('',(11.639953053168,-59.74738729233,
    61.496192640107));
#4347 = CARTESIAN_POINT('',(11.432670301692,-59.85753700605,
    61.315354264937));
#4348 = CARTESIAN_POINT('',(11.32175884851,-59.90526441189,
    61.218592560622));
#4349 = CARTESIAN_POINT('',(11.208994135437,-59.94325565675,
    61.120213883835));
#4350 = CARTESIAN_POINT('',(11.09488694571,-59.97165237946,
    61.020664198379));
#4351 = CARTESIAN_POINT('',(10.979901391236,-59.99055061892,
    60.920348013837));
#4352 = CARTESIAN_POINT('',(10.86447631159,-60.00000004108,
    60.819648507318));
#4353 = CARTESIAN_POINT('',(10.749051309868,-60.00000000003,
    60.718949013011));
#4354 = CARTESIAN_POINT('',(14.272124040528,-58.,61.45));
#4355 = CARTESIAN_POINT('',(14.27212408383,-58.13456862445,
    61.45000009637));
#4356 = CARTESIAN_POINT('',(14.26747979933,-58.26913280506,
    61.439651845064));
#4357 = CARTESIAN_POINT('',(14.258192565477,-58.40216859064,
    61.418958316077));
#4358 = CARTESIAN_POINT('',(14.244421124324,-58.53212023371,
    61.388273215471));
#4359 = CARTESIAN_POINT('',(14.226498510052,-58.65768398814,
    61.348338597998));
#4360 = CARTESIAN_POINT('',(14.204821105329,-58.77794379686,
    61.300037672579));
#4361 = CARTESIAN_POINT('',(14.15175779233,-59.0203372508,
    61.181803632585));
#4362 = CARTESIAN_POINT('',(14.08535248283,-59.23430862031,
    61.033841367172));
#4363 = CARTESIAN_POINT('',(14.047084133725,-59.3388608524,
    60.948573009967));
#4364 = CARTESIAN_POINT('',(14.006137834043,-59.43471642348,
    60.85733772645));
#4365 = CARTESIAN_POINT('',(13.96294126098,-59.52187867905,
    60.761088452321));
#4366 = CARTESIAN_POINT('',(13.917857448525,-59.60042824121,
    60.660634089978));
#4367 = CARTESIAN_POINT('',(13.819976928928,-59.74738729316,
    60.442539730582));
#4368 = CARTESIAN_POINT('',(13.716335572347,-59.85753700525,
    60.211609251657));
#4369 = CARTESIAN_POINT('',(13.660879855749,-59.90526441407,
    60.088044531935));
#4370 = CARTESIAN_POINT('',(13.604497510413,-59.94325565228,
    59.962415125882));
#4371 = CARTESIAN_POINT('',(13.547443924693,-59.97165238496,
    59.835290084339));
#4372 = CARTESIAN_POINT('',(13.489951159525,-59.99055061476,
    59.707186474343));
#4373 = CARTESIAN_POINT('',(13.432238629433,-60.00000004259,
    59.578593192959));
#4374 = CARTESIAN_POINT('',(13.3745261395,-59.99999999999,
    59.450000000001));
#4375 = CARTESIAN_POINT('',(16.,-58.,61.45));
#4376 = CARTESIAN_POINT('',(15.999999999996,-58.13456862442,
    61.450000096429));
#4377 = CARTESIAN_POINT('',(16.000000000012,-58.26913280516,
    61.439651844888));
#4378 = CARTESIAN_POINT('',(15.999999999983,-58.4021685905,
    61.418958316345));
#4379 = CARTESIAN_POINT('',(16.000000000016,-58.53212023383,
    61.388273215229));
#4380 = CARTESIAN_POINT('',(15.999999999991,-58.65768398811,
    61.348338598113));
#4381 = CARTESIAN_POINT('',(16.000000000003,-58.77794379689,
    61.300037672556));
#4382 = CARTESIAN_POINT('',(15.999999999997,-59.02033725077,
    61.181803632597));
#4383 = CARTESIAN_POINT('',(16.000000000003,-59.23430862034,
    61.033841367165));
#4384 = CARTESIAN_POINT('',(15.99999999999,-59.33886085234,
    60.948573009986));
#4385 = CARTESIAN_POINT('',(16.000000000014,-59.43471642366,
    60.857337726419));
#4386 = CARTESIAN_POINT('',(15.999999999989,-59.52187867884,
    60.761088452338));
#4387 = CARTESIAN_POINT('',(16.000000000005,-59.60042824133,
    60.660634089968));
#4388 = CARTESIAN_POINT('',(15.999999999994,-59.74738729304,
    60.44253973059));
#4389 = CARTESIAN_POINT('',(16.000000000006,-59.85753700537,
    60.211609251646));
#4390 = CARTESIAN_POINT('',(15.999999999976,-59.90526441376,
    60.088044531951));
#4391 = CARTESIAN_POINT('',(16.000000000048,-59.94325565295,
    59.962415125898));
#4392 = CARTESIAN_POINT('',(15.999999999943,-59.97165238412,
    59.835290084243));
#4393 = CARTESIAN_POINT('',(16.000000000041,-59.99055061541,
    59.707186474453));
#4394 = CARTESIAN_POINT('',(15.999999999985,-60.00000004235,
    59.578593192908));
#4395 = CARTESIAN_POINT('',(16.,-60.,59.45));
#4396 = DEFINITIONAL_REPRESENTATION('',(#4397),#4401);
#4397 = LINE('',#4398,#4399);
#4398 = CARTESIAN_POINT('',(0.,1.));
#4399 = VECTOR('',#4400,1.);
#4400 = DIRECTION('',(1.,0.));
#4401 = ( GEOMETRIC_REPRESENTATION_CONTEXT(2) 
PARAMETRIC_REPRESENTATION_CONTEXT() REPRESENTATION_CONTEXT('2D SPACE',''
  ) );
#4402 = ORIENTED_EDGE('',*,*,#4403,.T.);
#4403 = EDGE_CURVE('',#4041,#3487,#4404,.T.);
#4404 = SURFACE_CURVE('',#4405,(#4409,#4416),.PCURVE_S1.);
#4405 = LINE('',#4406,#4407);
#4406 = CARTESIAN_POINT('',(10.274399598524,-60.,66.5));
#4407 = VECTOR('',#4408,1.);
#4408 = DIRECTION('',(-1.,-1.163043188605E-31,-9.496968345603E-16));
#4409 = PCURVE('',#2814,#4410);
#4410 = DEFINITIONAL_REPRESENTATION('',(#4411),#4415);
#4411 = LINE('',#4412,#4413);
#4412 = CARTESIAN_POINT('',(100.77439959852,9.947598300641E-14));
#4413 = VECTOR('',#4414,1.);
#4414 = DIRECTION('',(-1.,-9.496968345603E-16));
#4415 = ( GEOMETRIC_REPRESENTATION_CONTEXT(2) 
PARAMETRIC_REPRESENTATION_CONTEXT() REPRESENTATION_CONTEXT('2D SPACE',''
  ) );
#4416 = PCURVE('',#471,#4417);
#4417 = DEFINITIONAL_REPRESENTATION('',(#4418),#4422);
#4418 = LINE('',#4419,#4420);
#4419 = CARTESIAN_POINT('',(120.27439959852,125.));
#4420 = VECTOR('',#4421,1.);
#4421 = DIRECTION('',(-1.,0.));
#4422 = ( GEOMETRIC_REPRESENTATION_CONTEXT(2) 
PARAMETRIC_REPRESENTATION_CONTEXT() REPRESENTATION_CONTEXT('2D SPACE',''
  ) );
#4423 = ADVANCED_FACE('',(#4424),#4080,.F.);
#4424 = FACE_BOUND('',#4425,.F.);
#4425 = EDGE_LOOP('',(#4426,#4451,#4490,#4491));
#4426 = ORIENTED_EDGE('',*,*,#4427,.T.);
#4427 = EDGE_CURVE('',#4428,#4430,#4432,.T.);
#4428 = VERTEX_POINT('',#4429);
#4429 = CARTESIAN_POINT('',(12.341790055232,-58.,66.5));
#4430 = VERTEX_POINT('',#4431);
#4431 = CARTESIAN_POINT('',(16.,-58.,61.45));
#4432 = SURFACE_CURVE('',#4433,(#4438,#4444),.PCURVE_S1.);
#4433 = CIRCLE('',#4434,3.85);
#4434 = AXIS2_PLACEMENT_3D('',#4435,#4436,#4437);
#4435 = CARTESIAN_POINT('',(16.,-58.,65.3));
#4436 = DIRECTION('',(0.,-1.,1.224646799147E-16));
#4437 = DIRECTION('',(0.,-1.224646799147E-16,-1.));
#4438 = PCURVE('',#4080,#4439);
#4439 = DEFINITIONAL_REPRESENTATION('',(#4440),#4443);
#4440 = B_SPLINE_CURVE_WITH_KNOTS('',1,(#4441,#4442),.UNSPECIFIED.,.F.,
  .F.,(2,2),(0.,6.28318530718),.PIECEWISE_BEZIER_KNOTS.);
#4441 = CARTESIAN_POINT('',(0.,0.));
#4442 = CARTESIAN_POINT('',(1.,0.));
#4443 = ( GEOMETRIC_REPRESENTATION_CONTEXT(2) 
PARAMETRIC_REPRESENTATION_CONTEXT() REPRESENTATION_CONTEXT('2D SPACE',''
  ) );
#4444 = PCURVE('',#2256,#4445);
#4445 = DEFINITIONAL_REPRESENTATION('',(#4446),#4450);
#4446 = LINE('',#4447,#4448);
#4447 = CARTESIAN_POINT('',(-0.,-4.));
#4448 = VECTOR('',#4449,1.);
#4449 = DIRECTION('',(-1.,0.));
#4450 = ( GEOMETRIC_REPRESENTATION_CONTEXT(2) 
PARAMETRIC_REPRESENTATION_CONTEXT() REPRESENTATION_CONTEXT('2D SPACE',''
  ) );
#4451 = ORIENTED_EDGE('',*,*,#4452,.T.);
#4452 = EDGE_CURVE('',#4430,#3678,#4453,.T.);
#4453 = SURFACE_CURVE('',#4454,(#4476,#4483),.PCURVE_S1.);
#4454 = ( BOUNDED_CURVE() B_SPLINE_CURVE(8,(#4455,#4456,#4457,#4458,
    #4459,#4460,#4461,#4462,#4463,#4464,#4465,#4466,#4467,#4468,#4469,
    #4470,#4471,#4472,#4473,#4474,#4475),.UNSPECIFIED.,.F.,.F.) 
B_SPLINE_CURVE_WITH_KNOTS((9,6,6,9),(0.,0.29855097099,0.63294588431,1.),
.UNSPECIFIED.) CURVE() GEOMETRIC_REPRESENTATION_ITEM() 
RATIONAL_B_SPLINE_CURVE((1.,1.,1.,1.,1.,1.,1.,1.,1.,1.,1.,1.,1.,1.,1.,
    1.000000000001,0.999999999999,1.000000000001,0.999999999999,1.,1.)) 
REPRESENTATION_ITEM('') );
#4455 = CARTESIAN_POINT('',(16.,-58.,61.45));
#4456 = CARTESIAN_POINT('',(15.999999999997,-58.13456862445,
    61.450000096413));
#4457 = CARTESIAN_POINT('',(16.00000000001,-58.26913280508,
    61.439651844933));
#4458 = CARTESIAN_POINT('',(15.999999999983,-58.40216859062,
    61.418958316277));
#4459 = CARTESIAN_POINT('',(16.000000000018,-58.53212023373,
    61.388273215291));
#4460 = CARTESIAN_POINT('',(15.999999999987,-58.65768398815,
    61.348338598078));
#4461 = CARTESIAN_POINT('',(16.000000000005,-58.77794379688,
    61.300037672567));
#4462 = CARTESIAN_POINT('',(15.999999999993,-59.02033725078,
    61.181803632583));
#4463 = CARTESIAN_POINT('',(16.000000000007,-59.23430862033,
    61.03384136718));
#4464 = CARTESIAN_POINT('',(15.99999999998,-59.33886085237,
    60.948573009944));
#4465 = CARTESIAN_POINT('',(16.000000000027,-59.43471642363,
    60.857337726478));
#4466 = CARTESIAN_POINT('',(15.999999999981,-59.52187867886,
    60.761088452291));
#4467 = CARTESIAN_POINT('',(16.000000000006,-59.60042824132,
    60.660634089987));
#4468 = CARTESIAN_POINT('',(15.999999999993,-59.74738729304,
    60.442539730567));
#4469 = CARTESIAN_POINT('',(16.000000000006,-59.85753700537,
    60.211609251668));
#4470 = CARTESIAN_POINT('',(15.999999999987,-59.90526441374,
    60.088044531878));
#4471 = CARTESIAN_POINT('',(16.000000000017,-59.94325565301,
    59.962415126031));
#4472 = CARTESIAN_POINT('',(15.999999999985,-59.97165238403,
    59.83529008409));
#4473 = CARTESIAN_POINT('',(16.000000000009,-59.99055061547,
    59.70718647456));
#4474 = CARTESIAN_POINT('',(15.999999999997,-60.00000004233,
    59.578593192869));
#4475 = CARTESIAN_POINT('',(16.,-60.,59.45));
#4476 = PCURVE('',#4080,#4477);
#4477 = DEFINITIONAL_REPRESENTATION('',(#4478),#4482);
#4478 = LINE('',#4479,#4480);
#4479 = CARTESIAN_POINT('',(1.,0.));
#4480 = VECTOR('',#4481,1.);
#4481 = DIRECTION('',(0.,1.));
#4482 = ( GEOMETRIC_REPRESENTATION_CONTEXT(2) 
PARAMETRIC_REPRESENTATION_CONTEXT() REPRESENTATION_CONTEXT('2D SPACE',''
  ) );
#4483 = PCURVE('',#3717,#4484);
#4484 = DEFINITIONAL_REPRESENTATION('',(#4485),#4489);
#4485 = LINE('',#4486,#4487);
#4486 = CARTESIAN_POINT('',(0.,0.));
#4487 = VECTOR('',#4488,1.);
#4488 = DIRECTION('',(0.,1.));
#4489 = ( GEOMETRIC_REPRESENTATION_CONTEXT(2) 
PARAMETRIC_REPRESENTATION_CONTEXT() REPRESENTATION_CONTEXT('2D SPACE',''
  ) );
#4490 = ORIENTED_EDGE('',*,*,#4040,.F.);
#4491 = ORIENTED_EDGE('',*,*,#4492,.F.);
#4492 = EDGE_CURVE('',#4428,#4041,#4493,.T.);
#4493 = SURFACE_CURVE('',#4494,(#4527,#4563),.PCURVE_S1.);
#4494 = B_SPLINE_CURVE_WITH_KNOTS('',7,(#4495,#4496,#4497,#4498,#4499,
    #4500,#4501,#4502,#4503,#4504,#4505,#4506,#4507,#4508,#4509,#4510,
    #4511,#4512,#4513,#4514,#4515,#4516,#4517,#4518,#4519,#4520,#4521,
    #4522,#4523,#4524,#4525,#4526),.UNSPECIFIED.,.F.,.F.,(8,6,6,6,6,8),(
    0.,0.35735844573,0.501213938212,0.600405492008,0.855775841578,1.),
  .UNSPECIFIED.);
#4495 = CARTESIAN_POINT('',(12.341790069627,-58.,66.5));
#4496 = CARTESIAN_POINT('',(12.341790277385,-58.1645761206,66.5));
#4497 = CARTESIAN_POINT('',(12.32516134277,-58.32920876204,66.5));
#4498 = CARTESIAN_POINT('',(12.291886268405,-58.49166516102,66.5));
#4499 = CARTESIAN_POINT('',(12.242509758576,-58.64994170898,66.5));
#4500 = CARTESIAN_POINT('',(12.177933769262,-58.80224717872,66.5));
#4501 = CARTESIAN_POINT('',(12.099308482314,-58.94698183162,66.5));
#4502 = CARTESIAN_POINT('',(11.971281237523,-59.13739812804,66.5));
#4503 = CARTESIAN_POINT('',(11.932474973145,-59.19061100004,66.5));
#4504 = CARTESIAN_POINT('',(11.891691700776,-59.24229996756,66.5));
#4505 = CARTESIAN_POINT('',(11.8490175942,-59.29238707084,66.5));
#4506 = CARTESIAN_POINT('',(11.804540754239,-59.34080045741,66.5));
#4507 = CARTESIAN_POINT('',(11.758350587546,-59.3874738442,66.5));
#4508 = CARTESIAN_POINT('',(11.677568783769,-59.46328631256,66.5));
#4509 = CARTESIAN_POINT('',(11.643828588063,-59.49337026739,66.5));
#4510 = CARTESIAN_POINT('',(11.609346146643,-59.52257789089,66.5));
#4511 = CARTESIAN_POINT('',(11.574151140735,-59.55089028437,66.5));
#4512 = CARTESIAN_POINT('',(11.538273384419,-59.57828960358,66.5));
#4513 = CARTESIAN_POINT('',(11.501742824631,-59.60475905879,66.5));
#4514 = CARTESIAN_POINT('',(11.368937778246,-59.69599451781,66.5));
#4515 = CARTESIAN_POINT('',(11.269159218598,-59.755437651,66.5));
#4516 = CARTESIAN_POINT('',(11.165765504312,-59.80834460198,66.5));
#4517 = CARTESIAN_POINT('',(11.059273328619,-59.85448742928,66.5));
#4518 = CARTESIAN_POINT('',(10.950204582016,-59.89367700283,66.5));
#4519 = CARTESIAN_POINT('',(10.839086498408,-59.9257620445,66.5));
#4520 = CARTESIAN_POINT('',(10.662839700477,-59.9646716778,66.5));
#4521 = CARTESIAN_POINT('',(10.598743949989,-59.97641273146,66.5));
#4522 = CARTESIAN_POINT('',(10.534260707531,-59.98583066994,66.5));
#4523 = CARTESIAN_POINT('',(10.469486805871,-59.99290888845,66.5));
#4524 = CARTESIAN_POINT('',(10.404519752787,-59.9976348371,66.5));
#4525 = CARTESIAN_POINT('',(10.339457731071,-60.00000002096,66.5));
#4526 = CARTESIAN_POINT('',(10.274399598524,-60.,66.5));
#4527 = PCURVE('',#4080,#4528);
#4528 = DEFINITIONAL_REPRESENTATION('',(#4529),#4562);
#4529 = B_SPLINE_CURVE_WITH_KNOTS('',7,(#4530,#4531,#4532,#4533,#4534,
    #4535,#4536,#4537,#4538,#4539,#4540,#4541,#4542,#4543,#4544,#4545,
    #4546,#4547,#4548,#4549,#4550,#4551,#4552,#4553,#4554,#4555,#4556,
    #4557,#4558,#4559,#4560,#4561),.UNSPECIFIED.,.F.,.F.,(8,6,6,6,6,8),(
    0.,0.35735844573,0.501213938212,0.600405492008,0.855775841578,1.),
  .UNSPECIFIED.);
#4530 = CARTESIAN_POINT('',(0.699552760534,0.));
#4531 = CARTESIAN_POINT('',(0.699552747843,4.564061721448E-02));
#4532 = CARTESIAN_POINT('',(0.699767041758,9.129851311603E-02));
#4533 = CARTESIAN_POINT('',(0.700195752394,0.137185386645));
#4534 = CARTESIAN_POINT('',(0.70082090077,0.183590811287));
#4535 = CARTESIAN_POINT('',(0.701608517087,0.230730463538));
#4536 = CARTESIAN_POINT('',(0.702521827768,0.278736045248));
#4537 = CARTESIAN_POINT('',(0.703929033942,0.347310511826));
#4538 = CARTESIAN_POINT('',(0.704347617042,0.367141287443));
#4539 = CARTESIAN_POINT('',(0.704778637785,0.387125470503));
#4540 = CARTESIAN_POINT('',(0.705219919848,0.407265851507));
#4541 = CARTESIAN_POINT('',(0.705669398604,0.427563623887));
#4542 = CARTESIAN_POINT('',(0.706125151774,0.448018470501));
#4543 = CARTESIAN_POINT('',(0.706902802164,0.482839826269));
#4544 = CARTESIAN_POINT('',(0.707222325396,0.497124882531));
#4545 = CARTESIAN_POINT('',(0.707543424274,0.511483251916));
#4546 = CARTESIAN_POINT('',(0.707865560408,0.525914085505));
#4547 = CARTESIAN_POINT('',(0.708188232502,0.540416252463));
#4548 = CARTESIAN_POINT('',(0.708510976358,0.55498834004));
#4549 = CARTESIAN_POINT('',(0.709663359614,0.607320390837));
#4550 = CARTESIAN_POINT('',(0.710490996855,0.645464096266));
#4551 = CARTESIAN_POINT('',(0.711308972745,0.684031776575));
#4552 = CARTESIAN_POINT('',(0.712111631132,0.722983976371));
#4553 = CARTESIAN_POINT('',(0.712894709363,0.762272039212));
#4554 = CARTESIAN_POINT('',(0.713655084087,0.801840368663));
#4555 = CARTESIAN_POINT('',(0.714805863626,0.864099728273));
#4556 = CARTESIAN_POINT('',(0.715213246759,0.886640956904));
#4557 = CARTESIAN_POINT('',(0.715612276584,0.909241305923));
#4558 = CARTESIAN_POINT('',(0.716002630876,0.931889348309));
#4559 = CARTESIAN_POINT('',(0.716384055048,0.954573299345));
#4560 = CARTESIAN_POINT('',(0.716756362153,0.977281016615));
#4561 = CARTESIAN_POINT('',(0.717119432886,1.));
#4562 = ( GEOMETRIC_REPRESENTATION_CONTEXT(2) 
PARAMETRIC_REPRESENTATION_CONTEXT() REPRESENTATION_CONTEXT('2D SPACE',''
  ) );
#4563 = PCURVE('',#471,#4564);
#4564 = DEFINITIONAL_REPRESENTATION('',(#4565),#4598);
#4565 = B_SPLINE_CURVE_WITH_KNOTS('',7,(#4566,#4567,#4568,#4569,#4570,
    #4571,#4572,#4573,#4574,#4575,#4576,#4577,#4578,#4579,#4580,#4581,
    #4582,#4583,#4584,#4585,#4586,#4587,#4588,#4589,#4590,#4591,#4592,
    #4593,#4594,#4595,#4596,#4597),.UNSPECIFIED.,.F.,.F.,(8,6,6,6,6,8),(
    0.,0.35735844573,0.501213938212,0.600405492008,0.855775841578,1.),
  .UNSPECIFIED.);
#4566 = CARTESIAN_POINT('',(122.34179006962,123.));
#4567 = CARTESIAN_POINT('',(122.34179027738,123.1645761206));
#4568 = CARTESIAN_POINT('',(122.32516134277,123.32920876204));
#4569 = CARTESIAN_POINT('',(122.2918862684,123.49166516102));
#4570 = CARTESIAN_POINT('',(122.24250975857,123.64994170898));
#4571 = CARTESIAN_POINT('',(122.17793376926,123.80224717872));
#4572 = CARTESIAN_POINT('',(122.09930848231,123.94698183162));
#4573 = CARTESIAN_POINT('',(121.97128123752,124.13739812804));
#4574 = CARTESIAN_POINT('',(121.93247497314,124.19061100004));
#4575 = CARTESIAN_POINT('',(121.89169170077,124.24229996756));
#4576 = CARTESIAN_POINT('',(121.8490175942,124.29238707084));
#4577 = CARTESIAN_POINT('',(121.80454075423,124.34080045741));
#4578 = CARTESIAN_POINT('',(121.75835058754,124.3874738442));
#4579 = CARTESIAN_POINT('',(121.67756878376,124.46328631256));
#4580 = CARTESIAN_POINT('',(121.64382858806,124.49337026739));
#4581 = CARTESIAN_POINT('',(121.60934614664,124.52257789089));
#4582 = CARTESIAN_POINT('',(121.57415114073,124.55089028437));
#4583 = CARTESIAN_POINT('',(121.53827338441,124.57828960358));
#4584 = CARTESIAN_POINT('',(121.50174282463,124.60475905879));
#4585 = CARTESIAN_POINT('',(121.36893777824,124.69599451781));
#4586 = CARTESIAN_POINT('',(121.26915921859,124.755437651));
#4587 = CARTESIAN_POINT('',(121.16576550431,124.80834460198));
#4588 = CARTESIAN_POINT('',(121.05927332861,124.85448742928));
#4589 = CARTESIAN_POINT('',(120.95020458201,124.89367700283));
#4590 = CARTESIAN_POINT('',(120.8390864984,124.9257620445));
#4591 = CARTESIAN_POINT('',(120.66283970047,124.9646716778));
#4592 = CARTESIAN_POINT('',(120.59874394998,124.97641273146));
#4593 = CARTESIAN_POINT('',(120.53426070753,124.98583066994));
#4594 = CARTESIAN_POINT('',(120.46948680587,124.99290888845));
#4595 = CARTESIAN_POINT('',(120.40451975278,124.9976348371));
#4596 = CARTESIAN_POINT('',(120.33945773107,125.00000002096));
#4597 = CARTESIAN_POINT('',(120.27439959852,125.));
#4598 = ( GEOMETRIC_REPRESENTATION_CONTEXT(2) 
PARAMETRIC_REPRESENTATION_CONTEXT() REPRESENTATION_CONTEXT('2D SPACE',''
  ) );
#4599 = ADVANCED_FACE('',(#4600),#3717,.F.);
#4600 = FACE_BOUND('',#4601,.F.);
#4601 = EDGE_LOOP('',(#4602,#4603,#4626,#4734));
#4602 = ORIENTED_EDGE('',*,*,#4452,.F.);
#4603 = ORIENTED_EDGE('',*,*,#4604,.T.);
#4604 = EDGE_CURVE('',#4430,#4605,#4607,.T.);
#4605 = VERTEX_POINT('',#4606);
#4606 = CARTESIAN_POINT('',(19.658209944768,-58.,66.5));
#4607 = SURFACE_CURVE('',#4608,(#4613,#4619),.PCURVE_S1.);
#4608 = CIRCLE('',#4609,3.85);
#4609 = AXIS2_PLACEMENT_3D('',#4610,#4611,#4612);
#4610 = CARTESIAN_POINT('',(16.,-58.,65.3));
#4611 = DIRECTION('',(0.,-1.,1.224646799147E-16));
#4612 = DIRECTION('',(0.,-1.224646799147E-16,-1.));
#4613 = PCURVE('',#3717,#4614);
#4614 = DEFINITIONAL_REPRESENTATION('',(#4615),#4618);
#4615 = B_SPLINE_CURVE_WITH_KNOTS('',1,(#4616,#4617),.UNSPECIFIED.,.F.,
  .F.,(2,2),(0.,6.28318530718),.PIECEWISE_BEZIER_KNOTS.);
#4616 = CARTESIAN_POINT('',(0.,0.));
#4617 = CARTESIAN_POINT('',(1.,0.));
#4618 = ( GEOMETRIC_REPRESENTATION_CONTEXT(2) 
PARAMETRIC_REPRESENTATION_CONTEXT() REPRESENTATION_CONTEXT('2D SPACE',''
  ) );
#4619 = PCURVE('',#2256,#4620);
#4620 = DEFINITIONAL_REPRESENTATION('',(#4621),#4625);
#4621 = LINE('',#4622,#4623);
#4622 = CARTESIAN_POINT('',(-6.28318530718,-4.));
#4623 = VECTOR('',#4624,1.);
#4624 = DIRECTION('',(-1.,0.));
#4625 = ( GEOMETRIC_REPRESENTATION_CONTEXT(2) 
PARAMETRIC_REPRESENTATION_CONTEXT() REPRESENTATION_CONTEXT('2D SPACE',''
  ) );
#4626 = ORIENTED_EDGE('',*,*,#4627,.T.);
#4627 = EDGE_CURVE('',#4605,#3655,#4628,.T.);
#4628 = SURFACE_CURVE('',#4629,(#4662,#4698),.PCURVE_S1.);
#4629 = B_SPLINE_CURVE_WITH_KNOTS('',7,(#4630,#4631,#4632,#4633,#4634,
    #4635,#4636,#4637,#4638,#4639,#4640,#4641,#4642,#4643,#4644,#4645,
    #4646,#4647,#4648,#4649,#4650,#4651,#4652,#4653,#4654,#4655,#4656,
    #4657,#4658,#4659,#4660,#4661),.UNSPECIFIED.,.F.,.F.,(8,6,6,6,6,8),(
    0.,0.357358445769,0.501213938247,0.600405492041,0.855775841607,1.),
  .UNSPECIFIED.);
#4630 = CARTESIAN_POINT('',(19.658209930373,-58.,66.5));
#4631 = CARTESIAN_POINT('',(19.658209722626,-58.16457612063,66.5));
#4632 = CARTESIAN_POINT('',(19.674838657204,-58.32920876207,66.5));
#4633 = CARTESIAN_POINT('',(19.708113731646,-58.49166516109,66.5));
#4634 = CARTESIAN_POINT('',(19.757490241419,-58.64994170905,66.5));
#4635 = CARTESIAN_POINT('',(19.822066230789,-58.80224717883,66.5));
#4636 = CARTESIAN_POINT('',(19.900691517744,-58.94698183173,66.5));
#4637 = CARTESIAN_POINT('',(20.02871876256,-59.13739812816,66.5));
#4638 = CARTESIAN_POINT('',(20.06752502694,-59.19061100015,66.5));
#4639 = CARTESIAN_POINT('',(20.108308299312,-59.24229996767,66.5));
#4640 = CARTESIAN_POINT('',(20.150982405891,-59.29238707094,66.5));
#4641 = CARTESIAN_POINT('',(20.195459245855,-59.34080045751,66.5));
#4642 = CARTESIAN_POINT('',(20.241649412551,-59.3874738443,66.5));
#4643 = CARTESIAN_POINT('',(20.322431216331,-59.46328631265,66.5));
#4644 = CARTESIAN_POINT('',(20.356171412039,-59.49337026748,66.5));
#4645 = CARTESIAN_POINT('',(20.390653853459,-59.52257789098,66.5));
#4646 = CARTESIAN_POINT('',(20.425848859368,-59.55089028445,66.5));
#4647 = CARTESIAN_POINT('',(20.461726615686,-59.57828960366,66.5));
#4648 = CARTESIAN_POINT('',(20.498257175475,-59.60475905887,66.5));
#4649 = CARTESIAN_POINT('',(20.631062221866,-59.69599451787,66.5));
#4650 = CARTESIAN_POINT('',(20.730840781515,-59.75543765106,66.5));
#4651 = CARTESIAN_POINT('',(20.834234495802,-59.80834460203,66.5));
#4652 = CARTESIAN_POINT('',(20.940726671499,-59.85448742932,66.5));
#4653 = CARTESIAN_POINT('',(21.049795418104,-59.89367700287,66.5));
#4654 = CARTESIAN_POINT('',(21.160913501712,-59.92576204454,66.5));
#4655 = CARTESIAN_POINT('',(21.337160299632,-59.96467167782,66.5));
#4656 = CARTESIAN_POINT('',(21.401256050099,-59.97641273146,66.5));
#4657 = CARTESIAN_POINT('',(21.465739292536,-59.98583066994,66.5));
#4658 = CARTESIAN_POINT('',(21.530513194178,-59.99290888845,66.5));
#4659 = CARTESIAN_POINT('',(21.595480247248,-59.99763483712,66.5));
#4660 = CARTESIAN_POINT('',(21.66054226895,-60.00000002098,66.5));
#4661 = CARTESIAN_POINT('',(21.725600401476,-60.,66.5));
#4662 = PCURVE('',#3717,#4663);
#4663 = DEFINITIONAL_REPRESENTATION('',(#4664),#4697);
#4664 = B_SPLINE_CURVE_WITH_KNOTS('',7,(#4665,#4666,#4667,#4668,#4669,
    #4670,#4671,#4672,#4673,#4674,#4675,#4676,#4677,#4678,#4679,#4680,
    #4681,#4682,#4683,#4684,#4685,#4686,#4687,#4688,#4689,#4690,#4691,
    #4692,#4693,#4694,#4695,#4696),.UNSPECIFIED.,.F.,.F.,(8,6,6,6,6,8),(
    0.,0.357358445769,0.501213938247,0.600405492041,0.855775841607,1.),
  .UNSPECIFIED.);
#4665 = CARTESIAN_POINT('',(0.300447239466,0.));
#4666 = CARTESIAN_POINT('',(0.300447252157,4.564061722111E-02));
#4667 = CARTESIAN_POINT('',(0.300232958242,9.129851312801E-02));
#4668 = CARTESIAN_POINT('',(0.299804247605,0.13718538666));
#4669 = CARTESIAN_POINT('',(0.29917909923,0.183590811308));
#4670 = CARTESIAN_POINT('',(0.298391482912,0.230730463569));
#4671 = CARTESIAN_POINT('',(0.297478172231,0.278736045283));
#4672 = CARTESIAN_POINT('',(0.296070966057,0.347310511868));
#4673 = CARTESIAN_POINT('',(0.295652382957,0.367141287485));
#4674 = CARTESIAN_POINT('',(0.295221362214,0.387125470545));
#4675 = CARTESIAN_POINT('',(0.294780080151,0.407265851549));
#4676 = CARTESIAN_POINT('',(0.294330601395,0.427563623929));
#4677 = CARTESIAN_POINT('',(0.293874848225,0.448018470544));
#4678 = CARTESIAN_POINT('',(0.293097197835,0.482839826311));
#4679 = CARTESIAN_POINT('',(0.292777674603,0.497124882573));
#4680 = CARTESIAN_POINT('',(0.292456575725,0.511483251958));
#4681 = CARTESIAN_POINT('',(0.292134439591,0.525914085547));
#4682 = CARTESIAN_POINT('',(0.291811767497,0.540416252505));
#4683 = CARTESIAN_POINT('',(0.291489023642,0.554988340083));
#4684 = CARTESIAN_POINT('',(0.290336640385,0.60732039088));
#4685 = CARTESIAN_POINT('',(0.289509003144,0.645464096308));
#4686 = CARTESIAN_POINT('',(0.288691027254,0.684031776617));
#4687 = CARTESIAN_POINT('',(0.287888368867,0.722983976413));
#4688 = CARTESIAN_POINT('',(0.287105290636,0.762272039255));
#4689 = CARTESIAN_POINT('',(0.286344915912,0.801840368705));
#4690 = CARTESIAN_POINT('',(0.285194136373,0.864099728311));
#4691 = CARTESIAN_POINT('',(0.28478675324,0.886640956935));
#4692 = CARTESIAN_POINT('',(0.284387723415,0.909241305946));
#4693 = CARTESIAN_POINT('',(0.283997369124,0.931889348326));
#4694 = CARTESIAN_POINT('',(0.283615944952,0.954573299358));
#4695 = CARTESIAN_POINT('',(0.283243637847,0.977281016622));
#4696 = CARTESIAN_POINT('',(0.282880567114,1.));
#4697 = ( GEOMETRIC_REPRESENTATION_CONTEXT(2) 
PARAMETRIC_REPRESENTATION_CONTEXT() REPRESENTATION_CONTEXT('2D SPACE',''
  ) );
#4698 = PCURVE('',#2284,#4699);
#4699 = DEFINITIONAL_REPRESENTATION('',(#4700),#4733);
#4700 = B_SPLINE_CURVE_WITH_KNOTS('',7,(#4701,#4702,#4703,#4704,#4705,
    #4706,#4707,#4708,#4709,#4710,#4711,#4712,#4713,#4714,#4715,#4716,
    #4717,#4718,#4719,#4720,#4721,#4722,#4723,#4724,#4725,#4726,#4727,
    #4728,#4729,#4730,#4731,#4732),.UNSPECIFIED.,.F.,.F.,(8,6,6,6,6,8),(
    0.,0.357358445769,0.501213938247,0.600405492041,0.855775841607,1.),
  .UNSPECIFIED.);
#4701 = CARTESIAN_POINT('',(-19.65820993037,15.249171011152));
#4702 = CARTESIAN_POINT('',(-19.65820972262,15.413747131785));
#4703 = CARTESIAN_POINT('',(-19.6748386572,15.57837977323));
#4704 = CARTESIAN_POINT('',(-19.70811373164,15.740836172248));
#4705 = CARTESIAN_POINT('',(-19.75749024141,15.899112720202));
#4706 = CARTESIAN_POINT('',(-19.82206623078,16.051418189982));
#4707 = CARTESIAN_POINT('',(-19.90069151774,16.196152842887));
#4708 = CARTESIAN_POINT('',(-20.02871876256,16.386569139313));
#4709 = CARTESIAN_POINT('',(-20.06752502694,16.439782011307));
#4710 = CARTESIAN_POINT('',(-20.10830829931,16.491470978824));
#4711 = CARTESIAN_POINT('',(-20.15098240589,16.541558082096));
#4712 = CARTESIAN_POINT('',(-20.19545924585,16.589971468664));
#4713 = CARTESIAN_POINT('',(-20.24164941255,16.636644855454));
#4714 = CARTESIAN_POINT('',(-20.32243121633,16.71245732381));
#4715 = CARTESIAN_POINT('',(-20.35617141203,16.742541278631));
#4716 = CARTESIAN_POINT('',(-20.39065385345,16.771748902135));
#4717 = CARTESIAN_POINT('',(-20.42584885936,16.800061295608));
#4718 = CARTESIAN_POINT('',(-20.46172661568,16.827460614819));
#4719 = CARTESIAN_POINT('',(-20.49825717547,16.853930070023));
#4720 = CARTESIAN_POINT('',(-20.63106222186,16.94516552903));
#4721 = CARTESIAN_POINT('',(-20.73084078151,17.004608662215));
#4722 = CARTESIAN_POINT('',(-20.8342344958,17.057515613188));
#4723 = CARTESIAN_POINT('',(-20.94072667149,17.103658440481));
#4724 = CARTESIAN_POINT('',(-21.0497954181,17.142848014023));
#4725 = CARTESIAN_POINT('',(-21.16091350171,17.174933055694));
#4726 = CARTESIAN_POINT('',(-21.33716029963,17.213842688974));
#4727 = CARTESIAN_POINT('',(-21.40125605009,17.225583742619));
#4728 = CARTESIAN_POINT('',(-21.46573929253,17.235001681093));
#4729 = CARTESIAN_POINT('',(-21.53051319417,17.242079899604));
#4730 = CARTESIAN_POINT('',(-21.59548024724,17.246805848274));
#4731 = CARTESIAN_POINT('',(-21.66054226895,17.24917103214));
#4732 = CARTESIAN_POINT('',(-21.72560040147,17.249171011152));
#4733 = ( GEOMETRIC_REPRESENTATION_CONTEXT(2) 
PARAMETRIC_REPRESENTATION_CONTEXT() REPRESENTATION_CONTEXT('2D SPACE',''
  ) );
#4734 = ORIENTED_EDGE('',*,*,#3677,.F.);
#4735 = ADVANCED_FACE('',(#4736),#3614,.T.);
#4736 = FACE_BOUND('',#4737,.T.);
#4737 = EDGE_LOOP('',(#4738,#4739,#5259,#5289,#5315));
#4738 = ORIENTED_EDGE('',*,*,#3600,.F.);
#4739 = ORIENTED_EDGE('',*,*,#4740,.F.);
#4740 = EDGE_CURVE('',#4741,#3573,#4743,.T.);
#4741 = VERTEX_POINT('',#4742);
#4742 = CARTESIAN_POINT('',(98.749999997583,-52.,2.999879733849));
#4743 = SURFACE_CURVE('',#4744,(#4943,#5092),.PCURVE_S1.);
#4744 = B_SPLINE_CURVE_WITH_KNOTS('',8,(#4745,#4746,#4747,#4748,#4749,
    #4750,#4751,#4752,#4753,#4754,#4755,#4756,#4757,#4758,#4759,#4760,
    #4761,#4762,#4763,#4764,#4765,#4766,#4767,#4768,#4769,#4770,#4771,
    #4772,#4773,#4774,#4775,#4776,#4777,#4778,#4779,#4780,#4781,#4782,
    #4783,#4784,#4785,#4786,#4787,#4788,#4789,#4790,#4791,#4792,#4793,
    #4794,#4795,#4796,#4797,#4798,#4799,#4800,#4801,#4802,#4803,#4804,
    #4805,#4806,#4807,#4808,#4809,#4810,#4811,#4812,#4813,#4814,#4815,
    #4816,#4817,#4818,#4819,#4820,#4821,#4822,#4823,#4824,#4825,#4826,
    #4827,#4828,#4829,#4830,#4831,#4832,#4833,#4834,#4835,#4836,#4837,
    #4838,#4839,#4840,#4841,#4842,#4843,#4844,#4845,#4846,#4847,#4848,
    #4849,#4850,#4851,#4852,#4853,#4854,#4855,#4856,#4857,#4858,#4859,
    #4860,#4861,#4862,#4863,#4864,#4865,#4866,#4867,#4868,#4869,#4870,
    #4871,#4872,#4873,#4874,#4875,#4876,#4877,#4878,#4879,#4880,#4881,
    #4882,#4883,#4884,#4885,#4886,#4887,#4888,#4889,#4890,#4891,#4892,
    #4893,#4894,#4895,#4896,#4897,#4898,#4899,#4900,#4901,#4902,#4903,
    #4904,#4905,#4906,#4907,#4908,#4909,#4910,#4911,#4912,#4913,#4914,
    #4915,#4916,#4917,#4918,#4919,#4920,#4921,#4922,#4923,#4924,#4925,
    #4926,#4927,#4928,#4929,#4930,#4931,#4932,#4933,#4934,#4935,#4936,
    #4937,#4938,#4939,#4940,#4941,#4942),.UNSPECIFIED.,.F.,.F.,(9,7,7,7,
    7,7,7,7,7,7,7,7,7,7,7,7,7,7,7,7,7,7,7,7,7,7,7,7,9),(0.,
    2.176825959057E-04,3.939774857888E-03,8.944512236614E-03,
    1.994228266422E-02,4.192535718073E-02,6.689276931337E-02,
    8.486568823832E-02,0.106830269198,0.133784578066,0.166726534565,
    0.205655616775,0.248575390229,0.29348979709,0.50155106561,
    0.663430528873,0.707345615451,0.752259951862,0.795179625593,
    0.834108570429,0.867050346688,0.894004596003,0.915969188157,
    0.933942121449,0.958909573164,0.985893536732,0.997939343563,
    0.99983591332,1.),.UNSPECIFIED.);
#4745 = CARTESIAN_POINT('',(98.749999997583,-52.,2.999879733849));
#4746 = CARTESIAN_POINT('',(98.749999991431,-52.00002099271,
    2.999726653074));
#4747 = CARTESIAN_POINT('',(98.749999975128,-52.00008112458,
    2.999572679875));
#4748 = CARTESIAN_POINT('',(98.749999950457,-52.00016812881,
    2.999423804942));
#4749 = CARTESIAN_POINT('',(98.749999918516,-52.00027326474,
    2.99928362543));
#4750 = CARTESIAN_POINT('',(98.749999879718,-52.00039131787,
    2.999153344956));
#4751 = CARTESIAN_POINT('',(98.749999833796,-52.00052059981,
    2.999031773605));
#4752 = CARTESIAN_POINT('',(98.749999779797,-52.00066294835,
    2.998915327926));
#4753 = CARTESIAN_POINT('',(98.749998626694,-52.00357284232,
    2.996792403311));
#4754 = CARTESIAN_POINT('',(98.749992524313,-52.00838533751,
    2.995622956187));
#4755 = CARTESIAN_POINT('',(98.749984670984,-52.01360065038,
    2.994936461734));
#4756 = CARTESIAN_POINT('',(98.749976640347,-52.01822886325,
    2.994463107395));
#4757 = CARTESIAN_POINT('',(98.74996831764,-52.02195070338,
    2.994016495887));
#4758 = CARTESIAN_POINT('',(98.749957899695,-52.02511754298,
    2.993493645196));
#4759 = CARTESIAN_POINT('',(98.749941894942,-52.02875139918,
    2.992874988582));
#4760 = CARTESIAN_POINT('',(98.74987912632,-52.04233493995,
    2.991349556864));
#4761 = CARTESIAN_POINT('',(98.749834314904,-52.05014772719,
    2.99057715513));
#4762 = CARTESIAN_POINT('',(98.749780675004,-52.05797552564,
    2.989879922665));
#4763 = CARTESIAN_POINT('',(98.749718193468,-52.06581251236,
    2.989236537551));
#4764 = CARTESIAN_POINT('',(98.74964685816,-52.07365481166,
    2.988631602657));
#4765 = CARTESIAN_POINT('',(98.749566657951,-52.0815004951,
    2.988055645642));
#4766 = CARTESIAN_POINT('',(98.749477582725,-52.08934958144,
    2.987505118956));
#4767 = CARTESIAN_POINT('',(98.749164360452,-52.11446398248,
    2.985833739184));
#4768 = CARTESIAN_POINT('',(98.748906354846,-52.13173019889,
    2.984802879546));
#4769 = CARTESIAN_POINT('',(98.748605602846,-52.14899866898,
    2.983850895732));
#4770 = CARTESIAN_POINT('',(98.74826211037,-52.16626785675,
    2.982959646023));
#4771 = CARTESIAN_POINT('',(98.747875885392,-52.18353720719,
    2.98211955808));
#4772 = CARTESIAN_POINT('',(98.747446932529,-52.20080633118,
    2.981322783222));
#4773 = CARTESIAN_POINT('',(98.74697524981,-52.21807487545,
    2.980561719064));
#4774 = CARTESIAN_POINT('',(98.745432566342,-52.26985990759,
    2.978376089611));
#4775 = CARTESIAN_POINT('',(98.744233326156,-52.30438238534,
    2.97704643343));
#4776 = CARTESIAN_POINT('',(98.742863059794,-52.33890602069,
    2.975808798705));
#4777 = CARTESIAN_POINT('',(98.741321767345,-52.37342781619,
    2.974644621166));
#4778 = CARTESIAN_POINT('',(98.739609476292,-52.40794557548,
    2.973542876759));
#4779 = CARTESIAN_POINT('',(98.73772622445,-52.44245751094,
    2.972494852042));
#4780 = CARTESIAN_POINT('',(98.735672045815,-52.47696215046,
    2.971492713814));
#4781 = CARTESIAN_POINT('',(98.73091980364,-52.55063803391,
    2.969440602681));
#4782 = CARTESIAN_POINT('',(98.728172218095,-52.58980637354,
    2.968402314006));
#4783 = CARTESIAN_POINT('',(98.725204273434,-52.62896157098,
    2.967409482837));
#4784 = CARTESIAN_POINT('',(98.722016058508,-52.6681017657,
    2.966456400285));
#4785 = CARTESIAN_POINT('',(98.718607677884,-52.70722520592,
    2.96553876531));
#4786 = CARTESIAN_POINT('',(98.714979249454,-52.74633022664,
    2.964653272382));
#4787 = CARTESIAN_POINT('',(98.711130902049,-52.78541522765,
    2.963797199146));
#4788 = CARTESIAN_POINT('',(98.704134309651,-52.8525986564,
    2.962371086578));
#4789 = CARTESIAN_POINT('',(98.701091958897,-52.88070746521,
    2.961788114109));
#4790 = CARTESIAN_POINT('',(98.697935773782,-52.90880449072,
    2.961218227616));
#4791 = CARTESIAN_POINT('',(98.69466581053,-52.93688915157,
    2.960660656468));
#4792 = CARTESIAN_POINT('',(98.691282128596,-52.96496087236,
    2.960114708446));
#4793 = CARTESIAN_POINT('',(98.687784790668,-52.99301908358,
    2.95957976975));
#4794 = CARTESIAN_POINT('',(98.684173862666,-53.02106322165,
    2.959055304998));
#4795 = CARTESIAN_POINT('',(98.675897790254,-53.08334739752,
    2.957912154127));
#4796 = CARTESIAN_POINT('',(98.671176621948,-53.11758021103,
    2.957298371937));
#4797 = CARTESIAN_POINT('',(98.666286035117,-53.15179014925,
    2.956698658929));
#4798 = CARTESIAN_POINT('',(98.66122616301,-53.18597619777,
    2.956112239949));
#4799 = CARTESIAN_POINT('',(98.655997145833,-53.22013734799,
    2.955538416417));
#4800 = CARTESIAN_POINT('',(98.650599130748,-53.25427259711,
    2.954976566324));
#4801 = CARTESIAN_POINT('',(98.645032271875,-53.28838094811,
    2.954426144233));
#4802 = CARTESIAN_POINT('',(98.632258236826,-53.36428398281,
    2.953224667691));
#4803 = CARTESIAN_POINT('',(98.624965715586,-53.40606455292,
    2.952579119725));
#4804 = CARTESIAN_POINT('',(98.617419464341,-53.44780128632,
    2.951949155129));
#4805 = CARTESIAN_POINT('',(98.609619796299,-53.48949235643,
    2.951333969665));
#4806 = CARTESIAN_POINT('',(98.601567040096,-53.53113594382,
    2.950732837106));
#4807 = CARTESIAN_POINT('',(98.593261539801,-53.57273023627,
    2.95014510924));
#4808 = CARTESIAN_POINT('',(98.584703654914,-53.61427342873,
    2.949570215865));
#4809 = CARTESIAN_POINT('',(98.565126830133,-53.70647069892,
    2.94832014826));
#4810 = CARTESIAN_POINT('',(98.553983491079,-53.75709866285,
    2.947651028623));
#4811 = CARTESIAN_POINT('',(98.54246442777,-53.80764433139,
    2.946999392315));
#4812 = CARTESIAN_POINT('',(98.530570358592,-53.85810443272,
    2.946364405582));
#4813 = CARTESIAN_POINT('',(98.518302035745,-53.90847570686,
    2.945745314486));
#4814 = CARTESIAN_POINT('',(98.505660245244,-53.95875490576,
    2.945141444902));
#4815 = CARTESIAN_POINT('',(98.492645806921,-54.00893879326,
    2.944552202518));
#4816 = CARTESIAN_POINT('',(98.463440424599,-54.11821239571,
    2.943297414643));
#4817 = CARTESIAN_POINT('',(98.447102053302,-54.1772630385,
    2.942637430869));
#4818 = CARTESIAN_POINT('',(98.430245869621,-54.23617075037,
    2.941996257529));
#4819 = CARTESIAN_POINT('',(98.41287334735,-54.29493023067,2.94137310423
    ));
#4820 = CARTESIAN_POINT('',(98.394986024989,-54.35353620116,
    2.940767254167));
#4821 = CARTESIAN_POINT('',(98.376585505742,-54.41198340605,
    2.940178064126));
#4822 = CARTESIAN_POINT('',(98.357673457518,-54.47026661197,
    2.939604964481));
#4823 = CARTESIAN_POINT('',(98.316838799621,-54.59245197568,
    2.938432803034));
#4824 = CARTESIAN_POINT('',(98.294806310998,-54.65631766582,
    2.937837077612));
#4825 = CARTESIAN_POINT('',(98.272156469335,-54.71997069349,
    2.937259605775));
#4826 = CARTESIAN_POINT('',(98.248891690295,-54.78340411038,
    2.936699764913));
#4827 = CARTESIAN_POINT('',(98.225014482922,-54.84661100477,
    2.936156986965));
#4828 = CARTESIAN_POINT('',(98.200527449652,-54.90958450149,
    2.935630758415));
#4829 = CARTESIAN_POINT('',(98.175433286302,-54.97231776192,
    2.935120620296));
#4830 = CARTESIAN_POINT('',(98.122841977631,-55.10019416151,
    2.93410873714));
#4831 = CARTESIAN_POINT('',(98.095287353146,-55.16531381021,
    2.933608469521));
#4832 = CARTESIAN_POINT('',(98.067074105341,-55.23015513423,
    2.933124894405));
#4833 = CARTESIAN_POINT('',(98.038205539691,-55.29471038784,
    2.93265757662));
#4834 = CARTESIAN_POINT('',(98.008685070427,-55.35897187545,
    2.932206116741));
#4835 = CARTESIAN_POINT('',(97.978516220537,-55.42293195164,
    2.931770151095));
#4836 = CARTESIAN_POINT('',(97.947702621765,-55.48658302116,
    2.93134935176));
#4837 = CARTESIAN_POINT('',(97.770537853389,-55.84330803476,
    2.929063020753));
#4838 = CARTESIAN_POINT('',(97.611069370748,-56.12991138639,
    2.927501586605));
#4839 = CARTESIAN_POINT('',(97.438217432705,-56.40896912807,
    2.926229624984));
#4840 = CARTESIAN_POINT('',(97.252404355537,-56.67975635483,
    2.925228929798));
#4841 = CARTESIAN_POINT('',(97.054096911072,-56.94157985253,
    2.924488147298));
#4842 = CARTESIAN_POINT('',(96.843805210179,-57.19377759119,
    2.924000110721));
#4843 = CARTESIAN_POINT('',(96.622083464468,-57.43571958159,
    2.923760950289));
#4844 = CARTESIAN_POINT('',(96.208599359978,-57.84660717418,
    2.923778780921));
#4845 = CARTESIAN_POINT('',(96.021106706779,-58.01983929072,
    2.923937334818));
#4846 = CARTESIAN_POINT('',(95.827336145035,-58.18622693013,
    2.924246884283));
#4847 = CARTESIAN_POINT('',(95.627581600501,-58.34550638085,
    2.924708689714));
#4848 = CARTESIAN_POINT('',(95.422149380923,-58.49742979484,
    2.92532538069));
#4849 = CARTESIAN_POINT('',(95.211358110733,-58.64176524785,
    2.926101308782));
#4850 = CARTESIAN_POINT('',(94.995538665739,-58.77829679983,
    2.927042900368));
#4851 = CARTESIAN_POINT('',(94.715215051363,-58.94169190274,
    2.928461790456));
#4852 = CARTESIAN_POINT('',(94.65505108677,-58.97597029096,
    2.928777423204));
#4853 = CARTESIAN_POINT('',(94.594549023964,-59.00965575502,
    2.929106085789));
#4854 = CARTESIAN_POINT('',(94.53371572512,-59.04274442583,
    2.929447976128));
#4855 = CARTESIAN_POINT('',(94.472558104659,-59.07523253002,
    2.929803311953));
#4856 = CARTESIAN_POINT('',(94.411083129253,-59.10711638999,
    2.930172330816));
#4857 = CARTESIAN_POINT('',(94.34929781782,-59.13839242385,
    2.930555290086));
#4858 = CARTESIAN_POINT('',(94.223707893356,-59.20041961632,
    2.93135868123));
#4859 = CARTESIAN_POINT('',(94.159889317199,-59.23114264131,
    2.931779774645));
#4860 = CARTESIAN_POINT('',(94.09576107802,-59.26122249092,
    2.932216039728));
#4861 = CARTESIAN_POINT('',(94.03133079105,-59.29065554411,
    2.932667804815));
#4862 = CARTESIAN_POINT('',(93.966606121787,-59.31943828832,
    2.93313543405));
#4863 = CARTESIAN_POINT('',(93.901594785998,-59.3475673195,
    2.933619327381));
#4864 = CARTESIAN_POINT('',(93.836304549719,-59.37503934209,
    2.934119920562));
#4865 = CARTESIAN_POINT('',(93.708093511846,-59.42747227252,
    2.935132455621));
#4866 = CARTESIAN_POINT('',(93.645196249309,-59.45249051937,
    2.935642919397));
#4867 = CARTESIAN_POINT('',(93.582058261463,-59.47690312875,
    2.936169481435));
#4868 = CARTESIAN_POINT('',(93.518686404774,-59.50070741304,
    2.936712601342));
#4869 = CARTESIAN_POINT('',(93.455087572352,-59.52390077775,
    2.937272793376));
#4870 = CARTESIAN_POINT('',(93.391268693956,-59.54648072157,
    2.937850626445));
#4871 = CARTESIAN_POINT('',(93.327236735989,-59.56844483634,
    2.938446724106));
#4872 = CARTESIAN_POINT('',(93.20473360572,-59.60915200074,
    2.939619617748));
#4873 = CARTESIAN_POINT('',(93.146298972221,-59.62800465902,
    2.940193075229));
#4874 = CARTESIAN_POINT('',(93.0877000255,-59.64634705472,2.940782633798
    ));
#4875 = CARTESIAN_POINT('',(93.028942012528,-59.66417752519,
    2.941388864001));
#4876 = CARTESIAN_POINT('',(92.970030202755,-59.68149447233,
    2.942012410147));
#4877 = CARTESIAN_POINT('',(92.910969888104,-59.6982963626,
    2.942653990305));
#4878 = CARTESIAN_POINT('',(92.851766382976,-59.71458172698,
    2.943314396308));
#4879 = CARTESIAN_POINT('',(92.742210209275,-59.74369160547,
    2.944569994004));
#4880 = CARTESIAN_POINT('',(92.691896683036,-59.75666318172,
    2.945159619179));
#4881 = CARTESIAN_POINT('',(92.641487678147,-59.76926303891,
    2.945763884699));
#4882 = CARTESIAN_POINT('',(92.590986439149,-59.78149035996,
    2.946383386036));
#4883 = CARTESIAN_POINT('',(92.540396222518,-59.79334436147,
    2.947018798709));
#4884 = CARTESIAN_POINT('',(92.489720296657,-59.8048242938,2.94767087828
    ));
#4885 = CARTESIAN_POINT('',(92.438961941901,-59.81592944104,
    2.94834046036));
#4886 = CARTESIAN_POINT('',(92.346527227384,-59.83543856469,
    2.949591409301));
#4887 = CARTESIAN_POINT('',(92.304877022397,-59.84396662744,
    2.950166714731));
#4888 = CARTESIAN_POINT('',(92.263175638087,-59.85224293564,
    2.950754870178));
#4889 = CARTESIAN_POINT('',(92.221424884205,-59.86026713105,
    2.951356447225));
#4890 = CARTESIAN_POINT('',(92.179626577724,-59.86803887085,
    2.951972095754));
#4891 = CARTESIAN_POINT('',(92.137782542839,-59.87555782757,
    2.952602543946));
#4892 = CARTESIAN_POINT('',(92.095894610964,-59.88282368918,
    2.953248598278));
#4893 = CARTESIAN_POINT('',(92.019796533782,-59.89555050992,
    2.95445104119));
#4894 = CARTESIAN_POINT('',(91.985600520566,-59.90109659955,
    2.955001914985));
#4895 = CARTESIAN_POINT('',(91.951377574909,-59.90647426739,
    2.955564235079));
#4896 = CARTESIAN_POINT('',(91.917128696474,-59.91168335992,
    2.956138548567));
#4897 = CARTESIAN_POINT('',(91.882854890764,-59.91672373054,
    2.95672547947));
#4898 = CARTESIAN_POINT('',(91.848557169119,-59.9215952396,
    2.957325728735));
#4899 = CARTESIAN_POINT('',(91.81423654872,-59.92629775439,
    2.957940074237));
#4900 = CARTESIAN_POINT('',(91.751792670706,-59.93454068313,
    2.959084304298));
#4901 = CARTESIAN_POINT('',(91.723676644214,-59.93813698054,
    2.959609275158));
#4902 = CARTESIAN_POINT('',(91.6955465323,-59.94161997252,2.960144741914
    ));
#4903 = CARTESIAN_POINT('',(91.667402900119,-59.9449895934,
    2.960691242002));
#4904 = CARTESIAN_POINT('',(91.639246318803,-59.94824578078,
    2.961249391735));
#4905 = CARTESIAN_POINT('',(91.611077365458,-59.95138847547,
    2.961819886305));
#4906 = CARTESIAN_POINT('',(91.582896623163,-59.95441762149,
    2.962403499781));
#4907 = CARTESIAN_POINT('',(91.515541293224,-59.9613833519,
    2.963831232456));
#4908 = CARTESIAN_POINT('',(91.47635632129,-59.96521430756,
    2.964688318588));
#4909 = CARTESIAN_POINT('',(91.437151327148,-59.9688258964,2.96557490852
    ));
#4910 = CARTESIAN_POINT('',(91.397927915975,-59.97221799022,
    2.966493737549));
#4911 = CARTESIAN_POINT('',(91.358687758471,-59.97539047174,
    2.967448128097));
#4912 = CARTESIAN_POINT('',(91.319432613186,-59.978343237,2.968442406561
    ));
#4913 = CARTESIAN_POINT('',(91.280164348836,-59.98107619772,
    2.969482320155));
#4914 = CARTESIAN_POINT('',(91.198433160571,-59.98630534076,
    2.971756874972));
#4915 = CARTESIAN_POINT('',(91.155970359844,-59.98876444166,
    2.972999959975));
#4916 = CARTESIAN_POINT('',(91.113497538591,-59.99096666266,
    2.974317767252));
#4917 = CARTESIAN_POINT('',(91.071015856633,-59.99291197496,
    2.975716118158));
#4918 = CARTESIAN_POINT('',(91.028529546738,-59.99460029796,
    2.97722191253));
#4919 = CARTESIAN_POINT('',(90.986043921998,-59.99603155497,
    2.978861481465));
#4920 = CARTESIAN_POINT('',(90.943565528375,-59.99720575839,
    2.980665280118));
#4921 = CARTESIAN_POINT('',(90.882159714365,-59.99853268136,
    2.983717114999));
#4922 = CARTESIAN_POINT('',(90.86328452878,-59.99888957695,
    2.984732288996));
#4923 = CARTESIAN_POINT('',(90.844391793489,-59.99919589329,
    2.985724016512));
#4924 = CARTESIAN_POINT('',(90.825567340247,-59.9994518014,
    2.987095639587));
#4925 = CARTESIAN_POINT('',(90.806584747622,-59.99965718494,
    2.988069068775));
#4926 = CARTESIAN_POINT('',(90.787777879731,-59.9998116553,
    2.989882846236));
#4927 = CARTESIAN_POINT('',(90.768861639628,-59.9999145793,
    2.991302259443));
#4928 = CARTESIAN_POINT('',(90.747405835021,-59.99997586651,
    2.99442041911));
#4929 = CARTESIAN_POINT('',(90.745028808549,-59.99998215067,
    2.994887102098));
#4930 = CARTESIAN_POINT('',(90.742725161056,-59.99998707083,
    2.995329401228));
#4931 = CARTESIAN_POINT('',(90.740233689119,-59.99999109343,
    2.995738238046));
#4932 = CARTESIAN_POINT('',(90.737500195491,-59.99999446272,
    2.996162361854));
#4933 = CARTESIAN_POINT('',(90.734677489099,-59.9999972007,
    2.996708349712));
#4934 = CARTESIAN_POINT('',(90.732125385045,-59.99999910715,
    2.997540606437));
#4935 = CARTESIAN_POINT('',(90.730262354555,-59.99999981607,
    2.998997363792));
#4936 = CARTESIAN_POINT('',(90.730121417529,-59.9999998662,
    2.999120341659));
#4937 = CARTESIAN_POINT('',(90.729992971162,-59.9999999093,
    2.999250991013));
#4938 = CARTESIAN_POINT('',(90.729881801874,-59.99999994475,
    2.999389380734));
#4939 = CARTESIAN_POINT('',(90.729792404874,-59.99999997199,
    2.99953495577));
#4940 = CARTESIAN_POINT('',(90.729728984155,-59.99999999054,
    2.999686537136));
#4941 = CARTESIAN_POINT('',(90.729695452499,-59.99999999999,
    2.999842321916));
#4942 = CARTESIAN_POINT('',(90.729695431472,-60.,2.999999883262));
#4943 = PCURVE('',#3614,#4944);
#4944 = DEFINITIONAL_REPRESENTATION('',(#4945),#5091);
#4945 = B_SPLINE_CURVE_WITH_KNOTS('',8,(#4946,#4947,#4948,#4949,#4950,
    #4951,#4952,#4953,#4954,#4955,#4956,#4957,#4958,#4959,#4960,#4961,
    #4962,#4963,#4964,#4965,#4966,#4967,#4968,#4969,#4970,#4971,#4972,
    #4973,#4974,#4975,#4976,#4977,#4978,#4979,#4980,#4981,#4982,#4983,
    #4984,#4985,#4986,#4987,#4988,#4989,#4990,#4991,#4992,#4993,#4994,
    #4995,#4996,#4997,#4998,#4999,#5000,#5001,#5002,#5003,#5004,#5005,
    #5006,#5007,#5008,#5009,#5010,#5011,#5012,#5013,#5014,#5015,#5016,
    #5017,#5018,#5019,#5020,#5021,#5022,#5023,#5024,#5025,#5026,#5027,
    #5028,#5029,#5030,#5031,#5032,#5033,#5034,#5035,#5036,#5037,#5038,
    #5039,#5040,#5041,#5042,#5043,#5044,#5045,#5046,#5047,#5048,#5049,
    #5050,#5051,#5052,#5053,#5054,#5055,#5056,#5057,#5058,#5059,#5060,
    #5061,#5062,#5063,#5064,#5065,#5066,#5067,#5068,#5069,#5070,#5071,
    #5072,#5073,#5074,#5075,#5076,#5077,#5078,#5079,#5080,#5081,#5082,
    #5083,#5084,#5085,#5086,#5087,#5088,#5089,#5090),.UNSPECIFIED.,.F.,
  .F.,(9,8,8,8,8,8,8,8,8,8,8,8,8,8,8,8,8,8,9),(0.,9.765625E-04,
    2.927780151367E-03,3.901483491063E-03,1.168350315129E-02,
    7.345328420433E-02,0.305089963153,0.652544981577,0.826272490788,
    0.913136245394,0.956568122697,0.978284061349,0.989142030674,
    0.994571015337,0.997285507669,0.997964130751,0.998982065376,
    0.999491032688,1.),.UNSPECIFIED.);
#4946 = CARTESIAN_POINT('',(1.570211665735,-63.50012026615));
#4947 = CARTESIAN_POINT('',(1.570196511294,-63.50081554181));
#4948 = CARTESIAN_POINT('',(1.570090378048,-63.50147572733));
#4949 = CARTESIAN_POINT('',(1.569975613988,-63.50161196323));
#4950 = CARTESIAN_POINT('',(1.569850878889,-63.50255016257));
#4951 = CARTESIAN_POINT('',(1.569712045703,-63.5025469614));
#4952 = CARTESIAN_POINT('',(1.569557929395,-63.50310011312));
#4953 = CARTESIAN_POINT('',(1.569401966611,-63.50336319038));
#4954 = CARTESIAN_POINT('',(1.569239990197,-63.50365760969));
#4955 = CARTESIAN_POINT('',(1.568916822882,-63.50423207787));
#4956 = CARTESIAN_POINT('',(1.56857654869,-63.5046812079));
#4957 = CARTESIAN_POINT('',(1.568238682771,-63.50504363664));
#4958 = CARTESIAN_POINT('',(1.567915715407,-63.50535170123));
#4959 = CARTESIAN_POINT('',(1.567613112018,-63.50563143912));
#4960 = CARTESIAN_POINT('',(1.567329313158,-63.50590258805));
#4961 = CARTESIAN_POINT('',(1.567055734513,-63.50617858608));
#4962 = CARTESIAN_POINT('',(1.566776766908,-63.50646657156));
#4963 = CARTESIAN_POINT('',(1.566636785415,-63.50660958813));
#4964 = CARTESIAN_POINT('',(1.566496770811,-63.50675676508));
#4965 = CARTESIAN_POINT('',(1.566353699593,-63.50690801282));
#4966 = CARTESIAN_POINT('',(1.566204548257,-63.50706324177));
#4967 = CARTESIAN_POINT('',(1.566046293302,-63.50722236234));
#4968 = CARTESIAN_POINT('',(1.565875911225,-63.50738528495));
#4969 = CARTESIAN_POINT('',(1.565690378523,-63.50755192001));
#4970 = CARTESIAN_POINT('',(1.565486671693,-63.50772217794));
#4971 = CARTESIAN_POINT('',(1.563811353897,-63.50909175154));
#4972 = CARTESIAN_POINT('',(1.562124954755,-63.51020463228));
#4973 = CARTESIAN_POINT('',(1.560437143812,-63.51118074167));
#4974 = CARTESIAN_POINT('',(1.558750925026,-63.51207945027));
#4975 = CARTESIAN_POINT('',(1.557065475285,-63.51292032576));
#4976 = CARTESIAN_POINT('',(1.555378982912,-63.51370388097));
#4977 = CARTESIAN_POINT('',(1.553691486176,-63.51443232195));
#4978 = CARTESIAN_POINT('',(1.552007711804,-63.51513029606));
#4979 = CARTESIAN_POINT('',(1.538635274771,-63.52065001754));
#4980 = CARTESIAN_POINT('',(1.525336125682,-63.52389897777));
#4981 = CARTESIAN_POINT('',(1.512094284648,-63.52746529961));
#4982 = CARTESIAN_POINT('',(1.498918049967,-63.5298170343));
#4983 = CARTESIAN_POINT('',(1.485819988384,-63.53253949222));
#4984 = CARTESIAN_POINT('',(1.472775753988,-63.53468121483));
#4985 = CARTESIAN_POINT('',(1.459800932445,-63.53679198268));
#4986 = CARTESIAN_POINT('',(1.446886208529,-63.53872530882));
#4987 = CARTESIAN_POINT('',(1.398456680163,-63.54598361351));
#4988 = CARTESIAN_POINT('',(1.350896325662,-63.55125463034));
#4989 = CARTESIAN_POINT('',(1.304109908097,-63.55579488302));
#4990 = CARTESIAN_POINT('',(1.258001735083,-63.55959272959));
#4991 = CARTESIAN_POINT('',(1.212483713459,-63.56278351713));
#4992 = CARTESIAN_POINT('',(1.16747464343,-63.56558263331));
#4993 = CARTESIAN_POINT('',(1.122896556271,-63.56790853137));
#4994 = CARTESIAN_POINT('',(1.078673899717,-63.56986780513));
#4995 = CARTESIAN_POINT('',(1.012339614364,-63.57280111256));
#4996 = CARTESIAN_POINT('',(0.94680622883,-63.57488027833));
#4997 = CARTESIAN_POINT('',(0.88182143594,-63.57620582617));
#4998 = CARTESIAN_POINT('',(0.81714881294,-63.57683734376));
#4999 = CARTESIAN_POINT('',(0.752560707256,-63.57679772125));
#5000 = CARTESIAN_POINT('',(0.687831122256,-63.57607738986));
#5001 = CARTESIAN_POINT('',(0.62272860301,-63.57463856039));
#5002 = CARTESIAN_POINT('',(0.557009122053,-63.57241946183));
#5003 = CARTESIAN_POINT('',(0.524149639059,-63.57131147407));
#5004 = CARTESIAN_POINT('',(0.491135694709,-63.56999986944));
#5005 = CARTESIAN_POINT('',(0.457937363223,-63.56848318641));
#5006 = CARTESIAN_POINT('',(0.424523464194,-63.56675005338));
#5007 = CARTESIAN_POINT('',(0.390861562595,-63.5647791887));
#5008 = CARTESIAN_POINT('',(0.356917968771,-63.56253940066));
#5009 = CARTESIAN_POINT('',(0.322657738445,-63.55998958752));
#5010 = CARTESIAN_POINT('',(0.288044672715,-63.5570787375));
#5011 = CARTESIAN_POINT('',(0.27073806338,-63.55562330048));
#5012 = CARTESIAN_POINT('',(0.253343174548,-63.55407019392));
#5013 = CARTESIAN_POINT('',(0.235855388534,-63.55241671726));
#5014 = CARTESIAN_POINT('',(0.218269994479,-63.55065336744));
#5015 = CARTESIAN_POINT('',(0.200582188345,-63.54876383892));
#5016 = CARTESIAN_POINT('',(0.182787072917,-63.54672502366));
#5017 = CARTESIAN_POINT('',(0.164879657805,-63.54450701111));
#5018 = CARTESIAN_POINT('',(0.146854859443,-63.54207308824));
#5019 = CARTESIAN_POINT('',(0.137842453449,-63.5408561255));
#5020 = CARTESIAN_POINT('',(0.128800752839,-63.53957992838));
#5021 = CARTESIAN_POINT('',(0.119729085213,-63.53824252898));
#5022 = CARTESIAN_POINT('',(0.110626818071,-63.53683714903));
#5023 = CARTESIAN_POINT('',(0.101493358811,-63.53535219988));
#5024 = CARTESIAN_POINT('',(9.23281547332E-02,-63.53377128248));
#5025 = CARTESIAN_POINT('',(8.31306930349E-02,-63.53207318739));
#5026 = CARTESIAN_POINT('',(7.390050081446E-02,-63.53023189481));
#5027 = CARTESIAN_POINT('',(6.928533770494E-02,-63.5293112712));
#5028 = CARTESIAN_POINT('',(6.466221727628E-02,-63.52835105221));
#5029 = CARTESIAN_POINT('',(6.003095006519E-02,-63.52734992066));
#5030 = CARTESIAN_POINT('',(5.539142596304E-02,-63.52630308639));
#5031 = CARTESIAN_POINT('',(5.07436142159E-02,-63.52520228631));
#5032 = CARTESIAN_POINT('',(4.608756342455E-02,-63.52403578437));
#5033 = CARTESIAN_POINT('',(4.142340154441E-02,-63.52278837155));
#5034 = CARTESIAN_POINT('',(3.675133588564E-02,-63.5214413659));
#5035 = CARTESIAN_POINT('',(3.441535606589E-02,-63.52076782694));
#5036 = CARTESIAN_POINT('',(3.207768275873E-02,-63.52006709624));
#5037 = CARTESIAN_POINT('',(2.973764687456E-02,-63.51933755415));
#5038 = CARTESIAN_POINT('',(2.739521728801E-02,-63.51857550868));
#5039 = CARTESIAN_POINT('',(2.505100083795E-02,-63.51777519557));
#5040 = CARTESIAN_POINT('',(2.27062423275E-02,-63.51692877822));
#5041 = CARTESIAN_POINT('',(2.036282452401E-02,-63.51602634772));
#5042 = CARTESIAN_POINT('',(1.802326815909E-02,-63.51505592284));
#5043 = CARTESIAN_POINT('',(1.685256840276E-02,-63.51456941565));
#5044 = CARTESIAN_POINT('',(1.56816261733E-02,-63.51406303078));
#5045 = CARTESIAN_POINT('',(1.451010351077E-02,-63.51353647527));
#5046 = CARTESIAN_POINT('',(1.333786731931E-02,-63.51298731314));
#5047 = CARTESIAN_POINT('',(1.216498936711E-02,-63.51241096538));
#5048 = CARTESIAN_POINT('',(1.099174628645E-02,-63.51180070996));
#5049 = CARTESIAN_POINT('',(9.818619573697E-03,-63.51114768181));
#5050 = CARTESIAN_POINT('',(8.646295589274E-03,-63.51044087284));
#5051 = CARTESIAN_POINT('',(8.060120990134E-03,-63.510087877));
#5052 = CARTESIAN_POINT('',(7.474201991948E-03,-63.50971997204));
#5053 = CARTESIAN_POINT('',(6.888571560946E-03,-63.50933731453));
#5054 = CARTESIAN_POINT('',(6.303335796071E-03,-63.50893825413));
#5055 = CARTESIAN_POINT('',(5.718673928983E-03,-63.50851933362));
#5056 = CARTESIAN_POINT('',(5.134838324053E-03,-63.50807528888));
#5057 = CARTESIAN_POINT('',(4.552154478368E-03,-63.50759904887));
#5058 = CARTESIAN_POINT('',(3.971021021728E-03,-63.50708173571));
#5059 = CARTESIAN_POINT('',(3.825626539228E-03,-63.5069530606));
#5060 = CARTESIAN_POINT('',(3.680396027172E-03,-63.50682105918));
#5061 = CARTESIAN_POINT('',(3.53532948556E-03,-63.50668573144));
#5062 = CARTESIAN_POINT('',(3.390426914393E-03,-63.50654707737));
#5063 = CARTESIAN_POINT('',(3.245688313671E-03,-63.50640509699));
#5064 = CARTESIAN_POINT('',(3.101113683392E-03,-63.50625979028));
#5065 = CARTESIAN_POINT('',(2.956703023558E-03,-63.50611115726));
#5066 = CARTESIAN_POINT('',(2.812456334169E-03,-63.50595919791));
#5067 = CARTESIAN_POINT('',(2.599375345259E-03,-63.5057295791));
#5068 = CARTESIAN_POINT('',(2.406412290559E-03,-63.50548917948));
#5069 = CARTESIAN_POINT('',(2.223847126087E-03,-63.50524775951));
#5070 = CARTESIAN_POINT('',(2.044334442211E-03,-63.50501028076));
#5071 = CARTESIAN_POINT('',(1.862903463641E-03,-63.50477690593));
#5072 = CARTESIAN_POINT('',(1.676958049434E-03,-63.50454299882));
#5073 = CARTESIAN_POINT('',(1.486276692993E-03,-63.50429912434));
#5074 = CARTESIAN_POINT('',(1.293012522066E-03,-63.50403104852));
#5075 = CARTESIAN_POINT('',(1.196645411896E-03,-63.50389647707));
#5076 = CARTESIAN_POINT('',(1.099185858251E-03,-63.50375675756));
#5077 = CARTESIAN_POINT('',(1.001275165818E-03,-63.5036093609));
#5078 = CARTESIAN_POINT('',(9.035546392805E-04,-63.50345175802));
#5079 = CARTESIAN_POINT('',(8.066655833237E-04,-63.50328141985));
#5080 = CARTESIAN_POINT('',(7.112493026324E-04,-63.50309581732));
#5081 = CARTESIAN_POINT('',(6.179471018914E-04,-63.50289242135));
#5082 = CARTESIAN_POINT('',(5.274002857855E-04,-63.50266870286));
#5083 = CARTESIAN_POINT('',(4.371023319175E-04,-63.50244680073));
#5084 = CARTESIAN_POINT('',(3.497416358196E-04,-63.50218306329));
#5085 = CARTESIAN_POINT('',(2.699579036887E-04,-63.50197309871));
#5086 = CARTESIAN_POINT('',(1.798938270091E-04,-63.50157193874));
#5087 = CARTESIAN_POINT('',(1.372150293862E-04,-63.50132367315));
#5088 = CARTESIAN_POINT('',(3.89356022778E-05,-63.5009750511));
#5089 = CARTESIAN_POINT('',(7.336907768144E-07,-63.50048623151));
#5090 = CARTESIAN_POINT('',(0.,-63.50000011673));
#5091 = ( GEOMETRIC_REPRESENTATION_CONTEXT(2) 
PARAMETRIC_REPRESENTATION_CONTEXT() REPRESENTATION_CONTEXT('2D SPACE',''
  ) );
#5092 = PCURVE('',#5093,#5103);
#5093 = ( BOUNDED_SURFACE() B_SPLINE_SURFACE(2,2,(
    (#5094,#5095,#5096)
    ,(#5097,#5098,#5099)
    ,(#5100,#5101,#5102
)),.UNSPECIFIED.,.F.,.F.,.F.) B_SPLINE_SURFACE_WITH_KNOTS((3,3),(3,3),(
    0.,1.570796326795),(0.,0.16744807922),.PIECEWISE_BEZIER_KNOTS.) 
GEOMETRIC_REPRESENTATION_ITEM() RATIONAL_B_SPLINE_SURFACE((
    (1.,0.996497189455,1.)
    ,(0.707106781187,0.704629920097,0.707106781187)
,(1.,0.996497189455,1.))) REPRESENTATION_ITEM('') SURFACE() );
#5094 = CARTESIAN_POINT('',(98.75,-52.,3.));
#5095 = CARTESIAN_POINT('',(98.75,-52.,2.748239349299));
#5096 = CARTESIAN_POINT('',(98.707933393813,-52.,2.5));
#5097 = CARTESIAN_POINT('',(98.75,-60.,3.));
#5098 = CARTESIAN_POINT('',(98.75,-60.,2.748239349299));
#5099 = CARTESIAN_POINT('',(98.707933393813,-59.95803989155,2.5));
#5100 = CARTESIAN_POINT('',(90.729695431472,-60.,3.));
#5101 = CARTESIAN_POINT('',(90.729695431472,-60.,2.748239349299));
#5102 = CARTESIAN_POINT('',(90.729695431472,-59.95803989155,2.5));
#5103 = DEFINITIONAL_REPRESENTATION('',(#5104),#5258);
#5104 = B_SPLINE_CURVE_WITH_KNOTS('',8,(#5105,#5106,#5107,#5108,#5109,
    #5110,#5111,#5112,#5113,#5114,#5115,#5116,#5117,#5118,#5119,#5120,
    #5121,#5122,#5123,#5124,#5125,#5126,#5127,#5128,#5129,#5130,#5131,
    #5132,#5133,#5134,#5135,#5136,#5137,#5138,#5139,#5140,#5141,#5142,
    #5143,#5144,#5145,#5146,#5147,#5148,#5149,#5150,#5151,#5152,#5153,
    #5154,#5155,#5156,#5157,#5158,#5159,#5160,#5161,#5162,#5163,#5164,
    #5165,#5166,#5167,#5168,#5169,#5170,#5171,#5172,#5173,#5174,#5175,
    #5176,#5177,#5178,#5179,#5180,#5181,#5182,#5183,#5184,#5185,#5186,
    #5187,#5188,#5189,#5190,#5191,#5192,#5193,#5194,#5195,#5196,#5197,
    #5198,#5199,#5200,#5201,#5202,#5203,#5204,#5205,#5206,#5207,#5208,
    #5209,#5210,#5211,#5212,#5213,#5214,#5215,#5216,#5217,#5218,#5219,
    #5220,#5221,#5222,#5223,#5224,#5225,#5226,#5227,#5228,#5229,#5230,
    #5231,#5232,#5233,#5234,#5235,#5236,#5237,#5238,#5239,#5240,#5241,
    #5242,#5243,#5244,#5245,#5246,#5247,#5248,#5249,#5250,#5251,#5252,
    #5253,#5254,#5255,#5256,#5257),.UNSPECIFIED.,.F.,.F.,(9,8,8,8,8,8,8,
    8,8,8,8,8,8,8,8,8,8,8,8,9),(0.,9.765625E-04,2.927780151367E-03,
    3.901483491063E-03,5.84698840612E-03,2.138062921227E-02,
    8.254433988651E-02,0.311908254915,0.655954127457,0.827977063729,
    0.913988531864,0.956994265932,0.978497132966,0.989248566483,
    0.994624283242,0.997312141621,0.997984106216,0.998992053108,
    0.999496026554,1.),.UNSPECIFIED.);
#5105 = CARTESIAN_POINT('',(-9.865182221075E-16,4.013555673458E-05));
#5106 = CARTESIAN_POINT('',(1.516007589595E-05,2.721647097503E-04));
#5107 = CARTESIAN_POINT('',(1.213328961841E-04,4.924808758011E-04));
#5108 = CARTESIAN_POINT('',(2.361394756476E-04,5.379435844238E-04));
#5109 = CARTESIAN_POINT('',(3.609209691032E-04,8.510406868174E-04));
#5110 = CARTESIAN_POINT('',(4.998057656037E-04,8.499645699565E-04));
#5111 = CARTESIAN_POINT('',(6.539797334191E-04,1.034559053285E-03));
#5112 = CARTESIAN_POINT('',(8.100005201482E-04,1.12234874442E-03));
#5113 = CARTESIAN_POINT('',(9.720372374214E-04,1.220598565473E-03));
#5114 = CARTESIAN_POINT('',(1.2953248507E-03,1.412302412759E-03));
#5115 = CARTESIAN_POINT('',(1.635725732902E-03,1.562178642162E-03));
#5116 = CARTESIAN_POINT('',(1.973717464294E-03,1.683121191859E-03));
#5117 = CARTESIAN_POINT('',(2.296805104566E-03,1.785921592783E-03));
#5118 = CARTESIAN_POINT('',(2.599521192831E-03,1.879268968626E-03));
#5119 = CARTESIAN_POINT('',(2.883425747624E-03,1.969750035838E-03));
#5120 = CARTESIAN_POINT('',(3.157106266903E-03,2.061849103623E-03));
#5121 = CARTESIAN_POINT('',(3.436177728048E-03,2.157948073948E-03));
#5122 = CARTESIAN_POINT('',(3.575439148723E-03,2.205903740115E-03));
#5123 = CARTESIAN_POINT('',(3.716039551598E-03,2.254855494925E-03));
#5124 = CARTESIAN_POINT('',(3.85991832579E-03,2.305099366004E-03));
#5125 = CARTESIAN_POINT('',(4.009448957365E-03,2.356800994108E-03));
#5126 = CARTESIAN_POINT('',(4.167439029336E-03,2.409995633119E-03));
#5127 = CARTESIAN_POINT('',(4.337130221667E-03,2.46458815005E-03));
#5128 = CARTESIAN_POINT('',(4.52219831127E-03,2.520353025043E-03));
#5129 = CARTESIAN_POINT('',(4.726753172007E-03,2.576934351369E-03));
#5130 = CARTESIAN_POINT('',(5.141973369025E-03,2.690673010861E-03));
#5131 = CARTESIAN_POINT('',(5.57178115385E-03,2.800643617887E-03));
#5132 = CARTESIAN_POINT('',(5.981830936008E-03,2.903852449521E-03));
#5133 = CARTESIAN_POINT('',(6.405027689394E-03,3.004191237828E-03));
#5134 = CARTESIAN_POINT('',(6.831941480892E-03,3.101140579485E-03));
#5135 = CARTESIAN_POINT('',(7.246112292994E-03,3.193411278818E-03));
#5136 = CARTESIAN_POINT('',(7.670502565358E-03,3.283733637367E-03));
#5137 = CARTESIAN_POINT('',(8.091354880264E-03,3.371004703095E-03));
#5138 = CARTESIAN_POINT('',(1.145595224515E-02,4.066212851226E-03));
#5139 = CARTESIAN_POINT('',(1.482659701395E-02,4.607276399328E-03));
#5140 = CARTESIAN_POINT('',(1.819649933722E-02,5.094107357122E-03));
#5141 = CARTESIAN_POINT('',(2.15575646063E-02,5.527980829268E-03));
#5142 = CARTESIAN_POINT('',(2.491425916197E-02,5.924056450215E-03));
#5143 = CARTESIAN_POINT('',(2.827019269766E-02,6.300683185025E-03));
#5144 = CARTESIAN_POINT('',(3.161802922734E-02,6.648064801896E-03));
#5145 = CARTESIAN_POINT('',(3.496333848828E-02,6.978863322119E-03));
#5146 = CARTESIAN_POINT('',(4.813488477336E-02,8.277976688268E-03));
#5147 = CARTESIAN_POINT('',(6.124417211934E-02,9.295102786162E-03));
#5148 = CARTESIAN_POINT('',(7.428651361207E-02,1.019218616626E-02));
#5149 = CARTESIAN_POINT('',(8.726288628573E-02,1.100758598699E-02));
#5150 = CARTESIAN_POINT('',(0.100175572441,1.174560925137E-02));
#5151 = CARTESIAN_POINT('',(0.113026058022,1.24212485986E-02));
#5152 = CARTESIAN_POINT('',(0.125815188044,1.306012465036E-02));
#5153 = CARTESIAN_POINT('',(0.138545579085,1.36536329121E-02));
#5154 = CARTESIAN_POINT('',(0.186284365793,1.588195371995E-02));
#5155 = CARTESIAN_POINT('',(0.233192360647,1.755409342297E-02));
#5156 = CARTESIAN_POINT('',(0.279362796723,1.898521122454E-02));
#5157 = CARTESIAN_POINT('',(0.324886532712,2.019124328399E-02));
#5158 = CARTESIAN_POINT('',(0.369848306248,2.121083253557E-02));
#5159 = CARTESIAN_POINT('',(0.414326601629,2.20972847893E-02));
#5160 = CARTESIAN_POINT('',(0.458395865639,2.283800963261E-02));
#5161 = CARTESIAN_POINT('',(0.502129805212,2.345890465137E-02));
#5162 = CARTESIAN_POINT('',(0.567730798966,2.438886270667E-02));
#5163 = CARTESIAN_POINT('',(0.63257518059,2.504389549977E-02));
#5164 = CARTESIAN_POINT('',(0.696906627081,2.545447978139E-02));
#5165 = CARTESIAN_POINT('',(0.760953987442,2.563875551095E-02));
#5166 = CARTESIAN_POINT('',(0.82493809366,2.560353854133E-02));
#5167 = CARTESIAN_POINT('',(0.889078571684,2.534533330376E-02));
#5168 = CARTESIAN_POINT('',(0.953600652397,2.485134549259E-02));
#5169 = CARTESIAN_POINT('',(1.018741982592,2.410049475012E-02));
#5170 = CARTESIAN_POINT('',(1.051312508069,2.372462807736E-02));
#5171 = CARTESIAN_POINT('',(1.084037692483,2.328449836252E-02));
#5172 = CARTESIAN_POINT('',(1.116947222618,2.27754829004E-02));
#5173 = CARTESIAN_POINT('',(1.150071498054,2.219349880093E-02));
#5174 = CARTESIAN_POINT('',(1.183441886784,2.153309005555E-02));
#5175 = CARTESIAN_POINT('',(1.217090980831,2.078551460356E-02));
#5176 = CARTESIAN_POINT('',(1.251052851864,1.993683139842E-02));
#5177 = CARTESIAN_POINT('',(1.285363306817,1.896598747418E-02));
#5178 = CARTESIAN_POINT('',(1.302518540656,1.848105188687E-02));
#5179 = CARTESIAN_POINT('',(1.319760892002,1.796380168254E-02));
#5180 = CARTESIAN_POINT('',(1.337094857726,1.741333990889E-02));
#5181 = CARTESIAN_POINT('',(1.354525023006,1.682651055249E-02));
#5182 = CARTESIAN_POINT('',(1.372056061323,1.619789853881E-02));
#5183 = CARTESIAN_POINT('',(1.389692734463,1.551982973217E-02));
#5184 = CARTESIAN_POINT('',(1.407439892518,1.478237093578E-02));
#5185 = CARTESIAN_POINT('',(1.425302473885,1.397332989175E-02));
#5186 = CARTESIAN_POINT('',(1.434233771359,1.356881066778E-02));
#5187 = CARTESIAN_POINT('',(1.443193873011,1.314464927646E-02));
#5188 = CARTESIAN_POINT('',(1.452183433131,1.270019342053E-02));
#5189 = CARTESIAN_POINT('',(1.461203065624,1.223319283924E-02));
#5190 = CARTESIAN_POINT('',(1.470253344005,1.173979930834E-02));
#5191 = CARTESIAN_POINT('',(1.479334801402,1.121456664007E-02));
#5192 = CARTESIAN_POINT('',(1.488447930555,1.065045068316E-02));
#5193 = CARTESIAN_POINT('',(1.497593183814,1.003880932286E-02));
#5194 = CARTESIAN_POINT('',(1.502165872982,9.732997638878E-03));
#5195 = CARTESIAN_POINT('',(1.506746361323,9.414044763621E-03));
#5196 = CARTESIAN_POINT('',(1.511334844622,9.081512358028E-03));
#5197 = CARTESIAN_POINT('',(1.515931435158,8.733808964617E-03));
#5198 = CARTESIAN_POINT('',(1.520536161705,8.368190007488E-03));
#5199 = CARTESIAN_POINT('',(1.525148969528,7.980757792323E-03));
#5200 = CARTESIAN_POINT('',(1.529769720391,7.566461506384E-03));
#5201 = CARTESIAN_POINT('',(1.534398192546,7.119097218515E-03));
#5202 = CARTESIAN_POINT('',(1.536712270838,6.895091829153E-03));
#5203 = CARTESIAN_POINT('',(1.539028890203,6.66340242904E-03));
#5204 = CARTESIAN_POINT('',(1.541347115835,6.419200320455E-03));
#5205 = CARTESIAN_POINT('',(1.543664047679,6.168332273494E-03));
#5206 = CARTESIAN_POINT('',(1.545988257383,5.902760917615E-03));
#5207 = CARTESIAN_POINT('',(1.548317084068,5.617554600044E-03));
#5208 = CARTESIAN_POINT('',(1.550629993383,5.322129750872E-03));
#5209 = CARTESIAN_POINT('',(1.552950204297,4.998448794675E-03));
#5210 = CARTESIAN_POINT('',(1.554109888055,4.836831201647E-03));
#5211 = CARTESIAN_POINT('',(1.55526984338,4.668669575846E-03));
#5212 = CARTESIAN_POINT('',(1.556430382041,4.493819095819E-03));
#5213 = CARTESIAN_POINT('',(1.557591617614,4.311440452841E-03));
#5214 = CARTESIAN_POINT('',(1.558753465486,4.119999850916E-03));
#5215 = CARTESIAN_POINT('',(1.559915642851,3.917269006773E-03));
#5216 = CARTESIAN_POINT('',(1.561077668714,3.70032514987E-03));
#5217 = CARTESIAN_POINT('',(1.562238863885,3.465551022392E-03));
#5218 = CARTESIAN_POINT('',(1.562819473727,3.348295984182E-03));
#5219 = CARTESIAN_POINT('',(1.563399821625,3.226099645681E-03));
#5220 = CARTESIAN_POINT('',(1.563979873918,3.099005047789E-03));
#5221 = CARTESIAN_POINT('',(1.564559524527,2.966456036129E-03));
#5222 = CARTESIAN_POINT('',(1.565138594952,2.827297261049E-03));
#5223 = CARTESIAN_POINT('',(1.565716834275,2.67977417762E-03));
#5224 = CARTESIAN_POINT('',(1.566293919155,2.521533045638E-03));
#5225 = CARTESIAN_POINT('',(1.566869453834,2.349620929624E-03));
#5226 = CARTESIAN_POINT('',(1.567013715935,2.306608030182E-03));
#5227 = CARTESIAN_POINT('',(1.567157052178,2.262675594596E-03));
#5228 = CARTESIAN_POINT('',(1.567300295501,2.217793654688E-03));
#5229 = CARTESIAN_POINT('',(1.567443876025,2.171910560559E-03));
#5230 = CARTESIAN_POINT('',(1.567587821056,2.124952980597E-03));
#5231 = CARTESIAN_POINT('',(1.567731755082,2.076825901469E-03));
#5232 = CARTESIAN_POINT('',(1.567874899778,2.027412628129E-03));
#5233 = CARTESIAN_POINT('',(1.568016074,1.976574783812E-03));
#5234 = CARTESIAN_POINT('',(1.568224482966,1.900239931085E-03));
#5235 = CARTESIAN_POINT('',(1.568414268215,1.820744378413E-03));
#5236 = CARTESIAN_POINT('',(1.568594643967,1.741097789594E-03));
#5237 = CARTESIAN_POINT('',(1.568772540692,1.662770331438E-03));
#5238 = CARTESIAN_POINT('',(1.568952605107,1.585692673764E-03));
#5239 = CARTESIAN_POINT('',(1.569137200179,1.508255989399E-03));
#5240 = CARTESIAN_POINT('',(1.569326405122,1.427311954183E-03));
#5241 = CARTESIAN_POINT('',(1.569518015401,1.338172746963E-03));
#5242 = CARTESIAN_POINT('',(1.56961356572,1.293431953432E-03));
#5243 = CARTESIAN_POINT('',(1.569710147015,1.246931841183E-03));
#5244 = CARTESIAN_POINT('',(1.56980712581,1.197845849657E-03));
#5245 = CARTESIAN_POINT('',(1.569903868634,1.145347418293E-03));
#5246 = CARTESIAN_POINT('',(1.569999742012,1.088609986532E-03));
#5247 = CARTESIAN_POINT('',(1.57009411247,1.026806993813E-03));
#5248 = CARTESIAN_POINT('',(1.570186346536,9.591118795754E-04));
#5249 = CARTESIAN_POINT('',(1.570275810734,8.846980832603E-04));
#5250 = CARTESIAN_POINT('',(1.570365063404,8.109082310913E-04));
#5251 = CARTESIAN_POINT('',(1.570451123149,7.230934473531E-04));
#5252 = CARTESIAN_POINT('',(1.570530723325,6.540825242206E-04));
#5253 = CARTESIAN_POINT('',(1.570617981801,5.19058294572E-04));
#5254 = CARTESIAN_POINT('',(1.570662003668,4.397400390687E-04));
#5255 = CARTESIAN_POINT('',(1.570758098346,3.216994635336E-04));
#5256 = CARTESIAN_POINT('',(1.570795603685,1.607463889568E-04));
#5257 = CARTESIAN_POINT('',(1.570796326795,3.89580116413E-08));
#5258 = ( GEOMETRIC_REPRESENTATION_CONTEXT(2) 
PARAMETRIC_REPRESENTATION_CONTEXT() REPRESENTATION_CONTEXT('2D SPACE',''
  ) );
#5259 = ORIENTED_EDGE('',*,*,#5260,.F.);
#5260 = EDGE_CURVE('',#5261,#4741,#5263,.T.);
#5261 = VERTEX_POINT('',#5262);
#5262 = CARTESIAN_POINT('',(98.75,-52.,3.));
#5263 = SURFACE_CURVE('',#5264,(#5268,#5275),.PCURVE_S1.);
#5264 = ( BOUNDED_CURVE() B_SPLINE_CURVE(2,(#5265,#5266,#5267),
.UNSPECIFIED.,.F.,.F.) B_SPLINE_CURVE_WITH_KNOTS((3,3),(0.,
4.008871702518E-05),.PIECEWISE_BEZIER_KNOTS.) CURVE() 
GEOMETRIC_REPRESENTATION_ITEM() RATIONAL_B_SPLINE_CURVE((1.,
0.999999999799,1.)) REPRESENTATION_ITEM('') );
#5265 = CARTESIAN_POINT('',(98.75,-52.,3.));
#5266 = CARTESIAN_POINT('',(98.75,-52.,2.999939866924));
#5267 = CARTESIAN_POINT('',(98.749999997583,-52.,2.999879733849));
#5268 = PCURVE('',#3614,#5269);
#5269 = DEFINITIONAL_REPRESENTATION('',(#5270),#5274);
#5270 = B_SPLINE_CURVE_WITH_KNOTS('',2,(#5271,#5272,#5273),
  .UNSPECIFIED.,.F.,.F.,(3,3),(0.,4.008871702518E-05),
  .PIECEWISE_BEZIER_KNOTS.);
#5271 = CARTESIAN_POINT('',(1.570211665735,-63.5));
#5272 = CARTESIAN_POINT('',(1.570211665735,-63.50006013307));
#5273 = CARTESIAN_POINT('',(1.570211665735,-63.50012026615));
#5274 = ( GEOMETRIC_REPRESENTATION_CONTEXT(2) 
PARAMETRIC_REPRESENTATION_CONTEXT() REPRESENTATION_CONTEXT('2D SPACE',''
  ) );
#5275 = PCURVE('',#5276,#5283);
#5276 = ( BOUNDED_SURFACE() B_SPLINE_SURFACE(2,1,(
    (#5277,#5278)
    ,(#5279,#5280)
    ,(#5281,#5282
)),.UNSPECIFIED.,.F.,.F.,.F.) B_SPLINE_SURFACE_WITH_KNOTS((3,3),(2,2),(
    0.,0.16744807922),(39.,104.),.PIECEWISE_BEZIER_KNOTS.) 
GEOMETRIC_REPRESENTATION_ITEM() RATIONAL_B_SPLINE_SURFACE((
    (1.,1.)
    ,(0.996497189455,0.996497189455)
,(1.,1.))) REPRESENTATION_ITEM('') SURFACE() );
#5277 = CARTESIAN_POINT('',(98.75,13.,3.));
#5278 = CARTESIAN_POINT('',(98.75,-52.,3.));
#5279 = CARTESIAN_POINT('',(98.75,13.,2.748239349299));
#5280 = CARTESIAN_POINT('',(98.75,-52.,2.748239349299));
#5281 = CARTESIAN_POINT('',(98.707933393813,13.,2.5));
#5282 = CARTESIAN_POINT('',(98.707933393813,-52.,2.5));
#5283 = DEFINITIONAL_REPRESENTATION('',(#5284),#5288);
#5284 = B_SPLINE_CURVE_WITH_KNOTS('',2,(#5285,#5286,#5287),
  .UNSPECIFIED.,.F.,.F.,(3,3),(0.,4.008871702518E-05),
  .PIECEWISE_BEZIER_KNOTS.);
#5285 = CARTESIAN_POINT('',(0.,104.));
#5286 = CARTESIAN_POINT('',(2.006779521576E-05,104.));
#5287 = CARTESIAN_POINT('',(4.013555674418E-05,104.));
#5288 = ( GEOMETRIC_REPRESENTATION_CONTEXT(2) 
PARAMETRIC_REPRESENTATION_CONTEXT() REPRESENTATION_CONTEXT('2D SPACE',''
  ) );
#5289 = ORIENTED_EDGE('',*,*,#5290,.T.);
#5290 = EDGE_CURVE('',#5261,#5291,#5293,.T.);
#5291 = VERTEX_POINT('',#5292);
#5292 = CARTESIAN_POINT('',(98.75,-52.,66.5));
#5293 = SURFACE_CURVE('',#5294,(#5297,#5304),.PCURVE_S1.);
#5294 = B_SPLINE_CURVE_WITH_KNOTS('',1,(#5295,#5296),.UNSPECIFIED.,.F.,
  .F.,(2,2),(0.5,64.),.PIECEWISE_BEZIER_KNOTS.);
#5295 = CARTESIAN_POINT('',(98.75,-52.,3.));
#5296 = CARTESIAN_POINT('',(98.75,-52.,66.5));
#5297 = PCURVE('',#3614,#5298);
#5298 = DEFINITIONAL_REPRESENTATION('',(#5299),#5303);
#5299 = B_SPLINE_CURVE_WITH_KNOTS('',2,(#5300,#5301,#5302),
  .UNSPECIFIED.,.F.,.F.,(3,3),(0.5,64.),.PIECEWISE_BEZIER_KNOTS.);
#5300 = CARTESIAN_POINT('',(1.570211665735,-63.5));
#5301 = CARTESIAN_POINT('',(1.570211665735,-31.75));
#5302 = CARTESIAN_POINT('',(1.570211665735,7.105427357601E-15));
#5303 = ( GEOMETRIC_REPRESENTATION_CONTEXT(2) 
PARAMETRIC_REPRESENTATION_CONTEXT() REPRESENTATION_CONTEXT('2D SPACE',''
  ) );
#5304 = PCURVE('',#5305,#5310);
#5305 = PLANE('',#5306);
#5306 = AXIS2_PLACEMENT_3D('',#5307,#5308,#5309);
#5307 = CARTESIAN_POINT('',(98.75,32.5,34.75));
#5308 = DIRECTION('',(-1.,-0.,0.));
#5309 = DIRECTION('',(0.,-1.,1.314674386827E-16));
#5310 = DEFINITIONAL_REPRESENTATION('',(#5311),#5314);
#5311 = B_SPLINE_CURVE_WITH_KNOTS('',1,(#5312,#5313),.UNSPECIFIED.,.F.,
  .F.,(2,2),(0.5,64.),.PIECEWISE_BEZIER_KNOTS.);
#5312 = CARTESIAN_POINT('',(84.5,-31.75));
#5313 = CARTESIAN_POINT('',(84.5,31.75));
#5314 = ( GEOMETRIC_REPRESENTATION_CONTEXT(2) 
PARAMETRIC_REPRESENTATION_CONTEXT() REPRESENTATION_CONTEXT('2D SPACE',''
  ) );
#5315 = ORIENTED_EDGE('',*,*,#5316,.F.);
#5316 = EDGE_CURVE('',#3601,#5291,#5317,.T.);
#5317 = SURFACE_CURVE('',#5318,(#5322,#5329),.PCURVE_S1.);
#5318 = ( BOUNDED_CURVE() B_SPLINE_CURVE(2,(#5319,#5320,#5321),
.UNSPECIFIED.,.F.,.F.) B_SPLINE_CURVE_WITH_KNOTS((3,3),(0.,
1.570211665735),.PIECEWISE_BEZIER_KNOTS.) CURVE() 
GEOMETRIC_REPRESENTATION_ITEM() RATIONAL_B_SPLINE_CURVE((1.,
0.70731345987,1.)) REPRESENTATION_ITEM('') );
#5319 = CARTESIAN_POINT('',(90.729695431472,-60.,66.5));
#5320 = CARTESIAN_POINT('',(98.747656105241,-59.99766203915,66.5));
#5321 = CARTESIAN_POINT('',(98.75,-52.,66.5));
#5322 = PCURVE('',#3614,#5323);
#5323 = DEFINITIONAL_REPRESENTATION('',(#5324),#5328);
#5324 = B_SPLINE_CURVE_WITH_KNOTS('',2,(#5325,#5326,#5327),
  .UNSPECIFIED.,.F.,.F.,(3,3),(0.,1.570211665735),
  .PIECEWISE_BEZIER_KNOTS.);
#5325 = CARTESIAN_POINT('',(-4.026407024009E-47,7.105427357601E-15));
#5326 = CARTESIAN_POINT('',(0.785105832868,1.353942740048E-14));
#5327 = CARTESIAN_POINT('',(1.570211665735,0.));
#5328 = ( GEOMETRIC_REPRESENTATION_CONTEXT(2) 
PARAMETRIC_REPRESENTATION_CONTEXT() REPRESENTATION_CONTEXT('2D SPACE',''
  ) );
#5329 = PCURVE('',#807,#5330);
#5330 = DEFINITIONAL_REPRESENTATION('',(#5331),#5335);
#5331 = ( BOUNDED_CURVE() B_SPLINE_CURVE(2,(#5332,#5333,#5334),
.UNSPECIFIED.,.F.,.F.) B_SPLINE_CURVE_WITH_KNOTS((3,3),(0.,
1.570211665735),.PIECEWISE_BEZIER_KNOTS.) CURVE() 
GEOMETRIC_REPRESENTATION_ITEM() RATIONAL_B_SPLINE_CURVE((1.,
0.70731345987,1.)) REPRESENTATION_ITEM('') );
#5332 = CARTESIAN_POINT('',(200.72969543147,125.));
#5333 = CARTESIAN_POINT('',(208.74765610524,124.99766203915));
#5334 = CARTESIAN_POINT('',(208.75,117.));
#5335 = ( GEOMETRIC_REPRESENTATION_CONTEXT(2) 
PARAMETRIC_REPRESENTATION_CONTEXT() REPRESENTATION_CONTEXT('2D SPACE',''
  ) );
#5336 = ADVANCED_FACE('',(#5337),#5093,.T.);
#5337 = FACE_BOUND('',#5338,.T.);
#5338 = EDGE_LOOP('',(#5339,#5374,#5395,#5396));
#5339 = ORIENTED_EDGE('',*,*,#5340,.F.);
#5340 = EDGE_CURVE('',#5341,#5343,#5345,.T.);
#5341 = VERTEX_POINT('',#5342);
#5342 = CARTESIAN_POINT('',(98.707933393813,-52.,2.5));
#5343 = VERTEX_POINT('',#5344);
#5344 = CARTESIAN_POINT('',(90.729695431472,-59.95803989155,2.5));
#5345 = SURFACE_CURVE('',#5346,(#5350,#5357),.PCURVE_S1.);
#5346 = ( BOUNDED_CURVE() B_SPLINE_CURVE(2,(#5347,#5348,#5349),
.UNSPECIFIED.,.F.,.F.) B_SPLINE_CURVE_WITH_KNOTS((3,3),(0.,
1.570796326795),.PIECEWISE_BEZIER_KNOTS.) CURVE() 
GEOMETRIC_REPRESENTATION_ITEM() RATIONAL_B_SPLINE_CURVE((1.,
0.707106781187,1.)) REPRESENTATION_ITEM('') );
#5347 = CARTESIAN_POINT('',(98.707933393813,-52.,2.5));
#5348 = CARTESIAN_POINT('',(98.707933393813,-59.95803989155,2.5));
#5349 = CARTESIAN_POINT('',(90.729695431472,-59.95803989155,2.5));
#5350 = PCURVE('',#5093,#5351);
#5351 = DEFINITIONAL_REPRESENTATION('',(#5352),#5356);
#5352 = B_SPLINE_CURVE_WITH_KNOTS('',2,(#5353,#5354,#5355),
  .UNSPECIFIED.,.F.,.F.,(3,3),(0.,1.570796326795),
  .PIECEWISE_BEZIER_KNOTS.);
#5353 = CARTESIAN_POINT('',(0.,0.16744807922));
#5354 = CARTESIAN_POINT('',(0.785398163397,0.16744807922));
#5355 = CARTESIAN_POINT('',(1.570796326795,0.16744807922));
#5356 = ( GEOMETRIC_REPRESENTATION_CONTEXT(2) 
PARAMETRIC_REPRESENTATION_CONTEXT() REPRESENTATION_CONTEXT('2D SPACE',''
  ) );
#5357 = PCURVE('',#5358,#5368);
#5358 = ( BOUNDED_SURFACE() B_SPLINE_SURFACE(2,2,(
    (#5359,#5360,#5361)
    ,(#5362,#5363,#5364)
    ,(#5365,#5366,#5367
)),.UNSPECIFIED.,.F.,.F.,.F.) B_SPLINE_SURFACE_WITH_KNOTS((3,3),(3,3),(
    0.,1.570796326795),(0.16744807922,1.570796326795),
.PIECEWISE_BEZIER_KNOTS.) GEOMETRIC_REPRESENTATION_ITEM() 
RATIONAL_B_SPLINE_SURFACE((
    (1.,0.763762615826,1.)
    ,(0.707106781187,0.540061724867,0.707106781187)
,(1.,0.763762615826,1.))) REPRESENTATION_ITEM('') SURFACE() );
#5359 = CARTESIAN_POINT('',(98.707933393813,-52.,2.5));
#5360 = CARTESIAN_POINT('',(98.284283735668,-52.,0.));
#5361 = CARTESIAN_POINT('',(95.742385786802,-52.,0.));
#5362 = CARTESIAN_POINT('',(98.707933393813,-59.95803989155,2.5));
#5363 = CARTESIAN_POINT('',(98.284283735668,-59.53546276418,
    1.42108547152E-14));
#5364 = CARTESIAN_POINT('',(95.742385786802,-57.,0.));
#5365 = CARTESIAN_POINT('',(90.729695431472,-59.95803989155,2.5));
#5366 = CARTESIAN_POINT('',(90.729695431472,-59.53546276418,
    1.42108547152E-14));
#5367 = CARTESIAN_POINT('',(90.729695431472,-57.,0.));
#5368 = DEFINITIONAL_REPRESENTATION('',(#5369),#5373);
#5369 = B_SPLINE_CURVE_WITH_KNOTS('',2,(#5370,#5371,#5372),
  .UNSPECIFIED.,.F.,.F.,(3,3),(0.,1.570796326795),
  .PIECEWISE_BEZIER_KNOTS.);
#5370 = CARTESIAN_POINT('',(-9.917197703712E-16,0.16744807922));
#5371 = CARTESIAN_POINT('',(0.785398163397,0.16744807922));
#5372 = CARTESIAN_POINT('',(1.570796326795,0.16744807922));
#5373 = ( GEOMETRIC_REPRESENTATION_CONTEXT(2) 
PARAMETRIC_REPRESENTATION_CONTEXT() REPRESENTATION_CONTEXT('2D SPACE',''
  ) );
#5374 = ORIENTED_EDGE('',*,*,#5375,.F.);
#5375 = EDGE_CURVE('',#4741,#5341,#5376,.T.);
#5376 = SURFACE_CURVE('',#5377,(#5381,#5388),.PCURVE_S1.);
#5377 = ( BOUNDED_CURVE() B_SPLINE_CURVE(2,(#5378,#5379,#5380),
.UNSPECIFIED.,.F.,.F.) B_SPLINE_CURVE_WITH_KNOTS((3,3),(
4.008871702518E-05,0.16744807922),.PIECEWISE_BEZIER_KNOTS.) CURVE() 
GEOMETRIC_REPRESENTATION_ITEM() RATIONAL_B_SPLINE_CURVE((1.,
0.99649886549,1.)) REPRESENTATION_ITEM('') );
#5378 = CARTESIAN_POINT('',(98.749999997583,-52.,2.999879733849));
#5379 = CARTESIAN_POINT('',(98.749989881639,-52.,2.748179639817));
#5380 = CARTESIAN_POINT('',(98.707933393813,-52.,2.5));
#5381 = PCURVE('',#5093,#5382);
#5382 = DEFINITIONAL_REPRESENTATION('',(#5383),#5387);
#5383 = B_SPLINE_CURVE_WITH_KNOTS('',2,(#5384,#5385,#5386),
  .UNSPECIFIED.,.F.,.F.,(3,3),(4.008871702518E-05,0.16744807922),
  .PIECEWISE_BEZIER_KNOTS.);
#5384 = CARTESIAN_POINT('',(-3.561767196881E-23,4.013555673944E-05));
#5385 = CARTESIAN_POINT('',(-1.507925509185E-15,8.374403712822E-02));
#5386 = CARTESIAN_POINT('',(0.,0.16744807922));
#5387 = ( GEOMETRIC_REPRESENTATION_CONTEXT(2) 
PARAMETRIC_REPRESENTATION_CONTEXT() REPRESENTATION_CONTEXT('2D SPACE',''
  ) );
#5388 = PCURVE('',#5276,#5389);
#5389 = DEFINITIONAL_REPRESENTATION('',(#5390),#5394);
#5390 = B_SPLINE_CURVE_WITH_KNOTS('',2,(#5391,#5392,#5393),
  .UNSPECIFIED.,.F.,.F.,(3,3),(4.008871702518E-05,0.16744807922),
  .PIECEWISE_BEZIER_KNOTS.);
#5391 = CARTESIAN_POINT('',(4.013555674418E-05,104.));
#5392 = CARTESIAN_POINT('',(8.374403712822E-02,104.));
#5393 = CARTESIAN_POINT('',(0.16744807922,104.));
#5394 = ( GEOMETRIC_REPRESENTATION_CONTEXT(2) 
PARAMETRIC_REPRESENTATION_CONTEXT() REPRESENTATION_CONTEXT('2D SPACE',''
  ) );
#5395 = ORIENTED_EDGE('',*,*,#4740,.T.);
#5396 = ORIENTED_EDGE('',*,*,#5397,.T.);
#5397 = EDGE_CURVE('',#3573,#5343,#5398,.T.);
#5398 = SURFACE_CURVE('',#5399,(#5403,#5410),.PCURVE_S1.);
#5399 = ( BOUNDED_CURVE() B_SPLINE_CURVE(2,(#5400,#5401,#5402),
.UNSPECIFIED.,.F.,.F.) B_SPLINE_CURVE_WITH_KNOTS((3,3),(0.,0.16744807922
),.PIECEWISE_BEZIER_KNOTS.) CURVE() GEOMETRIC_REPRESENTATION_ITEM() 
RATIONAL_B_SPLINE_CURVE((1.,0.996497189455,1.)) REPRESENTATION_ITEM('') 
  );
#5400 = CARTESIAN_POINT('',(90.729695431472,-60.,3.));
#5401 = CARTESIAN_POINT('',(90.729695431472,-60.,2.748239349299));
#5402 = CARTESIAN_POINT('',(90.729695431472,-59.95803989155,2.5));
#5403 = PCURVE('',#5093,#5404);
#5404 = DEFINITIONAL_REPRESENTATION('',(#5405),#5409);
#5405 = B_SPLINE_CURVE_WITH_KNOTS('',2,(#5406,#5407,#5408),
  .UNSPECIFIED.,.F.,.F.,(3,3),(0.,0.16744807922),
  .PIECEWISE_BEZIER_KNOTS.);
#5406 = CARTESIAN_POINT('',(1.570796326795,0.));
#5407 = CARTESIAN_POINT('',(1.570796326795,8.372403960985E-02));
#5408 = CARTESIAN_POINT('',(1.570796326795,0.16744807922));
#5409 = ( GEOMETRIC_REPRESENTATION_CONTEXT(2) 
PARAMETRIC_REPRESENTATION_CONTEXT() REPRESENTATION_CONTEXT('2D SPACE',''
  ) );
#5410 = PCURVE('',#3586,#5411);
#5411 = DEFINITIONAL_REPRESENTATION('',(#5412),#5416);
#5412 = B_SPLINE_CURVE_WITH_KNOTS('',2,(#5413,#5414,#5415),
  .UNSPECIFIED.,.F.,.F.,(3,3),(0.,0.16744807922),
  .PIECEWISE_BEZIER_KNOTS.);
#5413 = CARTESIAN_POINT('',(0.,0.));
#5414 = CARTESIAN_POINT('',(8.372403960985E-02,-2.866607448228E-14));
#5415 = CARTESIAN_POINT('',(0.16744807922,0.));
#5416 = ( GEOMETRIC_REPRESENTATION_CONTEXT(2) 
PARAMETRIC_REPRESENTATION_CONTEXT() REPRESENTATION_CONTEXT('2D SPACE',''
  ) );
#5417 = ADVANCED_FACE('',(#5418),#5358,.T.);
#5418 = FACE_BOUND('',#5419,.T.);
#5419 = EDGE_LOOP('',(#5420,#5450,#5451,#5481));
#5420 = ORIENTED_EDGE('',*,*,#5421,.F.);
#5421 = EDGE_CURVE('',#5341,#5422,#5424,.T.);
#5422 = VERTEX_POINT('',#5423);
#5423 = CARTESIAN_POINT('',(95.742385786802,-52.,0.));
#5424 = SURFACE_CURVE('',#5425,(#5429,#5436),.PCURVE_S1.);
#5425 = ( BOUNDED_CURVE() B_SPLINE_CURVE(2,(#5426,#5427,#5428),
.UNSPECIFIED.,.F.,.F.) B_SPLINE_CURVE_WITH_KNOTS((3,3),(0.16744807922,
1.570796326795),.PIECEWISE_BEZIER_KNOTS.) CURVE() 
GEOMETRIC_REPRESENTATION_ITEM() RATIONAL_B_SPLINE_CURVE((1.,
0.763762615826,1.)) REPRESENTATION_ITEM('') );
#5426 = CARTESIAN_POINT('',(98.707933393813,-52.,2.5));
#5427 = CARTESIAN_POINT('',(98.284283735668,-52.,0.));
#5428 = CARTESIAN_POINT('',(95.742385786802,-52.,0.));
#5429 = PCURVE('',#5358,#5430);
#5430 = DEFINITIONAL_REPRESENTATION('',(#5431),#5435);
#5431 = B_SPLINE_CURVE_WITH_KNOTS('',2,(#5432,#5433,#5434),
  .UNSPECIFIED.,.F.,.F.,(3,3),(0.16744807922,1.570796326795),
  .PIECEWISE_BEZIER_KNOTS.);
#5432 = CARTESIAN_POINT('',(-1.983439540742E-15,0.16744807922));
#5433 = CARTESIAN_POINT('',(5.208473713052E-16,0.869122203007));
#5434 = CARTESIAN_POINT('',(0.,1.570796326795));
#5435 = ( GEOMETRIC_REPRESENTATION_CONTEXT(2) 
PARAMETRIC_REPRESENTATION_CONTEXT() REPRESENTATION_CONTEXT('2D SPACE',''
  ) );
#5436 = PCURVE('',#5437,#5444);
#5437 = ( BOUNDED_SURFACE() B_SPLINE_SURFACE(2,1,(
    (#5438,#5439)
    ,(#5440,#5441)
    ,(#5442,#5443
)),.UNSPECIFIED.,.F.,.F.,.F.) B_SPLINE_SURFACE_WITH_KNOTS((3,3),(2,2),(
    0.16744807922,1.570796326795),(39.,104.),.PIECEWISE_BEZIER_KNOTS.) 
GEOMETRIC_REPRESENTATION_ITEM() RATIONAL_B_SPLINE_SURFACE((
    (1.,1.)
    ,(0.763762615826,0.763762615826)
,(1.,1.))) REPRESENTATION_ITEM('') SURFACE() );
#5438 = CARTESIAN_POINT('',(98.707933393813,13.,2.5));
#5439 = CARTESIAN_POINT('',(98.707933393813,-52.,2.5));
#5440 = CARTESIAN_POINT('',(98.284283735668,13.,0.));
#5441 = CARTESIAN_POINT('',(98.284283735668,-52.,0.));
#5442 = CARTESIAN_POINT('',(95.742385786802,13.,0.));
#5443 = CARTESIAN_POINT('',(95.742385786802,-52.,0.));
#5444 = DEFINITIONAL_REPRESENTATION('',(#5445),#5449);
#5445 = B_SPLINE_CURVE_WITH_KNOTS('',2,(#5446,#5447,#5448),
  .UNSPECIFIED.,.F.,.F.,(3,3),(0.16744807922,1.570796326795),
  .PIECEWISE_BEZIER_KNOTS.);
#5446 = CARTESIAN_POINT('',(0.16744807922,104.));
#5447 = CARTESIAN_POINT('',(0.869122203007,104.));
#5448 = CARTESIAN_POINT('',(1.570796326795,104.));
#5449 = ( GEOMETRIC_REPRESENTATION_CONTEXT(2) 
PARAMETRIC_REPRESENTATION_CONTEXT() REPRESENTATION_CONTEXT('2D SPACE',''
  ) );
#5450 = ORIENTED_EDGE('',*,*,#5340,.T.);
#5451 = ORIENTED_EDGE('',*,*,#5452,.T.);
#5452 = EDGE_CURVE('',#5343,#5453,#5455,.T.);
#5453 = VERTEX_POINT('',#5454);
#5454 = CARTESIAN_POINT('',(90.729695431472,-57.,0.));
#5455 = SURFACE_CURVE('',#5456,(#5460,#5467),.PCURVE_S1.);
#5456 = ( BOUNDED_CURVE() B_SPLINE_CURVE(2,(#5457,#5458,#5459),
.UNSPECIFIED.,.F.,.F.) B_SPLINE_CURVE_WITH_KNOTS((3,3),(0.16744807922,
1.570796326795),.PIECEWISE_BEZIER_KNOTS.) CURVE() 
GEOMETRIC_REPRESENTATION_ITEM() RATIONAL_B_SPLINE_CURVE((1.,
0.763762615826,1.)) REPRESENTATION_ITEM('') );
#5457 = CARTESIAN_POINT('',(90.729695431472,-59.95803989155,2.5));
#5458 = CARTESIAN_POINT('',(90.729695431472,-59.53546276418,
    1.42108547152E-14));
#5459 = CARTESIAN_POINT('',(90.729695431472,-57.,0.));
#5460 = PCURVE('',#5358,#5461);
#5461 = DEFINITIONAL_REPRESENTATION('',(#5462),#5466);
#5462 = B_SPLINE_CURVE_WITH_KNOTS('',2,(#5463,#5464,#5465),
  .UNSPECIFIED.,.F.,.F.,(3,3),(0.16744807922,1.570796326795),
  .PIECEWISE_BEZIER_KNOTS.);
#5463 = CARTESIAN_POINT('',(1.570796326795,0.16744807922));
#5464 = CARTESIAN_POINT('',(1.570796326795,0.869122203007));
#5465 = CARTESIAN_POINT('',(1.570796326795,1.570796326795));
#5466 = ( GEOMETRIC_REPRESENTATION_CONTEXT(2) 
PARAMETRIC_REPRESENTATION_CONTEXT() REPRESENTATION_CONTEXT('2D SPACE',''
  ) );
#5467 = PCURVE('',#5468,#5475);
#5468 = ( BOUNDED_SURFACE() B_SPLINE_SURFACE(2,1,(
    (#5469,#5470)
    ,(#5471,#5472)
    ,(#5473,#5474
)),.UNSPECIFIED.,.F.,.F.,.F.) B_SPLINE_SURFACE_WITH_KNOTS((3,3),(2,2),(
    0.16744807922,1.570796326795),(0.,181.),.PIECEWISE_BEZIER_KNOTS.) 
GEOMETRIC_REPRESENTATION_ITEM() RATIONAL_B_SPLINE_SURFACE((
    (1.,1.)
    ,(0.763762615826,0.763762615826)
,(1.,1.))) REPRESENTATION_ITEM('') SURFACE() );
#5469 = CARTESIAN_POINT('',(90.729695431472,-59.95803989155,2.5));
#5470 = CARTESIAN_POINT('',(-90.72969543147,-59.95803989155,2.5));
#5471 = CARTESIAN_POINT('',(90.729695431472,-59.53546276418,
    1.42108547152E-14));
#5472 = CARTESIAN_POINT('',(-90.72969543147,-59.53546276418,
    1.42108547152E-14));
#5473 = CARTESIAN_POINT('',(90.729695431472,-57.,0.));
#5474 = CARTESIAN_POINT('',(-90.72969543147,-57.,0.));
#5475 = DEFINITIONAL_REPRESENTATION('',(#5476),#5480);
#5476 = B_SPLINE_CURVE_WITH_KNOTS('',2,(#5477,#5478,#5479),
  .UNSPECIFIED.,.F.,.F.,(3,3),(0.16744807922,1.570796326795),
  .PIECEWISE_BEZIER_KNOTS.);
#5477 = CARTESIAN_POINT('',(0.16744807922,0.));
#5478 = CARTESIAN_POINT('',(0.869122203007,-3.720757183817E-14));
#5479 = CARTESIAN_POINT('',(1.570796326795,0.));
#5480 = ( GEOMETRIC_REPRESENTATION_CONTEXT(2) 
PARAMETRIC_REPRESENTATION_CONTEXT() REPRESENTATION_CONTEXT('2D SPACE',''
  ) );
#5481 = ORIENTED_EDGE('',*,*,#5482,.F.);
#5482 = EDGE_CURVE('',#5422,#5453,#5483,.T.);
#5483 = SURFACE_CURVE('',#5484,(#5488,#5495),.PCURVE_S1.);
#5484 = ( BOUNDED_CURVE() B_SPLINE_CURVE(2,(#5485,#5486,#5487),
.UNSPECIFIED.,.F.,.F.) B_SPLINE_CURVE_WITH_KNOTS((3,3),(0.,
1.570796326795),.PIECEWISE_BEZIER_KNOTS.) CURVE() 
GEOMETRIC_REPRESENTATION_ITEM() RATIONAL_B_SPLINE_CURVE((1.,
0.707106781187,1.)) REPRESENTATION_ITEM('') );
#5485 = CARTESIAN_POINT('',(95.742385786802,-52.,0.));
#5486 = CARTESIAN_POINT('',(95.742385786802,-57.,0.));
#5487 = CARTESIAN_POINT('',(90.729695431472,-57.,0.));
#5488 = PCURVE('',#5358,#5489);
#5489 = DEFINITIONAL_REPRESENTATION('',(#5490),#5494);
#5490 = B_SPLINE_CURVE_WITH_KNOTS('',2,(#5491,#5492,#5493),
  .UNSPECIFIED.,.F.,.F.,(3,3),(0.,1.570796326795),
  .PIECEWISE_BEZIER_KNOTS.);
#5491 = CARTESIAN_POINT('',(0.,1.570796326795));
#5492 = CARTESIAN_POINT('',(0.785398163397,1.570796326795));
#5493 = CARTESIAN_POINT('',(1.570796326795,1.570796326795));
#5494 = ( GEOMETRIC_REPRESENTATION_CONTEXT(2) 
PARAMETRIC_REPRESENTATION_CONTEXT() REPRESENTATION_CONTEXT('2D SPACE',''
  ) );
#5495 = PCURVE('',#5496,#5501);
#5496 = PLANE('',#5497);
#5497 = AXIS2_PLACEMENT_3D('',#5498,#5499,#5500);
#5498 = CARTESIAN_POINT('',(0.,-1.004210375301E-14,0.));
#5499 = DIRECTION('',(0.,-1.224646799147E-16,-1.));
#5500 = DIRECTION('',(1.,0.,0.));
#5501 = DEFINITIONAL_REPRESENTATION('',(#5502),#5506);
#5502 = ( BOUNDED_CURVE() B_SPLINE_CURVE(2,(#5503,#5504,#5505),
.UNSPECIFIED.,.F.,.F.) B_SPLINE_CURVE_WITH_KNOTS((3,3),(0.,
1.570796326795),.PIECEWISE_BEZIER_KNOTS.) CURVE() 
GEOMETRIC_REPRESENTATION_ITEM() RATIONAL_B_SPLINE_CURVE((1.,
0.707106781187,1.)) REPRESENTATION_ITEM('') );
#5503 = CARTESIAN_POINT('',(95.742385786802,52.));
#5504 = CARTESIAN_POINT('',(95.742385786802,57.));
#5505 = CARTESIAN_POINT('',(90.729695431472,57.));
#5506 = ( GEOMETRIC_REPRESENTATION_CONTEXT(2) 
PARAMETRIC_REPRESENTATION_CONTEXT() REPRESENTATION_CONTEXT('2D SPACE',''
  ) );
#5507 = ADVANCED_FACE('',(#5508),#5468,.F.);
#5508 = FACE_BOUND('',#5509,.F.);
#5509 = EDGE_LOOP('',(#5510,#5532,#5533,#5554));
#5510 = ORIENTED_EDGE('',*,*,#5511,.F.);
#5511 = EDGE_CURVE('',#5343,#5512,#5514,.T.);
#5512 = VERTEX_POINT('',#5513);
#5513 = CARTESIAN_POINT('',(90.5,-59.95803989155,2.5));
#5514 = SURFACE_CURVE('',#5515,(#5518,#5525),.PCURVE_S1.);
#5515 = B_SPLINE_CURVE_WITH_KNOTS('',1,(#5516,#5517),.UNSPECIFIED.,.F.,
  .F.,(2,2),(0.,181.),.PIECEWISE_BEZIER_KNOTS.);
#5516 = CARTESIAN_POINT('',(90.729695431472,-59.95803989155,2.5));
#5517 = CARTESIAN_POINT('',(-90.72969543147,-59.95803989155,2.5));
#5518 = PCURVE('',#5468,#5519);
#5519 = DEFINITIONAL_REPRESENTATION('',(#5520),#5524);
#5520 = B_SPLINE_CURVE_WITH_KNOTS('',2,(#5521,#5522,#5523),
  .UNSPECIFIED.,.F.,.F.,(3,3),(0.,181.),.PIECEWISE_BEZIER_KNOTS.);
#5521 = CARTESIAN_POINT('',(0.16744807922,0.));
#5522 = CARTESIAN_POINT('',(0.16744807922,90.5));
#5523 = CARTESIAN_POINT('',(0.16744807922,181.));
#5524 = ( GEOMETRIC_REPRESENTATION_CONTEXT(2) 
PARAMETRIC_REPRESENTATION_CONTEXT() REPRESENTATION_CONTEXT('2D SPACE',''
  ) );
#5525 = PCURVE('',#3586,#5526);
#5526 = DEFINITIONAL_REPRESENTATION('',(#5527),#5531);
#5527 = B_SPLINE_CURVE_WITH_KNOTS('',2,(#5528,#5529,#5530),
  .UNSPECIFIED.,.F.,.F.,(3,3),(0.,181.),.PIECEWISE_BEZIER_KNOTS.);
#5528 = CARTESIAN_POINT('',(0.16744807922,0.));
#5529 = CARTESIAN_POINT('',(0.16744807922,90.5));
#5530 = CARTESIAN_POINT('',(0.16744807922,181.));
#5531 = ( GEOMETRIC_REPRESENTATION_CONTEXT(2) 
PARAMETRIC_REPRESENTATION_CONTEXT() REPRESENTATION_CONTEXT('2D SPACE',''
  ) );
#5532 = ORIENTED_EDGE('',*,*,#5452,.T.);
#5533 = ORIENTED_EDGE('',*,*,#5534,.T.);
#5534 = EDGE_CURVE('',#5453,#5535,#5537,.T.);
#5535 = VERTEX_POINT('',#5536);
#5536 = CARTESIAN_POINT('',(90.5,-57.,0.));
#5537 = SURFACE_CURVE('',#5538,(#5541,#5548),.PCURVE_S1.);
#5538 = B_SPLINE_CURVE_WITH_KNOTS('',1,(#5539,#5540),.UNSPECIFIED.,.F.,
  .F.,(2,2),(0.,181.),.PIECEWISE_BEZIER_KNOTS.);
#5539 = CARTESIAN_POINT('',(90.729695431472,-57.,0.));
#5540 = CARTESIAN_POINT('',(-90.72969543147,-57.,0.));
#5541 = PCURVE('',#5468,#5542);
#5542 = DEFINITIONAL_REPRESENTATION('',(#5543),#5547);
#5543 = B_SPLINE_CURVE_WITH_KNOTS('',2,(#5544,#5545,#5546),
  .UNSPECIFIED.,.F.,.F.,(3,3),(0.,181.),.PIECEWISE_BEZIER_KNOTS.);
#5544 = CARTESIAN_POINT('',(1.570796326795,0.));
#5545 = CARTESIAN_POINT('',(1.570796326795,90.5));
#5546 = CARTESIAN_POINT('',(1.570796326795,181.));
#5547 = ( GEOMETRIC_REPRESENTATION_CONTEXT(2) 
PARAMETRIC_REPRESENTATION_CONTEXT() REPRESENTATION_CONTEXT('2D SPACE',''
  ) );
#5548 = PCURVE('',#5496,#5549);
#5549 = DEFINITIONAL_REPRESENTATION('',(#5550),#5553);
#5550 = B_SPLINE_CURVE_WITH_KNOTS('',1,(#5551,#5552),.UNSPECIFIED.,.F.,
  .F.,(2,2),(0.,181.),.PIECEWISE_BEZIER_KNOTS.);
#5551 = CARTESIAN_POINT('',(90.729695431472,57.));
#5552 = CARTESIAN_POINT('',(-90.72969543147,57.));
#5553 = ( GEOMETRIC_REPRESENTATION_CONTEXT(2) 
PARAMETRIC_REPRESENTATION_CONTEXT() REPRESENTATION_CONTEXT('2D SPACE',''
  ) );
#5554 = ORIENTED_EDGE('',*,*,#5555,.F.);
#5555 = EDGE_CURVE('',#5512,#5535,#5556,.T.);
#5556 = SURFACE_CURVE('',#5557,(#5562,#5574),.PCURVE_S1.);
#5557 = CIRCLE('',#5558,3.);
#5558 = AXIS2_PLACEMENT_3D('',#5559,#5560,#5561);
#5559 = CARTESIAN_POINT('',(90.5,-57.,3.));
#5560 = DIRECTION('',(1.,6.123233995737E-17,-7.498798913309E-33));
#5561 = DIRECTION('',(6.123233995737E-17,-1.,1.224646799147E-16));
#5562 = PCURVE('',#5468,#5563);
#5563 = DEFINITIONAL_REPRESENTATION('',(#5564),#5573);
#5564 = B_SPLINE_CURVE_WITH_KNOTS('',7,(#5565,#5566,#5567,#5568,#5569,
    #5570,#5571,#5572),.UNSPECIFIED.,.F.,.F.,(8,8),(0.16744807922,
    1.570796326795),.PIECEWISE_BEZIER_KNOTS.);
#5565 = CARTESIAN_POINT('',(0.16744807922,0.229113924051));
#5566 = CARTESIAN_POINT('',(0.385373598872,0.229113924051));
#5567 = CARTESIAN_POINT('',(0.584647379833,0.229113924052));
#5568 = CARTESIAN_POINT('',(0.775279069417,0.229113924049));
#5569 = CARTESIAN_POINT('',(0.962965336588,0.229113924052));
#5570 = CARTESIAN_POINT('',(1.153597026183,0.229113924049));
#5571 = CARTESIAN_POINT('',(1.352870807145,0.229113924051));
#5572 = CARTESIAN_POINT('',(1.570796326795,0.229113924051));
#5573 = ( GEOMETRIC_REPRESENTATION_CONTEXT(2) 
PARAMETRIC_REPRESENTATION_CONTEXT() REPRESENTATION_CONTEXT('2D SPACE',''
  ) );
#5574 = PCURVE('',#3560,#5575);
#5575 = DEFINITIONAL_REPRESENTATION('',(#5576),#5580);
#5576 = LINE('',#5577,#5578);
#5577 = CARTESIAN_POINT('',(-0.,0.));
#5578 = VECTOR('',#5579,1.);
#5579 = DIRECTION('',(-1.,0.));
#5580 = ( GEOMETRIC_REPRESENTATION_CONTEXT(2) 
PARAMETRIC_REPRESENTATION_CONTEXT() REPRESENTATION_CONTEXT('2D SPACE',''
  ) );
#5581 = ADVANCED_FACE('',(#5582,#5904,#6251,#6385,#6509),#5496,.T.);
#5582 = FACE_BOUND('',#5583,.T.);
#5583 = EDGE_LOOP('',(#5584,#5614,#5647,#5668,#5691,#5712,#5745,#5773,
    #5792,#5793,#5794,#5817,#5845,#5878));
#5584 = ORIENTED_EDGE('',*,*,#5585,.T.);
#5585 = EDGE_CURVE('',#5586,#5588,#5590,.T.);
#5586 = VERTEX_POINT('',#5587);
#5587 = CARTESIAN_POINT('',(-95.7423857868,13.,0.));
#5588 = VERTEX_POINT('',#5589);
#5589 = CARTESIAN_POINT('',(-95.7423857868,52.,0.));
#5590 = SURFACE_CURVE('',#5591,(#5594,#5600),.PCURVE_S1.);
#5591 = B_SPLINE_CURVE_WITH_KNOTS('',1,(#5592,#5593),.UNSPECIFIED.,.F.,
  .F.,(2,2),(65.,104.),.PIECEWISE_BEZIER_KNOTS.);
#5592 = CARTESIAN_POINT('',(-95.7423857868,13.,0.));
#5593 = CARTESIAN_POINT('',(-95.7423857868,52.,0.));
#5594 = PCURVE('',#5496,#5595);
#5595 = DEFINITIONAL_REPRESENTATION('',(#5596),#5599);
#5596 = B_SPLINE_CURVE_WITH_KNOTS('',1,(#5597,#5598),.UNSPECIFIED.,.F.,
  .F.,(2,2),(65.,104.),.PIECEWISE_BEZIER_KNOTS.);
#5597 = CARTESIAN_POINT('',(-95.7423857868,-13.));
#5598 = CARTESIAN_POINT('',(-95.7423857868,-52.));
#5599 = ( GEOMETRIC_REPRESENTATION_CONTEXT(2) 
PARAMETRIC_REPRESENTATION_CONTEXT() REPRESENTATION_CONTEXT('2D SPACE',''
  ) );
#5600 = PCURVE('',#5601,#5608);
#5601 = ( BOUNDED_SURFACE() B_SPLINE_SURFACE(2,1,(
    (#5602,#5603)
    ,(#5604,#5605)
    ,(#5606,#5607
)),.UNSPECIFIED.,.F.,.F.,.F.) B_SPLINE_SURFACE_WITH_KNOTS((3,3),(2,2),(
    0.,1.570796326795),(65.,104.),.PIECEWISE_BEZIER_KNOTS.) 
GEOMETRIC_REPRESENTATION_ITEM() RATIONAL_B_SPLINE_SURFACE((
    (1.,1.)
    ,(0.707106781187,0.707106781187)
,(1.,1.))) REPRESENTATION_ITEM('') SURFACE() );
#5602 = CARTESIAN_POINT('',(-98.75,13.,3.));
#5603 = CARTESIAN_POINT('',(-98.75,52.,3.));
#5604 = CARTESIAN_POINT('',(-98.75,13.,0.));
#5605 = CARTESIAN_POINT('',(-98.75,52.,0.));
#5606 = CARTESIAN_POINT('',(-95.7423857868,13.,0.));
#5607 = CARTESIAN_POINT('',(-95.7423857868,52.,0.));
#5608 = DEFINITIONAL_REPRESENTATION('',(#5609),#5613);
#5609 = B_SPLINE_CURVE_WITH_KNOTS('',2,(#5610,#5611,#5612),
  .UNSPECIFIED.,.F.,.F.,(3,3),(65.,104.),.PIECEWISE_BEZIER_KNOTS.);
#5610 = CARTESIAN_POINT('',(1.570796326795,65.));
#5611 = CARTESIAN_POINT('',(1.570796326795,84.5));
#5612 = CARTESIAN_POINT('',(1.570796326795,104.));
#5613 = ( GEOMETRIC_REPRESENTATION_CONTEXT(2) 
PARAMETRIC_REPRESENTATION_CONTEXT() REPRESENTATION_CONTEXT('2D SPACE',''
  ) );
#5614 = ORIENTED_EDGE('',*,*,#5615,.T.);
#5615 = EDGE_CURVE('',#5588,#5616,#5618,.T.);
#5616 = VERTEX_POINT('',#5617);
#5617 = CARTESIAN_POINT('',(-90.72969543147,57.,0.));
#5618 = SURFACE_CURVE('',#5619,(#5623,#5630),.PCURVE_S1.);
#5619 = ( BOUNDED_CURVE() B_SPLINE_CURVE(2,(#5620,#5621,#5622),
.UNSPECIFIED.,.F.,.F.) B_SPLINE_CURVE_WITH_KNOTS((3,3),(0.,
1.570796326795),.PIECEWISE_BEZIER_KNOTS.) CURVE() 
GEOMETRIC_REPRESENTATION_ITEM() RATIONAL_B_SPLINE_CURVE((1.,
0.707106781187,1.)) REPRESENTATION_ITEM('') );
#5620 = CARTESIAN_POINT('',(-95.7423857868,52.,0.));
#5621 = CARTESIAN_POINT('',(-95.7423857868,57.,0.));
#5622 = CARTESIAN_POINT('',(-90.72969543147,57.,0.));
#5623 = PCURVE('',#5496,#5624);
#5624 = DEFINITIONAL_REPRESENTATION('',(#5625),#5629);
#5625 = ( BOUNDED_CURVE() B_SPLINE_CURVE(2,(#5626,#5627,#5628),
.UNSPECIFIED.,.F.,.F.) B_SPLINE_CURVE_WITH_KNOTS((3,3),(0.,
1.570796326795),.PIECEWISE_BEZIER_KNOTS.) CURVE() 
GEOMETRIC_REPRESENTATION_ITEM() RATIONAL_B_SPLINE_CURVE((1.,
0.707106781187,1.)) REPRESENTATION_ITEM('') );
#5626 = CARTESIAN_POINT('',(-95.7423857868,-52.));
#5627 = CARTESIAN_POINT('',(-95.7423857868,-57.));
#5628 = CARTESIAN_POINT('',(-90.72969543147,-57.));
#5629 = ( GEOMETRIC_REPRESENTATION_CONTEXT(2) 
PARAMETRIC_REPRESENTATION_CONTEXT() REPRESENTATION_CONTEXT('2D SPACE',''
  ) );
#5630 = PCURVE('',#5631,#5641);
#5631 = ( BOUNDED_SURFACE() B_SPLINE_SURFACE(2,2,(
    (#5632,#5633,#5634)
    ,(#5635,#5636,#5637)
    ,(#5638,#5639,#5640
)),.UNSPECIFIED.,.F.,.F.,.F.) B_SPLINE_SURFACE_WITH_KNOTS((3,3),(3,3),(
    0.,1.570796326795),(0.,1.570796326795),.PIECEWISE_BEZIER_KNOTS.) 
GEOMETRIC_REPRESENTATION_ITEM() RATIONAL_B_SPLINE_SURFACE((
    (1.,0.707106781187,1.)
    ,(0.707106781187,0.5,0.707106781187)
,(1.,0.707106781187,1.))) REPRESENTATION_ITEM('') SURFACE() );
#5632 = CARTESIAN_POINT('',(-98.75,52.,3.));
#5633 = CARTESIAN_POINT('',(-98.75,52.,0.));
#5634 = CARTESIAN_POINT('',(-95.7423857868,52.,0.));
#5635 = CARTESIAN_POINT('',(-98.75,60.,3.));
#5636 = CARTESIAN_POINT('',(-98.75,60.,-1.42108547152E-14));
#5637 = CARTESIAN_POINT('',(-95.7423857868,57.,0.));
#5638 = CARTESIAN_POINT('',(-90.72969543147,60.,3.));
#5639 = CARTESIAN_POINT('',(-90.72969543147,60.,-1.42108547152E-14));
#5640 = CARTESIAN_POINT('',(-90.72969543147,57.,0.));
#5641 = DEFINITIONAL_REPRESENTATION('',(#5642),#5646);
#5642 = B_SPLINE_CURVE_WITH_KNOTS('',2,(#5643,#5644,#5645),
  .UNSPECIFIED.,.F.,.F.,(3,3),(0.,1.570796326795),
  .PIECEWISE_BEZIER_KNOTS.);
#5643 = CARTESIAN_POINT('',(0.,1.570796326795));
#5644 = CARTESIAN_POINT('',(0.785398163397,1.570796326795));
#5645 = CARTESIAN_POINT('',(1.570796326795,1.570796326795));
#5646 = ( GEOMETRIC_REPRESENTATION_CONTEXT(2) 
PARAMETRIC_REPRESENTATION_CONTEXT() REPRESENTATION_CONTEXT('2D SPACE',''
  ) );
#5647 = ORIENTED_EDGE('',*,*,#5648,.T.);
#5648 = EDGE_CURVE('',#5616,#5649,#5651,.T.);
#5649 = VERTEX_POINT('',#5650);
#5650 = CARTESIAN_POINT('',(-90.5,57.,0.));
#5651 = SURFACE_CURVE('',#5652,(#5655,#5661),.PCURVE_S1.);
#5652 = B_SPLINE_CURVE_WITH_KNOTS('',1,(#5653,#5654),.UNSPECIFIED.,.F.,
  .F.,(2,2),(0.,181.),.PIECEWISE_BEZIER_KNOTS.);
#5653 = CARTESIAN_POINT('',(-90.72969543147,57.,0.));
#5654 = CARTESIAN_POINT('',(90.729695431472,57.,0.));
#5655 = PCURVE('',#5496,#5656);
#5656 = DEFINITIONAL_REPRESENTATION('',(#5657),#5660);
#5657 = B_SPLINE_CURVE_WITH_KNOTS('',1,(#5658,#5659),.UNSPECIFIED.,.F.,
  .F.,(2,2),(0.,181.),.PIECEWISE_BEZIER_KNOTS.);
#5658 = CARTESIAN_POINT('',(-90.72969543147,-57.));
#5659 = CARTESIAN_POINT('',(90.729695431472,-57.));
#5660 = ( GEOMETRIC_REPRESENTATION_CONTEXT(2) 
PARAMETRIC_REPRESENTATION_CONTEXT() REPRESENTATION_CONTEXT('2D SPACE',''
  ) );
#5661 = PCURVE('',#160,#5662);
#5662 = DEFINITIONAL_REPRESENTATION('',(#5663),#5667);
#5663 = B_SPLINE_CURVE_WITH_KNOTS('',2,(#5664,#5665,#5666),
  .UNSPECIFIED.,.F.,.F.,(3,3),(0.,181.),.PIECEWISE_BEZIER_KNOTS.);
#5664 = CARTESIAN_POINT('',(1.570796326795,0.));
#5665 = CARTESIAN_POINT('',(1.570796326795,90.5));
#5666 = CARTESIAN_POINT('',(1.570796326795,181.));
#5667 = ( GEOMETRIC_REPRESENTATION_CONTEXT(2) 
PARAMETRIC_REPRESENTATION_CONTEXT() REPRESENTATION_CONTEXT('2D SPACE',''
  ) );
#5668 = ORIENTED_EDGE('',*,*,#5669,.F.);
#5669 = EDGE_CURVE('',#5670,#5649,#5672,.T.);
#5670 = VERTEX_POINT('',#5671);
#5671 = CARTESIAN_POINT('',(90.5,57.,0.));
#5672 = SURFACE_CURVE('',#5673,(#5677,#5684),.PCURVE_S1.);
#5673 = LINE('',#5674,#5675);
#5674 = CARTESIAN_POINT('',(90.5,57.,0.));
#5675 = VECTOR('',#5676,1.);
#5676 = DIRECTION('',(-1.,-0.,0.));
#5677 = PCURVE('',#5496,#5678);
#5678 = DEFINITIONAL_REPRESENTATION('',(#5679),#5683);
#5679 = LINE('',#5680,#5681);
#5680 = CARTESIAN_POINT('',(90.5,-57.));
#5681 = VECTOR('',#5682,1.);
#5682 = DIRECTION('',(-1.,0.));
#5683 = ( GEOMETRIC_REPRESENTATION_CONTEXT(2) 
PARAMETRIC_REPRESENTATION_CONTEXT() REPRESENTATION_CONTEXT('2D SPACE',''
  ) );
#5684 = PCURVE('',#190,#5685);
#5685 = DEFINITIONAL_REPRESENTATION('',(#5686),#5690);
#5686 = LINE('',#5687,#5688);
#5687 = CARTESIAN_POINT('',(-1.570796326795,181.));
#5688 = VECTOR('',#5689,1.);
#5689 = DIRECTION('',(-0.,-1.));
#5690 = ( GEOMETRIC_REPRESENTATION_CONTEXT(2) 
PARAMETRIC_REPRESENTATION_CONTEXT() REPRESENTATION_CONTEXT('2D SPACE',''
  ) );
#5691 = ORIENTED_EDGE('',*,*,#5692,.T.);
#5692 = EDGE_CURVE('',#5670,#5693,#5695,.T.);
#5693 = VERTEX_POINT('',#5694);
#5694 = CARTESIAN_POINT('',(90.729695431472,57.,0.));
#5695 = SURFACE_CURVE('',#5696,(#5699,#5705),.PCURVE_S1.);
#5696 = B_SPLINE_CURVE_WITH_KNOTS('',1,(#5697,#5698),.UNSPECIFIED.,.F.,
  .F.,(2,2),(0.,181.),.PIECEWISE_BEZIER_KNOTS.);
#5697 = CARTESIAN_POINT('',(-90.72969543147,57.,0.));
#5698 = CARTESIAN_POINT('',(90.729695431472,57.,0.));
#5699 = PCURVE('',#5496,#5700);
#5700 = DEFINITIONAL_REPRESENTATION('',(#5701),#5704);
#5701 = B_SPLINE_CURVE_WITH_KNOTS('',1,(#5702,#5703),.UNSPECIFIED.,.F.,
  .F.,(2,2),(0.,181.),.PIECEWISE_BEZIER_KNOTS.);
#5702 = CARTESIAN_POINT('',(-90.72969543147,-57.));
#5703 = CARTESIAN_POINT('',(90.729695431472,-57.));
#5704 = ( GEOMETRIC_REPRESENTATION_CONTEXT(2) 
PARAMETRIC_REPRESENTATION_CONTEXT() REPRESENTATION_CONTEXT('2D SPACE',''
  ) );
#5705 = PCURVE('',#216,#5706);
#5706 = DEFINITIONAL_REPRESENTATION('',(#5707),#5711);
#5707 = B_SPLINE_CURVE_WITH_KNOTS('',2,(#5708,#5709,#5710),
  .UNSPECIFIED.,.F.,.F.,(3,3),(0.,181.),.PIECEWISE_BEZIER_KNOTS.);
#5708 = CARTESIAN_POINT('',(1.570796326795,0.));
#5709 = CARTESIAN_POINT('',(1.570796326795,90.5));
#5710 = CARTESIAN_POINT('',(1.570796326795,181.));
#5711 = ( GEOMETRIC_REPRESENTATION_CONTEXT(2) 
PARAMETRIC_REPRESENTATION_CONTEXT() REPRESENTATION_CONTEXT('2D SPACE',''
  ) );
#5712 = ORIENTED_EDGE('',*,*,#5713,.T.);
#5713 = EDGE_CURVE('',#5693,#5714,#5716,.T.);
#5714 = VERTEX_POINT('',#5715);
#5715 = CARTESIAN_POINT('',(95.742385786802,52.,0.));
#5716 = SURFACE_CURVE('',#5717,(#5721,#5728),.PCURVE_S1.);
#5717 = ( BOUNDED_CURVE() B_SPLINE_CURVE(2,(#5718,#5719,#5720),
.UNSPECIFIED.,.F.,.F.) B_SPLINE_CURVE_WITH_KNOTS((3,3),(0.,
1.570796326795),.PIECEWISE_BEZIER_KNOTS.) CURVE() 
GEOMETRIC_REPRESENTATION_ITEM() RATIONAL_B_SPLINE_CURVE((1.,
0.707106781187,1.)) REPRESENTATION_ITEM('') );
#5718 = CARTESIAN_POINT('',(90.729695431472,57.,0.));
#5719 = CARTESIAN_POINT('',(95.742385786802,57.,0.));
#5720 = CARTESIAN_POINT('',(95.742385786802,52.,0.));
#5721 = PCURVE('',#5496,#5722);
#5722 = DEFINITIONAL_REPRESENTATION('',(#5723),#5727);
#5723 = ( BOUNDED_CURVE() B_SPLINE_CURVE(2,(#5724,#5725,#5726),
.UNSPECIFIED.,.F.,.F.) B_SPLINE_CURVE_WITH_KNOTS((3,3),(0.,
1.570796326795),.PIECEWISE_BEZIER_KNOTS.) CURVE() 
GEOMETRIC_REPRESENTATION_ITEM() RATIONAL_B_SPLINE_CURVE((1.,
0.707106781187,1.)) REPRESENTATION_ITEM('') );
#5724 = CARTESIAN_POINT('',(90.729695431472,-57.));
#5725 = CARTESIAN_POINT('',(95.742385786802,-57.));
#5726 = CARTESIAN_POINT('',(95.742385786802,-52.));
#5727 = ( GEOMETRIC_REPRESENTATION_CONTEXT(2) 
PARAMETRIC_REPRESENTATION_CONTEXT() REPRESENTATION_CONTEXT('2D SPACE',''
  ) );
#5728 = PCURVE('',#5729,#5739);
#5729 = ( BOUNDED_SURFACE() B_SPLINE_SURFACE(2,2,(
    (#5730,#5731,#5732)
    ,(#5733,#5734,#5735)
    ,(#5736,#5737,#5738
)),.UNSPECIFIED.,.F.,.F.,.F.) B_SPLINE_SURFACE_WITH_KNOTS((3,3),(3,3),(
    0.,1.570796326795),(0.,1.570796326795),.PIECEWISE_BEZIER_KNOTS.) 
GEOMETRIC_REPRESENTATION_ITEM() RATIONAL_B_SPLINE_SURFACE((
    (1.,0.707106781187,1.)
    ,(0.707106781187,0.5,0.707106781187)
,(1.,0.707106781187,1.))) REPRESENTATION_ITEM('') SURFACE() );
#5730 = CARTESIAN_POINT('',(90.729695431472,60.,3.));
#5731 = CARTESIAN_POINT('',(90.729695431472,60.,-1.42108547152E-14));
#5732 = CARTESIAN_POINT('',(90.729695431472,57.,0.));
#5733 = CARTESIAN_POINT('',(98.75,60.,3.));
#5734 = CARTESIAN_POINT('',(98.75,60.,-1.42108547152E-14));
#5735 = CARTESIAN_POINT('',(95.742385786802,57.,0.));
#5736 = CARTESIAN_POINT('',(98.75,52.,3.));
#5737 = CARTESIAN_POINT('',(98.75,52.,0.));
#5738 = CARTESIAN_POINT('',(95.742385786802,52.,0.));
#5739 = DEFINITIONAL_REPRESENTATION('',(#5740),#5744);
#5740 = B_SPLINE_CURVE_WITH_KNOTS('',2,(#5741,#5742,#5743),
  .UNSPECIFIED.,.F.,.F.,(3,3),(0.,1.570796326795),
  .PIECEWISE_BEZIER_KNOTS.);
#5741 = CARTESIAN_POINT('',(0.,1.570796326795));
#5742 = CARTESIAN_POINT('',(0.785398163397,1.570796326795));
#5743 = CARTESIAN_POINT('',(1.570796326795,1.570796326795));
#5744 = ( GEOMETRIC_REPRESENTATION_CONTEXT(2) 
PARAMETRIC_REPRESENTATION_CONTEXT() REPRESENTATION_CONTEXT('2D SPACE',''
  ) );
#5745 = ORIENTED_EDGE('',*,*,#5746,.T.);
#5746 = EDGE_CURVE('',#5714,#5747,#5749,.T.);
#5747 = VERTEX_POINT('',#5748);
#5748 = CARTESIAN_POINT('',(95.742385786802,13.,0.));
#5749 = SURFACE_CURVE('',#5750,(#5753,#5759),.PCURVE_S1.);
#5750 = B_SPLINE_CURVE_WITH_KNOTS('',1,(#5751,#5752),.UNSPECIFIED.,.F.,
  .F.,(2,2),(0.,39.),.PIECEWISE_BEZIER_KNOTS.);
#5751 = CARTESIAN_POINT('',(95.742385786802,52.,0.));
#5752 = CARTESIAN_POINT('',(95.742385786802,13.,0.));
#5753 = PCURVE('',#5496,#5754);
#5754 = DEFINITIONAL_REPRESENTATION('',(#5755),#5758);
#5755 = B_SPLINE_CURVE_WITH_KNOTS('',1,(#5756,#5757),.UNSPECIFIED.,.F.,
  .F.,(2,2),(0.,39.),.PIECEWISE_BEZIER_KNOTS.);
#5756 = CARTESIAN_POINT('',(95.742385786802,-52.));
#5757 = CARTESIAN_POINT('',(95.742385786802,-13.));
#5758 = ( GEOMETRIC_REPRESENTATION_CONTEXT(2) 
PARAMETRIC_REPRESENTATION_CONTEXT() REPRESENTATION_CONTEXT('2D SPACE',''
  ) );
#5759 = PCURVE('',#5760,#5767);
#5760 = ( BOUNDED_SURFACE() B_SPLINE_SURFACE(2,1,(
    (#5761,#5762)
    ,(#5763,#5764)
    ,(#5765,#5766
)),.UNSPECIFIED.,.F.,.F.,.F.) B_SPLINE_SURFACE_WITH_KNOTS((3,3),(2,2),(
    0.,1.570796326795),(0.,39.),.PIECEWISE_BEZIER_KNOTS.) 
GEOMETRIC_REPRESENTATION_ITEM() RATIONAL_B_SPLINE_SURFACE((
    (1.,1.)
    ,(0.707106781187,0.707106781187)
,(1.,1.))) REPRESENTATION_ITEM('') SURFACE() );
#5761 = CARTESIAN_POINT('',(98.75,52.,3.));
#5762 = CARTESIAN_POINT('',(98.75,13.,3.));
#5763 = CARTESIAN_POINT('',(98.75,52.,0.));
#5764 = CARTESIAN_POINT('',(98.75,13.,0.));
#5765 = CARTESIAN_POINT('',(95.742385786802,52.,0.));
#5766 = CARTESIAN_POINT('',(95.742385786802,13.,0.));
#5767 = DEFINITIONAL_REPRESENTATION('',(#5768),#5772);
#5768 = B_SPLINE_CURVE_WITH_KNOTS('',2,(#5769,#5770,#5771),
  .UNSPECIFIED.,.F.,.F.,(3,3),(0.,39.),.PIECEWISE_BEZIER_KNOTS.);
#5769 = CARTESIAN_POINT('',(1.570796326795,0.));
#5770 = CARTESIAN_POINT('',(1.570796326795,19.5));
#5771 = CARTESIAN_POINT('',(1.570796326795,39.));
#5772 = ( GEOMETRIC_REPRESENTATION_CONTEXT(2) 
PARAMETRIC_REPRESENTATION_CONTEXT() REPRESENTATION_CONTEXT('2D SPACE',''
  ) );
#5773 = ORIENTED_EDGE('',*,*,#5774,.T.);
#5774 = EDGE_CURVE('',#5747,#5422,#5775,.T.);
#5775 = SURFACE_CURVE('',#5776,(#5779,#5785),.PCURVE_S1.);
#5776 = B_SPLINE_CURVE_WITH_KNOTS('',1,(#5777,#5778),.UNSPECIFIED.,.F.,
  .F.,(2,2),(39.,104.),.PIECEWISE_BEZIER_KNOTS.);
#5777 = CARTESIAN_POINT('',(95.742385786802,13.,0.));
#5778 = CARTESIAN_POINT('',(95.742385786802,-52.,0.));
#5779 = PCURVE('',#5496,#5780);
#5780 = DEFINITIONAL_REPRESENTATION('',(#5781),#5784);
#5781 = B_SPLINE_CURVE_WITH_KNOTS('',1,(#5782,#5783),.UNSPECIFIED.,.F.,
  .F.,(2,2),(39.,104.),.PIECEWISE_BEZIER_KNOTS.);
#5782 = CARTESIAN_POINT('',(95.742385786802,-13.));
#5783 = CARTESIAN_POINT('',(95.742385786802,52.));
#5784 = ( GEOMETRIC_REPRESENTATION_CONTEXT(2) 
PARAMETRIC_REPRESENTATION_CONTEXT() REPRESENTATION_CONTEXT('2D SPACE',''
  ) );
#5785 = PCURVE('',#5437,#5786);
#5786 = DEFINITIONAL_REPRESENTATION('',(#5787),#5791);
#5787 = B_SPLINE_CURVE_WITH_KNOTS('',2,(#5788,#5789,#5790),
  .UNSPECIFIED.,.F.,.F.,(3,3),(39.,104.),.PIECEWISE_BEZIER_KNOTS.);
#5788 = CARTESIAN_POINT('',(1.570796326795,39.));
#5789 = CARTESIAN_POINT('',(1.570796326795,71.5));
#5790 = CARTESIAN_POINT('',(1.570796326795,104.));
#5791 = ( GEOMETRIC_REPRESENTATION_CONTEXT(2) 
PARAMETRIC_REPRESENTATION_CONTEXT() REPRESENTATION_CONTEXT('2D SPACE',''
  ) );
#5792 = ORIENTED_EDGE('',*,*,#5482,.T.);
#5793 = ORIENTED_EDGE('',*,*,#5534,.T.);
#5794 = ORIENTED_EDGE('',*,*,#5795,.F.);
#5795 = EDGE_CURVE('',#5796,#5535,#5798,.T.);
#5796 = VERTEX_POINT('',#5797);
#5797 = CARTESIAN_POINT('',(-90.5,-57.,0.));
#5798 = SURFACE_CURVE('',#5799,(#5803,#5810),.PCURVE_S1.);
#5799 = LINE('',#5800,#5801);
#5800 = CARTESIAN_POINT('',(-90.5,-57.,0.));
#5801 = VECTOR('',#5802,1.);
#5802 = DIRECTION('',(1.,0.,0.));
#5803 = PCURVE('',#5496,#5804);
#5804 = DEFINITIONAL_REPRESENTATION('',(#5805),#5809);
#5805 = LINE('',#5806,#5807);
#5806 = CARTESIAN_POINT('',(-90.5,57.));
#5807 = VECTOR('',#5808,1.);
#5808 = DIRECTION('',(1.,0.));
#5809 = ( GEOMETRIC_REPRESENTATION_CONTEXT(2) 
PARAMETRIC_REPRESENTATION_CONTEXT() REPRESENTATION_CONTEXT('2D SPACE',''
  ) );
#5810 = PCURVE('',#3560,#5811);
#5811 = DEFINITIONAL_REPRESENTATION('',(#5812),#5816);
#5812 = LINE('',#5813,#5814);
#5813 = CARTESIAN_POINT('',(-1.570796326795,181.));
#5814 = VECTOR('',#5815,1.);
#5815 = DIRECTION('',(-0.,-1.));
#5816 = ( GEOMETRIC_REPRESENTATION_CONTEXT(2) 
PARAMETRIC_REPRESENTATION_CONTEXT() REPRESENTATION_CONTEXT('2D SPACE',''
  ) );
#5817 = ORIENTED_EDGE('',*,*,#5818,.T.);
#5818 = EDGE_CURVE('',#5796,#5819,#5821,.T.);
#5819 = VERTEX_POINT('',#5820);
#5820 = CARTESIAN_POINT('',(-90.72969543147,-57.,0.));
#5821 = SURFACE_CURVE('',#5822,(#5825,#5831),.PCURVE_S1.);
#5822 = B_SPLINE_CURVE_WITH_KNOTS('',1,(#5823,#5824),.UNSPECIFIED.,.F.,
  .F.,(2,2),(0.,181.),.PIECEWISE_BEZIER_KNOTS.);
#5823 = CARTESIAN_POINT('',(90.729695431472,-57.,0.));
#5824 = CARTESIAN_POINT('',(-90.72969543147,-57.,0.));
#5825 = PCURVE('',#5496,#5826);
#5826 = DEFINITIONAL_REPRESENTATION('',(#5827),#5830);
#5827 = B_SPLINE_CURVE_WITH_KNOTS('',1,(#5828,#5829),.UNSPECIFIED.,.F.,
  .F.,(2,2),(0.,181.),.PIECEWISE_BEZIER_KNOTS.);
#5828 = CARTESIAN_POINT('',(90.729695431472,57.));
#5829 = CARTESIAN_POINT('',(-90.72969543147,57.));
#5830 = ( GEOMETRIC_REPRESENTATION_CONTEXT(2) 
PARAMETRIC_REPRESENTATION_CONTEXT() REPRESENTATION_CONTEXT('2D SPACE',''
  ) );
#5831 = PCURVE('',#5832,#5839);
#5832 = ( BOUNDED_SURFACE() B_SPLINE_SURFACE(2,1,(
    (#5833,#5834)
    ,(#5835,#5836)
    ,(#5837,#5838
)),.UNSPECIFIED.,.F.,.F.,.F.) B_SPLINE_SURFACE_WITH_KNOTS((3,3),(2,2),(
    0.16744807922,1.570796326795),(0.,181.),.PIECEWISE_BEZIER_KNOTS.) 
GEOMETRIC_REPRESENTATION_ITEM() RATIONAL_B_SPLINE_SURFACE((
    (1.,1.)
    ,(0.763762615826,0.763762615826)
,(1.,1.))) REPRESENTATION_ITEM('') SURFACE() );
#5833 = CARTESIAN_POINT('',(90.729695431472,-59.95803989155,2.5));
#5834 = CARTESIAN_POINT('',(-90.72969543147,-59.95803989155,2.5));
#5835 = CARTESIAN_POINT('',(90.729695431472,-59.53546276418,
    1.42108547152E-14));
#5836 = CARTESIAN_POINT('',(-90.72969543147,-59.53546276418,
    1.42108547152E-14));
#5837 = CARTESIAN_POINT('',(90.729695431472,-57.,0.));
#5838 = CARTESIAN_POINT('',(-90.72969543147,-57.,0.));
#5839 = DEFINITIONAL_REPRESENTATION('',(#5840),#5844);
#5840 = B_SPLINE_CURVE_WITH_KNOTS('',2,(#5841,#5842,#5843),
  .UNSPECIFIED.,.F.,.F.,(3,3),(0.,181.),.PIECEWISE_BEZIER_KNOTS.);
#5841 = CARTESIAN_POINT('',(1.570796326795,0.));
#5842 = CARTESIAN_POINT('',(1.570796326795,90.5));
#5843 = CARTESIAN_POINT('',(1.570796326795,181.));
#5844 = ( GEOMETRIC_REPRESENTATION_CONTEXT(2) 
PARAMETRIC_REPRESENTATION_CONTEXT() REPRESENTATION_CONTEXT('2D SPACE',''
  ) );
#5845 = ORIENTED_EDGE('',*,*,#5846,.T.);
#5846 = EDGE_CURVE('',#5819,#5847,#5849,.T.);
#5847 = VERTEX_POINT('',#5848);
#5848 = CARTESIAN_POINT('',(-95.7423857868,-52.,0.));
#5849 = SURFACE_CURVE('',#5850,(#5854,#5861),.PCURVE_S1.);
#5850 = ( BOUNDED_CURVE() B_SPLINE_CURVE(2,(#5851,#5852,#5853),
.UNSPECIFIED.,.F.,.F.) B_SPLINE_CURVE_WITH_KNOTS((3,3),(0.,
1.570796326795),.PIECEWISE_BEZIER_KNOTS.) CURVE() 
GEOMETRIC_REPRESENTATION_ITEM() RATIONAL_B_SPLINE_CURVE((1.,
0.707106781187,1.)) REPRESENTATION_ITEM('') );
#5851 = CARTESIAN_POINT('',(-90.72969543147,-57.,0.));
#5852 = CARTESIAN_POINT('',(-95.7423857868,-57.,0.));
#5853 = CARTESIAN_POINT('',(-95.7423857868,-52.,0.));
#5854 = PCURVE('',#5496,#5855);
#5855 = DEFINITIONAL_REPRESENTATION('',(#5856),#5860);
#5856 = ( BOUNDED_CURVE() B_SPLINE_CURVE(2,(#5857,#5858,#5859),
.UNSPECIFIED.,.F.,.F.) B_SPLINE_CURVE_WITH_KNOTS((3,3),(0.,
1.570796326795),.PIECEWISE_BEZIER_KNOTS.) CURVE() 
GEOMETRIC_REPRESENTATION_ITEM() RATIONAL_B_SPLINE_CURVE((1.,
0.707106781187,1.)) REPRESENTATION_ITEM('') );
#5857 = CARTESIAN_POINT('',(-90.72969543147,57.));
#5858 = CARTESIAN_POINT('',(-95.7423857868,57.));
#5859 = CARTESIAN_POINT('',(-95.7423857868,52.));
#5860 = ( GEOMETRIC_REPRESENTATION_CONTEXT(2) 
PARAMETRIC_REPRESENTATION_CONTEXT() REPRESENTATION_CONTEXT('2D SPACE',''
  ) );
#5861 = PCURVE('',#5862,#5872);
#5862 = ( BOUNDED_SURFACE() B_SPLINE_SURFACE(2,2,(
    (#5863,#5864,#5865)
    ,(#5866,#5867,#5868)
    ,(#5869,#5870,#5871
)),.UNSPECIFIED.,.F.,.F.,.F.) B_SPLINE_SURFACE_WITH_KNOTS((3,3),(3,3),(
    0.,1.570796326795),(0.16744807922,1.570796326795),
.PIECEWISE_BEZIER_KNOTS.) GEOMETRIC_REPRESENTATION_ITEM() 
RATIONAL_B_SPLINE_SURFACE((
    (1.,0.763762615826,1.)
    ,(0.707106781187,0.540061724867,0.707106781187)
,(1.,0.763762615826,1.))) REPRESENTATION_ITEM('') SURFACE() );
#5863 = CARTESIAN_POINT('',(-90.72969543147,-59.95803989155,2.5));
#5864 = CARTESIAN_POINT('',(-90.72969543147,-59.53546276418,
    1.42108547152E-14));
#5865 = CARTESIAN_POINT('',(-90.72969543147,-57.,0.));
#5866 = CARTESIAN_POINT('',(-98.70793339381,-59.95803989155,2.5));
#5867 = CARTESIAN_POINT('',(-98.28428373566,-59.53546276418,
    1.42108547152E-14));
#5868 = CARTESIAN_POINT('',(-95.7423857868,-57.,0.));
#5869 = CARTESIAN_POINT('',(-98.70793339381,-52.,2.5));
#5870 = CARTESIAN_POINT('',(-98.28428373566,-52.,0.));
#5871 = CARTESIAN_POINT('',(-95.7423857868,-52.,0.));
#5872 = DEFINITIONAL_REPRESENTATION('',(#5873),#5877);
#5873 = B_SPLINE_CURVE_WITH_KNOTS('',2,(#5874,#5875,#5876),
  .UNSPECIFIED.,.F.,.F.,(3,3),(0.,1.570796326795),
  .PIECEWISE_BEZIER_KNOTS.);
#5874 = CARTESIAN_POINT('',(2.646948825631E-30,1.570796326795));
#5875 = CARTESIAN_POINT('',(0.785398163397,1.570796326795));
#5876 = CARTESIAN_POINT('',(1.570796326795,1.570796326795));
#5877 = ( GEOMETRIC_REPRESENTATION_CONTEXT(2) 
PARAMETRIC_REPRESENTATION_CONTEXT() REPRESENTATION_CONTEXT('2D SPACE',''
  ) );
#5878 = ORIENTED_EDGE('',*,*,#5879,.T.);
#5879 = EDGE_CURVE('',#5847,#5586,#5880,.T.);
#5880 = SURFACE_CURVE('',#5881,(#5884,#5890),.PCURVE_S1.);
#5881 = B_SPLINE_CURVE_WITH_KNOTS('',1,(#5882,#5883),.UNSPECIFIED.,.F.,
  .F.,(2,2),(0.,65.),.PIECEWISE_BEZIER_KNOTS.);
#5882 = CARTESIAN_POINT('',(-95.7423857868,-52.,0.));
#5883 = CARTESIAN_POINT('',(-95.7423857868,13.,0.));
#5884 = PCURVE('',#5496,#5885);
#5885 = DEFINITIONAL_REPRESENTATION('',(#5886),#5889);
#5886 = B_SPLINE_CURVE_WITH_KNOTS('',1,(#5887,#5888),.UNSPECIFIED.,.F.,
  .F.,(2,2),(0.,65.),.PIECEWISE_BEZIER_KNOTS.);
#5887 = CARTESIAN_POINT('',(-95.7423857868,52.));
#5888 = CARTESIAN_POINT('',(-95.7423857868,-13.));
#5889 = ( GEOMETRIC_REPRESENTATION_CONTEXT(2) 
PARAMETRIC_REPRESENTATION_CONTEXT() REPRESENTATION_CONTEXT('2D SPACE',''
  ) );
#5890 = PCURVE('',#5891,#5898);
#5891 = ( BOUNDED_SURFACE() B_SPLINE_SURFACE(2,1,(
    (#5892,#5893)
    ,(#5894,#5895)
    ,(#5896,#5897
)),.UNSPECIFIED.,.F.,.F.,.F.) B_SPLINE_SURFACE_WITH_KNOTS((3,3),(2,2),(
    0.16744807922,1.570796326795),(0.,65.),.PIECEWISE_BEZIER_KNOTS.) 
GEOMETRIC_REPRESENTATION_ITEM() RATIONAL_B_SPLINE_SURFACE((
    (1.,1.)
    ,(0.763762615826,0.763762615826)
,(1.,1.))) REPRESENTATION_ITEM('') SURFACE() );
#5892 = CARTESIAN_POINT('',(-98.70793339381,-52.,2.5));
#5893 = CARTESIAN_POINT('',(-98.70793339381,13.,2.5));
#5894 = CARTESIAN_POINT('',(-98.28428373566,-52.,0.));
#5895 = CARTESIAN_POINT('',(-98.28428373566,13.,0.));
#5896 = CARTESIAN_POINT('',(-95.7423857868,-52.,0.));
#5897 = CARTESIAN_POINT('',(-95.7423857868,13.,0.));
#5898 = DEFINITIONAL_REPRESENTATION('',(#5899),#5903);
#5899 = B_SPLINE_CURVE_WITH_KNOTS('',2,(#5900,#5901,#5902),
  .UNSPECIFIED.,.F.,.F.,(3,3),(0.,65.),.PIECEWISE_BEZIER_KNOTS.);
#5900 = CARTESIAN_POINT('',(1.570796326795,4.318079809732E-29));
#5901 = CARTESIAN_POINT('',(1.570796326795,32.5));
#5902 = CARTESIAN_POINT('',(1.570796326795,65.));
#5903 = ( GEOMETRIC_REPRESENTATION_CONTEXT(2) 
PARAMETRIC_REPRESENTATION_CONTEXT() REPRESENTATION_CONTEXT('2D SPACE',''
  ) );
#5904 = FACE_BOUND('',#5905,.T.);
#5905 = EDGE_LOOP('',(#5906,#5937,#5965,#5998,#6026,#6059,#6082,#6111,
    #6139,#6168,#6196,#6225));
#5906 = ORIENTED_EDGE('',*,*,#5907,.F.);
#5907 = EDGE_CURVE('',#5908,#5910,#5912,.T.);
#5908 = VERTEX_POINT('',#5909);
#5909 = CARTESIAN_POINT('',(75.25,38.5,0.));
#5910 = VERTEX_POINT('',#5911);
#5911 = CARTESIAN_POINT('',(80.25,33.5,0.));
#5912 = SURFACE_CURVE('',#5913,(#5918,#5925),.PCURVE_S1.);
#5913 = CIRCLE('',#5914,5.);
#5914 = AXIS2_PLACEMENT_3D('',#5915,#5916,#5917);
#5915 = CARTESIAN_POINT('',(75.25,33.5,0.));
#5916 = DIRECTION('',(0.,-1.224646799147E-16,-1.));
#5917 = DIRECTION('',(1.,0.,0.));
#5918 = PCURVE('',#5496,#5919);
#5919 = DEFINITIONAL_REPRESENTATION('',(#5920),#5924);
#5920 = CIRCLE('',#5921,5.);
#5921 = AXIS2_PLACEMENT_2D('',#5922,#5923);
#5922 = CARTESIAN_POINT('',(75.25,-33.5));
#5923 = DIRECTION('',(1.,0.));
#5924 = ( GEOMETRIC_REPRESENTATION_CONTEXT(2) 
PARAMETRIC_REPRESENTATION_CONTEXT() REPRESENTATION_CONTEXT('2D SPACE',''
  ) );
#5925 = PCURVE('',#5926,#5931);
#5926 = TOROIDAL_SURFACE('',#5927,4.75,0.25);
#5927 = AXIS2_PLACEMENT_3D('',#5928,#5929,#5930);
#5928 = CARTESIAN_POINT('',(75.25,33.5,0.));
#5929 = DIRECTION('',(0.,-1.224646799147E-16,-1.));
#5930 = DIRECTION('',(1.,0.,0.));
#5931 = DEFINITIONAL_REPRESENTATION('',(#5932),#5936);
#5932 = LINE('',#5933,#5934);
#5933 = CARTESIAN_POINT('',(0.,6.28318530718));
#5934 = VECTOR('',#5935,1.);
#5935 = DIRECTION('',(1.,0.));
#5936 = ( GEOMETRIC_REPRESENTATION_CONTEXT(2) 
PARAMETRIC_REPRESENTATION_CONTEXT() REPRESENTATION_CONTEXT('2D SPACE',''
  ) );
#5937 = ORIENTED_EDGE('',*,*,#5938,.F.);
#5938 = EDGE_CURVE('',#5939,#5908,#5941,.T.);
#5939 = VERTEX_POINT('',#5940);
#5940 = CARTESIAN_POINT('',(56.75,38.5,0.));
#5941 = SURFACE_CURVE('',#5942,(#5946,#5953),.PCURVE_S1.);
#5942 = LINE('',#5943,#5944);
#5943 = CARTESIAN_POINT('',(25.5,38.5,0.));
#5944 = VECTOR('',#5945,1.);
#5945 = DIRECTION('',(1.,0.,0.));
#5946 = PCURVE('',#5496,#5947);
#5947 = DEFINITIONAL_REPRESENTATION('',(#5948),#5952);
#5948 = LINE('',#5949,#5950);
#5949 = CARTESIAN_POINT('',(25.5,-38.5));
#5950 = VECTOR('',#5951,1.);
#5951 = DIRECTION('',(1.,0.));
#5952 = ( GEOMETRIC_REPRESENTATION_CONTEXT(2) 
PARAMETRIC_REPRESENTATION_CONTEXT() REPRESENTATION_CONTEXT('2D SPACE',''
  ) );
#5953 = PCURVE('',#5954,#5959);
#5954 = CYLINDRICAL_SURFACE('',#5955,0.25);
#5955 = AXIS2_PLACEMENT_3D('',#5956,#5957,#5958);
#5956 = CARTESIAN_POINT('',(25.5,38.25,0.));
#5957 = DIRECTION('',(1.,0.,0.));
#5958 = DIRECTION('',(0.,-1.224646799147E-16,-1.));
#5959 = DEFINITIONAL_REPRESENTATION('',(#5960),#5964);
#5960 = LINE('',#5961,#5962);
#5961 = CARTESIAN_POINT('',(1.570796326795,0.));
#5962 = VECTOR('',#5963,1.);
#5963 = DIRECTION('',(0.,1.));
#5964 = ( GEOMETRIC_REPRESENTATION_CONTEXT(2) 
PARAMETRIC_REPRESENTATION_CONTEXT() REPRESENTATION_CONTEXT('2D SPACE',''
  ) );
#5965 = ORIENTED_EDGE('',*,*,#5966,.T.);
#5966 = EDGE_CURVE('',#5939,#5967,#5969,.T.);
#5967 = VERTEX_POINT('',#5968);
#5968 = CARTESIAN_POINT('',(56.75,40.5,0.));
#5969 = SURFACE_CURVE('',#5970,(#5975,#5986),.PCURVE_S1.);
#5970 = CIRCLE('',#5971,1.);
#5971 = AXIS2_PLACEMENT_3D('',#5972,#5973,#5974);
#5972 = CARTESIAN_POINT('',(56.75,39.5,0.));
#5973 = DIRECTION('',(-0.,1.224646799147E-16,1.));
#5974 = DIRECTION('',(0.,-1.,1.224646799147E-16));
#5975 = PCURVE('',#5496,#5976);
#5976 = DEFINITIONAL_REPRESENTATION('',(#5977),#5985);
#5977 = ( BOUNDED_CURVE() B_SPLINE_CURVE(2,(#5978,#5979,#5980,#5981,
#5982,#5983,#5984),.UNSPECIFIED.,.T.,.F.) B_SPLINE_CURVE_WITH_KNOTS((1,2
    ,2,2,2,1),(-2.094395102393,0.,2.094395102393,4.188790204786,
6.28318530718,8.377580409573),.UNSPECIFIED.) CURVE() 
GEOMETRIC_REPRESENTATION_ITEM() RATIONAL_B_SPLINE_CURVE((1.,0.5,1.,0.5,
1.,0.5,1.)) REPRESENTATION_ITEM('') );
#5978 = CARTESIAN_POINT('',(56.75,-38.5));
#5979 = CARTESIAN_POINT('',(58.482050807569,-38.5));
#5980 = CARTESIAN_POINT('',(57.616025403784,-40.));
#5981 = CARTESIAN_POINT('',(56.75,-41.5));
#5982 = CARTESIAN_POINT('',(55.883974596216,-40.));
#5983 = CARTESIAN_POINT('',(55.017949192431,-38.5));
#5984 = CARTESIAN_POINT('',(56.75,-38.5));
#5985 = ( GEOMETRIC_REPRESENTATION_CONTEXT(2) 
PARAMETRIC_REPRESENTATION_CONTEXT() REPRESENTATION_CONTEXT('2D SPACE',''
  ) );
#5986 = PCURVE('',#5987,#5992);
#5987 = CYLINDRICAL_SURFACE('',#5988,1.);
#5988 = AXIS2_PLACEMENT_3D('',#5989,#5990,#5991);
#5989 = CARTESIAN_POINT('',(56.75,39.5,3.));
#5990 = DIRECTION('',(0.,1.224646799147E-16,1.));
#5991 = DIRECTION('',(0.,-1.,1.224646799147E-16));
#5992 = DEFINITIONAL_REPRESENTATION('',(#5993),#5997);
#5993 = LINE('',#5994,#5995);
#5994 = CARTESIAN_POINT('',(0.,-3.));
#5995 = VECTOR('',#5996,1.);
#5996 = DIRECTION('',(1.,0.));
#5997 = ( GEOMETRIC_REPRESENTATION_CONTEXT(2) 
PARAMETRIC_REPRESENTATION_CONTEXT() REPRESENTATION_CONTEXT('2D SPACE',''
  ) );
#5998 = ORIENTED_EDGE('',*,*,#5999,.F.);
#5999 = EDGE_CURVE('',#6000,#5967,#6002,.T.);
#6000 = VERTEX_POINT('',#6001);
#6001 = CARTESIAN_POINT('',(50.75,40.5,0.));
#6002 = SURFACE_CURVE('',#6003,(#6007,#6014),.PCURVE_S1.);
#6003 = LINE('',#6004,#6005);
#6004 = CARTESIAN_POINT('',(28.375,40.5,0.));
#6005 = VECTOR('',#6006,1.);
#6006 = DIRECTION('',(1.,0.,0.));
#6007 = PCURVE('',#5496,#6008);
#6008 = DEFINITIONAL_REPRESENTATION('',(#6009),#6013);
#6009 = LINE('',#6010,#6011);
#6010 = CARTESIAN_POINT('',(28.375,-40.5));
#6011 = VECTOR('',#6012,1.);
#6012 = DIRECTION('',(1.,0.));
#6013 = ( GEOMETRIC_REPRESENTATION_CONTEXT(2) 
PARAMETRIC_REPRESENTATION_CONTEXT() REPRESENTATION_CONTEXT('2D SPACE',''
  ) );
#6014 = PCURVE('',#6015,#6020);
#6015 = PLANE('',#6016);
#6016 = AXIS2_PLACEMENT_3D('',#6017,#6018,#6019);
#6017 = CARTESIAN_POINT('',(56.75,40.5,3.));
#6018 = DIRECTION('',(0.,1.,-1.224646799147E-16));
#6019 = DIRECTION('',(-1.,-0.,0.));
#6020 = DEFINITIONAL_REPRESENTATION('',(#6021),#6025);
#6021 = LINE('',#6022,#6023);
#6022 = CARTESIAN_POINT('',(28.375,-3.));
#6023 = VECTOR('',#6024,1.);
#6024 = DIRECTION('',(-1.,0.));
#6025 = ( GEOMETRIC_REPRESENTATION_CONTEXT(2) 
PARAMETRIC_REPRESENTATION_CONTEXT() REPRESENTATION_CONTEXT('2D SPACE',''
  ) );
#6026 = ORIENTED_EDGE('',*,*,#6027,.T.);
#6027 = EDGE_CURVE('',#6000,#6028,#6030,.T.);
#6028 = VERTEX_POINT('',#6029);
#6029 = CARTESIAN_POINT('',(50.75,38.5,0.));
#6030 = SURFACE_CURVE('',#6031,(#6036,#6047),.PCURVE_S1.);
#6031 = CIRCLE('',#6032,1.);
#6032 = AXIS2_PLACEMENT_3D('',#6033,#6034,#6035);
#6033 = CARTESIAN_POINT('',(50.75,39.5,0.));
#6034 = DIRECTION('',(0.,1.224646799147E-16,1.));
#6035 = DIRECTION('',(0.,1.,-1.224646799147E-16));
#6036 = PCURVE('',#5496,#6037);
#6037 = DEFINITIONAL_REPRESENTATION('',(#6038),#6046);
#6038 = ( BOUNDED_CURVE() B_SPLINE_CURVE(2,(#6039,#6040,#6041,#6042,
#6043,#6044,#6045),.UNSPECIFIED.,.T.,.F.) B_SPLINE_CURVE_WITH_KNOTS((1,2
    ,2,2,2,1),(-2.094395102393,0.,2.094395102393,4.188790204786,
6.28318530718,8.377580409573),.UNSPECIFIED.) CURVE() 
GEOMETRIC_REPRESENTATION_ITEM() RATIONAL_B_SPLINE_CURVE((1.,0.5,1.,0.5,
1.,0.5,1.)) REPRESENTATION_ITEM('') );
#6039 = CARTESIAN_POINT('',(50.75,-40.5));
#6040 = CARTESIAN_POINT('',(49.017949192431,-40.5));
#6041 = CARTESIAN_POINT('',(49.883974596216,-39.));
#6042 = CARTESIAN_POINT('',(50.75,-37.5));
#6043 = CARTESIAN_POINT('',(51.616025403784,-39.));
#6044 = CARTESIAN_POINT('',(52.482050807569,-40.5));
#6045 = CARTESIAN_POINT('',(50.75,-40.5));
#6046 = ( GEOMETRIC_REPRESENTATION_CONTEXT(2) 
PARAMETRIC_REPRESENTATION_CONTEXT() REPRESENTATION_CONTEXT('2D SPACE',''
  ) );
#6047 = PCURVE('',#6048,#6053);
#6048 = CYLINDRICAL_SURFACE('',#6049,1.);
#6049 = AXIS2_PLACEMENT_3D('',#6050,#6051,#6052);
#6050 = CARTESIAN_POINT('',(50.75,39.5,3.));
#6051 = DIRECTION('',(0.,1.224646799147E-16,1.));
#6052 = DIRECTION('',(0.,1.,-1.224646799147E-16));
#6053 = DEFINITIONAL_REPRESENTATION('',(#6054),#6058);
#6054 = LINE('',#6055,#6056);
#6055 = CARTESIAN_POINT('',(0.,-3.));
#6056 = VECTOR('',#6057,1.);
#6057 = DIRECTION('',(1.,0.));
#6058 = ( GEOMETRIC_REPRESENTATION_CONTEXT(2) 
PARAMETRIC_REPRESENTATION_CONTEXT() REPRESENTATION_CONTEXT('2D SPACE',''
  ) );
#6059 = ORIENTED_EDGE('',*,*,#6060,.F.);
#6060 = EDGE_CURVE('',#6061,#6028,#6063,.T.);
#6061 = VERTEX_POINT('',#6062);
#6062 = CARTESIAN_POINT('',(30.25,38.5,0.));
#6063 = SURFACE_CURVE('',#6064,(#6068,#6075),.PCURVE_S1.);
#6064 = LINE('',#6065,#6066);
#6065 = CARTESIAN_POINT('',(25.5,38.5,0.));
#6066 = VECTOR('',#6067,1.);
#6067 = DIRECTION('',(1.,0.,0.));
#6068 = PCURVE('',#5496,#6069);
#6069 = DEFINITIONAL_REPRESENTATION('',(#6070),#6074);
#6070 = LINE('',#6071,#6072);
#6071 = CARTESIAN_POINT('',(25.5,-38.5));
#6072 = VECTOR('',#6073,1.);
#6073 = DIRECTION('',(1.,0.));
#6074 = ( GEOMETRIC_REPRESENTATION_CONTEXT(2) 
PARAMETRIC_REPRESENTATION_CONTEXT() REPRESENTATION_CONTEXT('2D SPACE',''
  ) );
#6075 = PCURVE('',#5954,#6076);
#6076 = DEFINITIONAL_REPRESENTATION('',(#6077),#6081);
#6077 = LINE('',#6078,#6079);
#6078 = CARTESIAN_POINT('',(1.570796326795,0.));
#6079 = VECTOR('',#6080,1.);
#6080 = DIRECTION('',(0.,1.));
#6081 = ( GEOMETRIC_REPRESENTATION_CONTEXT(2) 
PARAMETRIC_REPRESENTATION_CONTEXT() REPRESENTATION_CONTEXT('2D SPACE',''
  ) );
#6082 = ORIENTED_EDGE('',*,*,#6083,.F.);
#6083 = EDGE_CURVE('',#6084,#6061,#6086,.T.);
#6084 = VERTEX_POINT('',#6085);
#6085 = CARTESIAN_POINT('',(25.25,33.5,0.));
#6086 = SURFACE_CURVE('',#6087,(#6092,#6099),.PCURVE_S1.);
#6087 = CIRCLE('',#6088,5.);
#6088 = AXIS2_PLACEMENT_3D('',#6089,#6090,#6091);
#6089 = CARTESIAN_POINT('',(30.25,33.5,0.));
#6090 = DIRECTION('',(0.,-1.224646799147E-16,-1.));
#6091 = DIRECTION('',(1.,0.,0.));
#6092 = PCURVE('',#5496,#6093);
#6093 = DEFINITIONAL_REPRESENTATION('',(#6094),#6098);
#6094 = CIRCLE('',#6095,5.);
#6095 = AXIS2_PLACEMENT_2D('',#6096,#6097);
#6096 = CARTESIAN_POINT('',(30.25,-33.5));
#6097 = DIRECTION('',(1.,0.));
#6098 = ( GEOMETRIC_REPRESENTATION_CONTEXT(2) 
PARAMETRIC_REPRESENTATION_CONTEXT() REPRESENTATION_CONTEXT('2D SPACE',''
  ) );
#6099 = PCURVE('',#6100,#6105);
#6100 = TOROIDAL_SURFACE('',#6101,4.75,0.25);
#6101 = AXIS2_PLACEMENT_3D('',#6102,#6103,#6104);
#6102 = CARTESIAN_POINT('',(30.25,33.5,0.));
#6103 = DIRECTION('',(0.,-1.224646799147E-16,-1.));
#6104 = DIRECTION('',(1.,0.,0.));
#6105 = DEFINITIONAL_REPRESENTATION('',(#6106),#6110);
#6106 = LINE('',#6107,#6108);
#6107 = CARTESIAN_POINT('',(0.,6.28318530718));
#6108 = VECTOR('',#6109,1.);
#6109 = DIRECTION('',(1.,0.));
#6110 = ( GEOMETRIC_REPRESENTATION_CONTEXT(2) 
PARAMETRIC_REPRESENTATION_CONTEXT() REPRESENTATION_CONTEXT('2D SPACE',''
  ) );
#6111 = ORIENTED_EDGE('',*,*,#6112,.T.);
#6112 = EDGE_CURVE('',#6084,#6113,#6115,.T.);
#6113 = VERTEX_POINT('',#6114);
#6114 = CARTESIAN_POINT('',(25.25,-27.,0.));
#6115 = SURFACE_CURVE('',#6116,(#6120,#6127),.PCURVE_S1.);
#6116 = LINE('',#6117,#6118);
#6117 = CARTESIAN_POINT('',(25.25,33.5,0.));
#6118 = VECTOR('',#6119,1.);
#6119 = DIRECTION('',(0.,-1.,1.224646799147E-16));
#6120 = PCURVE('',#5496,#6121);
#6121 = DEFINITIONAL_REPRESENTATION('',(#6122),#6126);
#6122 = LINE('',#6123,#6124);
#6123 = CARTESIAN_POINT('',(25.25,-33.5));
#6124 = VECTOR('',#6125,1.);
#6125 = DIRECTION('',(0.,1.));
#6126 = ( GEOMETRIC_REPRESENTATION_CONTEXT(2) 
PARAMETRIC_REPRESENTATION_CONTEXT() REPRESENTATION_CONTEXT('2D SPACE',''
  ) );
#6127 = PCURVE('',#6128,#6133);
#6128 = CYLINDRICAL_SURFACE('',#6129,0.25);
#6129 = AXIS2_PLACEMENT_3D('',#6130,#6131,#6132);
#6130 = CARTESIAN_POINT('',(25.5,-31.75,0.));
#6131 = DIRECTION('',(0.,1.,-1.224646799147E-16));
#6132 = DIRECTION('',(0.,-1.224646799147E-16,-1.));
#6133 = DEFINITIONAL_REPRESENTATION('',(#6134),#6138);
#6134 = LINE('',#6135,#6136);
#6135 = CARTESIAN_POINT('',(1.570796326795,65.25));
#6136 = VECTOR('',#6137,1.);
#6137 = DIRECTION('',(-0.,-1.));
#6138 = ( GEOMETRIC_REPRESENTATION_CONTEXT(2) 
PARAMETRIC_REPRESENTATION_CONTEXT() REPRESENTATION_CONTEXT('2D SPACE',''
  ) );
#6139 = ORIENTED_EDGE('',*,*,#6140,.F.);
#6140 = EDGE_CURVE('',#6141,#6113,#6143,.T.);
#6141 = VERTEX_POINT('',#6142);
#6142 = CARTESIAN_POINT('',(30.25,-32.,0.));
#6143 = SURFACE_CURVE('',#6144,(#6149,#6156),.PCURVE_S1.);
#6144 = CIRCLE('',#6145,5.);
#6145 = AXIS2_PLACEMENT_3D('',#6146,#6147,#6148);
#6146 = CARTESIAN_POINT('',(30.25,-27.,0.));
#6147 = DIRECTION('',(0.,-1.224646799147E-16,-1.));
#6148 = DIRECTION('',(1.,0.,0.));
#6149 = PCURVE('',#5496,#6150);
#6150 = DEFINITIONAL_REPRESENTATION('',(#6151),#6155);
#6151 = CIRCLE('',#6152,5.);
#6152 = AXIS2_PLACEMENT_2D('',#6153,#6154);
#6153 = CARTESIAN_POINT('',(30.25,27.));
#6154 = DIRECTION('',(1.,0.));
#6155 = ( GEOMETRIC_REPRESENTATION_CONTEXT(2) 
PARAMETRIC_REPRESENTATION_CONTEXT() REPRESENTATION_CONTEXT('2D SPACE',''
  ) );
#6156 = PCURVE('',#6157,#6162);
#6157 = TOROIDAL_SURFACE('',#6158,4.75,0.25);
#6158 = AXIS2_PLACEMENT_3D('',#6159,#6160,#6161);
#6159 = CARTESIAN_POINT('',(30.25,-27.,0.));
#6160 = DIRECTION('',(0.,-1.224646799147E-16,-1.));
#6161 = DIRECTION('',(1.,0.,0.));
#6162 = DEFINITIONAL_REPRESENTATION('',(#6163),#6167);
#6163 = LINE('',#6164,#6165);
#6164 = CARTESIAN_POINT('',(0.,6.28318530718));
#6165 = VECTOR('',#6166,1.);
#6166 = DIRECTION('',(1.,0.));
#6167 = ( GEOMETRIC_REPRESENTATION_CONTEXT(2) 
PARAMETRIC_REPRESENTATION_CONTEXT() REPRESENTATION_CONTEXT('2D SPACE',''
  ) );
#6168 = ORIENTED_EDGE('',*,*,#6169,.F.);
#6169 = EDGE_CURVE('',#6170,#6141,#6172,.T.);
#6170 = VERTEX_POINT('',#6171);
#6171 = CARTESIAN_POINT('',(75.25,-32.,0.));
#6172 = SURFACE_CURVE('',#6173,(#6177,#6184),.PCURVE_S1.);
#6173 = LINE('',#6174,#6175);
#6174 = CARTESIAN_POINT('',(80.,-32.,0.));
#6175 = VECTOR('',#6176,1.);
#6176 = DIRECTION('',(-1.,-0.,0.));
#6177 = PCURVE('',#5496,#6178);
#6178 = DEFINITIONAL_REPRESENTATION('',(#6179),#6183);
#6179 = LINE('',#6180,#6181);
#6180 = CARTESIAN_POINT('',(80.,32.));
#6181 = VECTOR('',#6182,1.);
#6182 = DIRECTION('',(-1.,0.));
#6183 = ( GEOMETRIC_REPRESENTATION_CONTEXT(2) 
PARAMETRIC_REPRESENTATION_CONTEXT() REPRESENTATION_CONTEXT('2D SPACE',''
  ) );
#6184 = PCURVE('',#6185,#6190);
#6185 = CYLINDRICAL_SURFACE('',#6186,0.25);
#6186 = AXIS2_PLACEMENT_3D('',#6187,#6188,#6189);
#6187 = CARTESIAN_POINT('',(80.,-31.75,0.));
#6188 = DIRECTION('',(-1.,-0.,0.));
#6189 = DIRECTION('',(0.,-1.224646799147E-16,-1.));
#6190 = DEFINITIONAL_REPRESENTATION('',(#6191),#6195);
#6191 = LINE('',#6192,#6193);
#6192 = CARTESIAN_POINT('',(1.570796326795,0.));
#6193 = VECTOR('',#6194,1.);
#6194 = DIRECTION('',(0.,1.));
#6195 = ( GEOMETRIC_REPRESENTATION_CONTEXT(2) 
PARAMETRIC_REPRESENTATION_CONTEXT() REPRESENTATION_CONTEXT('2D SPACE',''
  ) );
#6196 = ORIENTED_EDGE('',*,*,#6197,.F.);
#6197 = EDGE_CURVE('',#6198,#6170,#6200,.T.);
#6198 = VERTEX_POINT('',#6199);
#6199 = CARTESIAN_POINT('',(80.25,-27.,0.));
#6200 = SURFACE_CURVE('',#6201,(#6206,#6213),.PCURVE_S1.);
#6201 = CIRCLE('',#6202,5.);
#6202 = AXIS2_PLACEMENT_3D('',#6203,#6204,#6205);
#6203 = CARTESIAN_POINT('',(75.25,-27.,0.));
#6204 = DIRECTION('',(0.,-1.224646799147E-16,-1.));
#6205 = DIRECTION('',(1.,0.,0.));
#6206 = PCURVE('',#5496,#6207);
#6207 = DEFINITIONAL_REPRESENTATION('',(#6208),#6212);
#6208 = CIRCLE('',#6209,5.);
#6209 = AXIS2_PLACEMENT_2D('',#6210,#6211);
#6210 = CARTESIAN_POINT('',(75.25,27.));
#6211 = DIRECTION('',(1.,0.));
#6212 = ( GEOMETRIC_REPRESENTATION_CONTEXT(2) 
PARAMETRIC_REPRESENTATION_CONTEXT() REPRESENTATION_CONTEXT('2D SPACE',''
  ) );
#6213 = PCURVE('',#6214,#6219);
#6214 = TOROIDAL_SURFACE('',#6215,4.75,0.25);
#6215 = AXIS2_PLACEMENT_3D('',#6216,#6217,#6218);
#6216 = CARTESIAN_POINT('',(75.25,-27.,0.));
#6217 = DIRECTION('',(0.,-1.224646799147E-16,-1.));
#6218 = DIRECTION('',(1.,0.,0.));
#6219 = DEFINITIONAL_REPRESENTATION('',(#6220),#6224);
#6220 = LINE('',#6221,#6222);
#6221 = CARTESIAN_POINT('',(0.,6.28318530718));
#6222 = VECTOR('',#6223,1.);
#6223 = DIRECTION('',(1.,0.));
#6224 = ( GEOMETRIC_REPRESENTATION_CONTEXT(2) 
PARAMETRIC_REPRESENTATION_CONTEXT() REPRESENTATION_CONTEXT('2D SPACE',''
  ) );
#6225 = ORIENTED_EDGE('',*,*,#6226,.T.);
#6226 = EDGE_CURVE('',#6198,#5910,#6227,.T.);
#6227 = SURFACE_CURVE('',#6228,(#6232,#6239),.PCURVE_S1.);
#6228 = LINE('',#6229,#6230);
#6229 = CARTESIAN_POINT('',(80.25,-27.,0.));
#6230 = VECTOR('',#6231,1.);
#6231 = DIRECTION('',(0.,1.,-1.224646799147E-16));
#6232 = PCURVE('',#5496,#6233);
#6233 = DEFINITIONAL_REPRESENTATION('',(#6234),#6238);
#6234 = LINE('',#6235,#6236);
#6235 = CARTESIAN_POINT('',(80.25,27.));
#6236 = VECTOR('',#6237,1.);
#6237 = DIRECTION('',(0.,-1.));
#6238 = ( GEOMETRIC_REPRESENTATION_CONTEXT(2) 
PARAMETRIC_REPRESENTATION_CONTEXT() REPRESENTATION_CONTEXT('2D SPACE',''
  ) );
#6239 = PCURVE('',#6240,#6245);
#6240 = CYLINDRICAL_SURFACE('',#6241,0.25);
#6241 = AXIS2_PLACEMENT_3D('',#6242,#6243,#6244);
#6242 = CARTESIAN_POINT('',(80.,38.25,0.));
#6243 = DIRECTION('',(0.,-1.,1.224646799147E-16));
#6244 = DIRECTION('',(0.,-1.224646799147E-16,-1.));
#6245 = DEFINITIONAL_REPRESENTATION('',(#6246),#6250);
#6246 = LINE('',#6247,#6248);
#6247 = CARTESIAN_POINT('',(1.570796326795,65.25));
#6248 = VECTOR('',#6249,1.);
#6249 = DIRECTION('',(-0.,-1.));
#6250 = ( GEOMETRIC_REPRESENTATION_CONTEXT(2) 
PARAMETRIC_REPRESENTATION_CONTEXT() REPRESENTATION_CONTEXT('2D SPACE',''
  ) );
#6251 = FACE_BOUND('',#6252,.T.);
#6252 = EDGE_LOOP('',(#6253,#6288,#6321,#6354));
#6253 = ORIENTED_EDGE('',*,*,#6254,.T.);
#6254 = EDGE_CURVE('',#6255,#6257,#6259,.T.);
#6255 = VERTEX_POINT('',#6256);
#6256 = CARTESIAN_POINT('',(-40.00178412147,43.396551724138,0.));
#6257 = VERTEX_POINT('',#6258);
#6258 = CARTESIAN_POINT('',(-45.99821587852,43.396551724138,0.));
#6259 = SURFACE_CURVE('',#6260,(#6265,#6276),.PCURVE_S1.);
#6260 = CIRCLE('',#6261,3.);
#6261 = AXIS2_PLACEMENT_3D('',#6262,#6263,#6264);
#6262 = CARTESIAN_POINT('',(-43.,43.5,0.));
#6263 = DIRECTION('',(6.100551338281E-34,1.224646799147E-16,1.));
#6264 = DIRECTION('',(0.999405292841,-3.448275862068E-02,
    4.222919997059E-18));
#6265 = PCURVE('',#5496,#6266);
#6266 = DEFINITIONAL_REPRESENTATION('',(#6267),#6275);
#6267 = ( BOUNDED_CURVE() B_SPLINE_CURVE(2,(#6268,#6269,#6270,#6271,
#6272,#6273,#6274),.UNSPECIFIED.,.T.,.F.) B_SPLINE_CURVE_WITH_KNOTS((1,2
    ,2,2,2,1),(-2.094395102393,0.,2.094395102393,4.188790204786,
6.28318530718,8.377580409573),.UNSPECIFIED.) CURVE() 
GEOMETRIC_REPRESENTATION_ITEM() RATIONAL_B_SPLINE_CURVE((1.,0.5,1.,0.5,
1.,0.5,1.)) REPRESENTATION_ITEM('') );
#6268 = CARTESIAN_POINT('',(-40.00178412147,-43.39655172413));
#6269 = CARTESIAN_POINT('',(-39.82260645173,-48.58961395779));
#6270 = CARTESIAN_POINT('',(-44.40951910438,-46.14825525476));
#6271 = CARTESIAN_POINT('',(-48.99643175704,-43.70689655172));
#6272 = CARTESIAN_POINT('',(-44.58869677413,-40.9551930211));
#6273 = CARTESIAN_POINT('',(-40.18096179122,-38.20348949047));
#6274 = CARTESIAN_POINT('',(-40.00178412147,-43.39655172413));
#6275 = ( GEOMETRIC_REPRESENTATION_CONTEXT(2) 
PARAMETRIC_REPRESENTATION_CONTEXT() REPRESENTATION_CONTEXT('2D SPACE',''
  ) );
#6276 = PCURVE('',#6277,#6282);
#6277 = CYLINDRICAL_SURFACE('',#6278,3.);
#6278 = AXIS2_PLACEMENT_3D('',#6279,#6280,#6281);
#6279 = CARTESIAN_POINT('',(-43.,43.5,2.51));
#6280 = DIRECTION('',(0.,-1.224646799147E-16,-1.));
#6281 = DIRECTION('',(1.,0.,0.));
#6282 = DEFINITIONAL_REPRESENTATION('',(#6283),#6287);
#6283 = LINE('',#6284,#6285);
#6284 = CARTESIAN_POINT('',(6.317674903141,2.51));
#6285 = VECTOR('',#6286,1.);
#6286 = DIRECTION('',(-1.,-0.));
#6287 = ( GEOMETRIC_REPRESENTATION_CONTEXT(2) 
PARAMETRIC_REPRESENTATION_CONTEXT() REPRESENTATION_CONTEXT('2D SPACE',''
  ) );
#6288 = ORIENTED_EDGE('',*,*,#6289,.T.);
#6289 = EDGE_CURVE('',#6257,#6290,#6292,.T.);
#6290 = VERTEX_POINT('',#6291);
#6291 = CARTESIAN_POINT('',(-45.99821587852,-43.39655172413,0.));
#6292 = SURFACE_CURVE('',#6293,(#6298,#6309),.PCURVE_S1.);
#6293 = CIRCLE('',#6294,43.5);
#6294 = AXIS2_PLACEMENT_3D('',#6295,#6296,#6297);
#6295 = CARTESIAN_POINT('',(-43.,-1.004210375301E-14,0.));
#6296 = DIRECTION('',(6.042358217249E-34,1.224646799147E-16,1.));
#6297 = DIRECTION('',(-6.892450295453E-02,0.997621878716,
    -1.221734440529E-16));
#6298 = PCURVE('',#5496,#6299);
#6299 = DEFINITIONAL_REPRESENTATION('',(#6300),#6308);
#6300 = ( BOUNDED_CURVE() B_SPLINE_CURVE(2,(#6301,#6302,#6303,#6304,
#6305,#6306,#6307),.UNSPECIFIED.,.T.,.F.) B_SPLINE_CURVE_WITH_KNOTS((1,2
    ,2,2,2,1),(-2.094395102393,0.,2.094395102393,4.188790204786,
6.28318530718,8.377580409573),.UNSPECIFIED.) CURVE() 
GEOMETRIC_REPRESENTATION_ITEM() RATIONAL_B_SPLINE_CURVE((1.,0.5,1.,0.5,
1.,0.5,1.)) REPRESENTATION_ITEM('') );
#6301 = CARTESIAN_POINT('',(-45.99821587852,-43.39655172413));
#6302 = CARTESIAN_POINT('',(-121.163248338,-38.20348949047));
#6303 = CARTESIAN_POINT('',(-79.08340829048,24.294806978899));
#6304 = CARTESIAN_POINT('',(-37.00356824295,86.793103448276));
#6305 = CARTESIAN_POINT('',(-3.91837583099,19.101744745239));
#6306 = CARTESIAN_POINT('',(29.166816580976,-48.58961395779));
#6307 = CARTESIAN_POINT('',(-45.99821587852,-43.39655172413));
#6308 = ( GEOMETRIC_REPRESENTATION_CONTEXT(2) 
PARAMETRIC_REPRESENTATION_CONTEXT() REPRESENTATION_CONTEXT('2D SPACE',''
  ) );
#6309 = PCURVE('',#6310,#6315);
#6310 = CYLINDRICAL_SURFACE('',#6311,43.5);
#6311 = AXIS2_PLACEMENT_3D('',#6312,#6313,#6314);
#6312 = CARTESIAN_POINT('',(-43.,-9.734717406422E-15,2.51));
#6313 = DIRECTION('',(0.,-1.224646799147E-16,-1.));
#6314 = DIRECTION('',(1.,0.,0.));
#6315 = DEFINITIONAL_REPRESENTATION('',(#6316),#6320);
#6316 = LINE('',#6317,#6318);
#6317 = CARTESIAN_POINT('',(4.643409788461,2.51));
#6318 = VECTOR('',#6319,1.);
#6319 = DIRECTION('',(-1.,-0.));
#6320 = ( GEOMETRIC_REPRESENTATION_CONTEXT(2) 
PARAMETRIC_REPRESENTATION_CONTEXT() REPRESENTATION_CONTEXT('2D SPACE',''
  ) );
#6321 = ORIENTED_EDGE('',*,*,#6322,.T.);
#6322 = EDGE_CURVE('',#6290,#6323,#6325,.T.);
#6323 = VERTEX_POINT('',#6324);
#6324 = CARTESIAN_POINT('',(-40.00178412147,-43.39655172413,0.));
#6325 = SURFACE_CURVE('',#6326,(#6331,#6342),.PCURVE_S1.);
#6326 = CIRCLE('',#6327,3.);
#6327 = AXIS2_PLACEMENT_3D('',#6328,#6329,#6330);
#6328 = CARTESIAN_POINT('',(-43.,-43.5,0.));
#6329 = DIRECTION('',(5.318719685833E-34,1.224646799147E-16,1.));
#6330 = DIRECTION('',(-0.999405292841,3.44827586207E-02,
    -4.222919997061E-18));
#6331 = PCURVE('',#5496,#6332);
#6332 = DEFINITIONAL_REPRESENTATION('',(#6333),#6341);
#6333 = ( BOUNDED_CURVE() B_SPLINE_CURVE(2,(#6334,#6335,#6336,#6337,
#6338,#6339,#6340),.UNSPECIFIED.,.T.,.F.) B_SPLINE_CURVE_WITH_KNOTS((1,2
    ,2,2,2,1),(-2.094395102393,0.,2.094395102393,4.188790204786,
6.28318530718,8.377580409573),.UNSPECIFIED.) CURVE() 
GEOMETRIC_REPRESENTATION_ITEM() RATIONAL_B_SPLINE_CURVE((1.,0.5,1.,0.5,
1.,0.5,1.)) REPRESENTATION_ITEM('') );
#6334 = CARTESIAN_POINT('',(-45.99821587852,43.396551724138));
#6335 = CARTESIAN_POINT('',(-46.17739354827,48.589613957798));
#6336 = CARTESIAN_POINT('',(-41.59048089561,46.148255254761));
#6337 = CARTESIAN_POINT('',(-37.00356824295,43.706896551724));
#6338 = CARTESIAN_POINT('',(-41.41130322586,40.955193021101));
#6339 = CARTESIAN_POINT('',(-45.81903820877,38.203489490478));
#6340 = CARTESIAN_POINT('',(-45.99821587852,43.396551724138));
#6341 = ( GEOMETRIC_REPRESENTATION_CONTEXT(2) 
PARAMETRIC_REPRESENTATION_CONTEXT() REPRESENTATION_CONTEXT('2D SPACE',''
  ) );
#6342 = PCURVE('',#6343,#6348);
#6343 = CYLINDRICAL_SURFACE('',#6344,3.);
#6344 = AXIS2_PLACEMENT_3D('',#6345,#6346,#6347);
#6345 = CARTESIAN_POINT('',(-43.,-43.5,2.51));
#6346 = DIRECTION('',(0.,-1.224646799147E-16,-1.));
#6347 = DIRECTION('',(1.,0.,0.));
#6348 = DEFINITIONAL_REPRESENTATION('',(#6349),#6353);
#6349 = LINE('',#6350,#6351);
#6350 = CARTESIAN_POINT('',(9.459267556731,2.51));
#6351 = VECTOR('',#6352,1.);
#6352 = DIRECTION('',(-1.,-0.));
#6353 = ( GEOMETRIC_REPRESENTATION_CONTEXT(2) 
PARAMETRIC_REPRESENTATION_CONTEXT() REPRESENTATION_CONTEXT('2D SPACE',''
  ) );
#6354 = ORIENTED_EDGE('',*,*,#6355,.T.);
#6355 = EDGE_CURVE('',#6323,#6255,#6356,.T.);
#6356 = SURFACE_CURVE('',#6357,(#6362,#6373),.PCURVE_S1.);
#6357 = CIRCLE('',#6358,43.5);
#6358 = AXIS2_PLACEMENT_3D('',#6359,#6360,#6361);
#6359 = CARTESIAN_POINT('',(-43.,-1.004210375301E-14,0.));
#6360 = DIRECTION('',(-4.767296443346E-34,1.224646799147E-16,1.));
#6361 = DIRECTION('',(6.892450295453E-02,-0.997621878716,
    1.221734440529E-16));
#6362 = PCURVE('',#5496,#6363);
#6363 = DEFINITIONAL_REPRESENTATION('',(#6364),#6372);
#6364 = ( BOUNDED_CURVE() B_SPLINE_CURVE(2,(#6365,#6366,#6367,#6368,
#6369,#6370,#6371),.UNSPECIFIED.,.T.,.F.) B_SPLINE_CURVE_WITH_KNOTS((1,2
    ,2,2,2,1),(-2.094395102393,0.,2.094395102393,4.188790204786,
6.28318530718,8.377580409573),.UNSPECIFIED.) CURVE() 
GEOMETRIC_REPRESENTATION_ITEM() RATIONAL_B_SPLINE_CURVE((1.,0.5,1.,0.5,
1.,0.5,1.)) REPRESENTATION_ITEM('') );
#6365 = CARTESIAN_POINT('',(-40.00178412147,43.396551724138));
#6366 = CARTESIAN_POINT('',(35.16324833802,38.203489490478));
#6367 = CARTESIAN_POINT('',(-6.916591709512,-24.29480697889));
#6368 = CARTESIAN_POINT('',(-48.99643175704,-86.79310344827));
#6369 = CARTESIAN_POINT('',(-82.08162416901,-19.10174474523));
#6370 = CARTESIAN_POINT('',(-115.1668165809,48.589613957798));
#6371 = CARTESIAN_POINT('',(-40.00178412147,43.396551724138));
#6372 = ( GEOMETRIC_REPRESENTATION_CONTEXT(2) 
PARAMETRIC_REPRESENTATION_CONTEXT() REPRESENTATION_CONTEXT('2D SPACE',''
  ) );
#6373 = PCURVE('',#6374,#6379);
#6374 = CYLINDRICAL_SURFACE('',#6375,43.5);
#6375 = AXIS2_PLACEMENT_3D('',#6376,#6377,#6378);
#6376 = CARTESIAN_POINT('',(-43.,-9.734717406422E-15,2.51));
#6377 = DIRECTION('',(0.,-1.224646799147E-16,-1.));
#6378 = DIRECTION('',(1.,0.,0.));
#6379 = DEFINITIONAL_REPRESENTATION('',(#6380),#6384);
#6380 = LINE('',#6381,#6382);
#6381 = CARTESIAN_POINT('',(7.785002442051,2.51));
#6382 = VECTOR('',#6383,1.);
#6383 = DIRECTION('',(-1.,-0.));
#6384 = ( GEOMETRIC_REPRESENTATION_CONTEXT(2) 
PARAMETRIC_REPRESENTATION_CONTEXT() REPRESENTATION_CONTEXT('2D SPACE',''
  ) );
#6385 = FACE_BOUND('',#6386,.T.);
#6386 = EDGE_LOOP('',(#6387,#6417,#6450,#6478));
#6387 = ORIENTED_EDGE('',*,*,#6388,.F.);
#6388 = EDGE_CURVE('',#6389,#6391,#6393,.T.);
#6389 = VERTEX_POINT('',#6390);
#6390 = CARTESIAN_POINT('',(56.75,46.5,0.));
#6391 = VERTEX_POINT('',#6392);
#6392 = CARTESIAN_POINT('',(50.75,46.5,0.));
#6393 = SURFACE_CURVE('',#6394,(#6398,#6405),.PCURVE_S1.);
#6394 = LINE('',#6395,#6396);
#6395 = CARTESIAN_POINT('',(25.375,46.5,0.));
#6396 = VECTOR('',#6397,1.);
#6397 = DIRECTION('',(-1.,-0.,0.));
#6398 = PCURVE('',#5496,#6399);
#6399 = DEFINITIONAL_REPRESENTATION('',(#6400),#6404);
#6400 = LINE('',#6401,#6402);
#6401 = CARTESIAN_POINT('',(25.375,-46.5));
#6402 = VECTOR('',#6403,1.);
#6403 = DIRECTION('',(-1.,0.));
#6404 = ( GEOMETRIC_REPRESENTATION_CONTEXT(2) 
PARAMETRIC_REPRESENTATION_CONTEXT() REPRESENTATION_CONTEXT('2D SPACE',''
  ) );
#6405 = PCURVE('',#6406,#6411);
#6406 = PLANE('',#6407);
#6407 = AXIS2_PLACEMENT_3D('',#6408,#6409,#6410);
#6408 = CARTESIAN_POINT('',(50.75,46.5,3.));
#6409 = DIRECTION('',(0.,-1.,1.224646799147E-16));
#6410 = DIRECTION('',(1.,0.,0.));
#6411 = DEFINITIONAL_REPRESENTATION('',(#6412),#6416);
#6412 = LINE('',#6413,#6414);
#6413 = CARTESIAN_POINT('',(-25.375,-3.));
#6414 = VECTOR('',#6415,1.);
#6415 = DIRECTION('',(-1.,0.));
#6416 = ( GEOMETRIC_REPRESENTATION_CONTEXT(2) 
PARAMETRIC_REPRESENTATION_CONTEXT() REPRESENTATION_CONTEXT('2D SPACE',''
  ) );
#6417 = ORIENTED_EDGE('',*,*,#6418,.T.);
#6418 = EDGE_CURVE('',#6389,#6419,#6421,.T.);
#6419 = VERTEX_POINT('',#6420);
#6420 = CARTESIAN_POINT('',(56.75,48.5,0.));
#6421 = SURFACE_CURVE('',#6422,(#6427,#6438),.PCURVE_S1.);
#6422 = CIRCLE('',#6423,1.);
#6423 = AXIS2_PLACEMENT_3D('',#6424,#6425,#6426);
#6424 = CARTESIAN_POINT('',(56.75,47.5,0.));
#6425 = DIRECTION('',(-0.,1.224646799147E-16,1.));
#6426 = DIRECTION('',(0.,-1.,1.224646799147E-16));
#6427 = PCURVE('',#5496,#6428);
#6428 = DEFINITIONAL_REPRESENTATION('',(#6429),#6437);
#6429 = ( BOUNDED_CURVE() B_SPLINE_CURVE(2,(#6430,#6431,#6432,#6433,
#6434,#6435,#6436),.UNSPECIFIED.,.T.,.F.) B_SPLINE_CURVE_WITH_KNOTS((1,2
    ,2,2,2,1),(-2.094395102393,0.,2.094395102393,4.188790204786,
6.28318530718,8.377580409573),.UNSPECIFIED.) CURVE() 
GEOMETRIC_REPRESENTATION_ITEM() RATIONAL_B_SPLINE_CURVE((1.,0.5,1.,0.5,
1.,0.5,1.)) REPRESENTATION_ITEM('') );
#6430 = CARTESIAN_POINT('',(56.75,-46.5));
#6431 = CARTESIAN_POINT('',(58.482050807569,-46.5));
#6432 = CARTESIAN_POINT('',(57.616025403784,-48.));
#6433 = CARTESIAN_POINT('',(56.75,-49.5));
#6434 = CARTESIAN_POINT('',(55.883974596216,-48.));
#6435 = CARTESIAN_POINT('',(55.017949192431,-46.5));
#6436 = CARTESIAN_POINT('',(56.75,-46.5));
#6437 = ( GEOMETRIC_REPRESENTATION_CONTEXT(2) 
PARAMETRIC_REPRESENTATION_CONTEXT() REPRESENTATION_CONTEXT('2D SPACE',''
  ) );
#6438 = PCURVE('',#6439,#6444);
#6439 = CYLINDRICAL_SURFACE('',#6440,1.);
#6440 = AXIS2_PLACEMENT_3D('',#6441,#6442,#6443);
#6441 = CARTESIAN_POINT('',(56.75,47.5,3.));
#6442 = DIRECTION('',(0.,1.224646799147E-16,1.));
#6443 = DIRECTION('',(0.,-1.,1.224646799147E-16));
#6444 = DEFINITIONAL_REPRESENTATION('',(#6445),#6449);
#6445 = LINE('',#6446,#6447);
#6446 = CARTESIAN_POINT('',(0.,-3.));
#6447 = VECTOR('',#6448,1.);
#6448 = DIRECTION('',(1.,0.));
#6449 = ( GEOMETRIC_REPRESENTATION_CONTEXT(2) 
PARAMETRIC_REPRESENTATION_CONTEXT() REPRESENTATION_CONTEXT('2D SPACE',''
  ) );
#6450 = ORIENTED_EDGE('',*,*,#6451,.F.);
#6451 = EDGE_CURVE('',#6452,#6419,#6454,.T.);
#6452 = VERTEX_POINT('',#6453);
#6453 = CARTESIAN_POINT('',(50.75,48.5,0.));
#6454 = SURFACE_CURVE('',#6455,(#6459,#6466),.PCURVE_S1.);
#6455 = LINE('',#6456,#6457);
#6456 = CARTESIAN_POINT('',(28.375,48.5,0.));
#6457 = VECTOR('',#6458,1.);
#6458 = DIRECTION('',(1.,0.,0.));
#6459 = PCURVE('',#5496,#6460);
#6460 = DEFINITIONAL_REPRESENTATION('',(#6461),#6465);
#6461 = LINE('',#6462,#6463);
#6462 = CARTESIAN_POINT('',(28.375,-48.5));
#6463 = VECTOR('',#6464,1.);
#6464 = DIRECTION('',(1.,0.));
#6465 = ( GEOMETRIC_REPRESENTATION_CONTEXT(2) 
PARAMETRIC_REPRESENTATION_CONTEXT() REPRESENTATION_CONTEXT('2D SPACE',''
  ) );
#6466 = PCURVE('',#6467,#6472);
#6467 = PLANE('',#6468);
#6468 = AXIS2_PLACEMENT_3D('',#6469,#6470,#6471);
#6469 = CARTESIAN_POINT('',(56.75,48.5,3.));
#6470 = DIRECTION('',(0.,1.,-1.224646799147E-16));
#6471 = DIRECTION('',(-1.,-0.,0.));
#6472 = DEFINITIONAL_REPRESENTATION('',(#6473),#6477);
#6473 = LINE('',#6474,#6475);
#6474 = CARTESIAN_POINT('',(28.375,-3.));
#6475 = VECTOR('',#6476,1.);
#6476 = DIRECTION('',(-1.,0.));
#6477 = ( GEOMETRIC_REPRESENTATION_CONTEXT(2) 
PARAMETRIC_REPRESENTATION_CONTEXT() REPRESENTATION_CONTEXT('2D SPACE',''
  ) );
#6478 = ORIENTED_EDGE('',*,*,#6479,.T.);
#6479 = EDGE_CURVE('',#6452,#6391,#6480,.T.);
#6480 = SURFACE_CURVE('',#6481,(#6486,#6497),.PCURVE_S1.);
#6481 = CIRCLE('',#6482,1.);
#6482 = AXIS2_PLACEMENT_3D('',#6483,#6484,#6485);
#6483 = CARTESIAN_POINT('',(50.75,47.5,0.));
#6484 = DIRECTION('',(0.,1.224646799147E-16,1.));
#6485 = DIRECTION('',(0.,1.,-1.224646799147E-16));
#6486 = PCURVE('',#5496,#6487);
#6487 = DEFINITIONAL_REPRESENTATION('',(#6488),#6496);
#6488 = ( BOUNDED_CURVE() B_SPLINE_CURVE(2,(#6489,#6490,#6491,#6492,
#6493,#6494,#6495),.UNSPECIFIED.,.T.,.F.) B_SPLINE_CURVE_WITH_KNOTS((1,2
    ,2,2,2,1),(-2.094395102393,0.,2.094395102393,4.188790204786,
6.28318530718,8.377580409573),.UNSPECIFIED.) CURVE() 
GEOMETRIC_REPRESENTATION_ITEM() RATIONAL_B_SPLINE_CURVE((1.,0.5,1.,0.5,
1.,0.5,1.)) REPRESENTATION_ITEM('') );
#6489 = CARTESIAN_POINT('',(50.75,-48.5));
#6490 = CARTESIAN_POINT('',(49.017949192431,-48.5));
#6491 = CARTESIAN_POINT('',(49.883974596216,-47.));
#6492 = CARTESIAN_POINT('',(50.75,-45.5));
#6493 = CARTESIAN_POINT('',(51.616025403784,-47.));
#6494 = CARTESIAN_POINT('',(52.482050807569,-48.5));
#6495 = CARTESIAN_POINT('',(50.75,-48.5));
#6496 = ( GEOMETRIC_REPRESENTATION_CONTEXT(2) 
PARAMETRIC_REPRESENTATION_CONTEXT() REPRESENTATION_CONTEXT('2D SPACE',''
  ) );
#6497 = PCURVE('',#6498,#6503);
#6498 = CYLINDRICAL_SURFACE('',#6499,1.);
#6499 = AXIS2_PLACEMENT_3D('',#6500,#6501,#6502);
#6500 = CARTESIAN_POINT('',(50.75,47.5,3.));
#6501 = DIRECTION('',(0.,1.224646799147E-16,1.));
#6502 = DIRECTION('',(0.,1.,-1.224646799147E-16));
#6503 = DEFINITIONAL_REPRESENTATION('',(#6504),#6508);
#6504 = LINE('',#6505,#6506);
#6505 = CARTESIAN_POINT('',(0.,-3.));
#6506 = VECTOR('',#6507,1.);
#6507 = DIRECTION('',(1.,0.));
#6508 = ( GEOMETRIC_REPRESENTATION_CONTEXT(2) 
PARAMETRIC_REPRESENTATION_CONTEXT() REPRESENTATION_CONTEXT('2D SPACE',''
  ) );
#6509 = FACE_BOUND('',#6510,.T.);
#6510 = EDGE_LOOP('',(#6511,#6541,#6574,#6602));
#6511 = ORIENTED_EDGE('',*,*,#6512,.F.);
#6512 = EDGE_CURVE('',#6513,#6515,#6517,.T.);
#6513 = VERTEX_POINT('',#6514);
#6514 = CARTESIAN_POINT('',(58.75,42.5,0.));
#6515 = VERTEX_POINT('',#6516);
#6516 = CARTESIAN_POINT('',(48.75,42.5,0.));
#6517 = SURFACE_CURVE('',#6518,(#6522,#6529),.PCURVE_S1.);
#6518 = LINE('',#6519,#6520);
#6519 = CARTESIAN_POINT('',(24.375,42.5,0.));
#6520 = VECTOR('',#6521,1.);
#6521 = DIRECTION('',(-1.,-0.,0.));
#6522 = PCURVE('',#5496,#6523);
#6523 = DEFINITIONAL_REPRESENTATION('',(#6524),#6528);
#6524 = LINE('',#6525,#6526);
#6525 = CARTESIAN_POINT('',(24.375,-42.5));
#6526 = VECTOR('',#6527,1.);
#6527 = DIRECTION('',(-1.,0.));
#6528 = ( GEOMETRIC_REPRESENTATION_CONTEXT(2) 
PARAMETRIC_REPRESENTATION_CONTEXT() REPRESENTATION_CONTEXT('2D SPACE',''
  ) );
#6529 = PCURVE('',#6530,#6535);
#6530 = PLANE('',#6531);
#6531 = AXIS2_PLACEMENT_3D('',#6532,#6533,#6534);
#6532 = CARTESIAN_POINT('',(48.75,42.5,3.));
#6533 = DIRECTION('',(0.,-1.,1.224646799147E-16));
#6534 = DIRECTION('',(1.,0.,0.));
#6535 = DEFINITIONAL_REPRESENTATION('',(#6536),#6540);
#6536 = LINE('',#6537,#6538);
#6537 = CARTESIAN_POINT('',(-24.375,-3.));
#6538 = VECTOR('',#6539,1.);
#6539 = DIRECTION('',(-1.,0.));
#6540 = ( GEOMETRIC_REPRESENTATION_CONTEXT(2) 
PARAMETRIC_REPRESENTATION_CONTEXT() REPRESENTATION_CONTEXT('2D SPACE',''
  ) );
#6541 = ORIENTED_EDGE('',*,*,#6542,.T.);
#6542 = EDGE_CURVE('',#6513,#6543,#6545,.T.);
#6543 = VERTEX_POINT('',#6544);
#6544 = CARTESIAN_POINT('',(58.75,44.5,0.));
#6545 = SURFACE_CURVE('',#6546,(#6551,#6562),.PCURVE_S1.);
#6546 = CIRCLE('',#6547,1.);
#6547 = AXIS2_PLACEMENT_3D('',#6548,#6549,#6550);
#6548 = CARTESIAN_POINT('',(58.75,43.5,0.));
#6549 = DIRECTION('',(-0.,1.224646799147E-16,1.));
#6550 = DIRECTION('',(0.,-1.,1.224646799147E-16));
#6551 = PCURVE('',#5496,#6552);
#6552 = DEFINITIONAL_REPRESENTATION('',(#6553),#6561);
#6553 = ( BOUNDED_CURVE() B_SPLINE_CURVE(2,(#6554,#6555,#6556,#6557,
#6558,#6559,#6560),.UNSPECIFIED.,.T.,.F.) B_SPLINE_CURVE_WITH_KNOTS((1,2
    ,2,2,2,1),(-2.094395102393,0.,2.094395102393,4.188790204786,
6.28318530718,8.377580409573),.UNSPECIFIED.) CURVE() 
GEOMETRIC_REPRESENTATION_ITEM() RATIONAL_B_SPLINE_CURVE((1.,0.5,1.,0.5,
1.,0.5,1.)) REPRESENTATION_ITEM('') );
#6554 = CARTESIAN_POINT('',(58.75,-42.5));
#6555 = CARTESIAN_POINT('',(60.482050807569,-42.5));
#6556 = CARTESIAN_POINT('',(59.616025403784,-44.));
#6557 = CARTESIAN_POINT('',(58.75,-45.5));
#6558 = CARTESIAN_POINT('',(57.883974596216,-44.));
#6559 = CARTESIAN_POINT('',(57.017949192431,-42.5));
#6560 = CARTESIAN_POINT('',(58.75,-42.5));
#6561 = ( GEOMETRIC_REPRESENTATION_CONTEXT(2) 
PARAMETRIC_REPRESENTATION_CONTEXT() REPRESENTATION_CONTEXT('2D SPACE',''
  ) );
#6562 = PCURVE('',#6563,#6568);
#6563 = CYLINDRICAL_SURFACE('',#6564,1.);
#6564 = AXIS2_PLACEMENT_3D('',#6565,#6566,#6567);
#6565 = CARTESIAN_POINT('',(58.75,43.5,3.));
#6566 = DIRECTION('',(0.,1.224646799147E-16,1.));
#6567 = DIRECTION('',(0.,-1.,1.224646799147E-16));
#6568 = DEFINITIONAL_REPRESENTATION('',(#6569),#6573);
#6569 = LINE('',#6570,#6571);
#6570 = CARTESIAN_POINT('',(0.,-3.));
#6571 = VECTOR('',#6572,1.);
#6572 = DIRECTION('',(1.,0.));
#6573 = ( GEOMETRIC_REPRESENTATION_CONTEXT(2) 
PARAMETRIC_REPRESENTATION_CONTEXT() REPRESENTATION_CONTEXT('2D SPACE',''
  ) );
#6574 = ORIENTED_EDGE('',*,*,#6575,.F.);
#6575 = EDGE_CURVE('',#6576,#6543,#6578,.T.);
#6576 = VERTEX_POINT('',#6577);
#6577 = CARTESIAN_POINT('',(48.75,44.5,0.));
#6578 = SURFACE_CURVE('',#6579,(#6583,#6590),.PCURVE_S1.);
#6579 = LINE('',#6580,#6581);
#6580 = CARTESIAN_POINT('',(29.375,44.5,0.));
#6581 = VECTOR('',#6582,1.);
#6582 = DIRECTION('',(1.,0.,0.));
#6583 = PCURVE('',#5496,#6584);
#6584 = DEFINITIONAL_REPRESENTATION('',(#6585),#6589);
#6585 = LINE('',#6586,#6587);
#6586 = CARTESIAN_POINT('',(29.375,-44.5));
#6587 = VECTOR('',#6588,1.);
#6588 = DIRECTION('',(1.,0.));
#6589 = ( GEOMETRIC_REPRESENTATION_CONTEXT(2) 
PARAMETRIC_REPRESENTATION_CONTEXT() REPRESENTATION_CONTEXT('2D SPACE',''
  ) );
#6590 = PCURVE('',#6591,#6596);
#6591 = PLANE('',#6592);
#6592 = AXIS2_PLACEMENT_3D('',#6593,#6594,#6595);
#6593 = CARTESIAN_POINT('',(58.75,44.5,3.));
#6594 = DIRECTION('',(0.,1.,-1.224646799147E-16));
#6595 = DIRECTION('',(-1.,-0.,0.));
#6596 = DEFINITIONAL_REPRESENTATION('',(#6597),#6601);
#6597 = LINE('',#6598,#6599);
#6598 = CARTESIAN_POINT('',(29.375,-3.));
#6599 = VECTOR('',#6600,1.);
#6600 = DIRECTION('',(-1.,0.));
#6601 = ( GEOMETRIC_REPRESENTATION_CONTEXT(2) 
PARAMETRIC_REPRESENTATION_CONTEXT() REPRESENTATION_CONTEXT('2D SPACE',''
  ) );
#6602 = ORIENTED_EDGE('',*,*,#6603,.T.);
#6603 = EDGE_CURVE('',#6576,#6515,#6604,.T.);
#6604 = SURFACE_CURVE('',#6605,(#6610,#6621),.PCURVE_S1.);
#6605 = CIRCLE('',#6606,1.);
#6606 = AXIS2_PLACEMENT_3D('',#6607,#6608,#6609);
#6607 = CARTESIAN_POINT('',(48.75,43.5,0.));
#6608 = DIRECTION('',(0.,1.224646799147E-16,1.));
#6609 = DIRECTION('',(0.,1.,-1.224646799147E-16));
#6610 = PCURVE('',#5496,#6611);
#6611 = DEFINITIONAL_REPRESENTATION('',(#6612),#6620);
#6612 = ( BOUNDED_CURVE() B_SPLINE_CURVE(2,(#6613,#6614,#6615,#6616,
#6617,#6618,#6619),.UNSPECIFIED.,.T.,.F.) B_SPLINE_CURVE_WITH_KNOTS((1,2
    ,2,2,2,1),(-2.094395102393,0.,2.094395102393,4.188790204786,
6.28318530718,8.377580409573),.UNSPECIFIED.) CURVE() 
GEOMETRIC_REPRESENTATION_ITEM() RATIONAL_B_SPLINE_CURVE((1.,0.5,1.,0.5,
1.,0.5,1.)) REPRESENTATION_ITEM('') );
#6613 = CARTESIAN_POINT('',(48.75,-44.5));
#6614 = CARTESIAN_POINT('',(47.017949192431,-44.5));
#6615 = CARTESIAN_POINT('',(47.883974596216,-43.));
#6616 = CARTESIAN_POINT('',(48.75,-41.5));
#6617 = CARTESIAN_POINT('',(49.616025403784,-43.));
#6618 = CARTESIAN_POINT('',(50.482050807569,-44.5));
#6619 = CARTESIAN_POINT('',(48.75,-44.5));
#6620 = ( GEOMETRIC_REPRESENTATION_CONTEXT(2) 
PARAMETRIC_REPRESENTATION_CONTEXT() REPRESENTATION_CONTEXT('2D SPACE',''
  ) );
#6621 = PCURVE('',#6622,#6627);
#6622 = CYLINDRICAL_SURFACE('',#6623,1.);
#6623 = AXIS2_PLACEMENT_3D('',#6624,#6625,#6626);
#6624 = CARTESIAN_POINT('',(48.75,43.5,3.));
#6625 = DIRECTION('',(0.,1.224646799147E-16,1.));
#6626 = DIRECTION('',(0.,1.,-1.224646799147E-16));
#6627 = DEFINITIONAL_REPRESENTATION('',(#6628),#6632);
#6628 = LINE('',#6629,#6630);
#6629 = CARTESIAN_POINT('',(0.,-3.));
#6630 = VECTOR('',#6631,1.);
#6631 = DIRECTION('',(1.,0.));
#6632 = ( GEOMETRIC_REPRESENTATION_CONTEXT(2) 
PARAMETRIC_REPRESENTATION_CONTEXT() REPRESENTATION_CONTEXT('2D SPACE',''
  ) );
#6633 = ADVANCED_FACE('',(#6634),#6622,.F.);
#6634 = FACE_BOUND('',#6635,.F.);
#6635 = EDGE_LOOP('',(#6636,#6666,#6687,#6688));
#6636 = ORIENTED_EDGE('',*,*,#6637,.F.);
#6637 = EDGE_CURVE('',#6638,#6640,#6642,.T.);
#6638 = VERTEX_POINT('',#6639);
#6639 = CARTESIAN_POINT('',(48.75,44.5,2.5));
#6640 = VERTEX_POINT('',#6641);
#6641 = CARTESIAN_POINT('',(48.75,42.5,2.5));
#6642 = SURFACE_CURVE('',#6643,(#6648,#6655),.PCURVE_S1.);
#6643 = CIRCLE('',#6644,1.);
#6644 = AXIS2_PLACEMENT_3D('',#6645,#6646,#6647);
#6645 = CARTESIAN_POINT('',(48.75,43.5,2.5));
#6646 = DIRECTION('',(0.,1.224646799147E-16,1.));
#6647 = DIRECTION('',(0.,1.,-1.224646799147E-16));
#6648 = PCURVE('',#6622,#6649);
#6649 = DEFINITIONAL_REPRESENTATION('',(#6650),#6654);
#6650 = LINE('',#6651,#6652);
#6651 = CARTESIAN_POINT('',(0.,-0.5));
#6652 = VECTOR('',#6653,1.);
#6653 = DIRECTION('',(1.,0.));
#6654 = ( GEOMETRIC_REPRESENTATION_CONTEXT(2) 
PARAMETRIC_REPRESENTATION_CONTEXT() REPRESENTATION_CONTEXT('2D SPACE',''
  ) );
#6655 = PCURVE('',#1157,#6656);
#6656 = DEFINITIONAL_REPRESENTATION('',(#6657),#6665);
#6657 = ( BOUNDED_CURVE() B_SPLINE_CURVE(2,(#6658,#6659,#6660,#6661,
#6662,#6663,#6664),.UNSPECIFIED.,.T.,.F.) B_SPLINE_CURVE_WITH_KNOTS((1,2
    ,2,2,2,1),(-2.094395102393,0.,2.094395102393,4.188790204786,
6.28318530718,8.377580409573),.UNSPECIFIED.) CURVE() 
GEOMETRIC_REPRESENTATION_ITEM() RATIONAL_B_SPLINE_CURVE((1.,0.5,1.,0.5,
1.,0.5,1.)) REPRESENTATION_ITEM('') );
#6658 = CARTESIAN_POINT('',(48.75,-48.12753045524));
#6659 = CARTESIAN_POINT('',(47.017949192431,-48.12753045524));
#6660 = CARTESIAN_POINT('',(47.883974596216,-46.62753045524));
#6661 = CARTESIAN_POINT('',(48.75,-45.12753045524));
#6662 = CARTESIAN_POINT('',(49.616025403784,-46.62753045524));
#6663 = CARTESIAN_POINT('',(50.482050807569,-48.12753045524));
#6664 = CARTESIAN_POINT('',(48.75,-48.12753045524));
#6665 = ( GEOMETRIC_REPRESENTATION_CONTEXT(2) 
PARAMETRIC_REPRESENTATION_CONTEXT() REPRESENTATION_CONTEXT('2D SPACE',''
  ) );
#6666 = ORIENTED_EDGE('',*,*,#6667,.T.);
#6667 = EDGE_CURVE('',#6638,#6576,#6668,.T.);
#6668 = SURFACE_CURVE('',#6669,(#6673,#6680),.PCURVE_S1.);
#6669 = LINE('',#6670,#6671);
#6670 = CARTESIAN_POINT('',(48.75,44.5,3.));
#6671 = VECTOR('',#6672,1.);
#6672 = DIRECTION('',(0.,-1.224646799147E-16,-1.));
#6673 = PCURVE('',#6622,#6674);
#6674 = DEFINITIONAL_REPRESENTATION('',(#6675),#6679);
#6675 = LINE('',#6676,#6677);
#6676 = CARTESIAN_POINT('',(0.,0.));
#6677 = VECTOR('',#6678,1.);
#6678 = DIRECTION('',(0.,-1.));
#6679 = ( GEOMETRIC_REPRESENTATION_CONTEXT(2) 
PARAMETRIC_REPRESENTATION_CONTEXT() REPRESENTATION_CONTEXT('2D SPACE',''
  ) );
#6680 = PCURVE('',#6591,#6681);
#6681 = DEFINITIONAL_REPRESENTATION('',(#6682),#6686);
#6682 = LINE('',#6683,#6684);
#6683 = CARTESIAN_POINT('',(10.,0.));
#6684 = VECTOR('',#6685,1.);
#6685 = DIRECTION('',(0.,-1.));
#6686 = ( GEOMETRIC_REPRESENTATION_CONTEXT(2) 
PARAMETRIC_REPRESENTATION_CONTEXT() REPRESENTATION_CONTEXT('2D SPACE',''
  ) );
#6687 = ORIENTED_EDGE('',*,*,#6603,.T.);
#6688 = ORIENTED_EDGE('',*,*,#6689,.F.);
#6689 = EDGE_CURVE('',#6640,#6515,#6690,.T.);
#6690 = SURFACE_CURVE('',#6691,(#6695,#6702),.PCURVE_S1.);
#6691 = LINE('',#6692,#6693);
#6692 = CARTESIAN_POINT('',(48.75,42.5,3.));
#6693 = VECTOR('',#6694,1.);
#6694 = DIRECTION('',(0.,-1.224646799147E-16,-1.));
#6695 = PCURVE('',#6622,#6696);
#6696 = DEFINITIONAL_REPRESENTATION('',(#6697),#6701);
#6697 = LINE('',#6698,#6699);
#6698 = CARTESIAN_POINT('',(3.14159265359,0.));
#6699 = VECTOR('',#6700,1.);
#6700 = DIRECTION('',(0.,-1.));
#6701 = ( GEOMETRIC_REPRESENTATION_CONTEXT(2) 
PARAMETRIC_REPRESENTATION_CONTEXT() REPRESENTATION_CONTEXT('2D SPACE',''
  ) );
#6702 = PCURVE('',#6530,#6703);
#6703 = DEFINITIONAL_REPRESENTATION('',(#6704),#6708);
#6704 = LINE('',#6705,#6706);
#6705 = CARTESIAN_POINT('',(0.,0.));
#6706 = VECTOR('',#6707,1.);
#6707 = DIRECTION('',(0.,-1.));
#6708 = ( GEOMETRIC_REPRESENTATION_CONTEXT(2) 
PARAMETRIC_REPRESENTATION_CONTEXT() REPRESENTATION_CONTEXT('2D SPACE',''
  ) );
#6709 = ADVANCED_FACE('',(#6710),#6591,.F.);
#6710 = FACE_BOUND('',#6711,.F.);
#6711 = EDGE_LOOP('',(#6712,#6735,#6756,#6757));
#6712 = ORIENTED_EDGE('',*,*,#6713,.T.);
#6713 = EDGE_CURVE('',#6638,#6714,#6716,.T.);
#6714 = VERTEX_POINT('',#6715);
#6715 = CARTESIAN_POINT('',(58.75,44.5,2.5));
#6716 = SURFACE_CURVE('',#6717,(#6721,#6728),.PCURVE_S1.);
#6717 = LINE('',#6718,#6719);
#6718 = CARTESIAN_POINT('',(29.375,44.5,2.5));
#6719 = VECTOR('',#6720,1.);
#6720 = DIRECTION('',(1.,0.,0.));
#6721 = PCURVE('',#6591,#6722);
#6722 = DEFINITIONAL_REPRESENTATION('',(#6723),#6727);
#6723 = LINE('',#6724,#6725);
#6724 = CARTESIAN_POINT('',(29.375,-0.5));
#6725 = VECTOR('',#6726,1.);
#6726 = DIRECTION('',(-1.,0.));
#6727 = ( GEOMETRIC_REPRESENTATION_CONTEXT(2) 
PARAMETRIC_REPRESENTATION_CONTEXT() REPRESENTATION_CONTEXT('2D SPACE',''
  ) );
#6728 = PCURVE('',#1157,#6729);
#6729 = DEFINITIONAL_REPRESENTATION('',(#6730),#6734);
#6730 = LINE('',#6731,#6732);
#6731 = CARTESIAN_POINT('',(29.375,-48.12753045524));
#6732 = VECTOR('',#6733,1.);
#6733 = DIRECTION('',(1.,0.));
#6734 = ( GEOMETRIC_REPRESENTATION_CONTEXT(2) 
PARAMETRIC_REPRESENTATION_CONTEXT() REPRESENTATION_CONTEXT('2D SPACE',''
  ) );
#6735 = ORIENTED_EDGE('',*,*,#6736,.T.);
#6736 = EDGE_CURVE('',#6714,#6543,#6737,.T.);
#6737 = SURFACE_CURVE('',#6738,(#6742,#6749),.PCURVE_S1.);
#6738 = LINE('',#6739,#6740);
#6739 = CARTESIAN_POINT('',(58.75,44.5,3.));
#6740 = VECTOR('',#6741,1.);
#6741 = DIRECTION('',(0.,-1.224646799147E-16,-1.));
#6742 = PCURVE('',#6591,#6743);
#6743 = DEFINITIONAL_REPRESENTATION('',(#6744),#6748);
#6744 = LINE('',#6745,#6746);
#6745 = CARTESIAN_POINT('',(0.,0.));
#6746 = VECTOR('',#6747,1.);
#6747 = DIRECTION('',(0.,-1.));
#6748 = ( GEOMETRIC_REPRESENTATION_CONTEXT(2) 
PARAMETRIC_REPRESENTATION_CONTEXT() REPRESENTATION_CONTEXT('2D SPACE',''
  ) );
#6749 = PCURVE('',#6563,#6750);
#6750 = DEFINITIONAL_REPRESENTATION('',(#6751),#6755);
#6751 = LINE('',#6752,#6753);
#6752 = CARTESIAN_POINT('',(3.14159265359,0.));
#6753 = VECTOR('',#6754,1.);
#6754 = DIRECTION('',(0.,-1.));
#6755 = ( GEOMETRIC_REPRESENTATION_CONTEXT(2) 
PARAMETRIC_REPRESENTATION_CONTEXT() REPRESENTATION_CONTEXT('2D SPACE',''
  ) );
#6756 = ORIENTED_EDGE('',*,*,#6575,.F.);
#6757 = ORIENTED_EDGE('',*,*,#6667,.F.);
#6758 = ADVANCED_FACE('',(#6759),#6563,.F.);
#6759 = FACE_BOUND('',#6760,.F.);
#6760 = EDGE_LOOP('',(#6761,#6789,#6810,#6811));
#6761 = ORIENTED_EDGE('',*,*,#6762,.F.);
#6762 = EDGE_CURVE('',#6763,#6714,#6765,.T.);
#6763 = VERTEX_POINT('',#6764);
#6764 = CARTESIAN_POINT('',(58.75,42.5,2.5));
#6765 = SURFACE_CURVE('',#6766,(#6771,#6778),.PCURVE_S1.);
#6766 = CIRCLE('',#6767,1.);
#6767 = AXIS2_PLACEMENT_3D('',#6768,#6769,#6770);
#6768 = CARTESIAN_POINT('',(58.75,43.5,2.5));
#6769 = DIRECTION('',(-0.,1.224646799147E-16,1.));
#6770 = DIRECTION('',(0.,-1.,1.224646799147E-16));
#6771 = PCURVE('',#6563,#6772);
#6772 = DEFINITIONAL_REPRESENTATION('',(#6773),#6777);
#6773 = LINE('',#6774,#6775);
#6774 = CARTESIAN_POINT('',(0.,-0.5));
#6775 = VECTOR('',#6776,1.);
#6776 = DIRECTION('',(1.,0.));
#6777 = ( GEOMETRIC_REPRESENTATION_CONTEXT(2) 
PARAMETRIC_REPRESENTATION_CONTEXT() REPRESENTATION_CONTEXT('2D SPACE',''
  ) );
#6778 = PCURVE('',#1157,#6779);
#6779 = DEFINITIONAL_REPRESENTATION('',(#6780),#6788);
#6780 = ( BOUNDED_CURVE() B_SPLINE_CURVE(2,(#6781,#6782,#6783,#6784,
#6785,#6786,#6787),.UNSPECIFIED.,.T.,.F.) B_SPLINE_CURVE_WITH_KNOTS((1,2
    ,2,2,2,1),(-2.094395102393,0.,2.094395102393,4.188790204786,
6.28318530718,8.377580409573),.UNSPECIFIED.) CURVE() 
GEOMETRIC_REPRESENTATION_ITEM() RATIONAL_B_SPLINE_CURVE((1.,0.5,1.,0.5,
1.,0.5,1.)) REPRESENTATION_ITEM('') );
#6781 = CARTESIAN_POINT('',(58.75,-46.12753045524));
#6782 = CARTESIAN_POINT('',(60.482050807569,-46.12753045524));
#6783 = CARTESIAN_POINT('',(59.616025403784,-47.62753045524));
#6784 = CARTESIAN_POINT('',(58.75,-49.12753045524));
#6785 = CARTESIAN_POINT('',(57.883974596216,-47.62753045524));
#6786 = CARTESIAN_POINT('',(57.017949192431,-46.12753045524));
#6787 = CARTESIAN_POINT('',(58.75,-46.12753045524));
#6788 = ( GEOMETRIC_REPRESENTATION_CONTEXT(2) 
PARAMETRIC_REPRESENTATION_CONTEXT() REPRESENTATION_CONTEXT('2D SPACE',''
  ) );
#6789 = ORIENTED_EDGE('',*,*,#6790,.T.);
#6790 = EDGE_CURVE('',#6763,#6513,#6791,.T.);
#6791 = SURFACE_CURVE('',#6792,(#6796,#6803),.PCURVE_S1.);
#6792 = LINE('',#6793,#6794);
#6793 = CARTESIAN_POINT('',(58.75,42.5,3.));
#6794 = VECTOR('',#6795,1.);
#6795 = DIRECTION('',(0.,-1.224646799147E-16,-1.));
#6796 = PCURVE('',#6563,#6797);
#6797 = DEFINITIONAL_REPRESENTATION('',(#6798),#6802);
#6798 = LINE('',#6799,#6800);
#6799 = CARTESIAN_POINT('',(0.,0.));
#6800 = VECTOR('',#6801,1.);
#6801 = DIRECTION('',(0.,-1.));
#6802 = ( GEOMETRIC_REPRESENTATION_CONTEXT(2) 
PARAMETRIC_REPRESENTATION_CONTEXT() REPRESENTATION_CONTEXT('2D SPACE',''
  ) );
#6803 = PCURVE('',#6530,#6804);
#6804 = DEFINITIONAL_REPRESENTATION('',(#6805),#6809);
#6805 = LINE('',#6806,#6807);
#6806 = CARTESIAN_POINT('',(10.,0.));
#6807 = VECTOR('',#6808,1.);
#6808 = DIRECTION('',(0.,-1.));
#6809 = ( GEOMETRIC_REPRESENTATION_CONTEXT(2) 
PARAMETRIC_REPRESENTATION_CONTEXT() REPRESENTATION_CONTEXT('2D SPACE',''
  ) );
#6810 = ORIENTED_EDGE('',*,*,#6542,.T.);
#6811 = ORIENTED_EDGE('',*,*,#6736,.F.);
#6812 = ADVANCED_FACE('',(#6813),#6530,.F.);
#6813 = FACE_BOUND('',#6814,.F.);
#6814 = EDGE_LOOP('',(#6815,#6836,#6837,#6838));
#6815 = ORIENTED_EDGE('',*,*,#6816,.T.);
#6816 = EDGE_CURVE('',#6763,#6640,#6817,.T.);
#6817 = SURFACE_CURVE('',#6818,(#6822,#6829),.PCURVE_S1.);
#6818 = LINE('',#6819,#6820);
#6819 = CARTESIAN_POINT('',(24.375,42.5,2.5));
#6820 = VECTOR('',#6821,1.);
#6821 = DIRECTION('',(-1.,-0.,0.));
#6822 = PCURVE('',#6530,#6823);
#6823 = DEFINITIONAL_REPRESENTATION('',(#6824),#6828);
#6824 = LINE('',#6825,#6826);
#6825 = CARTESIAN_POINT('',(-24.375,-0.5));
#6826 = VECTOR('',#6827,1.);
#6827 = DIRECTION('',(-1.,0.));
#6828 = ( GEOMETRIC_REPRESENTATION_CONTEXT(2) 
PARAMETRIC_REPRESENTATION_CONTEXT() REPRESENTATION_CONTEXT('2D SPACE',''
  ) );
#6829 = PCURVE('',#1157,#6830);
#6830 = DEFINITIONAL_REPRESENTATION('',(#6831),#6835);
#6831 = LINE('',#6832,#6833);
#6832 = CARTESIAN_POINT('',(24.375,-46.12753045524));
#6833 = VECTOR('',#6834,1.);
#6834 = DIRECTION('',(-1.,0.));
#6835 = ( GEOMETRIC_REPRESENTATION_CONTEXT(2) 
PARAMETRIC_REPRESENTATION_CONTEXT() REPRESENTATION_CONTEXT('2D SPACE',''
  ) );
#6836 = ORIENTED_EDGE('',*,*,#6689,.T.);
#6837 = ORIENTED_EDGE('',*,*,#6512,.F.);
#6838 = ORIENTED_EDGE('',*,*,#6790,.F.);
#6839 = ADVANCED_FACE('',(#6840),#6498,.F.);
#6840 = FACE_BOUND('',#6841,.F.);
#6841 = EDGE_LOOP('',(#6842,#6872,#6893,#6894));
#6842 = ORIENTED_EDGE('',*,*,#6843,.F.);
#6843 = EDGE_CURVE('',#6844,#6846,#6848,.T.);
#6844 = VERTEX_POINT('',#6845);
#6845 = CARTESIAN_POINT('',(50.75,48.5,2.5));
#6846 = VERTEX_POINT('',#6847);
#6847 = CARTESIAN_POINT('',(50.75,46.5,2.5));
#6848 = SURFACE_CURVE('',#6849,(#6854,#6861),.PCURVE_S1.);
#6849 = CIRCLE('',#6850,1.);
#6850 = AXIS2_PLACEMENT_3D('',#6851,#6852,#6853);
#6851 = CARTESIAN_POINT('',(50.75,47.5,2.5));
#6852 = DIRECTION('',(0.,1.224646799147E-16,1.));
#6853 = DIRECTION('',(0.,1.,-1.224646799147E-16));
#6854 = PCURVE('',#6498,#6855);
#6855 = DEFINITIONAL_REPRESENTATION('',(#6856),#6860);
#6856 = LINE('',#6857,#6858);
#6857 = CARTESIAN_POINT('',(0.,-0.5));
#6858 = VECTOR('',#6859,1.);
#6859 = DIRECTION('',(1.,0.));
#6860 = ( GEOMETRIC_REPRESENTATION_CONTEXT(2) 
PARAMETRIC_REPRESENTATION_CONTEXT() REPRESENTATION_CONTEXT('2D SPACE',''
  ) );
#6861 = PCURVE('',#1157,#6862);
#6862 = DEFINITIONAL_REPRESENTATION('',(#6863),#6871);
#6863 = ( BOUNDED_CURVE() B_SPLINE_CURVE(2,(#6864,#6865,#6866,#6867,
#6868,#6869,#6870),.UNSPECIFIED.,.T.,.F.) B_SPLINE_CURVE_WITH_KNOTS((1,2
    ,2,2,2,1),(-2.094395102393,0.,2.094395102393,4.188790204786,
6.28318530718,8.377580409573),.UNSPECIFIED.) CURVE() 
GEOMETRIC_REPRESENTATION_ITEM() RATIONAL_B_SPLINE_CURVE((1.,0.5,1.,0.5,
1.,0.5,1.)) REPRESENTATION_ITEM('') );
#6864 = CARTESIAN_POINT('',(50.75,-52.12753045524));
#6865 = CARTESIAN_POINT('',(49.017949192431,-52.12753045524));
#6866 = CARTESIAN_POINT('',(49.883974596216,-50.62753045524));
#6867 = CARTESIAN_POINT('',(50.75,-49.12753045524));
#6868 = CARTESIAN_POINT('',(51.616025403784,-50.62753045524));
#6869 = CARTESIAN_POINT('',(52.482050807569,-52.12753045524));
#6870 = CARTESIAN_POINT('',(50.75,-52.12753045524));
#6871 = ( GEOMETRIC_REPRESENTATION_CONTEXT(2) 
PARAMETRIC_REPRESENTATION_CONTEXT() REPRESENTATION_CONTEXT('2D SPACE',''
  ) );
#6872 = ORIENTED_EDGE('',*,*,#6873,.T.);
#6873 = EDGE_CURVE('',#6844,#6452,#6874,.T.);
#6874 = SURFACE_CURVE('',#6875,(#6879,#6886),.PCURVE_S1.);
#6875 = LINE('',#6876,#6877);
#6876 = CARTESIAN_POINT('',(50.75,48.5,3.));
#6877 = VECTOR('',#6878,1.);
#6878 = DIRECTION('',(0.,-1.224646799147E-16,-1.));
#6879 = PCURVE('',#6498,#6880);
#6880 = DEFINITIONAL_REPRESENTATION('',(#6881),#6885);
#6881 = LINE('',#6882,#6883);
#6882 = CARTESIAN_POINT('',(0.,0.));
#6883 = VECTOR('',#6884,1.);
#6884 = DIRECTION('',(0.,-1.));
#6885 = ( GEOMETRIC_REPRESENTATION_CONTEXT(2) 
PARAMETRIC_REPRESENTATION_CONTEXT() REPRESENTATION_CONTEXT('2D SPACE',''
  ) );
#6886 = PCURVE('',#6467,#6887);
#6887 = DEFINITIONAL_REPRESENTATION('',(#6888),#6892);
#6888 = LINE('',#6889,#6890);
#6889 = CARTESIAN_POINT('',(6.,0.));
#6890 = VECTOR('',#6891,1.);
#6891 = DIRECTION('',(0.,-1.));
#6892 = ( GEOMETRIC_REPRESENTATION_CONTEXT(2) 
PARAMETRIC_REPRESENTATION_CONTEXT() REPRESENTATION_CONTEXT('2D SPACE',''
  ) );
#6893 = ORIENTED_EDGE('',*,*,#6479,.T.);
#6894 = ORIENTED_EDGE('',*,*,#6895,.F.);
#6895 = EDGE_CURVE('',#6846,#6391,#6896,.T.);
#6896 = SURFACE_CURVE('',#6897,(#6901,#6908),.PCURVE_S1.);
#6897 = LINE('',#6898,#6899);
#6898 = CARTESIAN_POINT('',(50.75,46.5,3.));
#6899 = VECTOR('',#6900,1.);
#6900 = DIRECTION('',(0.,-1.224646799147E-16,-1.));
#6901 = PCURVE('',#6498,#6902);
#6902 = DEFINITIONAL_REPRESENTATION('',(#6903),#6907);
#6903 = LINE('',#6904,#6905);
#6904 = CARTESIAN_POINT('',(3.14159265359,0.));
#6905 = VECTOR('',#6906,1.);
#6906 = DIRECTION('',(0.,-1.));
#6907 = ( GEOMETRIC_REPRESENTATION_CONTEXT(2) 
PARAMETRIC_REPRESENTATION_CONTEXT() REPRESENTATION_CONTEXT('2D SPACE',''
  ) );
#6908 = PCURVE('',#6406,#6909);
#6909 = DEFINITIONAL_REPRESENTATION('',(#6910),#6914);
#6910 = LINE('',#6911,#6912);
#6911 = CARTESIAN_POINT('',(0.,0.));
#6912 = VECTOR('',#6913,1.);
#6913 = DIRECTION('',(0.,-1.));
#6914 = ( GEOMETRIC_REPRESENTATION_CONTEXT(2) 
PARAMETRIC_REPRESENTATION_CONTEXT() REPRESENTATION_CONTEXT('2D SPACE',''
  ) );
#6915 = ADVANCED_FACE('',(#6916),#6467,.F.);
#6916 = FACE_BOUND('',#6917,.F.);
#6917 = EDGE_LOOP('',(#6918,#6941,#6962,#6963));
#6918 = ORIENTED_EDGE('',*,*,#6919,.T.);
#6919 = EDGE_CURVE('',#6844,#6920,#6922,.T.);
#6920 = VERTEX_POINT('',#6921);
#6921 = CARTESIAN_POINT('',(56.75,48.5,2.5));
#6922 = SURFACE_CURVE('',#6923,(#6927,#6934),.PCURVE_S1.);
#6923 = LINE('',#6924,#6925);
#6924 = CARTESIAN_POINT('',(28.375,48.5,2.5));
#6925 = VECTOR('',#6926,1.);
#6926 = DIRECTION('',(1.,0.,0.));
#6927 = PCURVE('',#6467,#6928);
#6928 = DEFINITIONAL_REPRESENTATION('',(#6929),#6933);
#6929 = LINE('',#6930,#6931);
#6930 = CARTESIAN_POINT('',(28.375,-0.5));
#6931 = VECTOR('',#6932,1.);
#6932 = DIRECTION('',(-1.,0.));
#6933 = ( GEOMETRIC_REPRESENTATION_CONTEXT(2) 
PARAMETRIC_REPRESENTATION_CONTEXT() REPRESENTATION_CONTEXT('2D SPACE',''
  ) );
#6934 = PCURVE('',#1157,#6935);
#6935 = DEFINITIONAL_REPRESENTATION('',(#6936),#6940);
#6936 = LINE('',#6937,#6938);
#6937 = CARTESIAN_POINT('',(28.375,-52.12753045524));
#6938 = VECTOR('',#6939,1.);
#6939 = DIRECTION('',(1.,0.));
#6940 = ( GEOMETRIC_REPRESENTATION_CONTEXT(2) 
PARAMETRIC_REPRESENTATION_CONTEXT() REPRESENTATION_CONTEXT('2D SPACE',''
  ) );
#6941 = ORIENTED_EDGE('',*,*,#6942,.T.);
#6942 = EDGE_CURVE('',#6920,#6419,#6943,.T.);
#6943 = SURFACE_CURVE('',#6944,(#6948,#6955),.PCURVE_S1.);
#6944 = LINE('',#6945,#6946);
#6945 = CARTESIAN_POINT('',(56.75,48.5,3.));
#6946 = VECTOR('',#6947,1.);
#6947 = DIRECTION('',(0.,-1.224646799147E-16,-1.));
#6948 = PCURVE('',#6467,#6949);
#6949 = DEFINITIONAL_REPRESENTATION('',(#6950),#6954);
#6950 = LINE('',#6951,#6952);
#6951 = CARTESIAN_POINT('',(0.,0.));
#6952 = VECTOR('',#6953,1.);
#6953 = DIRECTION('',(0.,-1.));
#6954 = ( GEOMETRIC_REPRESENTATION_CONTEXT(2) 
PARAMETRIC_REPRESENTATION_CONTEXT() REPRESENTATION_CONTEXT('2D SPACE',''
  ) );
#6955 = PCURVE('',#6439,#6956);
#6956 = DEFINITIONAL_REPRESENTATION('',(#6957),#6961);
#6957 = LINE('',#6958,#6959);
#6958 = CARTESIAN_POINT('',(3.14159265359,0.));
#6959 = VECTOR('',#6960,1.);
#6960 = DIRECTION('',(0.,-1.));
#6961 = ( GEOMETRIC_REPRESENTATION_CONTEXT(2) 
PARAMETRIC_REPRESENTATION_CONTEXT() REPRESENTATION_CONTEXT('2D SPACE',''
  ) );
#6962 = ORIENTED_EDGE('',*,*,#6451,.F.);
#6963 = ORIENTED_EDGE('',*,*,#6873,.F.);
#6964 = ADVANCED_FACE('',(#6965),#6439,.F.);
#6965 = FACE_BOUND('',#6966,.F.);
#6966 = EDGE_LOOP('',(#6967,#6995,#7016,#7017));
#6967 = ORIENTED_EDGE('',*,*,#6968,.F.);
#6968 = EDGE_CURVE('',#6969,#6920,#6971,.T.);
#6969 = VERTEX_POINT('',#6970);
#6970 = CARTESIAN_POINT('',(56.75,46.5,2.5));
#6971 = SURFACE_CURVE('',#6972,(#6977,#6984),.PCURVE_S1.);
#6972 = CIRCLE('',#6973,1.);
#6973 = AXIS2_PLACEMENT_3D('',#6974,#6975,#6976);
#6974 = CARTESIAN_POINT('',(56.75,47.5,2.5));
#6975 = DIRECTION('',(-0.,1.224646799147E-16,1.));
#6976 = DIRECTION('',(0.,-1.,1.224646799147E-16));
#6977 = PCURVE('',#6439,#6978);
#6978 = DEFINITIONAL_REPRESENTATION('',(#6979),#6983);
#6979 = LINE('',#6980,#6981);
#6980 = CARTESIAN_POINT('',(0.,-0.5));
#6981 = VECTOR('',#6982,1.);
#6982 = DIRECTION('',(1.,0.));
#6983 = ( GEOMETRIC_REPRESENTATION_CONTEXT(2) 
PARAMETRIC_REPRESENTATION_CONTEXT() REPRESENTATION_CONTEXT('2D SPACE',''
  ) );
#6984 = PCURVE('',#1157,#6985);
#6985 = DEFINITIONAL_REPRESENTATION('',(#6986),#6994);
#6986 = ( BOUNDED_CURVE() B_SPLINE_CURVE(2,(#6987,#6988,#6989,#6990,
#6991,#6992,#6993),.UNSPECIFIED.,.T.,.F.) B_SPLINE_CURVE_WITH_KNOTS((1,2
    ,2,2,2,1),(-2.094395102393,0.,2.094395102393,4.188790204786,
6.28318530718,8.377580409573),.UNSPECIFIED.) CURVE() 
GEOMETRIC_REPRESENTATION_ITEM() RATIONAL_B_SPLINE_CURVE((1.,0.5,1.,0.5,
1.,0.5,1.)) REPRESENTATION_ITEM('') );
#6987 = CARTESIAN_POINT('',(56.75,-50.12753045524));
#6988 = CARTESIAN_POINT('',(58.482050807569,-50.12753045524));
#6989 = CARTESIAN_POINT('',(57.616025403784,-51.62753045524));
#6990 = CARTESIAN_POINT('',(56.75,-53.12753045524));
#6991 = CARTESIAN_POINT('',(55.883974596216,-51.62753045524));
#6992 = CARTESIAN_POINT('',(55.017949192431,-50.12753045524));
#6993 = CARTESIAN_POINT('',(56.75,-50.12753045524));
#6994 = ( GEOMETRIC_REPRESENTATION_CONTEXT(2) 
PARAMETRIC_REPRESENTATION_CONTEXT() REPRESENTATION_CONTEXT('2D SPACE',''
  ) );
#6995 = ORIENTED_EDGE('',*,*,#6996,.T.);
#6996 = EDGE_CURVE('',#6969,#6389,#6997,.T.);
#6997 = SURFACE_CURVE('',#6998,(#7002,#7009),.PCURVE_S1.);
#6998 = LINE('',#6999,#7000);
#6999 = CARTESIAN_POINT('',(56.75,46.5,3.));
#7000 = VECTOR('',#7001,1.);
#7001 = DIRECTION('',(0.,-1.224646799147E-16,-1.));
#7002 = PCURVE('',#6439,#7003);
#7003 = DEFINITIONAL_REPRESENTATION('',(#7004),#7008);
#7004 = LINE('',#7005,#7006);
#7005 = CARTESIAN_POINT('',(0.,0.));
#7006 = VECTOR('',#7007,1.);
#7007 = DIRECTION('',(0.,-1.));
#7008 = ( GEOMETRIC_REPRESENTATION_CONTEXT(2) 
PARAMETRIC_REPRESENTATION_CONTEXT() REPRESENTATION_CONTEXT('2D SPACE',''
  ) );
#7009 = PCURVE('',#6406,#7010);
#7010 = DEFINITIONAL_REPRESENTATION('',(#7011),#7015);
#7011 = LINE('',#7012,#7013);
#7012 = CARTESIAN_POINT('',(6.,0.));
#7013 = VECTOR('',#7014,1.);
#7014 = DIRECTION('',(0.,-1.));
#7015 = ( GEOMETRIC_REPRESENTATION_CONTEXT(2) 
PARAMETRIC_REPRESENTATION_CONTEXT() REPRESENTATION_CONTEXT('2D SPACE',''
  ) );
#7016 = ORIENTED_EDGE('',*,*,#6418,.T.);
#7017 = ORIENTED_EDGE('',*,*,#6942,.F.);
#7018 = ADVANCED_FACE('',(#7019),#6406,.F.);
#7019 = FACE_BOUND('',#7020,.F.);
#7020 = EDGE_LOOP('',(#7021,#7042,#7043,#7044));
#7021 = ORIENTED_EDGE('',*,*,#7022,.T.);
#7022 = EDGE_CURVE('',#6969,#6846,#7023,.T.);
#7023 = SURFACE_CURVE('',#7024,(#7028,#7035),.PCURVE_S1.);
#7024 = LINE('',#7025,#7026);
#7025 = CARTESIAN_POINT('',(25.375,46.5,2.5));
#7026 = VECTOR('',#7027,1.);
#7027 = DIRECTION('',(-1.,-0.,0.));
#7028 = PCURVE('',#6406,#7029);
#7029 = DEFINITIONAL_REPRESENTATION('',(#7030),#7034);
#7030 = LINE('',#7031,#7032);
#7031 = CARTESIAN_POINT('',(-25.375,-0.5));
#7032 = VECTOR('',#7033,1.);
#7033 = DIRECTION('',(-1.,0.));
#7034 = ( GEOMETRIC_REPRESENTATION_CONTEXT(2) 
PARAMETRIC_REPRESENTATION_CONTEXT() REPRESENTATION_CONTEXT('2D SPACE',''
  ) );
#7035 = PCURVE('',#1157,#7036);
#7036 = DEFINITIONAL_REPRESENTATION('',(#7037),#7041);
#7037 = LINE('',#7038,#7039);
#7038 = CARTESIAN_POINT('',(25.375,-50.12753045524));
#7039 = VECTOR('',#7040,1.);
#7040 = DIRECTION('',(-1.,0.));
#7041 = ( GEOMETRIC_REPRESENTATION_CONTEXT(2) 
PARAMETRIC_REPRESENTATION_CONTEXT() REPRESENTATION_CONTEXT('2D SPACE',''
  ) );
#7042 = ORIENTED_EDGE('',*,*,#6895,.T.);
#7043 = ORIENTED_EDGE('',*,*,#6388,.F.);
#7044 = ORIENTED_EDGE('',*,*,#6996,.F.);
#7045 = ADVANCED_FACE('',(#7046),#6374,.F.);
#7046 = FACE_BOUND('',#7047,.F.);
#7047 = EDGE_LOOP('',(#7048,#7071,#7099,#7120));
#7048 = ORIENTED_EDGE('',*,*,#7049,.F.);
#7049 = EDGE_CURVE('',#7050,#6255,#7052,.T.);
#7050 = VERTEX_POINT('',#7051);
#7051 = CARTESIAN_POINT('',(-40.00178412147,43.396551724138,2.5));
#7052 = SURFACE_CURVE('',#7053,(#7057,#7064),.PCURVE_S1.);
#7053 = LINE('',#7054,#7055);
#7054 = CARTESIAN_POINT('',(-40.00178412147,43.396551724138,2.51));
#7055 = VECTOR('',#7056,1.);
#7056 = DIRECTION('',(0.,-1.224646799147E-16,-1.));
#7057 = PCURVE('',#6374,#7058);
#7058 = DEFINITIONAL_REPRESENTATION('',(#7059),#7063);
#7059 = LINE('',#7060,#7061);
#7060 = CARTESIAN_POINT('',(4.781368172308,0.));
#7061 = VECTOR('',#7062,1.);
#7062 = DIRECTION('',(0.,1.));
#7063 = ( GEOMETRIC_REPRESENTATION_CONTEXT(2) 
PARAMETRIC_REPRESENTATION_CONTEXT() REPRESENTATION_CONTEXT('2D SPACE',''
  ) );
#7064 = PCURVE('',#6277,#7065);
#7065 = DEFINITIONAL_REPRESENTATION('',(#7066),#7070);
#7066 = LINE('',#7067,#7068);
#7067 = CARTESIAN_POINT('',(6.317674903141,0.));
#7068 = VECTOR('',#7069,1.);
#7069 = DIRECTION('',(0.,1.));
#7070 = ( GEOMETRIC_REPRESENTATION_CONTEXT(2) 
PARAMETRIC_REPRESENTATION_CONTEXT() REPRESENTATION_CONTEXT('2D SPACE',''
  ) );
#7071 = ORIENTED_EDGE('',*,*,#7072,.F.);
#7072 = EDGE_CURVE('',#7073,#7050,#7075,.T.);
#7073 = VERTEX_POINT('',#7074);
#7074 = CARTESIAN_POINT('',(-40.00178412147,-43.39655172413,2.5));
#7075 = SURFACE_CURVE('',#7076,(#7081,#7088),.PCURVE_S1.);
#7076 = CIRCLE('',#7077,43.5);
#7077 = AXIS2_PLACEMENT_3D('',#7078,#7079,#7080);
#7078 = CARTESIAN_POINT('',(-43.,-9.735942053221E-15,2.5));
#7079 = DIRECTION('',(-4.767296443346E-34,1.224646799147E-16,1.));
#7080 = DIRECTION('',(6.892450295453E-02,-0.997621878716,
    1.221734440529E-16));
#7081 = PCURVE('',#6374,#7082);
#7082 = DEFINITIONAL_REPRESENTATION('',(#7083),#7087);
#7083 = LINE('',#7084,#7085);
#7084 = CARTESIAN_POINT('',(7.785002442051,1.000000000001E-02));
#7085 = VECTOR('',#7086,1.);
#7086 = DIRECTION('',(-1.,-0.));
#7087 = ( GEOMETRIC_REPRESENTATION_CONTEXT(2) 
PARAMETRIC_REPRESENTATION_CONTEXT() REPRESENTATION_CONTEXT('2D SPACE',''
  ) );
#7088 = PCURVE('',#1157,#7089);
#7089 = DEFINITIONAL_REPRESENTATION('',(#7090),#7098);
#7090 = ( BOUNDED_CURVE() B_SPLINE_CURVE(2,(#7091,#7092,#7093,#7094,
#7095,#7096,#7097),.UNSPECIFIED.,.T.,.F.) B_SPLINE_CURVE_WITH_KNOTS((1,2
    ,2,2,2,1),(-2.094395102393,0.,2.094395102393,4.188790204786,
6.28318530718,8.377580409573),.UNSPECIFIED.) CURVE() 
GEOMETRIC_REPRESENTATION_ITEM() RATIONAL_B_SPLINE_CURVE((1.,0.5,1.,0.5,
1.,0.5,1.)) REPRESENTATION_ITEM('') );
#7091 = CARTESIAN_POINT('',(-40.00178412147,39.769021268897));
#7092 = CARTESIAN_POINT('',(35.16324833802,34.575959035237));
#7093 = CARTESIAN_POINT('',(-6.916591709512,-27.92233743414));
#7094 = CARTESIAN_POINT('',(-48.99643175704,-90.42063390351));
#7095 = CARTESIAN_POINT('',(-82.08162416901,-22.72927520048));
#7096 = CARTESIAN_POINT('',(-115.1668165809,44.962083502557));
#7097 = CARTESIAN_POINT('',(-40.00178412147,39.769021268897));
#7098 = ( GEOMETRIC_REPRESENTATION_CONTEXT(2) 
PARAMETRIC_REPRESENTATION_CONTEXT() REPRESENTATION_CONTEXT('2D SPACE',''
  ) );
#7099 = ORIENTED_EDGE('',*,*,#7100,.T.);
#7100 = EDGE_CURVE('',#7073,#6323,#7101,.T.);
#7101 = SURFACE_CURVE('',#7102,(#7106,#7113),.PCURVE_S1.);
#7102 = LINE('',#7103,#7104);
#7103 = CARTESIAN_POINT('',(-40.00178412147,-43.39655172413,2.51));
#7104 = VECTOR('',#7105,1.);
#7105 = DIRECTION('',(0.,-1.224646799147E-16,-1.));
#7106 = PCURVE('',#6374,#7107);
#7107 = DEFINITIONAL_REPRESENTATION('',(#7108),#7112);
#7108 = LINE('',#7109,#7110);
#7109 = CARTESIAN_POINT('',(7.785002442051,0.));
#7110 = VECTOR('',#7111,1.);
#7111 = DIRECTION('',(0.,1.));
#7112 = ( GEOMETRIC_REPRESENTATION_CONTEXT(2) 
PARAMETRIC_REPRESENTATION_CONTEXT() REPRESENTATION_CONTEXT('2D SPACE',''
  ) );
#7113 = PCURVE('',#6343,#7114);
#7114 = DEFINITIONAL_REPRESENTATION('',(#7115),#7119);
#7115 = LINE('',#7116,#7117);
#7116 = CARTESIAN_POINT('',(6.248695711218,0.));
#7117 = VECTOR('',#7118,1.);
#7118 = DIRECTION('',(0.,1.));
#7119 = ( GEOMETRIC_REPRESENTATION_CONTEXT(2) 
PARAMETRIC_REPRESENTATION_CONTEXT() REPRESENTATION_CONTEXT('2D SPACE',''
  ) );
#7120 = ORIENTED_EDGE('',*,*,#6355,.T.);
#7121 = ADVANCED_FACE('',(#7122),#6343,.F.);
#7122 = FACE_BOUND('',#7123,.F.);
#7123 = EDGE_LOOP('',(#7124,#7148,#7169,#7170));
#7124 = ORIENTED_EDGE('',*,*,#7125,.T.);
#7125 = EDGE_CURVE('',#7073,#7126,#7128,.T.);
#7126 = VERTEX_POINT('',#7127);
#7127 = CARTESIAN_POINT('',(-45.99821587852,-43.39655172413,2.5));
#7128 = SURFACE_CURVE('',#7129,(#7134,#7141),.PCURVE_S1.);
#7129 = CIRCLE('',#7130,3.);
#7130 = AXIS2_PLACEMENT_3D('',#7131,#7132,#7133);
#7131 = CARTESIAN_POINT('',(-43.,-43.5,2.5));
#7132 = DIRECTION('',(1.81676930074E-34,-1.224646799147E-16,-1.));
#7133 = DIRECTION('',(0.999405292841,3.448275862069E-02,
    -4.22291999706E-18));
#7134 = PCURVE('',#6343,#7135);
#7135 = DEFINITIONAL_REPRESENTATION('',(#7136),#7140);
#7136 = LINE('',#7137,#7138);
#7137 = CARTESIAN_POINT('',(6.248695711218,1.000000000001E-02));
#7138 = VECTOR('',#7139,1.);
#7139 = DIRECTION('',(1.,0.));
#7140 = ( GEOMETRIC_REPRESENTATION_CONTEXT(2) 
PARAMETRIC_REPRESENTATION_CONTEXT() REPRESENTATION_CONTEXT('2D SPACE',''
  ) );
#7141 = PCURVE('',#1157,#7142);
#7142 = DEFINITIONAL_REPRESENTATION('',(#7143),#7147);
#7143 = CIRCLE('',#7144,3.);
#7144 = AXIS2_PLACEMENT_2D('',#7145,#7146);
#7145 = CARTESIAN_POINT('',(-43.,39.872469544759));
#7146 = DIRECTION('',(0.999405292841,-3.448275862069E-02));
#7147 = ( GEOMETRIC_REPRESENTATION_CONTEXT(2) 
PARAMETRIC_REPRESENTATION_CONTEXT() REPRESENTATION_CONTEXT('2D SPACE',''
  ) );
#7148 = ORIENTED_EDGE('',*,*,#7149,.T.);
#7149 = EDGE_CURVE('',#7126,#6290,#7150,.T.);
#7150 = SURFACE_CURVE('',#7151,(#7155,#7162),.PCURVE_S1.);
#7151 = LINE('',#7152,#7153);
#7152 = CARTESIAN_POINT('',(-45.99821587852,-43.39655172413,2.51));
#7153 = VECTOR('',#7154,1.);
#7154 = DIRECTION('',(0.,-1.224646799147E-16,-1.));
#7155 = PCURVE('',#6343,#7156);
#7156 = DEFINITIONAL_REPRESENTATION('',(#7157),#7161);
#7157 = LINE('',#7158,#7159);
#7158 = CARTESIAN_POINT('',(9.459267556731,0.));
#7159 = VECTOR('',#7160,1.);
#7160 = DIRECTION('',(0.,1.));
#7161 = ( GEOMETRIC_REPRESENTATION_CONTEXT(2) 
PARAMETRIC_REPRESENTATION_CONTEXT() REPRESENTATION_CONTEXT('2D SPACE',''
  ) );
#7162 = PCURVE('',#6310,#7163);
#7163 = DEFINITIONAL_REPRESENTATION('',(#7164),#7168);
#7164 = LINE('',#7165,#7166);
#7165 = CARTESIAN_POINT('',(1.639775518718,0.));
#7166 = VECTOR('',#7167,1.);
#7167 = DIRECTION('',(0.,1.));
#7168 = ( GEOMETRIC_REPRESENTATION_CONTEXT(2) 
PARAMETRIC_REPRESENTATION_CONTEXT() REPRESENTATION_CONTEXT('2D SPACE',''
  ) );
#7169 = ORIENTED_EDGE('',*,*,#6322,.T.);
#7170 = ORIENTED_EDGE('',*,*,#7100,.F.);
#7171 = ADVANCED_FACE('',(#7172),#6310,.F.);
#7172 = FACE_BOUND('',#7173,.F.);
#7173 = EDGE_LOOP('',(#7174,#7175,#7176,#7204));
#7174 = ORIENTED_EDGE('',*,*,#6289,.T.);
#7175 = ORIENTED_EDGE('',*,*,#7149,.F.);
#7176 = ORIENTED_EDGE('',*,*,#7177,.F.);
#7177 = EDGE_CURVE('',#7178,#7126,#7180,.T.);
#7178 = VERTEX_POINT('',#7179);
#7179 = CARTESIAN_POINT('',(-45.99821587852,43.396551724138,2.5));
#7180 = SURFACE_CURVE('',#7181,(#7186,#7193),.PCURVE_S1.);
#7181 = CIRCLE('',#7182,43.5);
#7182 = AXIS2_PLACEMENT_3D('',#7183,#7184,#7185);
#7183 = CARTESIAN_POINT('',(-43.,-9.735942053221E-15,2.5));
#7184 = DIRECTION('',(6.042358217249E-34,1.224646799147E-16,1.));
#7185 = DIRECTION('',(-6.892450295453E-02,0.997621878716,
    -1.221734440529E-16));
#7186 = PCURVE('',#6310,#7187);
#7187 = DEFINITIONAL_REPRESENTATION('',(#7188),#7192);
#7188 = LINE('',#7189,#7190);
#7189 = CARTESIAN_POINT('',(4.643409788461,1.000000000001E-02));
#7190 = VECTOR('',#7191,1.);
#7191 = DIRECTION('',(-1.,-0.));
#7192 = ( GEOMETRIC_REPRESENTATION_CONTEXT(2) 
PARAMETRIC_REPRESENTATION_CONTEXT() REPRESENTATION_CONTEXT('2D SPACE',''
  ) );
#7193 = PCURVE('',#1157,#7194);
#7194 = DEFINITIONAL_REPRESENTATION('',(#7195),#7203);
#7195 = ( BOUNDED_CURVE() B_SPLINE_CURVE(2,(#7196,#7197,#7198,#7199,
#7200,#7201,#7202),.UNSPECIFIED.,.T.,.F.) B_SPLINE_CURVE_WITH_KNOTS((1,2
    ,2,2,2,1),(-2.094395102393,0.,2.094395102393,4.188790204786,
6.28318530718,8.377580409573),.UNSPECIFIED.) CURVE() 
GEOMETRIC_REPRESENTATION_ITEM() RATIONAL_B_SPLINE_CURVE((1.,0.5,1.,0.5,
1.,0.5,1.)) REPRESENTATION_ITEM('') );
#7196 = CARTESIAN_POINT('',(-45.99821587852,-47.02408217937));
#7197 = CARTESIAN_POINT('',(-121.163248338,-41.83101994571));
#7198 = CARTESIAN_POINT('',(-79.08340829048,20.667276523658));
#7199 = CARTESIAN_POINT('',(-37.00356824295,83.165572993035));
#7200 = CARTESIAN_POINT('',(-3.91837583099,15.474214289998));
#7201 = CARTESIAN_POINT('',(29.166816580976,-52.21714441303));
#7202 = CARTESIAN_POINT('',(-45.99821587852,-47.02408217937));
#7203 = ( GEOMETRIC_REPRESENTATION_CONTEXT(2) 
PARAMETRIC_REPRESENTATION_CONTEXT() REPRESENTATION_CONTEXT('2D SPACE',''
  ) );
#7204 = ORIENTED_EDGE('',*,*,#7205,.T.);
#7205 = EDGE_CURVE('',#7178,#6257,#7206,.T.);
#7206 = SURFACE_CURVE('',#7207,(#7211,#7218),.PCURVE_S1.);
#7207 = LINE('',#7208,#7209);
#7208 = CARTESIAN_POINT('',(-45.99821587852,43.396551724138,2.51));
#7209 = VECTOR('',#7210,1.);
#7210 = DIRECTION('',(0.,-1.224646799147E-16,-1.));
#7211 = PCURVE('',#6310,#7212);
#7212 = DEFINITIONAL_REPRESENTATION('',(#7213),#7217);
#7213 = LINE('',#7214,#7215);
#7214 = CARTESIAN_POINT('',(4.643409788461,0.));
#7215 = VECTOR('',#7216,1.);
#7216 = DIRECTION('',(0.,1.));
#7217 = ( GEOMETRIC_REPRESENTATION_CONTEXT(2) 
PARAMETRIC_REPRESENTATION_CONTEXT() REPRESENTATION_CONTEXT('2D SPACE',''
  ) );
#7218 = PCURVE('',#6277,#7219);
#7219 = DEFINITIONAL_REPRESENTATION('',(#7220),#7224);
#7220 = LINE('',#7221,#7222);
#7221 = CARTESIAN_POINT('',(3.107103057628,0.));
#7222 = VECTOR('',#7223,1.);
#7223 = DIRECTION('',(0.,1.));
#7224 = ( GEOMETRIC_REPRESENTATION_CONTEXT(2) 
PARAMETRIC_REPRESENTATION_CONTEXT() REPRESENTATION_CONTEXT('2D SPACE',''
  ) );
#7225 = ADVANCED_FACE('',(#7226),#6277,.F.);
#7226 = FACE_BOUND('',#7227,.F.);
#7227 = EDGE_LOOP('',(#7228,#7254,#7255,#7256));
#7228 = ORIENTED_EDGE('',*,*,#7229,.F.);
#7229 = EDGE_CURVE('',#7050,#7178,#7230,.T.);
#7230 = SURFACE_CURVE('',#7231,(#7236,#7243),.PCURVE_S1.);
#7231 = CIRCLE('',#7232,3.);
#7232 = AXIS2_PLACEMENT_3D('',#7233,#7234,#7235);
#7233 = CARTESIAN_POINT('',(-43.,43.5,2.5));
#7234 = DIRECTION('',(6.100551338281E-34,1.224646799147E-16,1.));
#7235 = DIRECTION('',(0.999405292841,-3.448275862068E-02,
    4.222919997059E-18));
#7236 = PCURVE('',#6277,#7237);
#7237 = DEFINITIONAL_REPRESENTATION('',(#7238),#7242);
#7238 = LINE('',#7239,#7240);
#7239 = CARTESIAN_POINT('',(6.317674903141,1.000000000001E-02));
#7240 = VECTOR('',#7241,1.);
#7241 = DIRECTION('',(-1.,-0.));
#7242 = ( GEOMETRIC_REPRESENTATION_CONTEXT(2) 
PARAMETRIC_REPRESENTATION_CONTEXT() REPRESENTATION_CONTEXT('2D SPACE',''
  ) );
#7243 = PCURVE('',#1157,#7244);
#7244 = DEFINITIONAL_REPRESENTATION('',(#7245),#7253);
#7245 = ( BOUNDED_CURVE() B_SPLINE_CURVE(2,(#7246,#7247,#7248,#7249,
#7250,#7251,#7252),.UNSPECIFIED.,.T.,.F.) B_SPLINE_CURVE_WITH_KNOTS((1,2
    ,2,2,2,1),(-2.094395102393,0.,2.094395102393,4.188790204786,
6.28318530718,8.377580409573),.UNSPECIFIED.) CURVE() 
GEOMETRIC_REPRESENTATION_ITEM() RATIONAL_B_SPLINE_CURVE((1.,0.5,1.,0.5,
1.,0.5,1.)) REPRESENTATION_ITEM('') );
#7246 = CARTESIAN_POINT('',(-40.00178412147,-47.02408217937));
#7247 = CARTESIAN_POINT('',(-39.82260645173,-52.21714441303));
#7248 = CARTESIAN_POINT('',(-44.40951910438,-49.77578571));
#7249 = CARTESIAN_POINT('',(-48.99643175704,-47.33442700696));
#7250 = CARTESIAN_POINT('',(-44.58869677413,-44.58272347634));
#7251 = CARTESIAN_POINT('',(-40.18096179122,-41.83101994571));
#7252 = CARTESIAN_POINT('',(-40.00178412147,-47.02408217937));
#7253 = ( GEOMETRIC_REPRESENTATION_CONTEXT(2) 
PARAMETRIC_REPRESENTATION_CONTEXT() REPRESENTATION_CONTEXT('2D SPACE',''
  ) );
#7254 = ORIENTED_EDGE('',*,*,#7049,.T.);
#7255 = ORIENTED_EDGE('',*,*,#6254,.T.);
#7256 = ORIENTED_EDGE('',*,*,#7205,.F.);
#7257 = ADVANCED_FACE('',(#7258),#6240,.F.);
#7258 = FACE_BOUND('',#7259,.F.);
#7259 = EDGE_LOOP('',(#7260,#7284,#7312,#7334));
#7260 = ORIENTED_EDGE('',*,*,#7261,.F.);
#7261 = EDGE_CURVE('',#7262,#5910,#7264,.T.);
#7262 = VERTEX_POINT('',#7263);
#7263 = CARTESIAN_POINT('',(79.75,33.5,0.));
#7264 = SURFACE_CURVE('',#7265,(#7270,#7277),.PCURVE_S1.);
#7265 = CIRCLE('',#7266,0.25);
#7266 = AXIS2_PLACEMENT_3D('',#7267,#7268,#7269);
#7267 = CARTESIAN_POINT('',(80.,33.5,0.));
#7268 = DIRECTION('',(-2.449293598295E-16,1.,-1.224646799147E-16));
#7269 = DIRECTION('',(1.,2.449293598295E-16,-2.999519565324E-32));
#7270 = PCURVE('',#6240,#7271);
#7271 = DEFINITIONAL_REPRESENTATION('',(#7272),#7276);
#7272 = LINE('',#7273,#7274);
#7273 = CARTESIAN_POINT('',(7.853981633974,4.75));
#7274 = VECTOR('',#7275,1.);
#7275 = DIRECTION('',(-1.,-0.));
#7276 = ( GEOMETRIC_REPRESENTATION_CONTEXT(2) 
PARAMETRIC_REPRESENTATION_CONTEXT() REPRESENTATION_CONTEXT('2D SPACE',''
  ) );
#7277 = PCURVE('',#5926,#7278);
#7278 = DEFINITIONAL_REPRESENTATION('',(#7279),#7283);
#7279 = LINE('',#7280,#7281);
#7280 = CARTESIAN_POINT('',(6.28318530718,0.));
#7281 = VECTOR('',#7282,1.);
#7282 = DIRECTION('',(0.,1.));
#7283 = ( GEOMETRIC_REPRESENTATION_CONTEXT(2) 
PARAMETRIC_REPRESENTATION_CONTEXT() REPRESENTATION_CONTEXT('2D SPACE',''
  ) );
#7284 = ORIENTED_EDGE('',*,*,#7285,.F.);
#7285 = EDGE_CURVE('',#7286,#7262,#7288,.T.);
#7286 = VERTEX_POINT('',#7287);
#7287 = CARTESIAN_POINT('',(79.75,-27.,0.));
#7288 = SURFACE_CURVE('',#7289,(#7293,#7300),.PCURVE_S1.);
#7289 = LINE('',#7290,#7291);
#7290 = CARTESIAN_POINT('',(79.75,-27.,0.));
#7291 = VECTOR('',#7292,1.);
#7292 = DIRECTION('',(0.,1.,-1.224646799147E-16));
#7293 = PCURVE('',#6240,#7294);
#7294 = DEFINITIONAL_REPRESENTATION('',(#7295),#7299);
#7295 = LINE('',#7296,#7297);
#7296 = CARTESIAN_POINT('',(4.712388980385,65.25));
#7297 = VECTOR('',#7298,1.);
#7298 = DIRECTION('',(-0.,-1.));
#7299 = ( GEOMETRIC_REPRESENTATION_CONTEXT(2) 
PARAMETRIC_REPRESENTATION_CONTEXT() REPRESENTATION_CONTEXT('2D SPACE',''
  ) );
#7300 = PCURVE('',#7301,#7306);
#7301 = PLANE('',#7302);
#7302 = AXIS2_PLACEMENT_3D('',#7303,#7304,#7305);
#7303 = CARTESIAN_POINT('',(0.,-1.004210375301E-14,0.));
#7304 = DIRECTION('',(0.,-1.224646799147E-16,-1.));
#7305 = DIRECTION('',(1.,0.,0.));
#7306 = DEFINITIONAL_REPRESENTATION('',(#7307),#7311);
#7307 = LINE('',#7308,#7309);
#7308 = CARTESIAN_POINT('',(79.75,27.));
#7309 = VECTOR('',#7310,1.);
#7310 = DIRECTION('',(0.,-1.));
#7311 = ( GEOMETRIC_REPRESENTATION_CONTEXT(2) 
PARAMETRIC_REPRESENTATION_CONTEXT() REPRESENTATION_CONTEXT('2D SPACE',''
  ) );
#7312 = ORIENTED_EDGE('',*,*,#7313,.F.);
#7313 = EDGE_CURVE('',#6198,#7286,#7314,.T.);
#7314 = SURFACE_CURVE('',#7315,(#7320,#7327),.PCURVE_S1.);
#7315 = CIRCLE('',#7316,0.25);
#7316 = AXIS2_PLACEMENT_3D('',#7317,#7318,#7319);
#7317 = CARTESIAN_POINT('',(80.,-27.,0.));
#7318 = DIRECTION('',(0.,-1.,1.224646799147E-16));
#7319 = DIRECTION('',(0.,-1.224646799147E-16,-1.));
#7320 = PCURVE('',#6240,#7321);
#7321 = DEFINITIONAL_REPRESENTATION('',(#7322),#7326);
#7322 = LINE('',#7323,#7324);
#7323 = CARTESIAN_POINT('',(0.,65.25));
#7324 = VECTOR('',#7325,1.);
#7325 = DIRECTION('',(1.,0.));
#7326 = ( GEOMETRIC_REPRESENTATION_CONTEXT(2) 
PARAMETRIC_REPRESENTATION_CONTEXT() REPRESENTATION_CONTEXT('2D SPACE',''
  ) );
#7327 = PCURVE('',#6214,#7328);
#7328 = DEFINITIONAL_REPRESENTATION('',(#7329),#7333);
#7329 = LINE('',#7330,#7331);
#7330 = CARTESIAN_POINT('',(0.,7.853981633974));
#7331 = VECTOR('',#7332,1.);
#7332 = DIRECTION('',(-0.,-1.));
#7333 = ( GEOMETRIC_REPRESENTATION_CONTEXT(2) 
PARAMETRIC_REPRESENTATION_CONTEXT() REPRESENTATION_CONTEXT('2D SPACE',''
  ) );
#7334 = ORIENTED_EDGE('',*,*,#6226,.T.);
#7335 = ADVANCED_FACE('',(#7336),#7301,.T.);
#7336 = FACE_BOUND('',#7337,.T.);
#7337 = EDGE_LOOP('',(#7338,#7363,#7387,#7410,#7432,#7433,#7457,#7480));
#7338 = ORIENTED_EDGE('',*,*,#7339,.F.);
#7339 = EDGE_CURVE('',#7340,#7342,#7344,.T.);
#7340 = VERTEX_POINT('',#7341);
#7341 = CARTESIAN_POINT('',(25.75,33.5,0.));
#7342 = VERTEX_POINT('',#7343);
#7343 = CARTESIAN_POINT('',(25.75,-27.,0.));
#7344 = SURFACE_CURVE('',#7345,(#7349,#7356),.PCURVE_S1.);
#7345 = LINE('',#7346,#7347);
#7346 = CARTESIAN_POINT('',(25.75,33.5,0.));
#7347 = VECTOR('',#7348,1.);
#7348 = DIRECTION('',(0.,-1.,1.224646799147E-16));
#7349 = PCURVE('',#7301,#7350);
#7350 = DEFINITIONAL_REPRESENTATION('',(#7351),#7355);
#7351 = LINE('',#7352,#7353);
#7352 = CARTESIAN_POINT('',(25.75,-33.5));
#7353 = VECTOR('',#7354,1.);
#7354 = DIRECTION('',(0.,1.));
#7355 = ( GEOMETRIC_REPRESENTATION_CONTEXT(2) 
PARAMETRIC_REPRESENTATION_CONTEXT() REPRESENTATION_CONTEXT('2D SPACE',''
  ) );
#7356 = PCURVE('',#6128,#7357);
#7357 = DEFINITIONAL_REPRESENTATION('',(#7358),#7362);
#7358 = LINE('',#7359,#7360);
#7359 = CARTESIAN_POINT('',(4.712388980385,65.25));
#7360 = VECTOR('',#7361,1.);
#7361 = DIRECTION('',(-0.,-1.));
#7362 = ( GEOMETRIC_REPRESENTATION_CONTEXT(2) 
PARAMETRIC_REPRESENTATION_CONTEXT() REPRESENTATION_CONTEXT('2D SPACE',''
  ) );
#7363 = ORIENTED_EDGE('',*,*,#7364,.T.);
#7364 = EDGE_CURVE('',#7340,#7365,#7367,.T.);
#7365 = VERTEX_POINT('',#7366);
#7366 = CARTESIAN_POINT('',(30.25,38.,0.));
#7367 = SURFACE_CURVE('',#7368,(#7373,#7380),.PCURVE_S1.);
#7368 = CIRCLE('',#7369,4.5);
#7369 = AXIS2_PLACEMENT_3D('',#7370,#7371,#7372);
#7370 = CARTESIAN_POINT('',(30.25,33.5,0.));
#7371 = DIRECTION('',(0.,-1.224646799147E-16,-1.));
#7372 = DIRECTION('',(1.,0.,0.));
#7373 = PCURVE('',#7301,#7374);
#7374 = DEFINITIONAL_REPRESENTATION('',(#7375),#7379);
#7375 = CIRCLE('',#7376,4.5);
#7376 = AXIS2_PLACEMENT_2D('',#7377,#7378);
#7377 = CARTESIAN_POINT('',(30.25,-33.5));
#7378 = DIRECTION('',(1.,0.));
#7379 = ( GEOMETRIC_REPRESENTATION_CONTEXT(2) 
PARAMETRIC_REPRESENTATION_CONTEXT() REPRESENTATION_CONTEXT('2D SPACE',''
  ) );
#7380 = PCURVE('',#6100,#7381);
#7381 = DEFINITIONAL_REPRESENTATION('',(#7382),#7386);
#7382 = LINE('',#7383,#7384);
#7383 = CARTESIAN_POINT('',(0.,3.14159265359));
#7384 = VECTOR('',#7385,1.);
#7385 = DIRECTION('',(1.,0.));
#7386 = ( GEOMETRIC_REPRESENTATION_CONTEXT(2) 
PARAMETRIC_REPRESENTATION_CONTEXT() REPRESENTATION_CONTEXT('2D SPACE',''
  ) );
#7387 = ORIENTED_EDGE('',*,*,#7388,.T.);
#7388 = EDGE_CURVE('',#7365,#7389,#7391,.T.);
#7389 = VERTEX_POINT('',#7390);
#7390 = CARTESIAN_POINT('',(75.25,38.,0.));
#7391 = SURFACE_CURVE('',#7392,(#7396,#7403),.PCURVE_S1.);
#7392 = LINE('',#7393,#7394);
#7393 = CARTESIAN_POINT('',(25.5,38.,0.));
#7394 = VECTOR('',#7395,1.);
#7395 = DIRECTION('',(1.,0.,0.));
#7396 = PCURVE('',#7301,#7397);
#7397 = DEFINITIONAL_REPRESENTATION('',(#7398),#7402);
#7398 = LINE('',#7399,#7400);
#7399 = CARTESIAN_POINT('',(25.5,-38.));
#7400 = VECTOR('',#7401,1.);
#7401 = DIRECTION('',(1.,0.));
#7402 = ( GEOMETRIC_REPRESENTATION_CONTEXT(2) 
PARAMETRIC_REPRESENTATION_CONTEXT() REPRESENTATION_CONTEXT('2D SPACE',''
  ) );
#7403 = PCURVE('',#5954,#7404);
#7404 = DEFINITIONAL_REPRESENTATION('',(#7405),#7409);
#7405 = LINE('',#7406,#7407);
#7406 = CARTESIAN_POINT('',(4.712388980385,0.));
#7407 = VECTOR('',#7408,1.);
#7408 = DIRECTION('',(0.,1.));
#7409 = ( GEOMETRIC_REPRESENTATION_CONTEXT(2) 
PARAMETRIC_REPRESENTATION_CONTEXT() REPRESENTATION_CONTEXT('2D SPACE',''
  ) );
#7410 = ORIENTED_EDGE('',*,*,#7411,.T.);
#7411 = EDGE_CURVE('',#7389,#7262,#7412,.T.);
#7412 = SURFACE_CURVE('',#7413,(#7418,#7425),.PCURVE_S1.);
#7413 = CIRCLE('',#7414,4.5);
#7414 = AXIS2_PLACEMENT_3D('',#7415,#7416,#7417);
#7415 = CARTESIAN_POINT('',(75.25,33.5,0.));
#7416 = DIRECTION('',(0.,-1.224646799147E-16,-1.));
#7417 = DIRECTION('',(1.,0.,0.));
#7418 = PCURVE('',#7301,#7419);
#7419 = DEFINITIONAL_REPRESENTATION('',(#7420),#7424);
#7420 = CIRCLE('',#7421,4.5);
#7421 = AXIS2_PLACEMENT_2D('',#7422,#7423);
#7422 = CARTESIAN_POINT('',(75.25,-33.5));
#7423 = DIRECTION('',(1.,0.));
#7424 = ( GEOMETRIC_REPRESENTATION_CONTEXT(2) 
PARAMETRIC_REPRESENTATION_CONTEXT() REPRESENTATION_CONTEXT('2D SPACE',''
  ) );
#7425 = PCURVE('',#5926,#7426);
#7426 = DEFINITIONAL_REPRESENTATION('',(#7427),#7431);
#7427 = LINE('',#7428,#7429);
#7428 = CARTESIAN_POINT('',(0.,3.14159265359));
#7429 = VECTOR('',#7430,1.);
#7430 = DIRECTION('',(1.,0.));
#7431 = ( GEOMETRIC_REPRESENTATION_CONTEXT(2) 
PARAMETRIC_REPRESENTATION_CONTEXT() REPRESENTATION_CONTEXT('2D SPACE',''
  ) );
#7432 = ORIENTED_EDGE('',*,*,#7285,.F.);
#7433 = ORIENTED_EDGE('',*,*,#7434,.T.);
#7434 = EDGE_CURVE('',#7286,#7435,#7437,.T.);
#7435 = VERTEX_POINT('',#7436);
#7436 = CARTESIAN_POINT('',(75.25,-31.5,0.));
#7437 = SURFACE_CURVE('',#7438,(#7443,#7450),.PCURVE_S1.);
#7438 = CIRCLE('',#7439,4.5);
#7439 = AXIS2_PLACEMENT_3D('',#7440,#7441,#7442);
#7440 = CARTESIAN_POINT('',(75.25,-27.,0.));
#7441 = DIRECTION('',(0.,-1.224646799147E-16,-1.));
#7442 = DIRECTION('',(1.,0.,0.));
#7443 = PCURVE('',#7301,#7444);
#7444 = DEFINITIONAL_REPRESENTATION('',(#7445),#7449);
#7445 = CIRCLE('',#7446,4.5);
#7446 = AXIS2_PLACEMENT_2D('',#7447,#7448);
#7447 = CARTESIAN_POINT('',(75.25,27.));
#7448 = DIRECTION('',(1.,0.));
#7449 = ( GEOMETRIC_REPRESENTATION_CONTEXT(2) 
PARAMETRIC_REPRESENTATION_CONTEXT() REPRESENTATION_CONTEXT('2D SPACE',''
  ) );
#7450 = PCURVE('',#6214,#7451);
#7451 = DEFINITIONAL_REPRESENTATION('',(#7452),#7456);
#7452 = LINE('',#7453,#7454);
#7453 = CARTESIAN_POINT('',(0.,3.14159265359));
#7454 = VECTOR('',#7455,1.);
#7455 = DIRECTION('',(1.,0.));
#7456 = ( GEOMETRIC_REPRESENTATION_CONTEXT(2) 
PARAMETRIC_REPRESENTATION_CONTEXT() REPRESENTATION_CONTEXT('2D SPACE',''
  ) );
#7457 = ORIENTED_EDGE('',*,*,#7458,.T.);
#7458 = EDGE_CURVE('',#7435,#7459,#7461,.T.);
#7459 = VERTEX_POINT('',#7460);
#7460 = CARTESIAN_POINT('',(30.25,-31.5,0.));
#7461 = SURFACE_CURVE('',#7462,(#7466,#7473),.PCURVE_S1.);
#7462 = LINE('',#7463,#7464);
#7463 = CARTESIAN_POINT('',(80.,-31.5,0.));
#7464 = VECTOR('',#7465,1.);
#7465 = DIRECTION('',(-1.,-0.,0.));
#7466 = PCURVE('',#7301,#7467);
#7467 = DEFINITIONAL_REPRESENTATION('',(#7468),#7472);
#7468 = LINE('',#7469,#7470);
#7469 = CARTESIAN_POINT('',(80.,31.5));
#7470 = VECTOR('',#7471,1.);
#7471 = DIRECTION('',(-1.,0.));
#7472 = ( GEOMETRIC_REPRESENTATION_CONTEXT(2) 
PARAMETRIC_REPRESENTATION_CONTEXT() REPRESENTATION_CONTEXT('2D SPACE',''
  ) );
#7473 = PCURVE('',#6185,#7474);
#7474 = DEFINITIONAL_REPRESENTATION('',(#7475),#7479);
#7475 = LINE('',#7476,#7477);
#7476 = CARTESIAN_POINT('',(4.712388980385,0.));
#7477 = VECTOR('',#7478,1.);
#7478 = DIRECTION('',(0.,1.));
#7479 = ( GEOMETRIC_REPRESENTATION_CONTEXT(2) 
PARAMETRIC_REPRESENTATION_CONTEXT() REPRESENTATION_CONTEXT('2D SPACE',''
  ) );
#7480 = ORIENTED_EDGE('',*,*,#7481,.T.);
#7481 = EDGE_CURVE('',#7459,#7342,#7482,.T.);
#7482 = SURFACE_CURVE('',#7483,(#7488,#7495),.PCURVE_S1.);
#7483 = CIRCLE('',#7484,4.5);
#7484 = AXIS2_PLACEMENT_3D('',#7485,#7486,#7487);
#7485 = CARTESIAN_POINT('',(30.25,-27.,0.));
#7486 = DIRECTION('',(0.,-1.224646799147E-16,-1.));
#7487 = DIRECTION('',(1.,0.,0.));
#7488 = PCURVE('',#7301,#7489);
#7489 = DEFINITIONAL_REPRESENTATION('',(#7490),#7494);
#7490 = CIRCLE('',#7491,4.5);
#7491 = AXIS2_PLACEMENT_2D('',#7492,#7493);
#7492 = CARTESIAN_POINT('',(30.25,27.));
#7493 = DIRECTION('',(1.,0.));
#7494 = ( GEOMETRIC_REPRESENTATION_CONTEXT(2) 
PARAMETRIC_REPRESENTATION_CONTEXT() REPRESENTATION_CONTEXT('2D SPACE',''
  ) );
#7495 = PCURVE('',#6157,#7496);
#7496 = DEFINITIONAL_REPRESENTATION('',(#7497),#7501);
#7497 = LINE('',#7498,#7499);
#7498 = CARTESIAN_POINT('',(0.,3.14159265359));
#7499 = VECTOR('',#7500,1.);
#7500 = DIRECTION('',(1.,0.));
#7501 = ( GEOMETRIC_REPRESENTATION_CONTEXT(2) 
PARAMETRIC_REPRESENTATION_CONTEXT() REPRESENTATION_CONTEXT('2D SPACE',''
  ) );
#7502 = ADVANCED_FACE('',(#7503),#6214,.F.);
#7503 = FACE_BOUND('',#7504,.F.);
#7504 = EDGE_LOOP('',(#7505,#7506,#7507,#7508));
#7505 = ORIENTED_EDGE('',*,*,#6197,.F.);
#7506 = ORIENTED_EDGE('',*,*,#7313,.T.);
#7507 = ORIENTED_EDGE('',*,*,#7434,.T.);
#7508 = ORIENTED_EDGE('',*,*,#7509,.T.);
#7509 = EDGE_CURVE('',#7435,#6170,#7510,.T.);
#7510 = SURFACE_CURVE('',#7511,(#7516,#7523),.PCURVE_S1.);
#7511 = CIRCLE('',#7512,0.25);
#7512 = AXIS2_PLACEMENT_3D('',#7513,#7514,#7515);
#7513 = CARTESIAN_POINT('',(75.25,-31.75,0.));
#7514 = DIRECTION('',(1.,6.123233995737E-17,-7.498798913309E-33));
#7515 = DIRECTION('',(6.123233995737E-17,-1.,1.224646799147E-16));
#7516 = PCURVE('',#6214,#7517);
#7517 = DEFINITIONAL_REPRESENTATION('',(#7518),#7522);
#7518 = LINE('',#7519,#7520);
#7519 = CARTESIAN_POINT('',(1.570796326795,0.));
#7520 = VECTOR('',#7521,1.);
#7521 = DIRECTION('',(0.,1.));
#7522 = ( GEOMETRIC_REPRESENTATION_CONTEXT(2) 
PARAMETRIC_REPRESENTATION_CONTEXT() REPRESENTATION_CONTEXT('2D SPACE',''
  ) );
#7523 = PCURVE('',#6185,#7524);
#7524 = DEFINITIONAL_REPRESENTATION('',(#7525),#7529);
#7525 = LINE('',#7526,#7527);
#7526 = CARTESIAN_POINT('',(7.853981633974,4.75));
#7527 = VECTOR('',#7528,1.);
#7528 = DIRECTION('',(-1.,-0.));
#7529 = ( GEOMETRIC_REPRESENTATION_CONTEXT(2) 
PARAMETRIC_REPRESENTATION_CONTEXT() REPRESENTATION_CONTEXT('2D SPACE',''
  ) );
#7530 = ADVANCED_FACE('',(#7531),#6185,.F.);
#7531 = FACE_BOUND('',#7532,.F.);
#7532 = EDGE_LOOP('',(#7533,#7534,#7535,#7557));
#7533 = ORIENTED_EDGE('',*,*,#7509,.F.);
#7534 = ORIENTED_EDGE('',*,*,#7458,.T.);
#7535 = ORIENTED_EDGE('',*,*,#7536,.F.);
#7536 = EDGE_CURVE('',#6141,#7459,#7537,.T.);
#7537 = SURFACE_CURVE('',#7538,(#7543,#7550),.PCURVE_S1.);
#7538 = CIRCLE('',#7539,0.25);
#7539 = AXIS2_PLACEMENT_3D('',#7540,#7541,#7542);
#7540 = CARTESIAN_POINT('',(30.25,-31.75,0.));
#7541 = DIRECTION('',(-1.,-0.,0.));
#7542 = DIRECTION('',(0.,-1.224646799147E-16,-1.));
#7543 = PCURVE('',#6185,#7544);
#7544 = DEFINITIONAL_REPRESENTATION('',(#7545),#7549);
#7545 = LINE('',#7546,#7547);
#7546 = CARTESIAN_POINT('',(0.,49.75));
#7547 = VECTOR('',#7548,1.);
#7548 = DIRECTION('',(1.,0.));
#7549 = ( GEOMETRIC_REPRESENTATION_CONTEXT(2) 
PARAMETRIC_REPRESENTATION_CONTEXT() REPRESENTATION_CONTEXT('2D SPACE',''
  ) );
#7550 = PCURVE('',#6157,#7551);
#7551 = DEFINITIONAL_REPRESENTATION('',(#7552),#7556);
#7552 = LINE('',#7553,#7554);
#7553 = CARTESIAN_POINT('',(1.570796326795,7.853981633974));
#7554 = VECTOR('',#7555,1.);
#7555 = DIRECTION('',(-0.,-1.));
#7556 = ( GEOMETRIC_REPRESENTATION_CONTEXT(2) 
PARAMETRIC_REPRESENTATION_CONTEXT() REPRESENTATION_CONTEXT('2D SPACE',''
  ) );
#7557 = ORIENTED_EDGE('',*,*,#6169,.F.);
#7558 = ADVANCED_FACE('',(#7559),#6157,.F.);
#7559 = FACE_BOUND('',#7560,.F.);
#7560 = EDGE_LOOP('',(#7561,#7562,#7563,#7564));
#7561 = ORIENTED_EDGE('',*,*,#6140,.F.);
#7562 = ORIENTED_EDGE('',*,*,#7536,.T.);
#7563 = ORIENTED_EDGE('',*,*,#7481,.T.);
#7564 = ORIENTED_EDGE('',*,*,#7565,.T.);
#7565 = EDGE_CURVE('',#7342,#6113,#7566,.T.);
#7566 = SURFACE_CURVE('',#7567,(#7572,#7579),.PCURVE_S1.);
#7567 = CIRCLE('',#7568,0.25);
#7568 = AXIS2_PLACEMENT_3D('',#7569,#7570,#7571);
#7569 = CARTESIAN_POINT('',(25.5,-27.,0.));
#7570 = DIRECTION('',(1.224646799147E-16,-1.,1.224646799147E-16));
#7571 = DIRECTION('',(-1.,-1.224646799147E-16,1.499759782662E-32));
#7572 = PCURVE('',#6157,#7573);
#7573 = DEFINITIONAL_REPRESENTATION('',(#7574),#7578);
#7574 = LINE('',#7575,#7576);
#7575 = CARTESIAN_POINT('',(3.14159265359,0.));
#7576 = VECTOR('',#7577,1.);
#7577 = DIRECTION('',(0.,1.));
#7578 = ( GEOMETRIC_REPRESENTATION_CONTEXT(2) 
PARAMETRIC_REPRESENTATION_CONTEXT() REPRESENTATION_CONTEXT('2D SPACE',''
  ) );
#7579 = PCURVE('',#6128,#7580);
#7580 = DEFINITIONAL_REPRESENTATION('',(#7581),#7585);
#7581 = LINE('',#7582,#7583);
#7582 = CARTESIAN_POINT('',(7.853981633974,4.75));
#7583 = VECTOR('',#7584,1.);
#7584 = DIRECTION('',(-1.,-0.));
#7585 = ( GEOMETRIC_REPRESENTATION_CONTEXT(2) 
PARAMETRIC_REPRESENTATION_CONTEXT() REPRESENTATION_CONTEXT('2D SPACE',''
  ) );
#7586 = ADVANCED_FACE('',(#7587),#6128,.F.);
#7587 = FACE_BOUND('',#7588,.F.);
#7588 = EDGE_LOOP('',(#7589,#7590,#7591,#7592));
#7589 = ORIENTED_EDGE('',*,*,#6112,.T.);
#7590 = ORIENTED_EDGE('',*,*,#7565,.F.);
#7591 = ORIENTED_EDGE('',*,*,#7339,.F.);
#7592 = ORIENTED_EDGE('',*,*,#7593,.F.);
#7593 = EDGE_CURVE('',#6084,#7340,#7594,.T.);
#7594 = SURFACE_CURVE('',#7595,(#7600,#7607),.PCURVE_S1.);
#7595 = CIRCLE('',#7596,0.25);
#7596 = AXIS2_PLACEMENT_3D('',#7597,#7598,#7599);
#7597 = CARTESIAN_POINT('',(25.5,33.5,0.));
#7598 = DIRECTION('',(-0.,1.,-1.224646799147E-16));
#7599 = DIRECTION('',(0.,-1.224646799147E-16,-1.));
#7600 = PCURVE('',#6128,#7601);
#7601 = DEFINITIONAL_REPRESENTATION('',(#7602),#7606);
#7602 = LINE('',#7603,#7604);
#7603 = CARTESIAN_POINT('',(0.,65.25));
#7604 = VECTOR('',#7605,1.);
#7605 = DIRECTION('',(1.,0.));
#7606 = ( GEOMETRIC_REPRESENTATION_CONTEXT(2) 
PARAMETRIC_REPRESENTATION_CONTEXT() REPRESENTATION_CONTEXT('2D SPACE',''
  ) );
#7607 = PCURVE('',#6100,#7608);
#7608 = DEFINITIONAL_REPRESENTATION('',(#7609),#7613);
#7609 = LINE('',#7610,#7611);
#7610 = CARTESIAN_POINT('',(3.14159265359,7.853981633974));
#7611 = VECTOR('',#7612,1.);
#7612 = DIRECTION('',(-0.,-1.));
#7613 = ( GEOMETRIC_REPRESENTATION_CONTEXT(2) 
PARAMETRIC_REPRESENTATION_CONTEXT() REPRESENTATION_CONTEXT('2D SPACE',''
  ) );
#7614 = ADVANCED_FACE('',(#7615),#6100,.F.);
#7615 = FACE_BOUND('',#7616,.F.);
#7616 = EDGE_LOOP('',(#7617,#7618,#7619,#7620));
#7617 = ORIENTED_EDGE('',*,*,#6083,.F.);
#7618 = ORIENTED_EDGE('',*,*,#7593,.T.);
#7619 = ORIENTED_EDGE('',*,*,#7364,.T.);
#7620 = ORIENTED_EDGE('',*,*,#7621,.F.);
#7621 = EDGE_CURVE('',#6061,#7365,#7622,.T.);
#7622 = SURFACE_CURVE('',#7623,(#7628,#7635),.PCURVE_S1.);
#7623 = CIRCLE('',#7624,0.25);
#7624 = AXIS2_PLACEMENT_3D('',#7625,#7626,#7627);
#7625 = CARTESIAN_POINT('',(30.25,38.25,0.));
#7626 = DIRECTION('',(1.,0.,0.));
#7627 = DIRECTION('',(0.,-1.224646799147E-16,-1.));
#7628 = PCURVE('',#6100,#7629);
#7629 = DEFINITIONAL_REPRESENTATION('',(#7630),#7634);
#7630 = LINE('',#7631,#7632);
#7631 = CARTESIAN_POINT('',(4.712388980385,7.853981633974));
#7632 = VECTOR('',#7633,1.);
#7633 = DIRECTION('',(-0.,-1.));
#7634 = ( GEOMETRIC_REPRESENTATION_CONTEXT(2) 
PARAMETRIC_REPRESENTATION_CONTEXT() REPRESENTATION_CONTEXT('2D SPACE',''
  ) );
#7635 = PCURVE('',#5954,#7636);
#7636 = DEFINITIONAL_REPRESENTATION('',(#7637),#7641);
#7637 = LINE('',#7638,#7639);
#7638 = CARTESIAN_POINT('',(0.,4.75));
#7639 = VECTOR('',#7640,1.);
#7640 = DIRECTION('',(1.,0.));
#7641 = ( GEOMETRIC_REPRESENTATION_CONTEXT(2) 
PARAMETRIC_REPRESENTATION_CONTEXT() REPRESENTATION_CONTEXT('2D SPACE',''
  ) );
#7642 = ADVANCED_FACE('',(#7643),#6048,.F.);
#7643 = FACE_BOUND('',#7644,.F.);
#7644 = EDGE_LOOP('',(#7645,#7675,#7696,#7697));
#7645 = ORIENTED_EDGE('',*,*,#7646,.F.);
#7646 = EDGE_CURVE('',#7647,#7649,#7651,.T.);
#7647 = VERTEX_POINT('',#7648);
#7648 = CARTESIAN_POINT('',(50.75,40.5,2.5));
#7649 = VERTEX_POINT('',#7650);
#7650 = CARTESIAN_POINT('',(50.75,38.5,2.5));
#7651 = SURFACE_CURVE('',#7652,(#7657,#7664),.PCURVE_S1.);
#7652 = CIRCLE('',#7653,1.);
#7653 = AXIS2_PLACEMENT_3D('',#7654,#7655,#7656);
#7654 = CARTESIAN_POINT('',(50.75,39.5,2.5));
#7655 = DIRECTION('',(0.,1.224646799147E-16,1.));
#7656 = DIRECTION('',(0.,1.,-1.224646799147E-16));
#7657 = PCURVE('',#6048,#7658);
#7658 = DEFINITIONAL_REPRESENTATION('',(#7659),#7663);
#7659 = LINE('',#7660,#7661);
#7660 = CARTESIAN_POINT('',(0.,-0.5));
#7661 = VECTOR('',#7662,1.);
#7662 = DIRECTION('',(1.,0.));
#7663 = ( GEOMETRIC_REPRESENTATION_CONTEXT(2) 
PARAMETRIC_REPRESENTATION_CONTEXT() REPRESENTATION_CONTEXT('2D SPACE',''
  ) );
#7664 = PCURVE('',#1157,#7665);
#7665 = DEFINITIONAL_REPRESENTATION('',(#7666),#7674);
#7666 = ( BOUNDED_CURVE() B_SPLINE_CURVE(2,(#7667,#7668,#7669,#7670,
#7671,#7672,#7673),.UNSPECIFIED.,.T.,.F.) B_SPLINE_CURVE_WITH_KNOTS((1,2
    ,2,2,2,1),(-2.094395102393,0.,2.094395102393,4.188790204786,
6.28318530718,8.377580409573),.UNSPECIFIED.) CURVE() 
GEOMETRIC_REPRESENTATION_ITEM() RATIONAL_B_SPLINE_CURVE((1.,0.5,1.,0.5,
1.,0.5,1.)) REPRESENTATION_ITEM('') );
#7667 = CARTESIAN_POINT('',(50.75,-44.12753045524));
#7668 = CARTESIAN_POINT('',(49.017949192431,-44.12753045524));
#7669 = CARTESIAN_POINT('',(49.883974596216,-42.62753045524));
#7670 = CARTESIAN_POINT('',(50.75,-41.12753045524));
#7671 = CARTESIAN_POINT('',(51.616025403784,-42.62753045524));
#7672 = CARTESIAN_POINT('',(52.482050807569,-44.12753045524));
#7673 = CARTESIAN_POINT('',(50.75,-44.12753045524));
#7674 = ( GEOMETRIC_REPRESENTATION_CONTEXT(2) 
PARAMETRIC_REPRESENTATION_CONTEXT() REPRESENTATION_CONTEXT('2D SPACE',''
  ) );
#7675 = ORIENTED_EDGE('',*,*,#7676,.T.);
#7676 = EDGE_CURVE('',#7647,#6000,#7677,.T.);
#7677 = SURFACE_CURVE('',#7678,(#7682,#7689),.PCURVE_S1.);
#7678 = LINE('',#7679,#7680);
#7679 = CARTESIAN_POINT('',(50.75,40.5,3.));
#7680 = VECTOR('',#7681,1.);
#7681 = DIRECTION('',(0.,-1.224646799147E-16,-1.));
#7682 = PCURVE('',#6048,#7683);
#7683 = DEFINITIONAL_REPRESENTATION('',(#7684),#7688);
#7684 = LINE('',#7685,#7686);
#7685 = CARTESIAN_POINT('',(0.,0.));
#7686 = VECTOR('',#7687,1.);
#7687 = DIRECTION('',(0.,-1.));
#7688 = ( GEOMETRIC_REPRESENTATION_CONTEXT(2) 
PARAMETRIC_REPRESENTATION_CONTEXT() REPRESENTATION_CONTEXT('2D SPACE',''
  ) );
#7689 = PCURVE('',#6015,#7690);
#7690 = DEFINITIONAL_REPRESENTATION('',(#7691),#7695);
#7691 = LINE('',#7692,#7693);
#7692 = CARTESIAN_POINT('',(6.,0.));
#7693 = VECTOR('',#7694,1.);
#7694 = DIRECTION('',(0.,-1.));
#7695 = ( GEOMETRIC_REPRESENTATION_CONTEXT(2) 
PARAMETRIC_REPRESENTATION_CONTEXT() REPRESENTATION_CONTEXT('2D SPACE',''
  ) );
#7696 = ORIENTED_EDGE('',*,*,#6027,.T.);
#7697 = ORIENTED_EDGE('',*,*,#7698,.F.);
#7698 = EDGE_CURVE('',#7649,#6028,#7699,.T.);
#7699 = SURFACE_CURVE('',#7700,(#7704,#7711),.PCURVE_S1.);
#7700 = LINE('',#7701,#7702);
#7701 = CARTESIAN_POINT('',(50.75,38.5,3.));
#7702 = VECTOR('',#7703,1.);
#7703 = DIRECTION('',(0.,-1.224646799147E-16,-1.));
#7704 = PCURVE('',#6048,#7705);
#7705 = DEFINITIONAL_REPRESENTATION('',(#7706),#7710);
#7706 = LINE('',#7707,#7708);
#7707 = CARTESIAN_POINT('',(3.14159265359,0.));
#7708 = VECTOR('',#7709,1.);
#7709 = DIRECTION('',(0.,-1.));
#7710 = ( GEOMETRIC_REPRESENTATION_CONTEXT(2) 
PARAMETRIC_REPRESENTATION_CONTEXT() REPRESENTATION_CONTEXT('2D SPACE',''
  ) );
#7711 = PCURVE('',#7712,#7717);
#7712 = PLANE('',#7713);
#7713 = AXIS2_PLACEMENT_3D('',#7714,#7715,#7716);
#7714 = CARTESIAN_POINT('',(50.75,38.5,3.));
#7715 = DIRECTION('',(0.,-1.,1.224646799147E-16));
#7716 = DIRECTION('',(1.,0.,0.));
#7717 = DEFINITIONAL_REPRESENTATION('',(#7718),#7722);
#7718 = LINE('',#7719,#7720);
#7719 = CARTESIAN_POINT('',(0.,0.));
#7720 = VECTOR('',#7721,1.);
#7721 = DIRECTION('',(0.,-1.));
#7722 = ( GEOMETRIC_REPRESENTATION_CONTEXT(2) 
PARAMETRIC_REPRESENTATION_CONTEXT() REPRESENTATION_CONTEXT('2D SPACE',''
  ) );
#7723 = ADVANCED_FACE('',(#7724),#7712,.F.);
#7724 = FACE_BOUND('',#7725,.F.);
#7725 = EDGE_LOOP('',(#7726,#7749,#7750,#7771));
#7726 = ORIENTED_EDGE('',*,*,#7727,.T.);
#7727 = EDGE_CURVE('',#7728,#7649,#7730,.T.);
#7728 = VERTEX_POINT('',#7729);
#7729 = CARTESIAN_POINT('',(56.75,38.5,2.5));
#7730 = SURFACE_CURVE('',#7731,(#7735,#7742),.PCURVE_S1.);
#7731 = LINE('',#7732,#7733);
#7732 = CARTESIAN_POINT('',(25.375,38.5,2.5));
#7733 = VECTOR('',#7734,1.);
#7734 = DIRECTION('',(-1.,-0.,0.));
#7735 = PCURVE('',#7712,#7736);
#7736 = DEFINITIONAL_REPRESENTATION('',(#7737),#7741);
#7737 = LINE('',#7738,#7739);
#7738 = CARTESIAN_POINT('',(-25.375,-0.5));
#7739 = VECTOR('',#7740,1.);
#7740 = DIRECTION('',(-1.,0.));
#7741 = ( GEOMETRIC_REPRESENTATION_CONTEXT(2) 
PARAMETRIC_REPRESENTATION_CONTEXT() REPRESENTATION_CONTEXT('2D SPACE',''
  ) );
#7742 = PCURVE('',#1157,#7743);
#7743 = DEFINITIONAL_REPRESENTATION('',(#7744),#7748);
#7744 = LINE('',#7745,#7746);
#7745 = CARTESIAN_POINT('',(25.375,-42.12753045524));
#7746 = VECTOR('',#7747,1.);
#7747 = DIRECTION('',(-1.,0.));
#7748 = ( GEOMETRIC_REPRESENTATION_CONTEXT(2) 
PARAMETRIC_REPRESENTATION_CONTEXT() REPRESENTATION_CONTEXT('2D SPACE',''
  ) );
#7749 = ORIENTED_EDGE('',*,*,#7698,.T.);
#7750 = ORIENTED_EDGE('',*,*,#7751,.F.);
#7751 = EDGE_CURVE('',#5939,#6028,#7752,.T.);
#7752 = SURFACE_CURVE('',#7753,(#7757,#7764),.PCURVE_S1.);
#7753 = LINE('',#7754,#7755);
#7754 = CARTESIAN_POINT('',(25.375,38.5,0.));
#7755 = VECTOR('',#7756,1.);
#7756 = DIRECTION('',(-1.,-0.,0.));
#7757 = PCURVE('',#7712,#7758);
#7758 = DEFINITIONAL_REPRESENTATION('',(#7759),#7763);
#7759 = LINE('',#7760,#7761);
#7760 = CARTESIAN_POINT('',(-25.375,-3.));
#7761 = VECTOR('',#7762,1.);
#7762 = DIRECTION('',(-1.,0.));
#7763 = ( GEOMETRIC_REPRESENTATION_CONTEXT(2) 
PARAMETRIC_REPRESENTATION_CONTEXT() REPRESENTATION_CONTEXT('2D SPACE',''
  ) );
#7764 = PCURVE('',#5954,#7765);
#7765 = DEFINITIONAL_REPRESENTATION('',(#7766),#7770);
#7766 = LINE('',#7767,#7768);
#7767 = CARTESIAN_POINT('',(1.570796326795,-0.125));
#7768 = VECTOR('',#7769,1.);
#7769 = DIRECTION('',(0.,-1.));
#7770 = ( GEOMETRIC_REPRESENTATION_CONTEXT(2) 
PARAMETRIC_REPRESENTATION_CONTEXT() REPRESENTATION_CONTEXT('2D SPACE',''
  ) );
#7771 = ORIENTED_EDGE('',*,*,#7772,.F.);
#7772 = EDGE_CURVE('',#7728,#5939,#7773,.T.);
#7773 = SURFACE_CURVE('',#7774,(#7778,#7785),.PCURVE_S1.);
#7774 = LINE('',#7775,#7776);
#7775 = CARTESIAN_POINT('',(56.75,38.5,3.));
#7776 = VECTOR('',#7777,1.);
#7777 = DIRECTION('',(0.,-1.224646799147E-16,-1.));
#7778 = PCURVE('',#7712,#7779);
#7779 = DEFINITIONAL_REPRESENTATION('',(#7780),#7784);
#7780 = LINE('',#7781,#7782);
#7781 = CARTESIAN_POINT('',(6.,0.));
#7782 = VECTOR('',#7783,1.);
#7783 = DIRECTION('',(0.,-1.));
#7784 = ( GEOMETRIC_REPRESENTATION_CONTEXT(2) 
PARAMETRIC_REPRESENTATION_CONTEXT() REPRESENTATION_CONTEXT('2D SPACE',''
  ) );
#7785 = PCURVE('',#5987,#7786);
#7786 = DEFINITIONAL_REPRESENTATION('',(#7787),#7791);
#7787 = LINE('',#7788,#7789);
#7788 = CARTESIAN_POINT('',(0.,0.));
#7789 = VECTOR('',#7790,1.);
#7790 = DIRECTION('',(0.,-1.));
#7791 = ( GEOMETRIC_REPRESENTATION_CONTEXT(2) 
PARAMETRIC_REPRESENTATION_CONTEXT() REPRESENTATION_CONTEXT('2D SPACE',''
  ) );
#7792 = ADVANCED_FACE('',(#7793),#6015,.F.);
#7793 = FACE_BOUND('',#7794,.F.);
#7794 = EDGE_LOOP('',(#7795,#7818,#7839,#7840));
#7795 = ORIENTED_EDGE('',*,*,#7796,.T.);
#7796 = EDGE_CURVE('',#7647,#7797,#7799,.T.);
#7797 = VERTEX_POINT('',#7798);
#7798 = CARTESIAN_POINT('',(56.75,40.5,2.5));
#7799 = SURFACE_CURVE('',#7800,(#7804,#7811),.PCURVE_S1.);
#7800 = LINE('',#7801,#7802);
#7801 = CARTESIAN_POINT('',(28.375,40.5,2.5));
#7802 = VECTOR('',#7803,1.);
#7803 = DIRECTION('',(1.,0.,0.));
#7804 = PCURVE('',#6015,#7805);
#7805 = DEFINITIONAL_REPRESENTATION('',(#7806),#7810);
#7806 = LINE('',#7807,#7808);
#7807 = CARTESIAN_POINT('',(28.375,-0.5));
#7808 = VECTOR('',#7809,1.);
#7809 = DIRECTION('',(-1.,0.));
#7810 = ( GEOMETRIC_REPRESENTATION_CONTEXT(2) 
PARAMETRIC_REPRESENTATION_CONTEXT() REPRESENTATION_CONTEXT('2D SPACE',''
  ) );
#7811 = PCURVE('',#1157,#7812);
#7812 = DEFINITIONAL_REPRESENTATION('',(#7813),#7817);
#7813 = LINE('',#7814,#7815);
#7814 = CARTESIAN_POINT('',(28.375,-44.12753045524));
#7815 = VECTOR('',#7816,1.);
#7816 = DIRECTION('',(1.,0.));
#7817 = ( GEOMETRIC_REPRESENTATION_CONTEXT(2) 
PARAMETRIC_REPRESENTATION_CONTEXT() REPRESENTATION_CONTEXT('2D SPACE',''
  ) );
#7818 = ORIENTED_EDGE('',*,*,#7819,.T.);
#7819 = EDGE_CURVE('',#7797,#5967,#7820,.T.);
#7820 = SURFACE_CURVE('',#7821,(#7825,#7832),.PCURVE_S1.);
#7821 = LINE('',#7822,#7823);
#7822 = CARTESIAN_POINT('',(56.75,40.5,3.));
#7823 = VECTOR('',#7824,1.);
#7824 = DIRECTION('',(0.,-1.224646799147E-16,-1.));
#7825 = PCURVE('',#6015,#7826);
#7826 = DEFINITIONAL_REPRESENTATION('',(#7827),#7831);
#7827 = LINE('',#7828,#7829);
#7828 = CARTESIAN_POINT('',(0.,0.));
#7829 = VECTOR('',#7830,1.);
#7830 = DIRECTION('',(0.,-1.));
#7831 = ( GEOMETRIC_REPRESENTATION_CONTEXT(2) 
PARAMETRIC_REPRESENTATION_CONTEXT() REPRESENTATION_CONTEXT('2D SPACE',''
  ) );
#7832 = PCURVE('',#5987,#7833);
#7833 = DEFINITIONAL_REPRESENTATION('',(#7834),#7838);
#7834 = LINE('',#7835,#7836);
#7835 = CARTESIAN_POINT('',(3.14159265359,0.));
#7836 = VECTOR('',#7837,1.);
#7837 = DIRECTION('',(0.,-1.));
#7838 = ( GEOMETRIC_REPRESENTATION_CONTEXT(2) 
PARAMETRIC_REPRESENTATION_CONTEXT() REPRESENTATION_CONTEXT('2D SPACE',''
  ) );
#7839 = ORIENTED_EDGE('',*,*,#5999,.F.);
#7840 = ORIENTED_EDGE('',*,*,#7676,.F.);
#7841 = ADVANCED_FACE('',(#7842),#5987,.F.);
#7842 = FACE_BOUND('',#7843,.F.);
#7843 = EDGE_LOOP('',(#7844,#7870,#7871,#7872));
#7844 = ORIENTED_EDGE('',*,*,#7845,.F.);
#7845 = EDGE_CURVE('',#7728,#7797,#7846,.T.);
#7846 = SURFACE_CURVE('',#7847,(#7852,#7859),.PCURVE_S1.);
#7847 = CIRCLE('',#7848,1.);
#7848 = AXIS2_PLACEMENT_3D('',#7849,#7850,#7851);
#7849 = CARTESIAN_POINT('',(56.75,39.5,2.5));
#7850 = DIRECTION('',(-0.,1.224646799147E-16,1.));
#7851 = DIRECTION('',(0.,-1.,1.224646799147E-16));
#7852 = PCURVE('',#5987,#7853);
#7853 = DEFINITIONAL_REPRESENTATION('',(#7854),#7858);
#7854 = LINE('',#7855,#7856);
#7855 = CARTESIAN_POINT('',(0.,-0.5));
#7856 = VECTOR('',#7857,1.);
#7857 = DIRECTION('',(1.,0.));
#7858 = ( GEOMETRIC_REPRESENTATION_CONTEXT(2) 
PARAMETRIC_REPRESENTATION_CONTEXT() REPRESENTATION_CONTEXT('2D SPACE',''
  ) );
#7859 = PCURVE('',#1157,#7860);
#7860 = DEFINITIONAL_REPRESENTATION('',(#7861),#7869);
#7861 = ( BOUNDED_CURVE() B_SPLINE_CURVE(2,(#7862,#7863,#7864,#7865,
#7866,#7867,#7868),.UNSPECIFIED.,.T.,.F.) B_SPLINE_CURVE_WITH_KNOTS((1,2
    ,2,2,2,1),(-2.094395102393,0.,2.094395102393,4.188790204786,
6.28318530718,8.377580409573),.UNSPECIFIED.) CURVE() 
GEOMETRIC_REPRESENTATION_ITEM() RATIONAL_B_SPLINE_CURVE((1.,0.5,1.,0.5,
1.,0.5,1.)) REPRESENTATION_ITEM('') );
#7862 = CARTESIAN_POINT('',(56.75,-42.12753045524));
#7863 = CARTESIAN_POINT('',(58.482050807569,-42.12753045524));
#7864 = CARTESIAN_POINT('',(57.616025403784,-43.62753045524));
#7865 = CARTESIAN_POINT('',(56.75,-45.12753045524));
#7866 = CARTESIAN_POINT('',(55.883974596216,-43.62753045524));
#7867 = CARTESIAN_POINT('',(55.017949192431,-42.12753045524));
#7868 = CARTESIAN_POINT('',(56.75,-42.12753045524));
#7869 = ( GEOMETRIC_REPRESENTATION_CONTEXT(2) 
PARAMETRIC_REPRESENTATION_CONTEXT() REPRESENTATION_CONTEXT('2D SPACE',''
  ) );
#7870 = ORIENTED_EDGE('',*,*,#7772,.T.);
#7871 = ORIENTED_EDGE('',*,*,#5966,.T.);
#7872 = ORIENTED_EDGE('',*,*,#7819,.F.);
#7873 = ADVANCED_FACE('',(#7874),#5954,.F.);
#7874 = FACE_BOUND('',#7875,.F.);
#7875 = EDGE_LOOP('',(#7876,#7877,#7878,#7879,#7901,#7902));
#7876 = ORIENTED_EDGE('',*,*,#6060,.F.);
#7877 = ORIENTED_EDGE('',*,*,#7621,.T.);
#7878 = ORIENTED_EDGE('',*,*,#7388,.T.);
#7879 = ORIENTED_EDGE('',*,*,#7880,.F.);
#7880 = EDGE_CURVE('',#5908,#7389,#7881,.T.);
#7881 = SURFACE_CURVE('',#7882,(#7887,#7894),.PCURVE_S1.);
#7882 = CIRCLE('',#7883,0.25);
#7883 = AXIS2_PLACEMENT_3D('',#7884,#7885,#7886);
#7884 = CARTESIAN_POINT('',(75.25,38.25,0.));
#7885 = DIRECTION('',(1.,0.,0.));
#7886 = DIRECTION('',(0.,-1.224646799147E-16,-1.));
#7887 = PCURVE('',#5954,#7888);
#7888 = DEFINITIONAL_REPRESENTATION('',(#7889),#7893);
#7889 = LINE('',#7890,#7891);
#7890 = CARTESIAN_POINT('',(0.,49.75));
#7891 = VECTOR('',#7892,1.);
#7892 = DIRECTION('',(1.,0.));
#7893 = ( GEOMETRIC_REPRESENTATION_CONTEXT(2) 
PARAMETRIC_REPRESENTATION_CONTEXT() REPRESENTATION_CONTEXT('2D SPACE',''
  ) );
#7894 = PCURVE('',#5926,#7895);
#7895 = DEFINITIONAL_REPRESENTATION('',(#7896),#7900);
#7896 = LINE('',#7897,#7898);
#7897 = CARTESIAN_POINT('',(4.712388980385,7.853981633974));
#7898 = VECTOR('',#7899,1.);
#7899 = DIRECTION('',(-0.,-1.));
#7900 = ( GEOMETRIC_REPRESENTATION_CONTEXT(2) 
PARAMETRIC_REPRESENTATION_CONTEXT() REPRESENTATION_CONTEXT('2D SPACE',''
  ) );
#7901 = ORIENTED_EDGE('',*,*,#5938,.F.);
#7902 = ORIENTED_EDGE('',*,*,#7751,.T.);
#7903 = ADVANCED_FACE('',(#7904),#5926,.F.);
#7904 = FACE_BOUND('',#7905,.F.);
#7905 = EDGE_LOOP('',(#7906,#7907,#7908,#7909));
#7906 = ORIENTED_EDGE('',*,*,#5907,.F.);
#7907 = ORIENTED_EDGE('',*,*,#7880,.T.);
#7908 = ORIENTED_EDGE('',*,*,#7411,.T.);
#7909 = ORIENTED_EDGE('',*,*,#7261,.T.);
#7910 = ADVANCED_FACE('',(#7911),#5891,.F.);
#7911 = FACE_BOUND('',#7912,.F.);
#7912 = EDGE_LOOP('',(#7913,#7944,#7965,#7966));
#7913 = ORIENTED_EDGE('',*,*,#7914,.F.);
#7914 = EDGE_CURVE('',#7915,#7917,#7919,.T.);
#7915 = VERTEX_POINT('',#7916);
#7916 = CARTESIAN_POINT('',(-98.70793339381,-52.,2.5));
#7917 = VERTEX_POINT('',#7918);
#7918 = CARTESIAN_POINT('',(-98.70793339381,13.,2.5));
#7919 = SURFACE_CURVE('',#7920,(#7923,#7930),.PCURVE_S1.);
#7920 = B_SPLINE_CURVE_WITH_KNOTS('',1,(#7921,#7922),.UNSPECIFIED.,.F.,
  .F.,(2,2),(0.,65.),.PIECEWISE_BEZIER_KNOTS.);
#7921 = CARTESIAN_POINT('',(-98.70793339381,-52.,2.5));
#7922 = CARTESIAN_POINT('',(-98.70793339381,13.,2.5));
#7923 = PCURVE('',#5891,#7924);
#7924 = DEFINITIONAL_REPRESENTATION('',(#7925),#7929);
#7925 = B_SPLINE_CURVE_WITH_KNOTS('',2,(#7926,#7927,#7928),
  .UNSPECIFIED.,.F.,.F.,(3,3),(0.,65.),.PIECEWISE_BEZIER_KNOTS.);
#7926 = CARTESIAN_POINT('',(0.16744807922,0.));
#7927 = CARTESIAN_POINT('',(0.16744807922,32.5));
#7928 = CARTESIAN_POINT('',(0.16744807922,65.));
#7929 = ( GEOMETRIC_REPRESENTATION_CONTEXT(2) 
PARAMETRIC_REPRESENTATION_CONTEXT() REPRESENTATION_CONTEXT('2D SPACE',''
  ) );
#7930 = PCURVE('',#7931,#7938);
#7931 = ( BOUNDED_SURFACE() B_SPLINE_SURFACE(2,1,(
    (#7932,#7933)
    ,(#7934,#7935)
    ,(#7936,#7937
)),.UNSPECIFIED.,.F.,.F.,.F.) B_SPLINE_SURFACE_WITH_KNOTS((3,3),(2,2),(
    0.,0.16744807922),(0.,65.),.PIECEWISE_BEZIER_KNOTS.) 
GEOMETRIC_REPRESENTATION_ITEM() RATIONAL_B_SPLINE_SURFACE((
    (1.,1.)
    ,(0.996497189455,0.996497189455)
,(1.,1.))) REPRESENTATION_ITEM('') SURFACE() );
#7932 = CARTESIAN_POINT('',(-98.75,-52.,3.));
#7933 = CARTESIAN_POINT('',(-98.75,13.,3.));
#7934 = CARTESIAN_POINT('',(-98.75,-52.,2.748239349299));
#7935 = CARTESIAN_POINT('',(-98.75,13.,2.748239349299));
#7936 = CARTESIAN_POINT('',(-98.70793339381,-52.,2.5));
#7937 = CARTESIAN_POINT('',(-98.70793339381,13.,2.5));
#7938 = DEFINITIONAL_REPRESENTATION('',(#7939),#7943);
#7939 = B_SPLINE_CURVE_WITH_KNOTS('',2,(#7940,#7941,#7942),
  .UNSPECIFIED.,.F.,.F.,(3,3),(0.,65.),.PIECEWISE_BEZIER_KNOTS.);
#7940 = CARTESIAN_POINT('',(0.16744807922,0.));
#7941 = CARTESIAN_POINT('',(0.16744807922,32.5));
#7942 = CARTESIAN_POINT('',(0.16744807922,65.));
#7943 = ( GEOMETRIC_REPRESENTATION_CONTEXT(2) 
PARAMETRIC_REPRESENTATION_CONTEXT() REPRESENTATION_CONTEXT('2D SPACE',''
  ) );
#7944 = ORIENTED_EDGE('',*,*,#7945,.T.);
#7945 = EDGE_CURVE('',#7915,#5847,#7946,.T.);
#7946 = SURFACE_CURVE('',#7947,(#7951,#7958),.PCURVE_S1.);
#7947 = ( BOUNDED_CURVE() B_SPLINE_CURVE(2,(#7948,#7949,#7950),
.UNSPECIFIED.,.F.,.F.) B_SPLINE_CURVE_WITH_KNOTS((3,3),(0.16744807922,
1.570796326795),.PIECEWISE_BEZIER_KNOTS.) CURVE() 
GEOMETRIC_REPRESENTATION_ITEM() RATIONAL_B_SPLINE_CURVE((1.,
0.763762615826,1.)) REPRESENTATION_ITEM('') );
#7948 = CARTESIAN_POINT('',(-98.70793339381,-52.,2.5));
#7949 = CARTESIAN_POINT('',(-98.28428373566,-52.,0.));
#7950 = CARTESIAN_POINT('',(-95.7423857868,-52.,0.));
#7951 = PCURVE('',#5891,#7952);
#7952 = DEFINITIONAL_REPRESENTATION('',(#7953),#7957);
#7953 = B_SPLINE_CURVE_WITH_KNOTS('',2,(#7954,#7955,#7956),
  .UNSPECIFIED.,.F.,.F.,(3,3),(0.16744807922,1.570796326795),
  .PIECEWISE_BEZIER_KNOTS.);
#7954 = CARTESIAN_POINT('',(0.16744807922,0.));
#7955 = CARTESIAN_POINT('',(0.869122203007,-7.44944772545E-15));
#7956 = CARTESIAN_POINT('',(1.570796326795,4.318079809732E-29));
#7957 = ( GEOMETRIC_REPRESENTATION_CONTEXT(2) 
PARAMETRIC_REPRESENTATION_CONTEXT() REPRESENTATION_CONTEXT('2D SPACE',''
  ) );
#7958 = PCURVE('',#5862,#7959);
#7959 = DEFINITIONAL_REPRESENTATION('',(#7960),#7964);
#7960 = B_SPLINE_CURVE_WITH_KNOTS('',2,(#7961,#7962,#7963),
  .UNSPECIFIED.,.F.,.F.,(3,3),(0.16744807922,1.570796326795),
  .PIECEWISE_BEZIER_KNOTS.);
#7961 = CARTESIAN_POINT('',(1.570796326795,0.16744807922));
#7962 = CARTESIAN_POINT('',(1.570796326795,0.869122203007));
#7963 = CARTESIAN_POINT('',(1.570796326795,1.570796326795));
#7964 = ( GEOMETRIC_REPRESENTATION_CONTEXT(2) 
PARAMETRIC_REPRESENTATION_CONTEXT() REPRESENTATION_CONTEXT('2D SPACE',''
  ) );
#7965 = ORIENTED_EDGE('',*,*,#5879,.T.);
#7966 = ORIENTED_EDGE('',*,*,#7967,.T.);
#7967 = EDGE_CURVE('',#5586,#7917,#7968,.T.);
#7968 = SURFACE_CURVE('',#7969,(#7973,#7982),.PCURVE_S1.);
#7969 = ( BOUNDED_CURVE() B_SPLINE_CURVE(2,(#7970,#7971,#7972),
.UNSPECIFIED.,.F.,.F.) B_SPLINE_CURVE_WITH_KNOTS((3,3),(4.712388980385,
6.28318530718),.PIECEWISE_BEZIER_KNOTS.) CURVE() 
GEOMETRIC_REPRESENTATION_ITEM() RATIONAL_B_SPLINE_CURVE((1.,
0.707106781187,1.)) REPRESENTATION_ITEM('') );
#7970 = CARTESIAN_POINT('',(-95.7423857868,13.,0.));
#7971 = CARTESIAN_POINT('',(-98.75,13.,0.));
#7972 = CARTESIAN_POINT('',(-98.75,13.,3.));
#7973 = PCURVE('',#5891,#7974);
#7974 = DEFINITIONAL_REPRESENTATION('',(#7975),#7981);
#7975 = B_SPLINE_CURVE_WITH_KNOTS('',4,(#7976,#7977,#7978,#7979,#7980),
  .UNSPECIFIED.,.F.,.F.,(5,5),(4.712388980385,6.103024024164),
  .PIECEWISE_BEZIER_KNOTS.);
#7976 = CARTESIAN_POINT('',(1.570796326795,65.));
#7977 = CARTESIAN_POINT('',(1.230553184474,65.));
#7978 = CARTESIAN_POINT('',(0.883460590729,65.));
#7979 = CARTESIAN_POINT('',(0.529208916363,65.));
#7980 = CARTESIAN_POINT('',(0.16744807922,65.));
#7981 = ( GEOMETRIC_REPRESENTATION_CONTEXT(2) 
PARAMETRIC_REPRESENTATION_CONTEXT() REPRESENTATION_CONTEXT('2D SPACE',''
  ) );
#7982 = PCURVE('',#5601,#7983);
#7983 = DEFINITIONAL_REPRESENTATION('',(#7984),#7988);
#7984 = B_SPLINE_CURVE_WITH_KNOTS('',2,(#7985,#7986,#7987),
  .UNSPECIFIED.,.F.,.F.,(3,3),(4.712388980385,6.28318530718),
  .PIECEWISE_BEZIER_KNOTS.);
#7985 = CARTESIAN_POINT('',(1.570796326795,65.));
#7986 = CARTESIAN_POINT('',(0.785398163397,65.));
#7987 = CARTESIAN_POINT('',(0.,65.));
#7988 = ( GEOMETRIC_REPRESENTATION_CONTEXT(2) 
PARAMETRIC_REPRESENTATION_CONTEXT() REPRESENTATION_CONTEXT('2D SPACE',''
  ) );
#7989 = ADVANCED_FACE('',(#7990),#7931,.F.);
#7990 = FACE_BOUND('',#7991,.F.);
#7991 = EDGE_LOOP('',(#7992,#8020,#8051,#8052));
#7992 = ORIENTED_EDGE('',*,*,#7993,.F.);
#7993 = EDGE_CURVE('',#7994,#7996,#7998,.T.);
#7994 = VERTEX_POINT('',#7995);
#7995 = CARTESIAN_POINT('',(-98.75,-52.,3.));
#7996 = VERTEX_POINT('',#7997);
#7997 = CARTESIAN_POINT('',(-98.75,13.,3.));
#7998 = SURFACE_CURVE('',#7999,(#8002,#8009),.PCURVE_S1.);
#7999 = B_SPLINE_CURVE_WITH_KNOTS('',1,(#8000,#8001),.UNSPECIFIED.,.F.,
  .F.,(2,2),(0.,65.),.PIECEWISE_BEZIER_KNOTS.);
#8000 = CARTESIAN_POINT('',(-98.75,-52.,3.));
#8001 = CARTESIAN_POINT('',(-98.75,13.,3.));
#8002 = PCURVE('',#7931,#8003);
#8003 = DEFINITIONAL_REPRESENTATION('',(#8004),#8008);
#8004 = B_SPLINE_CURVE_WITH_KNOTS('',2,(#8005,#8006,#8007),
  .UNSPECIFIED.,.F.,.F.,(3,3),(0.,65.),.PIECEWISE_BEZIER_KNOTS.);
#8005 = CARTESIAN_POINT('',(0.,0.));
#8006 = CARTESIAN_POINT('',(0.,32.5));
#8007 = CARTESIAN_POINT('',(0.,65.));
#8008 = ( GEOMETRIC_REPRESENTATION_CONTEXT(2) 
PARAMETRIC_REPRESENTATION_CONTEXT() REPRESENTATION_CONTEXT('2D SPACE',''
  ) );
#8009 = PCURVE('',#8010,#8015);
#8010 = PLANE('',#8011);
#8011 = AXIS2_PLACEMENT_3D('',#8012,#8013,#8014);
#8012 = CARTESIAN_POINT('',(-98.75,32.5,34.75));
#8013 = DIRECTION('',(1.,0.,0.));
#8014 = DIRECTION('',(0.,1.,-9.101348369945E-17));
#8015 = DEFINITIONAL_REPRESENTATION('',(#8016),#8019);
#8016 = B_SPLINE_CURVE_WITH_KNOTS('',1,(#8017,#8018),.UNSPECIFIED.,.F.,
  .F.,(2,2),(0.,65.),.PIECEWISE_BEZIER_KNOTS.);
#8017 = CARTESIAN_POINT('',(-84.5,-31.75));
#8018 = CARTESIAN_POINT('',(-19.5,-31.75));
#8019 = ( GEOMETRIC_REPRESENTATION_CONTEXT(2) 
PARAMETRIC_REPRESENTATION_CONTEXT() REPRESENTATION_CONTEXT('2D SPACE',''
  ) );
#8020 = ORIENTED_EDGE('',*,*,#8021,.T.);
#8021 = EDGE_CURVE('',#7994,#7915,#8022,.T.);
#8022 = SURFACE_CURVE('',#8023,(#8027,#8034),.PCURVE_S1.);
#8023 = ( BOUNDED_CURVE() B_SPLINE_CURVE(2,(#8024,#8025,#8026),
.UNSPECIFIED.,.F.,.F.) B_SPLINE_CURVE_WITH_KNOTS((3,3),(0.,0.16744807922
),.PIECEWISE_BEZIER_KNOTS.) CURVE() GEOMETRIC_REPRESENTATION_ITEM() 
RATIONAL_B_SPLINE_CURVE((1.,0.996497189455,1.)) REPRESENTATION_ITEM('') 
  );
#8024 = CARTESIAN_POINT('',(-98.75,-52.,3.));
#8025 = CARTESIAN_POINT('',(-98.75,-52.,2.748239349299));
#8026 = CARTESIAN_POINT('',(-98.70793339381,-52.,2.5));
#8027 = PCURVE('',#7931,#8028);
#8028 = DEFINITIONAL_REPRESENTATION('',(#8029),#8033);
#8029 = B_SPLINE_CURVE_WITH_KNOTS('',2,(#8030,#8031,#8032),
  .UNSPECIFIED.,.F.,.F.,(3,3),(0.,0.16744807922),
  .PIECEWISE_BEZIER_KNOTS.);
#8030 = CARTESIAN_POINT('',(0.,0.));
#8031 = CARTESIAN_POINT('',(8.372403960985E-02,-6.241630306285E-15));
#8032 = CARTESIAN_POINT('',(0.16744807922,0.));
#8033 = ( GEOMETRIC_REPRESENTATION_CONTEXT(2) 
PARAMETRIC_REPRESENTATION_CONTEXT() REPRESENTATION_CONTEXT('2D SPACE',''
  ) );
#8034 = PCURVE('',#8035,#8045);
#8035 = ( BOUNDED_SURFACE() B_SPLINE_SURFACE(2,2,(
    (#8036,#8037,#8038)
    ,(#8039,#8040,#8041)
    ,(#8042,#8043,#8044
)),.UNSPECIFIED.,.F.,.F.,.F.) B_SPLINE_SURFACE_WITH_KNOTS((3,3),(3,3),(
    0.,1.570796326795),(0.,0.16744807922),.PIECEWISE_BEZIER_KNOTS.) 
GEOMETRIC_REPRESENTATION_ITEM() RATIONAL_B_SPLINE_SURFACE((
    (1.,0.996497189455,1.)
    ,(0.707106781187,0.704629920097,0.707106781187)
,(1.,0.996497189455,1.))) REPRESENTATION_ITEM('') SURFACE() );
#8036 = CARTESIAN_POINT('',(-90.72969543147,-60.,3.));
#8037 = CARTESIAN_POINT('',(-90.72969543147,-60.,2.748239349299));
#8038 = CARTESIAN_POINT('',(-90.72969543147,-59.95803989155,2.5));
#8039 = CARTESIAN_POINT('',(-98.75,-60.,3.));
#8040 = CARTESIAN_POINT('',(-98.75,-60.,2.748239349299));
#8041 = CARTESIAN_POINT('',(-98.70793339381,-59.95803989155,2.5));
#8042 = CARTESIAN_POINT('',(-98.75,-52.,3.));
#8043 = CARTESIAN_POINT('',(-98.75,-52.,2.748239349299));
#8044 = CARTESIAN_POINT('',(-98.70793339381,-52.,2.5));
#8045 = DEFINITIONAL_REPRESENTATION('',(#8046),#8050);
#8046 = B_SPLINE_CURVE_WITH_KNOTS('',2,(#8047,#8048,#8049),
  .UNSPECIFIED.,.F.,.F.,(3,3),(0.,0.16744807922),
  .PIECEWISE_BEZIER_KNOTS.);
#8047 = CARTESIAN_POINT('',(1.570796326795,0.));
#8048 = CARTESIAN_POINT('',(1.570796326795,8.372403960984E-02));
#8049 = CARTESIAN_POINT('',(1.570796326795,0.16744807922));
#8050 = ( GEOMETRIC_REPRESENTATION_CONTEXT(2) 
PARAMETRIC_REPRESENTATION_CONTEXT() REPRESENTATION_CONTEXT('2D SPACE',''
  ) );
#8051 = ORIENTED_EDGE('',*,*,#7914,.T.);
#8052 = ORIENTED_EDGE('',*,*,#8053,.T.);
#8053 = EDGE_CURVE('',#7917,#7996,#8054,.T.);
#8054 = SURFACE_CURVE('',#8055,(#8059,#8067),.PCURVE_S1.);
#8055 = ( BOUNDED_CURVE() B_SPLINE_CURVE(2,(#8056,#8057,#8058),
.UNSPECIFIED.,.F.,.F.) B_SPLINE_CURVE_WITH_KNOTS((3,3),(4.712388980385,
6.28318530718),.PIECEWISE_BEZIER_KNOTS.) CURVE() 
GEOMETRIC_REPRESENTATION_ITEM() RATIONAL_B_SPLINE_CURVE((1.,
0.707106781187,1.)) REPRESENTATION_ITEM('') );
#8056 = CARTESIAN_POINT('',(-95.7423857868,13.,0.));
#8057 = CARTESIAN_POINT('',(-98.75,13.,0.));
#8058 = CARTESIAN_POINT('',(-98.75,13.,3.));
#8059 = PCURVE('',#7931,#8060);
#8060 = DEFINITIONAL_REPRESENTATION('',(#8061),#8066);
#8061 = B_SPLINE_CURVE_WITH_KNOTS('',3,(#8062,#8063,#8064,#8065),
  .UNSPECIFIED.,.F.,.F.,(4,4),(6.103024024164,6.28318530718),
  .PIECEWISE_BEZIER_KNOTS.);
#8062 = CARTESIAN_POINT('',(0.16744807922,65.));
#8063 = CARTESIAN_POINT('',(0.109894147118,65.));
#8064 = CARTESIAN_POINT('',(5.413059872847E-02,65.));
#8065 = CARTESIAN_POINT('',(-1.387778780781E-17,65.));
#8066 = ( GEOMETRIC_REPRESENTATION_CONTEXT(2) 
PARAMETRIC_REPRESENTATION_CONTEXT() REPRESENTATION_CONTEXT('2D SPACE',''
  ) );
#8067 = PCURVE('',#5601,#8068);
#8068 = DEFINITIONAL_REPRESENTATION('',(#8069),#8073);
#8069 = B_SPLINE_CURVE_WITH_KNOTS('',2,(#8070,#8071,#8072),
  .UNSPECIFIED.,.F.,.F.,(3,3),(4.712388980385,6.28318530718),
  .PIECEWISE_BEZIER_KNOTS.);
#8070 = CARTESIAN_POINT('',(1.570796326795,65.));
#8071 = CARTESIAN_POINT('',(0.785398163397,65.));
#8072 = CARTESIAN_POINT('',(0.,65.));
#8073 = ( GEOMETRIC_REPRESENTATION_CONTEXT(2) 
PARAMETRIC_REPRESENTATION_CONTEXT() REPRESENTATION_CONTEXT('2D SPACE',''
  ) );
#8074 = ADVANCED_FACE('',(#8075),#8035,.T.);
#8075 = FACE_BOUND('',#8076,.T.);
#8076 = EDGE_LOOP('',(#8077,#8100,#8123,#8631));
#8077 = ORIENTED_EDGE('',*,*,#8078,.F.);
#8078 = EDGE_CURVE('',#8079,#7915,#8081,.T.);
#8079 = VERTEX_POINT('',#8080);
#8080 = CARTESIAN_POINT('',(-90.72969543147,-59.95803989155,2.5));
#8081 = SURFACE_CURVE('',#8082,(#8086,#8093),.PCURVE_S1.);
#8082 = ( BOUNDED_CURVE() B_SPLINE_CURVE(2,(#8083,#8084,#8085),
.UNSPECIFIED.,.F.,.F.) B_SPLINE_CURVE_WITH_KNOTS((3,3),(0.,
1.570796326795),.PIECEWISE_BEZIER_KNOTS.) CURVE() 
GEOMETRIC_REPRESENTATION_ITEM() RATIONAL_B_SPLINE_CURVE((1.,
0.707106781187,1.)) REPRESENTATION_ITEM('') );
#8083 = CARTESIAN_POINT('',(-90.72969543147,-59.95803989155,2.5));
#8084 = CARTESIAN_POINT('',(-98.70793339381,-59.95803989155,2.5));
#8085 = CARTESIAN_POINT('',(-98.70793339381,-52.,2.5));
#8086 = PCURVE('',#8035,#8087);
#8087 = DEFINITIONAL_REPRESENTATION('',(#8088),#8092);
#8088 = B_SPLINE_CURVE_WITH_KNOTS('',2,(#8089,#8090,#8091),
  .UNSPECIFIED.,.F.,.F.,(3,3),(0.,1.570796326795),
  .PIECEWISE_BEZIER_KNOTS.);
#8089 = CARTESIAN_POINT('',(3.610039204524E-30,0.16744807922));
#8090 = CARTESIAN_POINT('',(0.785398163397,0.16744807922));
#8091 = CARTESIAN_POINT('',(1.570796326795,0.16744807922));
#8092 = ( GEOMETRIC_REPRESENTATION_CONTEXT(2) 
PARAMETRIC_REPRESENTATION_CONTEXT() REPRESENTATION_CONTEXT('2D SPACE',''
  ) );
#8093 = PCURVE('',#5862,#8094);
#8094 = DEFINITIONAL_REPRESENTATION('',(#8095),#8099);
#8095 = B_SPLINE_CURVE_WITH_KNOTS('',2,(#8096,#8097,#8098),
  .UNSPECIFIED.,.F.,.F.,(3,3),(0.,1.570796326795),
  .PIECEWISE_BEZIER_KNOTS.);
#8096 = CARTESIAN_POINT('',(0.,0.16744807922));
#8097 = CARTESIAN_POINT('',(0.785398163397,0.16744807922));
#8098 = CARTESIAN_POINT('',(1.570796326795,0.16744807922));
#8099 = ( GEOMETRIC_REPRESENTATION_CONTEXT(2) 
PARAMETRIC_REPRESENTATION_CONTEXT() REPRESENTATION_CONTEXT('2D SPACE',''
  ) );
#8100 = ORIENTED_EDGE('',*,*,#8101,.F.);
#8101 = EDGE_CURVE('',#8102,#8079,#8104,.T.);
#8102 = VERTEX_POINT('',#8103);
#8103 = CARTESIAN_POINT('',(-90.72969543147,-59.99999999758,
    2.999879733855));
#8104 = SURFACE_CURVE('',#8105,(#8109,#8116),.PCURVE_S1.);
#8105 = ( BOUNDED_CURVE() B_SPLINE_CURVE(2,(#8106,#8107,#8108),
.UNSPECIFIED.,.F.,.F.) B_SPLINE_CURVE_WITH_KNOTS((3,3),(
4.008871516356E-05,0.16744807922),.PIECEWISE_BEZIER_KNOTS.) CURVE() 
GEOMETRIC_REPRESENTATION_ITEM() RATIONAL_B_SPLINE_CURVE((1.,
0.996498865489,1.)) REPRESENTATION_ITEM('') );
#8106 = CARTESIAN_POINT('',(-90.72969543147,-59.99999999758,
    2.999879733855));
#8107 = CARTESIAN_POINT('',(-90.72969543147,-59.99998990725,
    2.74817963982));
#8108 = CARTESIAN_POINT('',(-90.72969543147,-59.95803989155,2.5));
#8109 = PCURVE('',#8035,#8110);
#8110 = DEFINITIONAL_REPRESENTATION('',(#8111),#8115);
#8111 = B_SPLINE_CURVE_WITH_KNOTS('',2,(#8112,#8113,#8114),
  .UNSPECIFIED.,.F.,.F.,(3,3),(4.008871516356E-05,0.16744807922),
  .PIECEWISE_BEZIER_KNOTS.);
#8112 = CARTESIAN_POINT('',(-4.248314937817E-22,4.013555487781E-05));
#8113 = CARTESIAN_POINT('',(-3.140648924268E-15,8.374403712729E-02));
#8114 = CARTESIAN_POINT('',(3.618896594138E-30,0.16744807922));
#8115 = ( GEOMETRIC_REPRESENTATION_CONTEXT(2) 
PARAMETRIC_REPRESENTATION_CONTEXT() REPRESENTATION_CONTEXT('2D SPACE',''
  ) );
#8116 = PCURVE('',#3530,#8117);
#8117 = DEFINITIONAL_REPRESENTATION('',(#8118),#8122);
#8118 = B_SPLINE_CURVE_WITH_KNOTS('',2,(#8119,#8120,#8121),
  .UNSPECIFIED.,.F.,.F.,(3,3),(4.008871516356E-05,0.16744807922),
  .PIECEWISE_BEZIER_KNOTS.);
#8119 = CARTESIAN_POINT('',(4.013555487781E-05,181.));
#8120 = CARTESIAN_POINT('',(8.37440371273E-02,181.));
#8121 = CARTESIAN_POINT('',(0.16744807922,181.));
#8122 = ( GEOMETRIC_REPRESENTATION_CONTEXT(2) 
PARAMETRIC_REPRESENTATION_CONTEXT() REPRESENTATION_CONTEXT('2D SPACE',''
  ) );
#8123 = ORIENTED_EDGE('',*,*,#8124,.T.);
#8124 = EDGE_CURVE('',#8102,#7994,#8125,.T.);
#8125 = SURFACE_CURVE('',#8126,(#8325,#8482),.PCURVE_S1.);
#8126 = B_SPLINE_CURVE_WITH_KNOTS('',8,(#8127,#8128,#8129,#8130,#8131,
    #8132,#8133,#8134,#8135,#8136,#8137,#8138,#8139,#8140,#8141,#8142,
    #8143,#8144,#8145,#8146,#8147,#8148,#8149,#8150,#8151,#8152,#8153,
    #8154,#8155,#8156,#8157,#8158,#8159,#8160,#8161,#8162,#8163,#8164,
    #8165,#8166,#8167,#8168,#8169,#8170,#8171,#8172,#8173,#8174,#8175,
    #8176,#8177,#8178,#8179,#8180,#8181,#8182,#8183,#8184,#8185,#8186,
    #8187,#8188,#8189,#8190,#8191,#8192,#8193,#8194,#8195,#8196,#8197,
    #8198,#8199,#8200,#8201,#8202,#8203,#8204,#8205,#8206,#8207,#8208,
    #8209,#8210,#8211,#8212,#8213,#8214,#8215,#8216,#8217,#8218,#8219,
    #8220,#8221,#8222,#8223,#8224,#8225,#8226,#8227,#8228,#8229,#8230,
    #8231,#8232,#8233,#8234,#8235,#8236,#8237,#8238,#8239,#8240,#8241,
    #8242,#8243,#8244,#8245,#8246,#8247,#8248,#8249,#8250,#8251,#8252,
    #8253,#8254,#8255,#8256,#8257,#8258,#8259,#8260,#8261,#8262,#8263,
    #8264,#8265,#8266,#8267,#8268,#8269,#8270,#8271,#8272,#8273,#8274,
    #8275,#8276,#8277,#8278,#8279,#8280,#8281,#8282,#8283,#8284,#8285,
    #8286,#8287,#8288,#8289,#8290,#8291,#8292,#8293,#8294,#8295,#8296,
    #8297,#8298,#8299,#8300,#8301,#8302,#8303,#8304,#8305,#8306,#8307,
    #8308,#8309,#8310,#8311,#8312,#8313,#8314,#8315,#8316,#8317,#8318,
    #8319,#8320,#8321,#8322,#8323,#8324),.UNSPECIFIED.,.F.,.F.,(9,7,7,7,
    7,7,7,7,7,7,7,7,7,7,7,7,7,7,7,7,7,7,7,7,7,7,7,7,9),(0.,
    2.176825744139E-04,3.939774776046E-03,8.944512081739E-03,
    1.994228234848E-02,4.19253565434E-02,6.689276831068E-02,
    8.486568697268E-02,0.106830267611,0.133784576085,0.166726532102,
    0.205655613742,0.248575386569,0.293489792773,0.5015510587,
    0.663430519894,0.70734560583,0.752259941584,0.795179614687,
    0.834108558953,0.86705033473,0.894004583652,0.915969175484,
    0.933942108514,0.958909559864,0.985893523038,0.997939329717,
    0.999835898955,1.),.UNSPECIFIED.);
#8127 = CARTESIAN_POINT('',(-90.72969543147,-59.99999999758,
    2.999879733855));
#8128 = CARTESIAN_POINT('',(-90.72971647746,-59.99999999145,
    2.999726653073));
#8129 = CARTESIAN_POINT('',(-90.72977676194,-59.99999997519,
    2.999572679877));
#8130 = CARTESIAN_POINT('',(-90.72986398699,-59.99999995058,
    2.999423804948));
#8131 = CARTESIAN_POINT('',(-90.72996938976,-59.99999991872,
    2.999283625435));
#8132 = CARTESIAN_POINT('',(-90.73008774252,-59.99999988002,
    2.999153344956));
#8133 = CARTESIAN_POINT('',(-90.7302173526,-59.99999983421,
    2.999031773597));
#8134 = CARTESIAN_POINT('',(-90.73036006244,-59.99999978035,
    2.998915327915));
#8135 = CARTESIAN_POINT('',(-90.73327734192,-59.99999863017,
    2.996792403307));
#8136 = CARTESIAN_POINT('',(-90.73810205156,-59.99999254323,
    2.995622956184));
#8137 = CARTESIAN_POINT('',(-90.74333060126,-59.99998470979,
    2.994936461731));
#8138 = CARTESIAN_POINT('',(-90.74797056086,-59.99997669948,
    2.994463107394));
#8139 = CARTESIAN_POINT('',(-90.75170184729,-59.99996839784,
    2.994016495885));
#8140 = CARTESIAN_POINT('',(-90.75487672456,-59.99995800627,
    2.993493645193));
#8141 = CARTESIAN_POINT('',(-90.75851980376,-59.99994204204,
    2.992874988579));
#8142 = CARTESIAN_POINT('',(-90.77213782051,-59.99987943232,
    2.991349556862));
#8143 = CARTESIAN_POINT('',(-90.77997043716,-59.99983473436,
    2.990577155129));
#8144 = CARTESIAN_POINT('',(-90.78781810311,-59.99978123025,
    2.989879922665));
#8145 = CARTESIAN_POINT('',(-90.79567498066,-59.9997189069,
    2.989236537551));
#8146 = CARTESIAN_POINT('',(-90.80353718428,-59.99964775219,
    2.988631602657));
#8147 = CARTESIAN_POINT('',(-90.81140278062,-59.99956775501,
    2.988055645642));
#8148 = CARTESIAN_POINT('',(-90.8192717885,-59.9994789053,2.987505118955
    ));
#8149 = CARTESIAN_POINT('',(-90.84444993167,-59.99916647599,
    2.985833739184));
#8150 = CARTESIAN_POINT('',(-90.86175997097,-59.99890912356,
    2.984802879545));
#8151 = CARTESIAN_POINT('',(-90.87907226966,-59.99860913296,
    2.983850895731));
#8152 = CARTESIAN_POINT('',(-90.89638528786,-59.99826651009,
    2.982959646022));
#8153 = CARTESIAN_POINT('',(-90.91369846914,-59.99788126289,
    2.982119558079));
#8154 = CARTESIAN_POINT('',(-90.93101142339,-59.99745339599,
    2.98132278322));
#8155 = CARTESIAN_POINT('',(-90.94832379646,-59.9969829074,
    2.980561719063));
#8156 = CARTESIAN_POINT('',(-91.00024026269,-59.99544412946,
    2.97837608961));
#8157 = CARTESIAN_POINT('',(-91.03485036094,-59.99424792533,
    2.977046433428));
#8158 = CARTESIAN_POINT('',(-91.06946161973,-59.99288112799,
    2.975808798705));
#8159 = CARTESIAN_POINT('',(-91.10407103399,-59.99134373755,
    2.974644621169));
#8160 = CARTESIAN_POINT('',(-91.13867640181,-59.98963578141,
    2.973542876758));
#8161 = CARTESIAN_POINT('',(-91.17327593102,-59.9877572973,
    2.972494852039));
#8162 = CARTESIAN_POINT('',(-91.20786814577,-59.98570831911,
    2.971492713815));
#8163 = CARTESIAN_POINT('',(-91.28173102385,-59.98096810793,
    2.969440602681));
#8164 = CARTESIAN_POINT('',(-91.3209987755,-59.9782274783,2.968402314006
    ));
#8165 = CARTESIAN_POINT('',(-91.36025335162,-59.97526704742,
    2.967409482837));
#8166 = CARTESIAN_POINT('',(-91.39949288693,-59.97208690392,
    2.966456400284));
#8167 = CARTESIAN_POINT('',(-91.43871562522,-59.96868715211,
    2.96553876531));
#8168 = CARTESIAN_POINT('',(-91.47791989727,-59.96506790958,
    2.964653272382));
#8169 = CARTESIAN_POINT('',(-91.51710409879,-59.96122930482,
    2.963797199146));
#8170 = CARTESIAN_POINT('',(-91.58445804385,-59.95425042532,
    2.962371086578));
#8171 = CARTESIAN_POINT('',(-91.61263819482,-59.95121577672,
    2.961788114109));
#8172 = CARTESIAN_POINT('',(-91.64080653257,-59.94806758195,
    2.961218227616));
#8173 = CARTESIAN_POINT('',(-91.66896247429,-59.94480589708,
    2.960660656467));
#8174 = CARTESIAN_POINT('',(-91.6971054431,-59.94143078143,
    2.960114708445));
#8175 = CARTESIAN_POINT('',(-91.72523486805,-59.93794229752,
    2.95957976975));
#8176 = CARTESIAN_POINT('',(-91.75335018414,-59.93434051111,
    2.959055304998));
#8177 = CARTESIAN_POINT('',(-91.81579244167,-59.92608539078,
    2.957912154127));
#8178 = CARTESIAN_POINT('',(-91.8501121405,-59.9213761748,2.957298371937
    ));
#8179 = CARTESIAN_POINT('',(-91.88440890597,-59.9164979692,
    2.956698658929));
#8180 = CARTESIAN_POINT('',(-91.91868172112,-59.9114509069,
    2.956112239949));
#8181 = CARTESIAN_POINT('',(-91.95292957476,-59.90623512774,
    2.955538416417));
#8182 = CARTESIAN_POINT('',(-91.98715146157,-59.90085077851,
    2.954976566324));
#8183 = CARTESIAN_POINT('',(-92.02134638199,-59.89529801295,
    2.954426144233));
#8184 = CARTESIAN_POINT('',(-92.09744206399,-59.88255631723,
    2.953224667691));
#8185 = CARTESIAN_POINT('',(-92.13932867615,-59.87528225807,
    2.952579119725));
#8186 = CARTESIAN_POINT('',(-92.18117134035,-59.86775511126,
    2.951949155129));
#8187 = CARTESIAN_POINT('',(-92.22296822535,-59.85997518922,
    2.951333969665));
#8188 = CARTESIAN_POINT('',(-92.26471750713,-59.85194281974,
    2.950732837106));
#8189 = CARTESIAN_POINT('',(-92.30641736885,-59.84365834603,
    2.95014510924));
#8190 = CARTESIAN_POINT('',(-92.34806600089,-59.83512212667,
    2.949570215864));
#8191 = CARTESIAN_POINT('',(-92.4404972743,-59.81559486347,2.94832014826
    ));
#8192 = CARTESIAN_POINT('',(-92.49125373559,-59.8044797354,
    2.947651028623));
#8193 = CARTESIAN_POINT('',(-92.54192769264,-59.79298983428,
    2.946999392315));
#8194 = CARTESIAN_POINT('',(-92.59251586529,-59.78112587667,
    2.946364405582));
#8195 = CARTESIAN_POINT('',(-92.64301498531,-59.76888861287,
    2.945745314486));
#8196 = CARTESIAN_POINT('',(-92.69342179639,-59.7562788269,
    2.945141444902));
#8197 = CARTESIAN_POINT('',(-92.74373305415,-59.74329733652,
    2.944552202518));
#8198 = CARTESIAN_POINT('',(-92.85328400078,-59.71416589187,
    2.943297414643));
#8199 = CARTESIAN_POINT('',(-92.9124845183,-59.69786888354,
    2.942637430869));
#8200 = CARTESIAN_POINT('',(-92.97154174213,-59.68105537374,
    2.941996257529));
#8201 = CARTESIAN_POINT('',(-93.03045035816,-59.66372683254,
    2.94137310423));
#8202 = CARTESIAN_POINT('',(-93.08920507477,-59.64588479454,
    2.940767254167));
#8203 = CARTESIAN_POINT('',(-93.14780062282,-59.62753085889,
    2.940178064125));
#8204 = CARTESIAN_POINT('',(-93.20623175565,-59.60866668927,
    2.939604964481));
#8205 = CARTESIAN_POINT('',(-93.3287272345,-59.56793541025,
    2.938432803034));
#8206 = CARTESIAN_POINT('',(-93.3927550203,-59.54595870008,
    2.937837077612));
#8207 = CARTESIAN_POINT('',(-93.45656960388,-59.52336619979,
    2.937259605775));
#8208 = CARTESIAN_POINT('',(-93.52016401929,-59.50016031892,
    2.936699764914));
#8209 = CARTESIAN_POINT('',(-93.58353133727,-59.47634356018,
    2.936156986966));
#8210 = CARTESIAN_POINT('',(-93.6466646652,-59.4519185194,2.935630758416
    ));
#8211 = CARTESIAN_POINT('',(-93.7095571471,-59.42688788557,
    2.935120620296));
#8212 = CARTESIAN_POINT('',(-93.83775810608,-59.37442971946,
    2.93410873714));
#8213 = CARTESIAN_POINT('',(-93.90304303307,-59.34694485351,
    2.933608469521));
#8214 = CARTESIAN_POINT('',(-93.96804892899,-59.31880303165,
    2.933124894405));
#8215 = CARTESIAN_POINT('',(-94.03276802842,-59.29000755098,
    2.93265757662));
#8216 = CARTESIAN_POINT('',(-94.09719261625,-59.26056181708,
    2.93220611674));
#8217 = CARTESIAN_POINT('',(-94.16131502766,-59.23046934402,
    2.931770151095));
#8218 = CARTESIAN_POINT('',(-94.22512764811,-59.19973375436,
    2.931349351759));
#8219 = CARTESIAN_POINT('',(-94.58275805579,-59.02301750407,
    2.929063020749));
#8220 = CARTESIAN_POINT('',(-94.8700888277,-58.86395273874,
    2.927501586599));
#8221 = CARTESIAN_POINT('',(-95.14985483833,-58.69153840011,
    2.926229624976));
#8222 = CARTESIAN_POINT('',(-95.42132934285,-58.50619573531,
    2.925228929789));
#8223 = CARTESIAN_POINT('',(-95.68381736769,-58.30839033447,
    2.92448814729));
#8224 = CARTESIAN_POINT('',(-95.93665520257,-58.09863101705,
    2.924000110715));
#8225 = CARTESIAN_POINT('',(-96.17921125933,-57.87747059158,
    2.923760950285));
#8226 = CARTESIAN_POINT('',(-96.59114171437,-57.46503328117,
    2.923778780924));
#8227 = CARTESIAN_POINT('',(-96.7648135065,-57.27801529243,
    2.923937334825));
#8228 = CARTESIAN_POINT('',(-96.93162344972,-57.08473528858,
    2.924246884294));
#8229 = CARTESIAN_POINT('',(-97.09130716312,-56.88548645124,
    2.92470868973));
#8230 = CARTESIAN_POINT('',(-97.24361616961,-56.6805743127,
    2.925325380711));
#8231 = CARTESIAN_POINT('',(-97.3883179563,-56.47031669075,
    2.926101308809));
#8232 = CARTESIAN_POINT('',(-97.52519603508,-56.25504362355,
    2.927042900402));
#8233 = CARTESIAN_POINT('',(-97.68900584628,-55.97542968861,2.9284617905
    ));
#8234 = CARTESIAN_POINT('',(-97.72337123541,-55.91541803781,
    2.928777423248));
#8235 = CARTESIAN_POINT('',(-97.7571421955,-55.85506914475,
    2.929106085835));
#8236 = CARTESIAN_POINT('',(-97.79031484764,-55.79438985422,
    2.929447976175));
#8237 = CARTESIAN_POINT('',(-97.82288540888,-55.73338706314,
    2.929803312002));
#8238 = CARTESIAN_POINT('',(-97.85485019227,-55.67206772054,
    2.930172330867));
#8239 = CARTESIAN_POINT('',(-97.88620560686,-55.61043882758,
    2.930555290139));
#8240 = CARTESIAN_POINT('',(-97.9483902286,-55.48516685222,
    2.931358681286));
#8241 = CARTESIAN_POINT('',(-97.97919123074,-55.42150984204,
    2.931779774703));
#8242 = CARTESIAN_POINT('',(-98.00934742507,-55.3575439528,
    2.932216039787));
#8243 = CARTESIAN_POINT('',(-98.03885518136,-55.29327678045,
    2.932667804876));
#8244 = CARTESIAN_POINT('',(-98.06771097815,-55.22871597107,
    2.933135434113));
#8245 = CARTESIAN_POINT('',(-98.09591140274,-55.16386922091,
    2.933619327446));
#8246 = CARTESIAN_POINT('',(-98.12345315119,-55.09874427634,
    2.934119920629));
#8247 = CARTESIAN_POINT('',(-98.17601915998,-54.97085782331,
    2.935132455693));
#8248 = CARTESIAN_POINT('',(-98.20110090484,-54.90811979432,
    2.93564291947));
#8249 = CARTESIAN_POINT('',(-98.22557547508,-54.84514164945,
    2.93616948151));
#8250 = CARTESIAN_POINT('',(-98.24944017626,-54.78193022781,
    2.936712601419));
#8251 = CARTESIAN_POINT('',(-98.27269240731,-54.71849240507,
    2.937272793455));
#8252 = CARTESIAN_POINT('',(-98.29532966055,-54.65483509342,
    2.937850626526));
#8253 = CARTESIAN_POINT('',(-98.31734952173,-54.59096524165,
    2.93844672419));
#8254 = CARTESIAN_POINT('',(-98.35816000366,-54.46877224584,
    2.939619617836));
#8255 = CARTESIAN_POINT('',(-98.37706051126,-54.4104855481,
    2.940193075319));
#8256 = CARTESIAN_POINT('',(-98.39544946119,-54.35203495312,
    2.94078263389));
#8257 = CARTESIAN_POINT('',(-98.41332518659,-54.2934256946,
    2.941388864096));
#8258 = CARTESIAN_POINT('',(-98.43068608531,-54.23466302862,
    2.942012410244));
#8259 = CARTESIAN_POINT('',(-98.4475306199,-54.17575223374,
    2.942653990405));
#8260 = CARTESIAN_POINT('',(-98.46385731762,-54.11669861088,
    2.94331439641));
#8261 = CARTESIAN_POINT('',(-98.49304107893,-54.00741979455,
    2.944569994111));
#8262 = CARTESIAN_POINT('',(-98.50604557789,-53.95723364431,
    2.945159619288));
#8263 = CARTESIAN_POINT('',(-98.51867741437,-53.90695225714,
    2.945763884811));
#8264 = CARTESIAN_POINT('',(-98.53093576916,-53.85657886937,
    2.946383386151));
#8265 = CARTESIAN_POINT('',(-98.54281985691,-53.80611672922,
    2.947018798826));
#8266 = CARTESIAN_POINT('',(-98.55432892606,-53.75556909683,2.9476708784
    ));
#8267 = CARTESIAN_POINT('',(-98.5654622589,-53.70493924422,
    2.948340460482));
#8268 = CARTESIAN_POINT('',(-98.58502089798,-53.61273854162,
    2.949591409429));
#8269 = CARTESIAN_POINT('',(-98.59357060551,-53.57119378018,
    2.950166714862));
#8270 = CARTESIAN_POINT('',(-98.60186791952,-53.52959796898,
    2.950754870311));
#8271 = CARTESIAN_POINT('',(-98.60991248086,-53.4879529132,
    2.951356447361));
#8272 = CARTESIAN_POINT('',(-98.61770394584,-53.44626042521,
    2.951972095893));
#8273 = CARTESIAN_POINT('',(-98.62524198616,-53.40452232458,
    2.952602544087));
#8274 = CARTESIAN_POINT('',(-98.63252628898,-53.36274043809,
    2.953248598422));
#8275 = CARTESIAN_POINT('',(-98.64528541122,-53.28683501426,
    2.95445104134));
#8276 = CARTESIAN_POINT('',(-98.65084557717,-53.25272557322,
    2.955001915138));
#8277 = CARTESIAN_POINT('',(-98.65623689387,-53.21858926793,
    2.955564235235));
#8278 = CARTESIAN_POINT('',(-98.66145920741,-53.18442709551,
    2.956138548726));
#8279 = CARTESIAN_POINT('',(-98.66651237081,-53.15024005892,
    2.956725479632));
#8280 = CARTESIAN_POINT('',(-98.67139624407,-53.11602916694,2.9573257289
    ));
#8281 = CARTESIAN_POINT('',(-98.67611069413,-53.08179543418,
    2.957940074406));
#8282 = CARTESIAN_POINT('',(-98.68437454394,-53.01950964193,
    2.959084304473));
#8283 = CARTESIAN_POINT('',(-98.68797996898,-52.99146479525,
    2.959609275336));
#8284 = CARTESIAN_POINT('',(-98.691471801,-52.9634058988,2.960144742095)
  );
#8285 = CARTESIAN_POINT('',(-98.69484997419,-52.93533351632,
    2.960691242187));
#8286 = CARTESIAN_POINT('',(-98.69811442597,-52.90724821748,
    2.961249391923));
#8287 = CARTESIAN_POINT('',(-98.70126509701,-52.87915057794,
    2.961819886496));
#8288 = CARTESIAN_POINT('',(-98.70430193118,-52.85104117929,
    2.962403499975));
#8289 = CARTESIAN_POINT('',(-98.71128534104,-52.78385636917,
    2.963831232661));
#8290 = CARTESIAN_POINT('',(-98.71512601989,-52.74477059969,
    2.964688318799));
#8291 = CARTESIAN_POINT('',(-98.71874677514,-52.70566485869,
    2.965574908738));
#8292 = CARTESIAN_POINT('',(-98.72214747829,-52.66654074729,
    2.966493737774));
#8293 = CARTESIAN_POINT('',(-98.72532801175,-52.62739993195,
    2.96744812833));
#8294 = CARTESIAN_POINT('',(-98.72828827129,-52.58824416678,
    2.968442406803));
#8295 = CARTESIAN_POINT('',(-98.73102816842,-52.54907531575,
    2.969482320406));
#8296 = CARTESIAN_POINT('',(-98.73627058329,-52.46755104188,
    2.971756875247));
#8297 = CARTESIAN_POINT('',(-98.73873592552,-52.42519574191,
    2.972999960265));
#8298 = CARTESIAN_POINT('',(-98.74094373586,-52.38283044679,
    2.974317767559));
#8299 = CARTESIAN_POINT('',(-98.74289398545,-52.34045631339,
    2.975716118481));
#8300 = CARTESIAN_POINT('',(-98.74458659349,-52.29807756377,
    2.977221912875));
#8301 = CARTESIAN_POINT('',(-98.74602148308,-52.25569949757,
    2.978861481842));
#8302 = CARTESIAN_POINT('',(-98.74719866666,-52.21332864419,
    2.980665280528));
#8303 = CARTESIAN_POINT('',(-98.74852895738,-52.1520782879,
    2.983717115498));
#8304 = CARTESIAN_POINT('',(-98.74888675877,-52.13325088763,
    2.98473228955));
#8305 = CARTESIAN_POINT('',(-98.74919385255,-52.11440598205,
    2.985724016991));
#8306 = CARTESIAN_POINT('',(-98.74945041015,-52.09562918576,
    2.987095640366));
#8307 = CARTESIAN_POINT('',(-98.74965631495,-52.0766946502,
    2.988069069245));
#8308 = CARTESIAN_POINT('',(-98.74981117734,-52.05793539472,
    2.989882847181));
#8309 = CARTESIAN_POINT('',(-98.74991436255,-52.03906704372,
    2.991302260216));
#8310 = CARTESIAN_POINT('',(-98.74997580528,-52.01766555862,
    2.994420420441));
#8311 = CARTESIAN_POINT('',(-98.74998210538,-52.01529455109,
    2.994887103307));
#8312 = CARTESIAN_POINT('',(-98.74998703802,-52.01299673688,
    2.995329402308));
#8313 = CARTESIAN_POINT('',(-98.74999107083,-52.01051157367,
    2.995738239042));
#8314 = CARTESIAN_POINT('',(-98.74999444867,-52.00778500135,
    2.996162362816));
#8315 = CARTESIAN_POINT('',(-98.7499971936,-52.00496944202,2.99670835065
    ));
#8316 = CARTESIAN_POINT('',(-98.74999910489,-52.00242379996,
    2.997540607273));
#8317 = CARTESIAN_POINT('',(-98.74999981561,-52.00056547431,
    2.998997374476));
#8318 = CARTESIAN_POINT('',(-98.74999986587,-52.00042488131,
    2.999120364511));
#8319 = CARTESIAN_POINT('',(-98.74999990908,-52.00029674991,
    2.999251027769));
#8320 = CARTESIAN_POINT('',(-98.74999994462,-52.00018585636,
    2.999389432769));
#8321 = CARTESIAN_POINT('',(-98.74999997193,-52.00009668588,
    2.999535024014));
#8322 = CARTESIAN_POINT('',(-98.74999999053,-52.00003343269,
    2.999686621991));
#8323 = CARTESIAN_POINT('',(-98.75,-52.,2.999842423169));
#8324 = CARTESIAN_POINT('',(-98.75,-52.,3.));
#8325 = PCURVE('',#8035,#8326);
#8326 = DEFINITIONAL_REPRESENTATION('',(#8327),#8481);
#8327 = B_SPLINE_CURVE_WITH_KNOTS('',8,(#8328,#8329,#8330,#8331,#8332,
    #8333,#8334,#8335,#8336,#8337,#8338,#8339,#8340,#8341,#8342,#8343,
    #8344,#8345,#8346,#8347,#8348,#8349,#8350,#8351,#8352,#8353,#8354,
    #8355,#8356,#8357,#8358,#8359,#8360,#8361,#8362,#8363,#8364,#8365,
    #8366,#8367,#8368,#8369,#8370,#8371,#8372,#8373,#8374,#8375,#8376,
    #8377,#8378,#8379,#8380,#8381,#8382,#8383,#8384,#8385,#8386,#8387,
    #8388,#8389,#8390,#8391,#8392,#8393,#8394,#8395,#8396,#8397,#8398,
    #8399,#8400,#8401,#8402,#8403,#8404,#8405,#8406,#8407,#8408,#8409,
    #8410,#8411,#8412,#8413,#8414,#8415,#8416,#8417,#8418,#8419,#8420,
    #8421,#8422,#8423,#8424,#8425,#8426,#8427,#8428,#8429,#8430,#8431,
    #8432,#8433,#8434,#8435,#8436,#8437,#8438,#8439,#8440,#8441,#8442,
    #8443,#8444,#8445,#8446,#8447,#8448,#8449,#8450,#8451,#8452,#8453,
    #8454,#8455,#8456,#8457,#8458,#8459,#8460,#8461,#8462,#8463,#8464,
    #8465,#8466,#8467,#8468,#8469,#8470,#8471,#8472,#8473,#8474,#8475,
    #8476,#8477,#8478,#8479,#8480),.UNSPECIFIED.,.F.,.F.,(9,8,8,8,8,8,8,
    8,8,8,8,8,8,8,8,8,8,8,8,9),(0.,9.765625E-04,2.927780151367E-03,
    3.901483491063E-03,5.84698840612E-03,2.138062921227E-02,
    8.254433988651E-02,0.311908254915,0.655954127457,0.827977063729,
    0.913988531864,0.956994265932,0.978497132966,0.989248566483,
    0.994624283242,0.997312141621,0.997984106216,0.998992053108,
    0.999496026554,1.),.UNSPECIFIED.);
#8328 = CARTESIAN_POINT('',(-4.225240003478E-22,4.013555487521E-05));
#8329 = CARTESIAN_POINT('',(1.516007223704E-05,2.721647331468E-04));
#8330 = CARTESIAN_POINT('',(1.213329180165E-04,4.92480920508E-04));
#8331 = CARTESIAN_POINT('',(2.361395313466E-04,5.379436349713E-04));
#8332 = CARTESIAN_POINT('',(3.609209443408E-04,8.510406756922E-04));
#8333 = CARTESIAN_POINT('',(4.998058350007E-04,8.499646341496E-04));
#8334 = CARTESIAN_POINT('',(6.539797563887E-04,1.034559070047E-03));
#8335 = CARTESIAN_POINT('',(8.100005626988E-04,1.12234877511E-03));
#8336 = CARTESIAN_POINT('',(9.720372815398E-04,1.220598593169E-03));
#8337 = CARTESIAN_POINT('',(1.29532490204E-03,1.412302438471E-03));
#8338 = CARTESIAN_POINT('',(1.635725789916E-03,1.562178665799E-03));
#8339 = CARTESIAN_POINT('',(1.973717525214E-03,1.683121213829E-03));
#8340 = CARTESIAN_POINT('',(2.296805167816E-03,1.78592161384E-03));
#8341 = CARTESIAN_POINT('',(2.599521257431E-03,1.879268989717E-03));
#8342 = CARTESIAN_POINT('',(2.883425813603E-03,1.969750057951E-03));
#8343 = CARTESIAN_POINT('',(3.157106335705E-03,2.061849127638E-03));
#8344 = CARTESIAN_POINT('',(3.436177802943E-03,2.157948100477E-03));
#8345 = CARTESIAN_POINT('',(3.575439226652E-03,2.205903767901E-03));
#8346 = CARTESIAN_POINT('',(3.716039633382E-03,2.254855524116E-03));
#8347 = CARTESIAN_POINT('',(3.859918412473E-03,2.30509939672E-03));
#8348 = CARTESIAN_POINT('',(4.009449050238E-03,2.356801026425E-03));
#8349 = CARTESIAN_POINT('',(4.167439129969E-03,2.409995667064E-03));
#8350 = CARTESIAN_POINT('',(4.337130331931E-03,2.464588185589E-03));
#8351 = CARTESIAN_POINT('',(4.522198433366E-03,2.520353062068E-03));
#8352 = CARTESIAN_POINT('',(4.726753308489E-03,2.576934389687E-03));
#8353 = CARTESIAN_POINT('',(5.141973528751E-03,2.690673051065E-03));
#8354 = CARTESIAN_POINT('',(5.571781284437E-03,2.800643654487E-03));
#8355 = CARTESIAN_POINT('',(5.981831108896E-03,2.903852489915E-03));
#8356 = CARTESIAN_POINT('',(6.40502786046E-03,3.004191277447E-03));
#8357 = CARTESIAN_POINT('',(6.831941637278E-03,3.101140617024E-03));
#8358 = CARTESIAN_POINT('',(7.246112479267E-03,3.193411318918E-03));
#8359 = CARTESIAN_POINT('',(7.670502747358E-03,3.283733676483E-03));
#8360 = CARTESIAN_POINT('',(8.091355070263E-03,3.371004742604E-03));
#8361 = CARTESIAN_POINT('',(1.14559524847E-02,4.066212892063E-03));
#8362 = CARTESIAN_POINT('',(1.48265973024E-02,4.607276445671E-03));
#8363 = CARTESIAN_POINT('',(1.819649967505E-02,5.094107402903E-03));
#8364 = CARTESIAN_POINT('',(2.155756499267E-02,5.52798087781E-03));
#8365 = CARTESIAN_POINT('',(2.491425959672E-02,5.924056502959E-03));
#8366 = CARTESIAN_POINT('',(2.827019318133E-02,6.300683238465E-03));
#8367 = CARTESIAN_POINT('',(3.161802975908E-02,6.648064857514E-03));
#8368 = CARTESIAN_POINT('',(3.496333906843E-02,6.978863379767E-03));
#8369 = CARTESIAN_POINT('',(4.813488554389E-02,8.277976753441E-03));
#8370 = CARTESIAN_POINT('',(6.124417307802E-02,9.295102857023E-03));
#8371 = CARTESIAN_POINT('',(7.42865147571E-02,1.019218624294E-02));
#8372 = CARTESIAN_POINT('',(8.726288761534E-02,1.100758606872E-02));
#8373 = CARTESIAN_POINT('',(0.100175573954,1.174560933689E-02));
#8374 = CARTESIAN_POINT('',(0.113026059715,1.242124868752E-02));
#8375 = CARTESIAN_POINT('',(0.125815189917,1.306012474342E-02));
#8376 = CARTESIAN_POINT('',(0.138545581136,1.365363300795E-02));
#8377 = CARTESIAN_POINT('',(0.186284368509,1.58819538268E-02));
#8378 = CARTESIAN_POINT('',(0.233192364017,1.755409353745E-02));
#8379 = CARTESIAN_POINT('',(0.279362800706,1.898521134125E-02));
#8380 = CARTESIAN_POINT('',(0.324886537319,2.019124340243E-02));
#8381 = CARTESIAN_POINT('',(0.36984831147,2.121083265331E-02));
#8382 = CARTESIAN_POINT('',(0.414326607433,2.2097284902E-02));
#8383 = CARTESIAN_POINT('',(0.458395872044,2.283800974048E-02));
#8384 = CARTESIAN_POINT('',(0.502129812208,2.34589047507E-02));
#8385 = CARTESIAN_POINT('',(0.567730806851,2.438886279344E-02));
#8386 = CARTESIAN_POINT('',(0.632575189362,2.504389556937E-02));
#8387 = CARTESIAN_POINT('',(0.696906636746,2.545447982839E-02));
#8388 = CARTESIAN_POINT('',(0.760953998016,2.563875552965E-02));
#8389 = CARTESIAN_POINT('',(0.82493810517,2.560353852578E-02));
#8390 = CARTESIAN_POINT('',(0.889078584164,2.534533324717E-02));
#8391 = CARTESIAN_POINT('',(0.953600665893,2.485134538629E-02));
#8392 = CARTESIAN_POINT('',(1.018741997162,2.410049458191E-02));
#8393 = CARTESIAN_POINT('',(1.051312523176,2.372462787827E-02));
#8394 = CARTESIAN_POINT('',(1.084037708141,2.328449812975E-02));
#8395 = CARTESIAN_POINT('',(1.116947238843,2.277548263013E-02));
#8396 = CARTESIAN_POINT('',(1.150071514864,2.219349848888E-02));
#8397 = CARTESIAN_POINT('',(1.183441904199,2.153308969686E-02));
#8398 = CARTESIAN_POINT('',(1.217090998871,2.078551419208E-02));
#8399 = CARTESIAN_POINT('',(1.251052870553,1.993683092536E-02));
#8400 = CARTESIAN_POINT('',(1.28536332618,1.89659869261E-02));
#8401 = CARTESIAN_POINT('',(1.302518560356,1.848105130159E-02));
#8402 = CARTESIAN_POINT('',(1.319760912045,1.796380105592E-02));
#8403 = CARTESIAN_POINT('',(1.33709487812,1.741333923711E-02));
#8404 = CARTESIAN_POINT('',(1.354525043757,1.682650983116E-02));
#8405 = CARTESIAN_POINT('',(1.372056082437,1.619789776196E-02));
#8406 = CARTESIAN_POINT('',(1.389692755949,1.551982889134E-02));
#8407 = CARTESIAN_POINT('',(1.407439914383,1.478237001908E-02));
#8408 = CARTESIAN_POINT('',(1.425302496136,1.397332888288E-02));
#8409 = CARTESIAN_POINT('',(1.434233793805,1.356880961288E-02));
#8410 = CARTESIAN_POINT('',(1.443193895651,1.314464817006E-02));
#8411 = CARTESIAN_POINT('',(1.452183455969,1.270019225763E-02));
#8412 = CARTESIAN_POINT('',(1.461203088661,1.223319161398E-02));
#8413 = CARTESIAN_POINT('',(1.470253367244,1.173979801265E-02));
#8414 = CARTESIAN_POINT('',(1.479334824845,1.121456526237E-02));
#8415 = CARTESIAN_POINT('',(1.488447954203,1.065044920705E-02));
#8416 = CARTESIAN_POINT('',(1.497593207669,1.003880772576E-02));
#8417 = CARTESIAN_POINT('',(1.502165896941,9.732995981578E-03));
#8418 = CARTESIAN_POINT('',(1.506746385385,9.414043038241E-03));
#8419 = CARTESIAN_POINT('',(1.511334868788,9.081510557553E-03));
#8420 = CARTESIAN_POINT('',(1.515931459428,8.73380708093E-03));
#8421 = CARTESIAN_POINT('',(1.52053618608,8.3681880294E-03));
#8422 = CARTESIAN_POINT('',(1.525148994008,7.980755703604E-03));
#8423 = CARTESIAN_POINT('',(1.529769744975,7.566459283792E-03));
#8424 = CARTESIAN_POINT('',(1.534398217234,7.119094829825E-03));
#8425 = CARTESIAN_POINT('',(1.536712295564,6.895089360743E-03));
#8426 = CARTESIAN_POINT('',(1.539028915062,6.663399848131E-03));
#8427 = CARTESIAN_POINT('',(1.541347140572,6.419197675139E-03));
#8428 = CARTESIAN_POINT('',(1.543664072582,6.168329492305E-03));
#8429 = CARTESIAN_POINT('',(1.545988282449,5.902757972475E-03));
#8430 = CARTESIAN_POINT('',(1.548317108982,5.617551532614E-03));
#8431 = CARTESIAN_POINT('',(1.550630018352,5.322126513525E-03));
#8432 = CARTESIAN_POINT('',(1.552950229303,4.99844530848E-03));
#8433 = CARTESIAN_POINT('',(1.554109913081,4.836827593381E-03));
#8434 = CARTESIAN_POINT('',(1.555269868429,4.66866583854E-03));
#8435 = CARTESIAN_POINT('',(1.556430407115,4.493815216687E-03));
#8436 = CARTESIAN_POINT('',(1.557591642715,4.311436411802E-03));
#8437 = CARTESIAN_POINT('',(1.558753490611,4.119995619113E-03));
#8438 = CARTESIAN_POINT('',(1.559915667996,3.917264545095E-03));
#8439 = CARTESIAN_POINT('',(1.561077693869,3.700320407475E-03));
#8440 = CARTESIAN_POINT('',(1.562238889041,3.465545935226E-03));
#8441 = CARTESIAN_POINT('',(1.562819498882,3.348290725623E-03));
#8442 = CARTESIAN_POINT('',(1.563399846776,3.22609419348E-03));
#8443 = CARTESIAN_POINT('',(1.563979899062,3.098999382154E-03));
#8444 = CARTESIAN_POINT('',(1.56455954966,2.966450132136E-03));
#8445 = CARTESIAN_POINT('',(1.565138620067,2.827291081052E-03));
#8446 = CARTESIAN_POINT('',(1.565716859364,2.679767663662E-03));
#8447 = CARTESIAN_POINT('',(1.566293944206,2.52152611186E-03));
#8448 = CARTESIAN_POINT('',(1.566869478831,2.349613454673E-03));
#8449 = CARTESIAN_POINT('',(1.567013741116,2.306600424102E-03));
#8450 = CARTESIAN_POINT('',(1.56715707711,2.262667839076E-03));
#8451 = CARTESIAN_POINT('',(1.567300320197,2.217785741643E-03));
#8452 = CARTESIAN_POINT('',(1.56744390073,2.171902486685E-03));
#8453 = CARTESIAN_POINT('',(1.567587846026,2.124944741913E-03));
#8454 = CARTESIAN_POINT('',(1.567731780371,2.076817487873E-03));
#8455 = CARTESIAN_POINT('',(1.567874925017,2.027404017939E-03));
#8456 = CARTESIAN_POINT('',(1.568016098185,1.976565938318E-03));
#8457 = CARTESIAN_POINT('',(1.568224505354,1.900230766835E-03));
#8458 = CARTESIAN_POINT('',(1.568414289542,1.820735150416E-03));
#8459 = CARTESIAN_POINT('',(1.568594664826,1.741088644907E-03));
#8460 = CARTESIAN_POINT('',(1.568772561528,1.662761308704E-03));
#8461 = CARTESIAN_POINT('',(1.568952626213,1.585683702751E-03));
#8462 = CARTESIAN_POINT('',(1.569137221694,1.508246890539E-03));
#8463 = CARTESIAN_POINT('',(1.569326427027,1.427302438109E-03));
#8464 = CARTESIAN_POINT('',(1.569518037514,1.338162414048E-03));
#8465 = CARTESIAN_POINT('',(1.569613587936,1.293421212024E-03));
#8466 = CARTESIAN_POINT('',(1.569710169289,1.246920591471E-03));
#8467 = CARTESIAN_POINT('',(1.569807148078,1.197833977967E-03));
#8468 = CARTESIAN_POINT('',(1.569903890807,1.145334797091E-03));
#8469 = CARTESIAN_POINT('',(1.569999763984,1.088596474424E-03));
#8470 = CARTESIAN_POINT('',(1.570094134113,1.026792435543E-03));
#8471 = CARTESIAN_POINT('',(1.570186367701,9.590961060296E-04));
#8472 = CARTESIAN_POINT('',(1.570275831251,8.846809114615E-04));
#8473 = CARTESIAN_POINT('',(1.570365083444,8.108900635182E-04));
#8474 = CARTESIAN_POINT('',(1.570451141076,7.230700928681E-04));
#8475 = CARTESIAN_POINT('',(1.570530744276,6.540716115986E-04));
#8476 = CARTESIAN_POINT('',(1.5706179946,5.190135709729E-04));
#8477 = CARTESIAN_POINT('',(1.570662019814,4.397355309533E-04));
#8478 = CARTESIAN_POINT('',(1.570758115879,3.216627373749E-04));
#8479 = CARTESIAN_POINT('',(1.570795612447,1.607097351622E-04));
#8480 = CARTESIAN_POINT('',(1.570796326795,0.));
#8481 = ( GEOMETRIC_REPRESENTATION_CONTEXT(2) 
PARAMETRIC_REPRESENTATION_CONTEXT() REPRESENTATION_CONTEXT('2D SPACE',''
  ) );
#8482 = PCURVE('',#3502,#8483);
#8483 = DEFINITIONAL_REPRESENTATION('',(#8484),#8630);
#8484 = B_SPLINE_CURVE_WITH_KNOTS('',8,(#8485,#8486,#8487,#8488,#8489,
    #8490,#8491,#8492,#8493,#8494,#8495,#8496,#8497,#8498,#8499,#8500,
    #8501,#8502,#8503,#8504,#8505,#8506,#8507,#8508,#8509,#8510,#8511,
    #8512,#8513,#8514,#8515,#8516,#8517,#8518,#8519,#8520,#8521,#8522,
    #8523,#8524,#8525,#8526,#8527,#8528,#8529,#8530,#8531,#8532,#8533,
    #8534,#8535,#8536,#8537,#8538,#8539,#8540,#8541,#8542,#8543,#8544,
    #8545,#8546,#8547,#8548,#8549,#8550,#8551,#8552,#8553,#8554,#8555,
    #8556,#8557,#8558,#8559,#8560,#8561,#8562,#8563,#8564,#8565,#8566,
    #8567,#8568,#8569,#8570,#8571,#8572,#8573,#8574,#8575,#8576,#8577,
    #8578,#8579,#8580,#8581,#8582,#8583,#8584,#8585,#8586,#8587,#8588,
    #8589,#8590,#8591,#8592,#8593,#8594,#8595,#8596,#8597,#8598,#8599,
    #8600,#8601,#8602,#8603,#8604,#8605,#8606,#8607,#8608,#8609,#8610,
    #8611,#8612,#8613,#8614,#8615,#8616,#8617,#8618,#8619,#8620,#8621,
    #8622,#8623,#8624,#8625,#8626,#8627,#8628,#8629),.UNSPECIFIED.,.F.,
  .F.,(9,8,8,8,8,8,8,8,8,8,8,8,8,8,8,8,8,8,9),(0.,9.765625E-04,
    2.927780151367E-03,3.901483491063E-03,1.168350315129E-02,
    7.345328420433E-02,0.305089963153,0.652544981577,0.826272490788,
    0.913136245394,0.956568122697,0.978284061349,0.989142030674,
    0.994571015337,0.997285507669,0.997964130751,0.998982065376,
    0.999491032688,1.),.UNSPECIFIED.);
#8485 = CARTESIAN_POINT('',(1.570211665735,-63.50012026614));
#8486 = CARTESIAN_POINT('',(1.570196511286,-63.50081554197));
#8487 = CARTESIAN_POINT('',(1.570090378038,-63.50147572745));
#8488 = CARTESIAN_POINT('',(1.569975613784,-63.50161196204));
#8489 = CARTESIAN_POINT('',(1.569850879058,-63.50255015987));
#8490 = CARTESIAN_POINT('',(1.56971204566,-63.50254696082));
#8491 = CARTESIAN_POINT('',(1.569557929436,-63.5031001154));
#8492 = CARTESIAN_POINT('',(1.569401966555,-63.50336319036));
#8493 = CARTESIAN_POINT('',(1.569239990153,-63.50365760977));
#8494 = CARTESIAN_POINT('',(1.568916822831,-63.50423207795));
#8495 = CARTESIAN_POINT('',(1.568576548633,-63.50468120798));
#8496 = CARTESIAN_POINT('',(1.56823868271,-63.50504363671));
#8497 = CARTESIAN_POINT('',(1.567915715344,-63.50535170129));
#8498 = CARTESIAN_POINT('',(1.567613111954,-63.50563143918));
#8499 = CARTESIAN_POINT('',(1.567329313092,-63.50590258812));
#8500 = CARTESIAN_POINT('',(1.567055734444,-63.50617858615));
#8501 = CARTESIAN_POINT('',(1.566776766833,-63.50646657164));
#8502 = CARTESIAN_POINT('',(1.566636785337,-63.50660958821));
#8503 = CARTESIAN_POINT('',(1.566496770729,-63.50675676516));
#8504 = CARTESIAN_POINT('',(1.566353699506,-63.50690801291));
#8505 = CARTESIAN_POINT('',(1.566204548164,-63.50706324186));
#8506 = CARTESIAN_POINT('',(1.566046293202,-63.50722236244));
#8507 = CARTESIAN_POINT('',(1.565875911115,-63.50738528505));
#8508 = CARTESIAN_POINT('',(1.5656903784,-63.50755192012));
#8509 = CARTESIAN_POINT('',(1.565486671556,-63.50772217805));
#8510 = CARTESIAN_POINT('',(1.563811353724,-63.50909175166));
#8511 = CARTESIAN_POINT('',(1.562124954566,-63.5102046324));
#8512 = CARTESIAN_POINT('',(1.560437143602,-63.51118074179));
#8513 = CARTESIAN_POINT('',(1.558750924789,-63.5120794504));
#8514 = CARTESIAN_POINT('',(1.557065475018,-63.51292032589));
#8515 = CARTESIAN_POINT('',(1.55537898262,-63.5137038811));
#8516 = CARTESIAN_POINT('',(1.553691485865,-63.51443232209));
#8517 = CARTESIAN_POINT('',(1.552007711467,-63.5151302962));
#8518 = CARTESIAN_POINT('',(1.538635274248,-63.52065001794));
#8519 = CARTESIAN_POINT('',(1.525336124986,-63.52389897512));
#8520 = CARTESIAN_POINT('',(1.512094283781,-63.52746529831));
#8521 = CARTESIAN_POINT('',(1.498918048788,-63.52981703968));
#8522 = CARTESIAN_POINT('',(1.48581998708,-63.53253949682));
#8523 = CARTESIAN_POINT('',(1.472775752469,-63.53468121142));
#8524 = CARTESIAN_POINT('',(1.459800930798,-63.53679198292));
#8525 = CARTESIAN_POINT('',(1.446886206692,-63.5387253091));
#8526 = CARTESIAN_POINT('',(1.398456677644,-63.5459836138));
#8527 = CARTESIAN_POINT('',(1.350896322502,-63.55125463092));
#8528 = CARTESIAN_POINT('',(1.304109904263,-63.55579488307));
#8529 = CARTESIAN_POINT('',(1.258001730645,-63.55959272944));
#8530 = CARTESIAN_POINT('',(1.212483708429,-63.56278351719));
#8531 = CARTESIAN_POINT('',(1.167474637762,-63.56558263348));
#8532 = CARTESIAN_POINT('',(1.12289655002,-63.56790853174));
#8533 = CARTESIAN_POINT('',(1.078673892865,-63.56986780543));
#8534 = CARTESIAN_POINT('',(1.012339606614,-63.57280111283));
#8535 = CARTESIAN_POINT('',(0.946806220185,-63.57488027855));
#8536 = CARTESIAN_POINT('',(0.881821426395,-63.57620582632));
#8537 = CARTESIAN_POINT('',(0.81714880248,-63.57683734382));
#8538 = CARTESIAN_POINT('',(0.752560695855,-63.57679772121));
#8539 = CARTESIAN_POINT('',(0.687831109878,-63.5760773897));
#8540 = CARTESIAN_POINT('',(0.62272858961,-63.57463856009));
#8541 = CARTESIAN_POINT('',(0.557009107574,-63.57241946135));
#8542 = CARTESIAN_POINT('',(0.524149624039,-63.57131147348));
#8543 = CARTESIAN_POINT('',(0.491135679135,-63.56999986876));
#8544 = CARTESIAN_POINT('',(0.457937347078,-63.56848318562));
#8545 = CARTESIAN_POINT('',(0.424523447461,-63.56675005246));
#8546 = CARTESIAN_POINT('',(0.390861545254,-63.56477918764));
#8547 = CARTESIAN_POINT('',(0.3569179508,-63.56253939944));
#8548 = CARTESIAN_POINT('',(0.322657719821,-63.55998958612));
#8549 = CARTESIAN_POINT('',(0.288044653413,-63.55707873587));
#8550 = CARTESIAN_POINT('',(0.270738043738,-63.55562329874));
#8551 = CARTESIAN_POINT('',(0.25334315456,-63.55407019206));
#8552 = CARTESIAN_POINT('',(0.235855368194,-63.55241671526));
#8553 = CARTESIAN_POINT('',(0.21826997378,-63.5506533653));
#8554 = CARTESIAN_POINT('',(0.200582167279,-63.54876383661));
#8555 = CARTESIAN_POINT('',(0.182787051477,-63.54672502116));
#8556 = CARTESIAN_POINT('',(0.164879635983,-63.54450700838));
#8557 = CARTESIAN_POINT('',(0.14685483723,-63.54207308524));
#8558 = CARTESIAN_POINT('',(0.137842431041,-63.54085612236));
#8559 = CARTESIAN_POINT('',(0.128800730234,-63.53957992508));
#8560 = CARTESIAN_POINT('',(0.119729062409,-63.53824252551));
#8561 = CARTESIAN_POINT('',(0.110626795066,-63.53683714538));
#8562 = CARTESIAN_POINT('',(0.101493335603,-63.53535219602));
#8563 = CARTESIAN_POINT('',(9.232813131943E-02,-63.53377127837));
#8564 = CARTESIAN_POINT('',(8.313066941399E-02,-63.532073183));
#8565 = CARTESIAN_POINT('',(7.390047698472E-02,-63.53023189005));
#8566 = CARTESIAN_POINT('',(6.928531377082E-02,-63.52931126626));
#8567 = CARTESIAN_POINT('',(6.466219323788E-02,-63.52835104707));
#8568 = CARTESIAN_POINT('',(6.003092592207E-02,-63.52734991529));
#8569 = CARTESIAN_POINT('',(5.539140171456E-02,-63.52630308077));
#8570 = CARTESIAN_POINT('',(5.07435898615E-02,-63.52520228042));
#8571 = CARTESIAN_POINT('',(4.608753896401E-02,-63.52403577814));
#8572 = CARTESIAN_POINT('',(4.142337697819E-02,-63.52278836493));
#8573 = CARTESIAN_POINT('',(3.67513112151E-02,-63.52144135878));
#8574 = CARTESIAN_POINT('',(3.441533135624E-02,-63.52076781959));
#8575 = CARTESIAN_POINT('',(3.207765798331E-02,-63.52006708859));
#8576 = CARTESIAN_POINT('',(2.973762203127E-02,-63.51933754618));
#8577 = CARTESIAN_POINT('',(2.73951923902E-02,-63.51857550037));
#8578 = CARTESIAN_POINT('',(2.505097590526E-02,-63.51777518688));
#8579 = CARTESIAN_POINT('',(2.270621737671E-02,-63.51692876908));
#8580 = CARTESIAN_POINT('',(2.036279955993E-02,-63.51602633803));
#8581 = CARTESIAN_POINT('',(1.802324316535E-02,-63.51505591245));
#8582 = CARTESIAN_POINT('',(1.685254339007E-02,-63.51456940489));
#8583 = CARTESIAN_POINT('',(1.568160113731E-02,-63.51406301963));
#8584 = CARTESIAN_POINT('',(1.45100784488E-02,-63.5135364637));
#8585 = CARTESIAN_POINT('',(1.333784223074E-02,-63.51298730109));
#8586 = CARTESIAN_POINT('',(1.216496425379E-02,-63.51241095277));
#8587 = CARTESIAN_POINT('',(1.099172115309E-02,-63.51180069667));
#8588 = CARTESIAN_POINT('',(9.818594428254E-03,-63.51114766768));
#8589 = CARTESIAN_POINT('',(8.646270443351E-03,-63.51044085768));
#8590 = CARTESIAN_POINT('',(8.06009584383E-03,-63.51008786132));
#8591 = CARTESIAN_POINT('',(7.474176848842E-03,-63.50971995579));
#8592 = CARTESIAN_POINT('',(6.888546424567E-03,-63.50933729764));
#8593 = CARTESIAN_POINT('',(6.303310670754E-03,-63.50893823654));
#8594 = CARTESIAN_POINT('',(5.718648820718E-03,-63.5085193152));
#8595 = CARTESIAN_POINT('',(5.134813241343E-03,-63.50807526946));
#8596 = CARTESIAN_POINT('',(4.55212943308E-03,-63.50759902821));
#8597 = CARTESIAN_POINT('',(3.970996029945E-03,-63.50708171343));
#8598 = CARTESIAN_POINT('',(3.825601468256E-03,-63.50695303795));
#8599 = CARTESIAN_POINT('',(3.680370918283E-03,-63.5068210361));
#8600 = CARTESIAN_POINT('',(3.535304380027E-03,-63.5066857079));
#8601 = CARTESIAN_POINT('',(3.390401853489E-03,-63.50654705335));
#8602 = CARTESIAN_POINT('',(3.245663338668E-03,-63.50640507243));
#8603 = CARTESIAN_POINT('',(3.101088835565E-03,-63.50625976517));
#8604 = CARTESIAN_POINT('',(2.956678344179E-03,-63.50611113154));
#8605 = CARTESIAN_POINT('',(2.81243186451E-03,-63.50595917156));
#8606 = CARTESIAN_POINT('',(2.599352794882E-03,-63.50572955168));
#8607 = CARTESIAN_POINT('',(2.406390890783E-03,-63.5054891518));
#8608 = CARTESIAN_POINT('',(2.223826256217E-03,-63.50524773206));
#8609 = CARTESIAN_POINT('',(2.044313633304E-03,-63.5050102537));
#8610 = CARTESIAN_POINT('',(1.862882402279E-03,-63.50477687906));
#8611 = CARTESIAN_POINT('',(1.676936581495E-03,-63.50454297162));
#8612 = CARTESIAN_POINT('',(1.486254827418E-03,-63.50429909596));
#8613 = CARTESIAN_POINT('',(1.292990434631E-03,-63.50403101774));
#8614 = CARTESIAN_POINT('',(1.196623213946E-03,-63.50389644511));
#8615 = CARTESIAN_POINT('',(1.09916359302E-03,-63.5037567241));
#8616 = CARTESIAN_POINT('',(1.00125289798E-03,-63.5036093256));
#8617 = CARTESIAN_POINT('',(9.035324549527E-04,-63.5034517205));
#8618 = CARTESIAN_POINT('',(8.066435900656E-04,-63.50328137968));
#8619 = CARTESIAN_POINT('',(7.112276294458E-04,-63.50309577402));
#8620 = CARTESIAN_POINT('',(6.179258992202E-04,-63.50289237441));
#8621 = CARTESIAN_POINT('',(5.273797255161E-04,-63.50266865174));
#8622 = CARTESIAN_POINT('',(4.370822537574E-04,-63.50244674629));
#8623 = CARTESIAN_POINT('',(3.497236102295E-04,-63.50218299723));
#8624 = CARTESIAN_POINT('',(2.699369073579E-04,-63.50197306291));
#8625 = CARTESIAN_POINT('',(1.798805205116E-04,-63.50157181597));
#8626 = CARTESIAN_POINT('',(1.371991921309E-04,-63.501323653));
#8627 = CARTESIAN_POINT('',(3.891778190259E-05,-63.5009749428));
#8628 = CARTESIAN_POINT('',(7.24850419891E-07,-63.5004861215));
#8629 = CARTESIAN_POINT('',(0.,-63.5));
#8630 = ( GEOMETRIC_REPRESENTATION_CONTEXT(2) 
PARAMETRIC_REPRESENTATION_CONTEXT() REPRESENTATION_CONTEXT('2D SPACE',''
  ) );
#8631 = ORIENTED_EDGE('',*,*,#8021,.T.);
#8632 = ADVANCED_FACE('',(#8633),#8010,.F.);
#8633 = FACE_BOUND('',#8634,.F.);
#8634 = EDGE_LOOP('',(#8635,#8660,#8679,#8680,#8701));
#8635 = ORIENTED_EDGE('',*,*,#8636,.T.);
#8636 = EDGE_CURVE('',#8637,#8639,#8641,.T.);
#8637 = VERTEX_POINT('',#8638);
#8638 = CARTESIAN_POINT('',(-98.75,52.,66.5));
#8639 = VERTEX_POINT('',#8640);
#8640 = CARTESIAN_POINT('',(-98.75,-52.,66.5));
#8641 = SURFACE_CURVE('',#8642,(#8646,#8653),.PCURVE_S1.);
#8642 = LINE('',#8643,#8644);
#8643 = CARTESIAN_POINT('',(-98.75,52.,66.5));
#8644 = VECTOR('',#8645,1.);
#8645 = DIRECTION('',(0.,-1.,1.224646799147E-16));
#8646 = PCURVE('',#8010,#8647);
#8647 = DEFINITIONAL_REPRESENTATION('',(#8648),#8652);
#8648 = LINE('',#8649,#8650);
#8649 = CARTESIAN_POINT('',(19.5,31.75));
#8650 = VECTOR('',#8651,1.);
#8651 = DIRECTION('',(-1.,3.145119621529E-17));
#8652 = ( GEOMETRIC_REPRESENTATION_CONTEXT(2) 
PARAMETRIC_REPRESENTATION_CONTEXT() REPRESENTATION_CONTEXT('2D SPACE',''
  ) );
#8653 = PCURVE('',#471,#8654);
#8654 = DEFINITIONAL_REPRESENTATION('',(#8655),#8659);
#8655 = LINE('',#8656,#8657);
#8656 = CARTESIAN_POINT('',(11.25,13.));
#8657 = VECTOR('',#8658,1.);
#8658 = DIRECTION('',(0.,1.));
#8659 = ( GEOMETRIC_REPRESENTATION_CONTEXT(2) 
PARAMETRIC_REPRESENTATION_CONTEXT() REPRESENTATION_CONTEXT('2D SPACE',''
  ) );
#8660 = ORIENTED_EDGE('',*,*,#8661,.T.);
#8661 = EDGE_CURVE('',#8639,#7994,#8662,.T.);
#8662 = SURFACE_CURVE('',#8663,(#8666,#8672),.PCURVE_S1.);
#8663 = B_SPLINE_CURVE_WITH_KNOTS('',1,(#8664,#8665),.UNSPECIFIED.,.F.,
  .F.,(2,2),(0.,63.5),.PIECEWISE_BEZIER_KNOTS.);
#8664 = CARTESIAN_POINT('',(-98.75,-52.,66.5));
#8665 = CARTESIAN_POINT('',(-98.75,-52.,3.));
#8666 = PCURVE('',#8010,#8667);
#8667 = DEFINITIONAL_REPRESENTATION('',(#8668),#8671);
#8668 = B_SPLINE_CURVE_WITH_KNOTS('',1,(#8669,#8670),.UNSPECIFIED.,.F.,
  .F.,(2,2),(0.,63.5),.PIECEWISE_BEZIER_KNOTS.);
#8669 = CARTESIAN_POINT('',(-84.5,31.75));
#8670 = CARTESIAN_POINT('',(-84.5,-31.75));
#8671 = ( GEOMETRIC_REPRESENTATION_CONTEXT(2) 
PARAMETRIC_REPRESENTATION_CONTEXT() REPRESENTATION_CONTEXT('2D SPACE',''
  ) );
#8672 = PCURVE('',#3502,#8673);
#8673 = DEFINITIONAL_REPRESENTATION('',(#8674),#8678);
#8674 = B_SPLINE_CURVE_WITH_KNOTS('',2,(#8675,#8676,#8677),
  .UNSPECIFIED.,.F.,.F.,(3,3),(0.,63.5),.PIECEWISE_BEZIER_KNOTS.);
#8675 = CARTESIAN_POINT('',(-1.971148783494E-15,7.105427357601E-15));
#8676 = CARTESIAN_POINT('',(-1.851333857439E-15,-31.75));
#8677 = CARTESIAN_POINT('',(0.,-63.5));
#8678 = ( GEOMETRIC_REPRESENTATION_CONTEXT(2) 
PARAMETRIC_REPRESENTATION_CONTEXT() REPRESENTATION_CONTEXT('2D SPACE',''
  ) );
#8679 = ORIENTED_EDGE('',*,*,#7993,.T.);
#8680 = ORIENTED_EDGE('',*,*,#8681,.F.);
#8681 = EDGE_CURVE('',#8682,#7996,#8684,.T.);
#8682 = VERTEX_POINT('',#8683);
#8683 = CARTESIAN_POINT('',(-98.75,52.,3.));
#8684 = SURFACE_CURVE('',#8685,(#8688,#8694),.PCURVE_S1.);
#8685 = B_SPLINE_CURVE_WITH_KNOTS('',1,(#8686,#8687),.UNSPECIFIED.,.F.,
  .F.,(2,2),(0.,39.),.PIECEWISE_BEZIER_KNOTS.);
#8686 = CARTESIAN_POINT('',(-98.75,52.,3.));
#8687 = CARTESIAN_POINT('',(-98.75,13.,3.));
#8688 = PCURVE('',#8010,#8689);
#8689 = DEFINITIONAL_REPRESENTATION('',(#8690),#8693);
#8690 = B_SPLINE_CURVE_WITH_KNOTS('',1,(#8691,#8692),.UNSPECIFIED.,.F.,
  .F.,(2,2),(0.,39.),.PIECEWISE_BEZIER_KNOTS.);
#8691 = CARTESIAN_POINT('',(19.5,-31.75));
#8692 = CARTESIAN_POINT('',(-19.5,-31.75));
#8693 = ( GEOMETRIC_REPRESENTATION_CONTEXT(2) 
PARAMETRIC_REPRESENTATION_CONTEXT() REPRESENTATION_CONTEXT('2D SPACE',''
  ) );
#8694 = PCURVE('',#5601,#8695);
#8695 = DEFINITIONAL_REPRESENTATION('',(#8696),#8700);
#8696 = B_SPLINE_CURVE_WITH_KNOTS('',2,(#8697,#8698,#8699),
  .UNSPECIFIED.,.F.,.F.,(3,3),(0.,39.),.PIECEWISE_BEZIER_KNOTS.);
#8697 = CARTESIAN_POINT('',(0.,104.));
#8698 = CARTESIAN_POINT('',(0.,84.5));
#8699 = CARTESIAN_POINT('',(0.,65.));
#8700 = ( GEOMETRIC_REPRESENTATION_CONTEXT(2) 
PARAMETRIC_REPRESENTATION_CONTEXT() REPRESENTATION_CONTEXT('2D SPACE',''
  ) );
#8701 = ORIENTED_EDGE('',*,*,#8702,.T.);
#8702 = EDGE_CURVE('',#8682,#8637,#8703,.T.);
#8703 = SURFACE_CURVE('',#8704,(#8707,#8713),.PCURVE_S1.);
#8704 = B_SPLINE_CURVE_WITH_KNOTS('',1,(#8705,#8706),.UNSPECIFIED.,.F.,
  .F.,(2,2),(0.,63.5),.PIECEWISE_BEZIER_KNOTS.);
#8705 = CARTESIAN_POINT('',(-98.75,52.,3.));
#8706 = CARTESIAN_POINT('',(-98.75,52.,66.5));
#8707 = PCURVE('',#8010,#8708);
#8708 = DEFINITIONAL_REPRESENTATION('',(#8709),#8712);
#8709 = B_SPLINE_CURVE_WITH_KNOTS('',1,(#8710,#8711),.UNSPECIFIED.,.F.,
  .F.,(2,2),(0.,63.5),.PIECEWISE_BEZIER_KNOTS.);
#8710 = CARTESIAN_POINT('',(19.5,-31.75));
#8711 = CARTESIAN_POINT('',(19.5,31.75));
#8712 = ( GEOMETRIC_REPRESENTATION_CONTEXT(2) 
PARAMETRIC_REPRESENTATION_CONTEXT() REPRESENTATION_CONTEXT('2D SPACE',''
  ) );
#8713 = PCURVE('',#132,#8714);
#8714 = DEFINITIONAL_REPRESENTATION('',(#8715),#8719);
#8715 = B_SPLINE_CURVE_WITH_KNOTS('',2,(#8716,#8717,#8718),
  .UNSPECIFIED.,.F.,.F.,(3,3),(0.,63.5),.PIECEWISE_BEZIER_KNOTS.);
#8716 = CARTESIAN_POINT('',(1.570796326795,79.));
#8717 = CARTESIAN_POINT('',(1.570796326795,47.25));
#8718 = CARTESIAN_POINT('',(1.570796326795,15.5));
#8719 = ( GEOMETRIC_REPRESENTATION_CONTEXT(2) 
PARAMETRIC_REPRESENTATION_CONTEXT() REPRESENTATION_CONTEXT('2D SPACE',''
  ) );
#8720 = ADVANCED_FACE('',(#8721),#5862,.T.);
#8721 = FACE_BOUND('',#8722,.T.);
#8722 = EDGE_LOOP('',(#8723,#8744,#8745,#8746));
#8723 = ORIENTED_EDGE('',*,*,#8724,.F.);
#8724 = EDGE_CURVE('',#8079,#5819,#8725,.T.);
#8725 = SURFACE_CURVE('',#8726,(#8730,#8737),.PCURVE_S1.);
#8726 = ( BOUNDED_CURVE() B_SPLINE_CURVE(2,(#8727,#8728,#8729),
.UNSPECIFIED.,.F.,.F.) B_SPLINE_CURVE_WITH_KNOTS((3,3),(0.16744807922,
1.570796326795),.PIECEWISE_BEZIER_KNOTS.) CURVE() 
GEOMETRIC_REPRESENTATION_ITEM() RATIONAL_B_SPLINE_CURVE((1.,
0.763762615826,1.)) REPRESENTATION_ITEM('') );
#8727 = CARTESIAN_POINT('',(-90.72969543147,-59.95803989155,2.5));
#8728 = CARTESIAN_POINT('',(-90.72969543147,-59.53546276418,
    1.42108547152E-14));
#8729 = CARTESIAN_POINT('',(-90.72969543147,-57.,0.));
#8730 = PCURVE('',#5862,#8731);
#8731 = DEFINITIONAL_REPRESENTATION('',(#8732),#8736);
#8732 = B_SPLINE_CURVE_WITH_KNOTS('',2,(#8733,#8734,#8735),
  .UNSPECIFIED.,.F.,.F.,(3,3),(0.16744807922,1.570796326795),
  .PIECEWISE_BEZIER_KNOTS.);
#8733 = CARTESIAN_POINT('',(0.,0.16744807922));
#8734 = CARTESIAN_POINT('',(-2.919276687298E-15,0.869122203007));
#8735 = CARTESIAN_POINT('',(2.646948825631E-30,1.570796326795));
#8736 = ( GEOMETRIC_REPRESENTATION_CONTEXT(2) 
PARAMETRIC_REPRESENTATION_CONTEXT() REPRESENTATION_CONTEXT('2D SPACE',''
  ) );
#8737 = PCURVE('',#5832,#8738);
#8738 = DEFINITIONAL_REPRESENTATION('',(#8739),#8743);
#8739 = B_SPLINE_CURVE_WITH_KNOTS('',2,(#8740,#8741,#8742),
  .UNSPECIFIED.,.F.,.F.,(3,3),(0.16744807922,1.570796326795),
  .PIECEWISE_BEZIER_KNOTS.);
#8740 = CARTESIAN_POINT('',(0.16744807922,181.));
#8741 = CARTESIAN_POINT('',(0.869122203007,181.));
#8742 = CARTESIAN_POINT('',(1.570796326795,181.));
#8743 = ( GEOMETRIC_REPRESENTATION_CONTEXT(2) 
PARAMETRIC_REPRESENTATION_CONTEXT() REPRESENTATION_CONTEXT('2D SPACE',''
  ) );
#8744 = ORIENTED_EDGE('',*,*,#8078,.T.);
#8745 = ORIENTED_EDGE('',*,*,#7945,.T.);
#8746 = ORIENTED_EDGE('',*,*,#5846,.F.);
#8747 = ADVANCED_FACE('',(#8748),#5832,.F.);
#8748 = FACE_BOUND('',#8749,.F.);
#8749 = EDGE_LOOP('',(#8750,#8772,#8799,#8800));
#8750 = ORIENTED_EDGE('',*,*,#8751,.F.);
#8751 = EDGE_CURVE('',#8752,#8079,#8754,.T.);
#8752 = VERTEX_POINT('',#8753);
#8753 = CARTESIAN_POINT('',(-90.5,-59.95803989155,2.5));
#8754 = SURFACE_CURVE('',#8755,(#8758,#8765),.PCURVE_S1.);
#8755 = B_SPLINE_CURVE_WITH_KNOTS('',1,(#8756,#8757),.UNSPECIFIED.,.F.,
  .F.,(2,2),(0.,181.),.PIECEWISE_BEZIER_KNOTS.);
#8756 = CARTESIAN_POINT('',(90.729695431472,-59.95803989155,2.5));
#8757 = CARTESIAN_POINT('',(-90.72969543147,-59.95803989155,2.5));
#8758 = PCURVE('',#5832,#8759);
#8759 = DEFINITIONAL_REPRESENTATION('',(#8760),#8764);
#8760 = B_SPLINE_CURVE_WITH_KNOTS('',2,(#8761,#8762,#8763),
  .UNSPECIFIED.,.F.,.F.,(3,3),(0.,181.),.PIECEWISE_BEZIER_KNOTS.);
#8761 = CARTESIAN_POINT('',(0.16744807922,0.));
#8762 = CARTESIAN_POINT('',(0.16744807922,90.5));
#8763 = CARTESIAN_POINT('',(0.16744807922,181.));
#8764 = ( GEOMETRIC_REPRESENTATION_CONTEXT(2) 
PARAMETRIC_REPRESENTATION_CONTEXT() REPRESENTATION_CONTEXT('2D SPACE',''
  ) );
#8765 = PCURVE('',#3530,#8766);
#8766 = DEFINITIONAL_REPRESENTATION('',(#8767),#8771);
#8767 = B_SPLINE_CURVE_WITH_KNOTS('',2,(#8768,#8769,#8770),
  .UNSPECIFIED.,.F.,.F.,(3,3),(0.,181.),.PIECEWISE_BEZIER_KNOTS.);
#8768 = CARTESIAN_POINT('',(0.16744807922,0.));
#8769 = CARTESIAN_POINT('',(0.16744807922,90.5));
#8770 = CARTESIAN_POINT('',(0.16744807922,181.));
#8771 = ( GEOMETRIC_REPRESENTATION_CONTEXT(2) 
PARAMETRIC_REPRESENTATION_CONTEXT() REPRESENTATION_CONTEXT('2D SPACE',''
  ) );
#8772 = ORIENTED_EDGE('',*,*,#8773,.T.);
#8773 = EDGE_CURVE('',#8752,#5796,#8774,.T.);
#8774 = SURFACE_CURVE('',#8775,(#8780,#8792),.PCURVE_S1.);
#8775 = CIRCLE('',#8776,3.);
#8776 = AXIS2_PLACEMENT_3D('',#8777,#8778,#8779);
#8777 = CARTESIAN_POINT('',(-90.5,-57.,3.));
#8778 = DIRECTION('',(1.,0.,0.));
#8779 = DIRECTION('',(0.,-1.,1.224646799147E-16));
#8780 = PCURVE('',#5832,#8781);
#8781 = DEFINITIONAL_REPRESENTATION('',(#8782),#8791);
#8782 = B_SPLINE_CURVE_WITH_KNOTS('',7,(#8783,#8784,#8785,#8786,#8787,
    #8788,#8789,#8790),.UNSPECIFIED.,.F.,.F.,(8,8),(0.16744807922,
    1.570796326795),.PIECEWISE_BEZIER_KNOTS.);
#8783 = CARTESIAN_POINT('',(0.16744807922,180.77088607594));
#8784 = CARTESIAN_POINT('',(0.385373598871,180.77088607671));
#8785 = CARTESIAN_POINT('',(0.584647379843,180.77088607282));
#8786 = CARTESIAN_POINT('',(0.775279069405,180.77088608109));
#8787 = CARTESIAN_POINT('',(0.962965336609,180.77088606945));
#8788 = CARTESIAN_POINT('',(1.153597026173,180.7708860784));
#8789 = CARTESIAN_POINT('',(1.352870807147,180.77088607554));
#8790 = CARTESIAN_POINT('',(1.570796326795,180.77088607594));
#8791 = ( GEOMETRIC_REPRESENTATION_CONTEXT(2) 
PARAMETRIC_REPRESENTATION_CONTEXT() REPRESENTATION_CONTEXT('2D SPACE',''
  ) );
#8792 = PCURVE('',#3560,#8793);
#8793 = DEFINITIONAL_REPRESENTATION('',(#8794),#8798);
#8794 = LINE('',#8795,#8796);
#8795 = CARTESIAN_POINT('',(-0.,181.));
#8796 = VECTOR('',#8797,1.);
#8797 = DIRECTION('',(-1.,0.));
#8798 = ( GEOMETRIC_REPRESENTATION_CONTEXT(2) 
PARAMETRIC_REPRESENTATION_CONTEXT() REPRESENTATION_CONTEXT('2D SPACE',''
  ) );
#8799 = ORIENTED_EDGE('',*,*,#5818,.T.);
#8800 = ORIENTED_EDGE('',*,*,#8724,.F.);
#8801 = ADVANCED_FACE('',(#8802),#5760,.F.);
#8802 = FACE_BOUND('',#8803,.F.);
#8803 = EDGE_LOOP('',(#8804,#8829,#8853,#8874,#8895));
#8804 = ORIENTED_EDGE('',*,*,#8805,.T.);
#8805 = EDGE_CURVE('',#5747,#8806,#8808,.T.);
#8806 = VERTEX_POINT('',#8807);
#8807 = CARTESIAN_POINT('',(98.707933393813,13.,2.5));
#8808 = SURFACE_CURVE('',#8809,(#8813,#8820),.PCURVE_S1.);
#8809 = ( BOUNDED_CURVE() B_SPLINE_CURVE(2,(#8810,#8811,#8812),
.UNSPECIFIED.,.F.,.F.) B_SPLINE_CURVE_WITH_KNOTS((3,3),(4.712388980385,
6.28318530718),.PIECEWISE_BEZIER_KNOTS.) CURVE() 
GEOMETRIC_REPRESENTATION_ITEM() RATIONAL_B_SPLINE_CURVE((1.,
0.707106781187,1.)) REPRESENTATION_ITEM('') );
#8810 = CARTESIAN_POINT('',(95.742385786802,13.,0.));
#8811 = CARTESIAN_POINT('',(98.75,13.,0.));
#8812 = CARTESIAN_POINT('',(98.75,13.,3.));
#8813 = PCURVE('',#5760,#8814);
#8814 = DEFINITIONAL_REPRESENTATION('',(#8815),#8819);
#8815 = B_SPLINE_CURVE_WITH_KNOTS('',2,(#8816,#8817,#8818),
  .UNSPECIFIED.,.F.,.F.,(3,3),(4.712388980385,6.28318530718),
  .PIECEWISE_BEZIER_KNOTS.);
#8816 = CARTESIAN_POINT('',(1.570796326795,39.));
#8817 = CARTESIAN_POINT('',(0.785398163397,39.));
#8818 = CARTESIAN_POINT('',(0.,39.));
#8819 = ( GEOMETRIC_REPRESENTATION_CONTEXT(2) 
PARAMETRIC_REPRESENTATION_CONTEXT() REPRESENTATION_CONTEXT('2D SPACE',''
  ) );
#8820 = PCURVE('',#5437,#8821);
#8821 = DEFINITIONAL_REPRESENTATION('',(#8822),#8828);
#8822 = B_SPLINE_CURVE_WITH_KNOTS('',4,(#8823,#8824,#8825,#8826,#8827),
  .UNSPECIFIED.,.F.,.F.,(5,5),(4.712388980385,6.103024024164),
  .PIECEWISE_BEZIER_KNOTS.);
#8823 = CARTESIAN_POINT('',(1.570796326795,39.));
#8824 = CARTESIAN_POINT('',(1.230553184474,39.));
#8825 = CARTESIAN_POINT('',(0.883460590729,39.));
#8826 = CARTESIAN_POINT('',(0.529208916363,39.));
#8827 = CARTESIAN_POINT('',(0.16744807922,39.));
#8828 = ( GEOMETRIC_REPRESENTATION_CONTEXT(2) 
PARAMETRIC_REPRESENTATION_CONTEXT() REPRESENTATION_CONTEXT('2D SPACE',''
  ) );
#8829 = ORIENTED_EDGE('',*,*,#8830,.T.);
#8830 = EDGE_CURVE('',#8806,#8831,#8833,.T.);
#8831 = VERTEX_POINT('',#8832);
#8832 = CARTESIAN_POINT('',(98.75,13.,3.));
#8833 = SURFACE_CURVE('',#8834,(#8838,#8845),.PCURVE_S1.);
#8834 = ( BOUNDED_CURVE() B_SPLINE_CURVE(2,(#8835,#8836,#8837),
.UNSPECIFIED.,.F.,.F.) B_SPLINE_CURVE_WITH_KNOTS((3,3),(4.712388980385,
6.28318530718),.PIECEWISE_BEZIER_KNOTS.) CURVE() 
GEOMETRIC_REPRESENTATION_ITEM() RATIONAL_B_SPLINE_CURVE((1.,
0.707106781187,1.)) REPRESENTATION_ITEM('') );
#8835 = CARTESIAN_POINT('',(95.742385786802,13.,0.));
#8836 = CARTESIAN_POINT('',(98.75,13.,0.));
#8837 = CARTESIAN_POINT('',(98.75,13.,3.));
#8838 = PCURVE('',#5760,#8839);
#8839 = DEFINITIONAL_REPRESENTATION('',(#8840),#8844);
#8840 = B_SPLINE_CURVE_WITH_KNOTS('',2,(#8841,#8842,#8843),
  .UNSPECIFIED.,.F.,.F.,(3,3),(4.712388980385,6.28318530718),
  .PIECEWISE_BEZIER_KNOTS.);
#8841 = CARTESIAN_POINT('',(1.570796326795,39.));
#8842 = CARTESIAN_POINT('',(0.785398163397,39.));
#8843 = CARTESIAN_POINT('',(0.,39.));
#8844 = ( GEOMETRIC_REPRESENTATION_CONTEXT(2) 
PARAMETRIC_REPRESENTATION_CONTEXT() REPRESENTATION_CONTEXT('2D SPACE',''
  ) );
#8845 = PCURVE('',#5276,#8846);
#8846 = DEFINITIONAL_REPRESENTATION('',(#8847),#8852);
#8847 = B_SPLINE_CURVE_WITH_KNOTS('',3,(#8848,#8849,#8850,#8851),
  .UNSPECIFIED.,.F.,.F.,(4,4),(6.103024024164,6.28318530718),
  .PIECEWISE_BEZIER_KNOTS.);
#8848 = CARTESIAN_POINT('',(0.16744807922,39.));
#8849 = CARTESIAN_POINT('',(0.109894147118,39.));
#8850 = CARTESIAN_POINT('',(5.413059872847E-02,39.));
#8851 = CARTESIAN_POINT('',(-1.387778780781E-17,39.));
#8852 = ( GEOMETRIC_REPRESENTATION_CONTEXT(2) 
PARAMETRIC_REPRESENTATION_CONTEXT() REPRESENTATION_CONTEXT('2D SPACE',''
  ) );
#8853 = ORIENTED_EDGE('',*,*,#8854,.T.);
#8854 = EDGE_CURVE('',#8831,#8855,#8857,.T.);
#8855 = VERTEX_POINT('',#8856);
#8856 = CARTESIAN_POINT('',(98.75,52.,3.));
#8857 = SURFACE_CURVE('',#8858,(#8861,#8868),.PCURVE_S1.);
#8858 = B_SPLINE_CURVE_WITH_KNOTS('',1,(#8859,#8860),.UNSPECIFIED.,.F.,
  .F.,(2,2),(65.,104.),.PIECEWISE_BEZIER_KNOTS.);
#8859 = CARTESIAN_POINT('',(98.75,13.,3.));
#8860 = CARTESIAN_POINT('',(98.75,52.,3.));
#8861 = PCURVE('',#5760,#8862);
#8862 = DEFINITIONAL_REPRESENTATION('',(#8863),#8867);
#8863 = B_SPLINE_CURVE_WITH_KNOTS('',2,(#8864,#8865,#8866),
  .UNSPECIFIED.,.F.,.F.,(3,3),(65.,104.),.PIECEWISE_BEZIER_KNOTS.);
#8864 = CARTESIAN_POINT('',(0.,39.));
#8865 = CARTESIAN_POINT('',(0.,19.5));
#8866 = CARTESIAN_POINT('',(0.,0.));
#8867 = ( GEOMETRIC_REPRESENTATION_CONTEXT(2) 
PARAMETRIC_REPRESENTATION_CONTEXT() REPRESENTATION_CONTEXT('2D SPACE',''
  ) );
#8868 = PCURVE('',#5305,#8869);
#8869 = DEFINITIONAL_REPRESENTATION('',(#8870),#8873);
#8870 = B_SPLINE_CURVE_WITH_KNOTS('',1,(#8871,#8872),.UNSPECIFIED.,.F.,
  .F.,(2,2),(65.,104.),.PIECEWISE_BEZIER_KNOTS.);
#8871 = CARTESIAN_POINT('',(19.5,-31.75));
#8872 = CARTESIAN_POINT('',(-19.5,-31.75));
#8873 = ( GEOMETRIC_REPRESENTATION_CONTEXT(2) 
PARAMETRIC_REPRESENTATION_CONTEXT() REPRESENTATION_CONTEXT('2D SPACE',''
  ) );
#8874 = ORIENTED_EDGE('',*,*,#8875,.T.);
#8875 = EDGE_CURVE('',#8855,#5714,#8876,.T.);
#8876 = SURFACE_CURVE('',#8877,(#8881,#8888),.PCURVE_S1.);
#8877 = ( BOUNDED_CURVE() B_SPLINE_CURVE(2,(#8878,#8879,#8880),
.UNSPECIFIED.,.F.,.F.) B_SPLINE_CURVE_WITH_KNOTS((3,3),(0.,
1.570796326795),.PIECEWISE_BEZIER_KNOTS.) CURVE() 
GEOMETRIC_REPRESENTATION_ITEM() RATIONAL_B_SPLINE_CURVE((1.,
0.707106781187,1.)) REPRESENTATION_ITEM('') );
#8878 = CARTESIAN_POINT('',(98.75,52.,3.));
#8879 = CARTESIAN_POINT('',(98.75,52.,0.));
#8880 = CARTESIAN_POINT('',(95.742385786802,52.,0.));
#8881 = PCURVE('',#5760,#8882);
#8882 = DEFINITIONAL_REPRESENTATION('',(#8883),#8887);
#8883 = B_SPLINE_CURVE_WITH_KNOTS('',2,(#8884,#8885,#8886),
  .UNSPECIFIED.,.F.,.F.,(3,3),(0.,1.570796326795),
  .PIECEWISE_BEZIER_KNOTS.);
#8884 = CARTESIAN_POINT('',(0.,0.));
#8885 = CARTESIAN_POINT('',(0.785398163397,-2.089831575765E-14));
#8886 = CARTESIAN_POINT('',(1.570796326795,0.));
#8887 = ( GEOMETRIC_REPRESENTATION_CONTEXT(2) 
PARAMETRIC_REPRESENTATION_CONTEXT() REPRESENTATION_CONTEXT('2D SPACE',''
  ) );
#8888 = PCURVE('',#5729,#8889);
#8889 = DEFINITIONAL_REPRESENTATION('',(#8890),#8894);
#8890 = B_SPLINE_CURVE_WITH_KNOTS('',2,(#8891,#8892,#8893),
  .UNSPECIFIED.,.F.,.F.,(3,3),(0.,1.570796326795),
  .PIECEWISE_BEZIER_KNOTS.);
#8891 = CARTESIAN_POINT('',(1.570796326795,0.));
#8892 = CARTESIAN_POINT('',(1.570796326795,0.785398163397));
#8893 = CARTESIAN_POINT('',(1.570796326795,1.570796326795));
#8894 = ( GEOMETRIC_REPRESENTATION_CONTEXT(2) 
PARAMETRIC_REPRESENTATION_CONTEXT() REPRESENTATION_CONTEXT('2D SPACE',''
  ) );
#8895 = ORIENTED_EDGE('',*,*,#5746,.T.);
#8896 = ADVANCED_FACE('',(#8897),#5729,.T.);
#8897 = FACE_BOUND('',#8898,.T.);
#8898 = EDGE_LOOP('',(#8899,#8920,#8941,#8942));
#8899 = ORIENTED_EDGE('',*,*,#8900,.F.);
#8900 = EDGE_CURVE('',#203,#5693,#8901,.T.);
#8901 = SURFACE_CURVE('',#8902,(#8906,#8913),.PCURVE_S1.);
#8902 = ( BOUNDED_CURVE() B_SPLINE_CURVE(2,(#8903,#8904,#8905),
.UNSPECIFIED.,.F.,.F.) B_SPLINE_CURVE_WITH_KNOTS((3,3),(0.,
1.570796326795),.PIECEWISE_BEZIER_KNOTS.) CURVE() 
GEOMETRIC_REPRESENTATION_ITEM() RATIONAL_B_SPLINE_CURVE((1.,
0.707106781187,1.)) REPRESENTATION_ITEM('') );
#8903 = CARTESIAN_POINT('',(90.729695431472,60.,3.));
#8904 = CARTESIAN_POINT('',(90.729695431472,60.,-1.42108547152E-14));
#8905 = CARTESIAN_POINT('',(90.729695431472,57.,0.));
#8906 = PCURVE('',#5729,#8907);
#8907 = DEFINITIONAL_REPRESENTATION('',(#8908),#8912);
#8908 = B_SPLINE_CURVE_WITH_KNOTS('',2,(#8909,#8910,#8911),
  .UNSPECIFIED.,.F.,.F.,(3,3),(0.,1.570796326795),
  .PIECEWISE_BEZIER_KNOTS.);
#8909 = CARTESIAN_POINT('',(0.,0.));
#8910 = CARTESIAN_POINT('',(7.644155476309E-15,0.785398163397));
#8911 = CARTESIAN_POINT('',(0.,1.570796326795));
#8912 = ( GEOMETRIC_REPRESENTATION_CONTEXT(2) 
PARAMETRIC_REPRESENTATION_CONTEXT() REPRESENTATION_CONTEXT('2D SPACE',''
  ) );
#8913 = PCURVE('',#216,#8914);
#8914 = DEFINITIONAL_REPRESENTATION('',(#8915),#8919);
#8915 = B_SPLINE_CURVE_WITH_KNOTS('',2,(#8916,#8917,#8918),
  .UNSPECIFIED.,.F.,.F.,(3,3),(0.,1.570796326795),
  .PIECEWISE_BEZIER_KNOTS.);
#8916 = CARTESIAN_POINT('',(0.,181.));
#8917 = CARTESIAN_POINT('',(0.785398163397,181.));
#8918 = CARTESIAN_POINT('',(1.570796326795,181.));
#8919 = ( GEOMETRIC_REPRESENTATION_CONTEXT(2) 
PARAMETRIC_REPRESENTATION_CONTEXT() REPRESENTATION_CONTEXT('2D SPACE',''
  ) );
#8920 = ORIENTED_EDGE('',*,*,#8921,.F.);
#8921 = EDGE_CURVE('',#8855,#203,#8922,.T.);
#8922 = SURFACE_CURVE('',#8923,(#8927,#8934),.PCURVE_S1.);
#8923 = ( BOUNDED_CURVE() B_SPLINE_CURVE(2,(#8924,#8925,#8926),
.UNSPECIFIED.,.F.,.F.) B_SPLINE_CURVE_WITH_KNOTS((3,3),(0.,
1.570796326795),.PIECEWISE_BEZIER_KNOTS.) CURVE() 
GEOMETRIC_REPRESENTATION_ITEM() RATIONAL_B_SPLINE_CURVE((1.,
0.707106781187,1.)) REPRESENTATION_ITEM('') );
#8924 = CARTESIAN_POINT('',(98.75,52.,3.));
#8925 = CARTESIAN_POINT('',(98.75,60.,3.));
#8926 = CARTESIAN_POINT('',(90.729695431472,60.,3.));
#8927 = PCURVE('',#5729,#8928);
#8928 = DEFINITIONAL_REPRESENTATION('',(#8929),#8933);
#8929 = B_SPLINE_CURVE_WITH_KNOTS('',2,(#8930,#8931,#8932),
  .UNSPECIFIED.,.F.,.F.,(3,3),(0.,1.570796326795),
  .PIECEWISE_BEZIER_KNOTS.);
#8930 = CARTESIAN_POINT('',(1.570796326795,0.));
#8931 = CARTESIAN_POINT('',(0.785398163397,1.699054578475E-15));
#8932 = CARTESIAN_POINT('',(0.,0.));
#8933 = ( GEOMETRIC_REPRESENTATION_CONTEXT(2) 
PARAMETRIC_REPRESENTATION_CONTEXT() REPRESENTATION_CONTEXT('2D SPACE',''
  ) );
#8934 = PCURVE('',#244,#8935);
#8935 = DEFINITIONAL_REPRESENTATION('',(#8936),#8940);
#8936 = B_SPLINE_CURVE_WITH_KNOTS('',2,(#8937,#8938,#8939),
  .UNSPECIFIED.,.F.,.F.,(3,3),(0.,1.570796326795),
  .PIECEWISE_BEZIER_KNOTS.);
#8937 = CARTESIAN_POINT('',(1.570796326795,79.));
#8938 = CARTESIAN_POINT('',(0.785398163397,79.));
#8939 = CARTESIAN_POINT('',(0.,79.));
#8940 = ( GEOMETRIC_REPRESENTATION_CONTEXT(2) 
PARAMETRIC_REPRESENTATION_CONTEXT() REPRESENTATION_CONTEXT('2D SPACE',''
  ) );
#8941 = ORIENTED_EDGE('',*,*,#8875,.T.);
#8942 = ORIENTED_EDGE('',*,*,#5713,.F.);
#8943 = ADVANCED_FACE('',(#8944),#5631,.T.);
#8944 = FACE_BOUND('',#8945,.T.);
#8945 = EDGE_LOOP('',(#8946,#8967,#8988,#9009));
#8946 = ORIENTED_EDGE('',*,*,#8947,.T.);
#8947 = EDGE_CURVE('',#5588,#8682,#8948,.T.);
#8948 = SURFACE_CURVE('',#8949,(#8953,#8960),.PCURVE_S1.);
#8949 = ( BOUNDED_CURVE() B_SPLINE_CURVE(2,(#8950,#8951,#8952),
.UNSPECIFIED.,.F.,.F.) B_SPLINE_CURVE_WITH_KNOTS((3,3),(0.,
1.570796326795),.PIECEWISE_BEZIER_KNOTS.) CURVE() 
GEOMETRIC_REPRESENTATION_ITEM() RATIONAL_B_SPLINE_CURVE((1.,
0.707106781187,1.)) REPRESENTATION_ITEM('') );
#8950 = CARTESIAN_POINT('',(-95.7423857868,52.,0.));
#8951 = CARTESIAN_POINT('',(-98.75,52.,0.));
#8952 = CARTESIAN_POINT('',(-98.75,52.,3.));
#8953 = PCURVE('',#5631,#8954);
#8954 = DEFINITIONAL_REPRESENTATION('',(#8955),#8959);
#8955 = B_SPLINE_CURVE_WITH_KNOTS('',2,(#8956,#8957,#8958),
  .UNSPECIFIED.,.F.,.F.,(3,3),(0.,1.570796326795),
  .PIECEWISE_BEZIER_KNOTS.);
#8956 = CARTESIAN_POINT('',(0.,1.570796326795));
#8957 = CARTESIAN_POINT('',(5.553416779083E-15,0.785398163397));
#8958 = CARTESIAN_POINT('',(0.,0.));
#8959 = ( GEOMETRIC_REPRESENTATION_CONTEXT(2) 
PARAMETRIC_REPRESENTATION_CONTEXT() REPRESENTATION_CONTEXT('2D SPACE',''
  ) );
#8960 = PCURVE('',#5601,#8961);
#8961 = DEFINITIONAL_REPRESENTATION('',(#8962),#8966);
#8962 = B_SPLINE_CURVE_WITH_KNOTS('',2,(#8963,#8964,#8965),
  .UNSPECIFIED.,.F.,.F.,(3,3),(0.,1.570796326795),
  .PIECEWISE_BEZIER_KNOTS.);
#8963 = CARTESIAN_POINT('',(1.570796326795,104.));
#8964 = CARTESIAN_POINT('',(0.785398163397,104.));
#8965 = CARTESIAN_POINT('',(0.,104.));
#8966 = ( GEOMETRIC_REPRESENTATION_CONTEXT(2) 
PARAMETRIC_REPRESENTATION_CONTEXT() REPRESENTATION_CONTEXT('2D SPACE',''
  ) );
#8967 = ORIENTED_EDGE('',*,*,#8968,.F.);
#8968 = EDGE_CURVE('',#119,#8682,#8969,.T.);
#8969 = SURFACE_CURVE('',#8970,(#8974,#8981),.PCURVE_S1.);
#8970 = ( BOUNDED_CURVE() B_SPLINE_CURVE(2,(#8971,#8972,#8973),
.UNSPECIFIED.,.F.,.F.) B_SPLINE_CURVE_WITH_KNOTS((3,3),(0.,
1.570796326795),.PIECEWISE_BEZIER_KNOTS.) CURVE() 
GEOMETRIC_REPRESENTATION_ITEM() RATIONAL_B_SPLINE_CURVE((1.,
0.707106781187,1.)) REPRESENTATION_ITEM('') );
#8971 = CARTESIAN_POINT('',(-90.72969543147,60.,3.));
#8972 = CARTESIAN_POINT('',(-98.75,60.,3.));
#8973 = CARTESIAN_POINT('',(-98.75,52.,3.));
#8974 = PCURVE('',#5631,#8975);
#8975 = DEFINITIONAL_REPRESENTATION('',(#8976),#8980);
#8976 = B_SPLINE_CURVE_WITH_KNOTS('',2,(#8977,#8978,#8979),
  .UNSPECIFIED.,.F.,.F.,(3,3),(0.,1.570796326795),
  .PIECEWISE_BEZIER_KNOTS.);
#8977 = CARTESIAN_POINT('',(1.570796326795,0.));
#8978 = CARTESIAN_POINT('',(0.785398163397,3.39810915695E-15));
#8979 = CARTESIAN_POINT('',(0.,0.));
#8980 = ( GEOMETRIC_REPRESENTATION_CONTEXT(2) 
PARAMETRIC_REPRESENTATION_CONTEXT() REPRESENTATION_CONTEXT('2D SPACE',''
  ) );
#8981 = PCURVE('',#132,#8982);
#8982 = DEFINITIONAL_REPRESENTATION('',(#8983),#8987);
#8983 = B_SPLINE_CURVE_WITH_KNOTS('',2,(#8984,#8985,#8986),
  .UNSPECIFIED.,.F.,.F.,(3,3),(0.,1.570796326795),
  .PIECEWISE_BEZIER_KNOTS.);
#8984 = CARTESIAN_POINT('',(0.,79.));
#8985 = CARTESIAN_POINT('',(0.785398163397,79.));
#8986 = CARTESIAN_POINT('',(1.570796326795,79.));
#8987 = ( GEOMETRIC_REPRESENTATION_CONTEXT(2) 
PARAMETRIC_REPRESENTATION_CONTEXT() REPRESENTATION_CONTEXT('2D SPACE',''
  ) );
#8988 = ORIENTED_EDGE('',*,*,#8989,.T.);
#8989 = EDGE_CURVE('',#119,#5616,#8990,.T.);
#8990 = SURFACE_CURVE('',#8991,(#8995,#9002),.PCURVE_S1.);
#8991 = ( BOUNDED_CURVE() B_SPLINE_CURVE(2,(#8992,#8993,#8994),
.UNSPECIFIED.,.F.,.F.) B_SPLINE_CURVE_WITH_KNOTS((3,3),(0.,
1.570796326795),.PIECEWISE_BEZIER_KNOTS.) CURVE() 
GEOMETRIC_REPRESENTATION_ITEM() RATIONAL_B_SPLINE_CURVE((1.,
0.707106781187,1.)) REPRESENTATION_ITEM('') );
#8992 = CARTESIAN_POINT('',(-90.72969543147,60.,3.));
#8993 = CARTESIAN_POINT('',(-90.72969543147,60.,-1.42108547152E-14));
#8994 = CARTESIAN_POINT('',(-90.72969543147,57.,0.));
#8995 = PCURVE('',#5631,#8996);
#8996 = DEFINITIONAL_REPRESENTATION('',(#8997),#9001);
#8997 = B_SPLINE_CURVE_WITH_KNOTS('',2,(#8998,#8999,#9000),
  .UNSPECIFIED.,.F.,.F.,(3,3),(0.,1.570796326795),
  .PIECEWISE_BEZIER_KNOTS.);
#8998 = CARTESIAN_POINT('',(1.570796326795,0.));
#8999 = CARTESIAN_POINT('',(1.570796326795,0.785398163397));
#9000 = CARTESIAN_POINT('',(1.570796326795,1.570796326795));
#9001 = ( GEOMETRIC_REPRESENTATION_CONTEXT(2) 
PARAMETRIC_REPRESENTATION_CONTEXT() REPRESENTATION_CONTEXT('2D SPACE',''
  ) );
#9002 = PCURVE('',#160,#9003);
#9003 = DEFINITIONAL_REPRESENTATION('',(#9004),#9008);
#9004 = B_SPLINE_CURVE_WITH_KNOTS('',2,(#9005,#9006,#9007),
  .UNSPECIFIED.,.F.,.F.,(3,3),(0.,1.570796326795),
  .PIECEWISE_BEZIER_KNOTS.);
#9005 = CARTESIAN_POINT('',(0.,0.));
#9006 = CARTESIAN_POINT('',(0.785398163397,-1.006762577424E-14));
#9007 = CARTESIAN_POINT('',(1.570796326795,0.));
#9008 = ( GEOMETRIC_REPRESENTATION_CONTEXT(2) 
PARAMETRIC_REPRESENTATION_CONTEXT() REPRESENTATION_CONTEXT('2D SPACE',''
  ) );
#9009 = ORIENTED_EDGE('',*,*,#5615,.F.);
#9010 = ADVANCED_FACE('',(#9011),#5601,.F.);
#9011 = FACE_BOUND('',#9012,.F.);
#9012 = EDGE_LOOP('',(#9013,#9014,#9015,#9016,#9017));
#9013 = ORIENTED_EDGE('',*,*,#8681,.T.);
#9014 = ORIENTED_EDGE('',*,*,#8053,.F.);
#9015 = ORIENTED_EDGE('',*,*,#7967,.F.);
#9016 = ORIENTED_EDGE('',*,*,#5585,.T.);
#9017 = ORIENTED_EDGE('',*,*,#8947,.T.);
#9018 = ADVANCED_FACE('',(#9019),#5437,.F.);
#9019 = FACE_BOUND('',#9020,.F.);
#9020 = EDGE_LOOP('',(#9021,#9041,#9042,#9043));
#9021 = ORIENTED_EDGE('',*,*,#9022,.F.);
#9022 = EDGE_CURVE('',#8806,#5341,#9023,.T.);
#9023 = SURFACE_CURVE('',#9024,(#9027,#9034),.PCURVE_S1.);
#9024 = B_SPLINE_CURVE_WITH_KNOTS('',1,(#9025,#9026),.UNSPECIFIED.,.F.,
  .F.,(2,2),(39.,104.),.PIECEWISE_BEZIER_KNOTS.);
#9025 = CARTESIAN_POINT('',(98.707933393813,13.,2.5));
#9026 = CARTESIAN_POINT('',(98.707933393813,-52.,2.5));
#9027 = PCURVE('',#5437,#9028);
#9028 = DEFINITIONAL_REPRESENTATION('',(#9029),#9033);
#9029 = B_SPLINE_CURVE_WITH_KNOTS('',2,(#9030,#9031,#9032),
  .UNSPECIFIED.,.F.,.F.,(3,3),(39.,104.),.PIECEWISE_BEZIER_KNOTS.);
#9030 = CARTESIAN_POINT('',(0.16744807922,39.));
#9031 = CARTESIAN_POINT('',(0.16744807922,71.5));
#9032 = CARTESIAN_POINT('',(0.16744807922,104.));
#9033 = ( GEOMETRIC_REPRESENTATION_CONTEXT(2) 
PARAMETRIC_REPRESENTATION_CONTEXT() REPRESENTATION_CONTEXT('2D SPACE',''
  ) );
#9034 = PCURVE('',#5276,#9035);
#9035 = DEFINITIONAL_REPRESENTATION('',(#9036),#9040);
#9036 = B_SPLINE_CURVE_WITH_KNOTS('',2,(#9037,#9038,#9039),
  .UNSPECIFIED.,.F.,.F.,(3,3),(39.,104.),.PIECEWISE_BEZIER_KNOTS.);
#9037 = CARTESIAN_POINT('',(0.16744807922,39.));
#9038 = CARTESIAN_POINT('',(0.16744807922,71.5));
#9039 = CARTESIAN_POINT('',(0.16744807922,104.));
#9040 = ( GEOMETRIC_REPRESENTATION_CONTEXT(2) 
PARAMETRIC_REPRESENTATION_CONTEXT() REPRESENTATION_CONTEXT('2D SPACE',''
  ) );
#9041 = ORIENTED_EDGE('',*,*,#8805,.F.);
#9042 = ORIENTED_EDGE('',*,*,#5774,.T.);
#9043 = ORIENTED_EDGE('',*,*,#5421,.F.);
#9044 = ADVANCED_FACE('',(#9045),#5276,.F.);
#9045 = FACE_BOUND('',#9046,.F.);
#9046 = EDGE_LOOP('',(#9047,#9066,#9067,#9068,#9069));
#9047 = ORIENTED_EDGE('',*,*,#9048,.F.);
#9048 = EDGE_CURVE('',#8831,#5261,#9049,.T.);
#9049 = SURFACE_CURVE('',#9050,(#9053,#9060),.PCURVE_S1.);
#9050 = B_SPLINE_CURVE_WITH_KNOTS('',1,(#9051,#9052),.UNSPECIFIED.,.F.,
  .F.,(2,2),(39.,104.),.PIECEWISE_BEZIER_KNOTS.);
#9051 = CARTESIAN_POINT('',(98.75,13.,3.));
#9052 = CARTESIAN_POINT('',(98.75,-52.,3.));
#9053 = PCURVE('',#5276,#9054);
#9054 = DEFINITIONAL_REPRESENTATION('',(#9055),#9059);
#9055 = B_SPLINE_CURVE_WITH_KNOTS('',2,(#9056,#9057,#9058),
  .UNSPECIFIED.,.F.,.F.,(3,3),(39.,104.),.PIECEWISE_BEZIER_KNOTS.);
#9056 = CARTESIAN_POINT('',(0.,39.));
#9057 = CARTESIAN_POINT('',(0.,71.5));
#9058 = CARTESIAN_POINT('',(0.,104.));
#9059 = ( GEOMETRIC_REPRESENTATION_CONTEXT(2) 
PARAMETRIC_REPRESENTATION_CONTEXT() REPRESENTATION_CONTEXT('2D SPACE',''
  ) );
#9060 = PCURVE('',#5305,#9061);
#9061 = DEFINITIONAL_REPRESENTATION('',(#9062),#9065);
#9062 = B_SPLINE_CURVE_WITH_KNOTS('',1,(#9063,#9064),.UNSPECIFIED.,.F.,
  .F.,(2,2),(39.,104.),.PIECEWISE_BEZIER_KNOTS.);
#9063 = CARTESIAN_POINT('',(19.5,-31.75));
#9064 = CARTESIAN_POINT('',(84.5,-31.75));
#9065 = ( GEOMETRIC_REPRESENTATION_CONTEXT(2) 
PARAMETRIC_REPRESENTATION_CONTEXT() REPRESENTATION_CONTEXT('2D SPACE',''
  ) );
#9066 = ORIENTED_EDGE('',*,*,#8830,.F.);
#9067 = ORIENTED_EDGE('',*,*,#9022,.T.);
#9068 = ORIENTED_EDGE('',*,*,#5375,.F.);
#9069 = ORIENTED_EDGE('',*,*,#5260,.F.);
#9070 = ADVANCED_FACE('',(#9071),#5305,.F.);
#9071 = FACE_BOUND('',#9072,.F.);
#9072 = EDGE_LOOP('',(#9073,#9094,#9095,#9096,#9097));
#9073 = ORIENTED_EDGE('',*,*,#9074,.T.);
#9074 = EDGE_CURVE('',#9075,#8855,#9077,.T.);
#9075 = VERTEX_POINT('',#9076);
#9076 = CARTESIAN_POINT('',(98.75,52.,66.5));
#9077 = SURFACE_CURVE('',#9078,(#9081,#9087),.PCURVE_S1.);
#9078 = B_SPLINE_CURVE_WITH_KNOTS('',1,(#9079,#9080),.UNSPECIFIED.,.F.,
  .F.,(2,2),(0.,63.5),.PIECEWISE_BEZIER_KNOTS.);
#9079 = CARTESIAN_POINT('',(98.75,52.,66.5));
#9080 = CARTESIAN_POINT('',(98.75,52.,3.));
#9081 = PCURVE('',#5305,#9082);
#9082 = DEFINITIONAL_REPRESENTATION('',(#9083),#9086);
#9083 = B_SPLINE_CURVE_WITH_KNOTS('',1,(#9084,#9085),.UNSPECIFIED.,.F.,
  .F.,(2,2),(0.,63.5),.PIECEWISE_BEZIER_KNOTS.);
#9084 = CARTESIAN_POINT('',(-19.5,31.75));
#9085 = CARTESIAN_POINT('',(-19.5,-31.75));
#9086 = ( GEOMETRIC_REPRESENTATION_CONTEXT(2) 
PARAMETRIC_REPRESENTATION_CONTEXT() REPRESENTATION_CONTEXT('2D SPACE',''
  ) );
#9087 = PCURVE('',#244,#9088);
#9088 = DEFINITIONAL_REPRESENTATION('',(#9089),#9093);
#9089 = B_SPLINE_CURVE_WITH_KNOTS('',2,(#9090,#9091,#9092),
  .UNSPECIFIED.,.F.,.F.,(3,3),(0.,63.5),.PIECEWISE_BEZIER_KNOTS.);
#9090 = CARTESIAN_POINT('',(1.570796326795,15.5));
#9091 = CARTESIAN_POINT('',(1.570796326795,47.25));
#9092 = CARTESIAN_POINT('',(1.570796326795,79.));
#9093 = ( GEOMETRIC_REPRESENTATION_CONTEXT(2) 
PARAMETRIC_REPRESENTATION_CONTEXT() REPRESENTATION_CONTEXT('2D SPACE',''
  ) );
#9094 = ORIENTED_EDGE('',*,*,#8854,.F.);
#9095 = ORIENTED_EDGE('',*,*,#9048,.T.);
#9096 = ORIENTED_EDGE('',*,*,#5290,.T.);
#9097 = ORIENTED_EDGE('',*,*,#9098,.T.);
#9098 = EDGE_CURVE('',#5291,#9075,#9099,.T.);
#9099 = SURFACE_CURVE('',#9100,(#9104,#9111),.PCURVE_S1.);
#9100 = LINE('',#9101,#9102);
#9101 = CARTESIAN_POINT('',(98.75,-52.,66.5));
#9102 = VECTOR('',#9103,1.);
#9103 = DIRECTION('',(0.,1.,-1.224646799147E-16));
#9104 = PCURVE('',#5305,#9105);
#9105 = DEFINITIONAL_REPRESENTATION('',(#9106),#9110);
#9106 = LINE('',#9107,#9108);
#9107 = CARTESIAN_POINT('',(84.5,31.75));
#9108 = VECTOR('',#9109,1.);
#9109 = DIRECTION('',(-1.,9.002758767945E-18));
#9110 = ( GEOMETRIC_REPRESENTATION_CONTEXT(2) 
PARAMETRIC_REPRESENTATION_CONTEXT() REPRESENTATION_CONTEXT('2D SPACE',''
  ) );
#9111 = PCURVE('',#807,#9112);
#9112 = DEFINITIONAL_REPRESENTATION('',(#9113),#9117);
#9113 = LINE('',#9114,#9115);
#9114 = CARTESIAN_POINT('',(208.75,117.));
#9115 = VECTOR('',#9116,1.);
#9116 = DIRECTION('',(0.,-1.));
#9117 = ( GEOMETRIC_REPRESENTATION_CONTEXT(2) 
PARAMETRIC_REPRESENTATION_CONTEXT() REPRESENTATION_CONTEXT('2D SPACE',''
  ) );
#9118 = ADVANCED_FACE('',(#9119),#3586,.F.);
#9119 = FACE_BOUND('',#9120,.F.);
#9120 = EDGE_LOOP('',(#9121,#9122,#9123,#9124));
#9121 = ORIENTED_EDGE('',*,*,#3572,.F.);
#9122 = ORIENTED_EDGE('',*,*,#5397,.T.);
#9123 = ORIENTED_EDGE('',*,*,#5511,.T.);
#9124 = ORIENTED_EDGE('',*,*,#9125,.F.);
#9125 = EDGE_CURVE('',#3545,#5512,#9126,.T.);
#9126 = SURFACE_CURVE('',#9127,(#9132,#9140),.PCURVE_S1.);
#9127 = CIRCLE('',#9128,3.);
#9128 = AXIS2_PLACEMENT_3D('',#9129,#9130,#9131);
#9129 = CARTESIAN_POINT('',(90.5,-57.,3.));
#9130 = DIRECTION('',(1.,6.123233995737E-17,-7.498798913309E-33));
#9131 = DIRECTION('',(6.123233995737E-17,-1.,1.224646799147E-16));
#9132 = PCURVE('',#3586,#9133);
#9133 = DEFINITIONAL_REPRESENTATION('',(#9134),#9139);
#9134 = B_SPLINE_CURVE_WITH_KNOTS('',3,(#9135,#9136,#9137,#9138),
  .UNSPECIFIED.,.F.,.F.,(4,4),(0.,0.16744807922),
  .PIECEWISE_BEZIER_KNOTS.);
#9135 = CARTESIAN_POINT('',(0.,0.229113924051));
#9136 = CARTESIAN_POINT('',(5.588126240687E-02,0.229113924051));
#9137 = CARTESIAN_POINT('',(0.111566816813,0.229113924051));
#9138 = CARTESIAN_POINT('',(0.16744807922,0.229113924051));
#9139 = ( GEOMETRIC_REPRESENTATION_CONTEXT(2) 
PARAMETRIC_REPRESENTATION_CONTEXT() REPRESENTATION_CONTEXT('2D SPACE',''
  ) );
#9140 = PCURVE('',#3560,#9141);
#9141 = DEFINITIONAL_REPRESENTATION('',(#9142),#9146);
#9142 = LINE('',#9143,#9144);
#9143 = CARTESIAN_POINT('',(-0.,0.));
#9144 = VECTOR('',#9145,1.);
#9145 = DIRECTION('',(-1.,0.));
#9146 = ( GEOMETRIC_REPRESENTATION_CONTEXT(2) 
PARAMETRIC_REPRESENTATION_CONTEXT() REPRESENTATION_CONTEXT('2D SPACE',''
  ) );
#9147 = ADVANCED_FACE('',(#9148),#3560,.T.);
#9148 = FACE_BOUND('',#9149,.F.);
#9149 = EDGE_LOOP('',(#9150,#9151,#9152,#9153,#9154,#9155));
#9150 = ORIENTED_EDGE('',*,*,#3544,.T.);
#9151 = ORIENTED_EDGE('',*,*,#9125,.T.);
#9152 = ORIENTED_EDGE('',*,*,#5555,.T.);
#9153 = ORIENTED_EDGE('',*,*,#5795,.F.);
#9154 = ORIENTED_EDGE('',*,*,#8773,.F.);
#9155 = ORIENTED_EDGE('',*,*,#9156,.F.);
#9156 = EDGE_CURVE('',#3517,#8752,#9157,.T.);
#9157 = SURFACE_CURVE('',#9158,(#9163,#9170),.PCURVE_S1.);
#9158 = CIRCLE('',#9159,3.);
#9159 = AXIS2_PLACEMENT_3D('',#9160,#9161,#9162);
#9160 = CARTESIAN_POINT('',(-90.5,-57.,3.));
#9161 = DIRECTION('',(1.,0.,0.));
#9162 = DIRECTION('',(0.,-1.,1.224646799147E-16));
#9163 = PCURVE('',#3560,#9164);
#9164 = DEFINITIONAL_REPRESENTATION('',(#9165),#9169);
#9165 = LINE('',#9166,#9167);
#9166 = CARTESIAN_POINT('',(-0.,181.));
#9167 = VECTOR('',#9168,1.);
#9168 = DIRECTION('',(-1.,0.));
#9169 = ( GEOMETRIC_REPRESENTATION_CONTEXT(2) 
PARAMETRIC_REPRESENTATION_CONTEXT() REPRESENTATION_CONTEXT('2D SPACE',''
  ) );
#9170 = PCURVE('',#3530,#9171);
#9171 = DEFINITIONAL_REPRESENTATION('',(#9172),#9176);
#9172 = LINE('',#9173,#9174);
#9173 = CARTESIAN_POINT('',(4.280946682099E-44,180.77088607594));
#9174 = VECTOR('',#9175,1.);
#9175 = DIRECTION('',(1.,0.));
#9176 = ( GEOMETRIC_REPRESENTATION_CONTEXT(2) 
PARAMETRIC_REPRESENTATION_CONTEXT() REPRESENTATION_CONTEXT('2D SPACE',''
  ) );
#9177 = ADVANCED_FACE('',(#9178),#3530,.F.);
#9178 = FACE_BOUND('',#9179,.F.);
#9179 = EDGE_LOOP('',(#9180,#9181,#9182,#9183,#9184));
#9180 = ORIENTED_EDGE('',*,*,#3516,.F.);
#9181 = ORIENTED_EDGE('',*,*,#9156,.T.);
#9182 = ORIENTED_EDGE('',*,*,#8751,.T.);
#9183 = ORIENTED_EDGE('',*,*,#8101,.F.);
#9184 = ORIENTED_EDGE('',*,*,#9185,.F.);
#9185 = EDGE_CURVE('',#3489,#8102,#9186,.T.);
#9186 = SURFACE_CURVE('',#9187,(#9191,#9198),.PCURVE_S1.);
#9187 = ( BOUNDED_CURVE() B_SPLINE_CURVE(2,(#9188,#9189,#9190),
.UNSPECIFIED.,.F.,.F.) B_SPLINE_CURVE_WITH_KNOTS((3,3),(0.,
4.008871516356E-05),.PIECEWISE_BEZIER_KNOTS.) CURVE() 
GEOMETRIC_REPRESENTATION_ITEM() RATIONAL_B_SPLINE_CURVE((1.,
0.999999999799,1.)) REPRESENTATION_ITEM('') );
#9188 = CARTESIAN_POINT('',(-90.72969543147,-60.,3.));
#9189 = CARTESIAN_POINT('',(-90.72969543147,-60.,2.999939866927));
#9190 = CARTESIAN_POINT('',(-90.72969543147,-59.99999999758,
    2.999879733855));
#9191 = PCURVE('',#3530,#9192);
#9192 = DEFINITIONAL_REPRESENTATION('',(#9193),#9197);
#9193 = B_SPLINE_CURVE_WITH_KNOTS('',2,(#9194,#9195,#9196),
  .UNSPECIFIED.,.F.,.F.,(3,3),(0.,4.008871516356E-05),
  .PIECEWISE_BEZIER_KNOTS.);
#9194 = CARTESIAN_POINT('',(0.,181.));
#9195 = CARTESIAN_POINT('',(2.006779428202E-05,181.));
#9196 = CARTESIAN_POINT('',(4.013555487781E-05,181.));
#9197 = ( GEOMETRIC_REPRESENTATION_CONTEXT(2) 
PARAMETRIC_REPRESENTATION_CONTEXT() REPRESENTATION_CONTEXT('2D SPACE',''
  ) );
#9198 = PCURVE('',#3502,#9199);
#9199 = DEFINITIONAL_REPRESENTATION('',(#9200),#9204);
#9200 = B_SPLINE_CURVE_WITH_KNOTS('',2,(#9201,#9202,#9203),
  .UNSPECIFIED.,.F.,.F.,(3,3),(0.,4.008871516356E-05),
  .PIECEWISE_BEZIER_KNOTS.);
#9201 = CARTESIAN_POINT('',(1.570211665735,-63.5));
#9202 = CARTESIAN_POINT('',(1.570211665735,-63.50006013307));
#9203 = CARTESIAN_POINT('',(1.570211665735,-63.50012026614));
#9204 = ( GEOMETRIC_REPRESENTATION_CONTEXT(2) 
PARAMETRIC_REPRESENTATION_CONTEXT() REPRESENTATION_CONTEXT('2D SPACE',''
  ) );
#9205 = ADVANCED_FACE('',(#9206),#3502,.T.);
#9206 = FACE_BOUND('',#9207,.T.);
#9207 = EDGE_LOOP('',(#9208,#9229,#9230,#9231,#9232));
#9208 = ORIENTED_EDGE('',*,*,#9209,.F.);
#9209 = EDGE_CURVE('',#8639,#3487,#9210,.T.);
#9210 = SURFACE_CURVE('',#9211,(#9215,#9222),.PCURVE_S1.);
#9211 = ( BOUNDED_CURVE() B_SPLINE_CURVE(2,(#9212,#9213,#9214),
.UNSPECIFIED.,.F.,.F.) B_SPLINE_CURVE_WITH_KNOTS((3,3),(0.,
1.570211665735),.PIECEWISE_BEZIER_KNOTS.) CURVE() 
GEOMETRIC_REPRESENTATION_ITEM() RATIONAL_B_SPLINE_CURVE((1.,
0.70731345987,1.)) REPRESENTATION_ITEM('') );
#9212 = CARTESIAN_POINT('',(-98.75,-52.,66.5));
#9213 = CARTESIAN_POINT('',(-98.74765610524,-59.99766203915,66.5));
#9214 = CARTESIAN_POINT('',(-90.72969543147,-60.,66.5));
#9215 = PCURVE('',#3502,#9216);
#9216 = DEFINITIONAL_REPRESENTATION('',(#9217),#9221);
#9217 = B_SPLINE_CURVE_WITH_KNOTS('',2,(#9218,#9219,#9220),
  .UNSPECIFIED.,.F.,.F.,(3,3),(0.,1.570211665735),
  .PIECEWISE_BEZIER_KNOTS.);
#9218 = CARTESIAN_POINT('',(-1.971148783494E-15,7.105427357601E-15));
#9219 = CARTESIAN_POINT('',(0.785105832868,-1.630979484361E-14));
#9220 = CARTESIAN_POINT('',(1.570211665735,7.105427357601E-15));
#9221 = ( GEOMETRIC_REPRESENTATION_CONTEXT(2) 
PARAMETRIC_REPRESENTATION_CONTEXT() REPRESENTATION_CONTEXT('2D SPACE',''
  ) );
#9222 = PCURVE('',#471,#9223);
#9223 = DEFINITIONAL_REPRESENTATION('',(#9224),#9228);
#9224 = ( BOUNDED_CURVE() B_SPLINE_CURVE(2,(#9225,#9226,#9227),
.UNSPECIFIED.,.F.,.F.) B_SPLINE_CURVE_WITH_KNOTS((3,3),(0.,
1.570211665735),.PIECEWISE_BEZIER_KNOTS.) CURVE() 
GEOMETRIC_REPRESENTATION_ITEM() RATIONAL_B_SPLINE_CURVE((1.,
0.70731345987,1.)) REPRESENTATION_ITEM('') );
#9225 = CARTESIAN_POINT('',(11.25,117.));
#9226 = CARTESIAN_POINT('',(11.252343894759,124.99766203915));
#9227 = CARTESIAN_POINT('',(19.270304568528,125.));
#9228 = ( GEOMETRIC_REPRESENTATION_CONTEXT(2) 
PARAMETRIC_REPRESENTATION_CONTEXT() REPRESENTATION_CONTEXT('2D SPACE',''
  ) );
#9229 = ORIENTED_EDGE('',*,*,#8661,.T.);
#9230 = ORIENTED_EDGE('',*,*,#8124,.F.);
#9231 = ORIENTED_EDGE('',*,*,#9185,.F.);
#9232 = ORIENTED_EDGE('',*,*,#3486,.F.);
#9233 = ADVANCED_FACE('',(#9234),#2398,.F.);
#9234 = FACE_BOUND('',#9235,.F.);
#9235 = EDGE_LOOP('',(#9236,#9237,#9238,#9239));
#9236 = ORIENTED_EDGE('',*,*,#2381,.F.);
#9237 = ORIENTED_EDGE('',*,*,#2557,.T.);
#9238 = ORIENTED_EDGE('',*,*,#2835,.T.);
#9239 = ORIENTED_EDGE('',*,*,#9240,.F.);
#9240 = EDGE_CURVE('',#2354,#2836,#9241,.T.);
#9241 = SURFACE_CURVE('',#9242,(#9246,#9253),.PCURVE_S1.);
#9242 = LINE('',#9243,#9244);
#9243 = CARTESIAN_POINT('',(64.284,-54.,63.));
#9244 = VECTOR('',#9245,1.);
#9245 = DIRECTION('',(0.,-1.,1.224646799147E-16));
#9246 = PCURVE('',#2398,#9247);
#9247 = DEFINITIONAL_REPRESENTATION('',(#9248),#9252);
#9248 = LINE('',#9249,#9250);
#9249 = CARTESIAN_POINT('',(1.570796326795,0.));
#9250 = VECTOR('',#9251,1.);
#9251 = DIRECTION('',(0.,-1.));
#9252 = ( GEOMETRIC_REPRESENTATION_CONTEXT(2) 
PARAMETRIC_REPRESENTATION_CONTEXT() REPRESENTATION_CONTEXT('2D SPACE',''
  ) );
#9253 = PCURVE('',#2369,#9254);
#9254 = DEFINITIONAL_REPRESENTATION('',(#9255),#9259);
#9255 = LINE('',#9256,#9257);
#9256 = CARTESIAN_POINT('',(0.,0.));
#9257 = VECTOR('',#9258,1.);
#9258 = DIRECTION('',(0.,-1.));
#9259 = ( GEOMETRIC_REPRESENTATION_CONTEXT(2) 
PARAMETRIC_REPRESENTATION_CONTEXT() REPRESENTATION_CONTEXT('2D SPACE',''
  ) );
#9260 = ADVANCED_FACE('',(#9261),#2369,.F.);
#9261 = FACE_BOUND('',#9262,.F.);
#9262 = EDGE_LOOP('',(#9263,#9264,#9265,#9266));
#9263 = ORIENTED_EDGE('',*,*,#2353,.F.);
#9264 = ORIENTED_EDGE('',*,*,#9240,.T.);
#9265 = ORIENTED_EDGE('',*,*,#2996,.T.);
#9266 = ORIENTED_EDGE('',*,*,#9267,.F.);
#9267 = EDGE_CURVE('',#2325,#2997,#9268,.T.);
#9268 = SURFACE_CURVE('',#9269,(#9273,#9280),.PCURVE_S1.);
#9269 = LINE('',#9270,#9271);
#9270 = CARTESIAN_POINT('',(53.344,-54.,63.));
#9271 = VECTOR('',#9272,1.);
#9272 = DIRECTION('',(0.,-1.,1.224646799147E-16));
#9273 = PCURVE('',#2369,#9274);
#9274 = DEFINITIONAL_REPRESENTATION('',(#9275),#9279);
#9275 = LINE('',#9276,#9277);
#9276 = CARTESIAN_POINT('',(10.94,0.));
#9277 = VECTOR('',#9278,1.);
#9278 = DIRECTION('',(0.,-1.));
#9279 = ( GEOMETRIC_REPRESENTATION_CONTEXT(2) 
PARAMETRIC_REPRESENTATION_CONTEXT() REPRESENTATION_CONTEXT('2D SPACE',''
  ) );
#9280 = PCURVE('',#2341,#9281);
#9281 = DEFINITIONAL_REPRESENTATION('',(#9282),#9286);
#9282 = LINE('',#9283,#9284);
#9283 = CARTESIAN_POINT('',(1.570796326795,0.));
#9284 = VECTOR('',#9285,1.);
#9285 = DIRECTION('',(0.,-1.));
#9286 = ( GEOMETRIC_REPRESENTATION_CONTEXT(2) 
PARAMETRIC_REPRESENTATION_CONTEXT() REPRESENTATION_CONTEXT('2D SPACE',''
  ) );
#9287 = ADVANCED_FACE('',(#9288),#2341,.F.);
#9288 = FACE_BOUND('',#9289,.F.);
#9289 = EDGE_LOOP('',(#9290,#9291,#9292,#9293));
#9290 = ORIENTED_EDGE('',*,*,#2324,.F.);
#9291 = ORIENTED_EDGE('',*,*,#9267,.T.);
#9292 = ORIENTED_EDGE('',*,*,#3156,.T.);
#9293 = ORIENTED_EDGE('',*,*,#9294,.F.);
#9294 = EDGE_CURVE('',#2297,#3157,#9295,.T.);
#9295 = SURFACE_CURVE('',#9296,(#9300,#9307),.PCURVE_S1.);
#9296 = LINE('',#9297,#9298);
#9297 = CARTESIAN_POINT('',(51.344,-54.,65.));
#9298 = VECTOR('',#9299,1.);
#9299 = DIRECTION('',(0.,-1.,1.224646799147E-16));
#9300 = PCURVE('',#2341,#9301);
#9301 = DEFINITIONAL_REPRESENTATION('',(#9302),#9306);
#9302 = LINE('',#9303,#9304);
#9303 = CARTESIAN_POINT('',(3.14159265359,0.));
#9304 = VECTOR('',#9305,1.);
#9305 = DIRECTION('',(0.,-1.));
#9306 = ( GEOMETRIC_REPRESENTATION_CONTEXT(2) 
PARAMETRIC_REPRESENTATION_CONTEXT() REPRESENTATION_CONTEXT('2D SPACE',''
  ) );
#9307 = PCURVE('',#2312,#9308);
#9308 = DEFINITIONAL_REPRESENTATION('',(#9309),#9313);
#9309 = LINE('',#9310,#9311);
#9310 = CARTESIAN_POINT('',(0.,0.));
#9311 = VECTOR('',#9312,1.);
#9312 = DIRECTION('',(-1.110223024625E-16,-1.));
#9313 = ( GEOMETRIC_REPRESENTATION_CONTEXT(2) 
PARAMETRIC_REPRESENTATION_CONTEXT() REPRESENTATION_CONTEXT('2D SPACE',''
  ) );
#9314 = ADVANCED_FACE('',(#9315),#2312,.F.);
#9315 = FACE_BOUND('',#9316,.F.);
#9316 = EDGE_LOOP('',(#9317,#9318,#9319,#9320));
#9317 = ORIENTED_EDGE('',*,*,#2296,.F.);
#9318 = ORIENTED_EDGE('',*,*,#9294,.T.);
#9319 = ORIENTED_EDGE('',*,*,#3318,.T.);
#9320 = ORIENTED_EDGE('',*,*,#9321,.F.);
#9321 = EDGE_CURVE('',#2269,#3319,#9322,.T.);
#9322 = SURFACE_CURVE('',#9323,(#9327,#9334),.PCURVE_S1.);
#9323 = LINE('',#9324,#9325);
#9324 = CARTESIAN_POINT('',(51.344,-48.37541449442,66.5));
#9325 = VECTOR('',#9326,1.);
#9326 = DIRECTION('',(0.,-1.,1.224646799147E-16));
#9327 = PCURVE('',#2312,#9328);
#9328 = DEFINITIONAL_REPRESENTATION('',(#9329),#9333);
#9329 = LINE('',#9330,#9331);
#9330 = CARTESIAN_POINT('',(1.5,5.624585505576));
#9331 = VECTOR('',#9332,1.);
#9332 = DIRECTION('',(-1.110223024625E-16,-1.));
#9333 = ( GEOMETRIC_REPRESENTATION_CONTEXT(2) 
PARAMETRIC_REPRESENTATION_CONTEXT() REPRESENTATION_CONTEXT('2D SPACE',''
  ) );
#9334 = PCURVE('',#2284,#9335);
#9335 = DEFINITIONAL_REPRESENTATION('',(#9336),#9340);
#9336 = LINE('',#9337,#9338);
#9337 = CARTESIAN_POINT('',(-51.344,5.624585505576));
#9338 = VECTOR('',#9339,1.);
#9339 = DIRECTION('',(0.,1.));
#9340 = ( GEOMETRIC_REPRESENTATION_CONTEXT(2) 
PARAMETRIC_REPRESENTATION_CONTEXT() REPRESENTATION_CONTEXT('2D SPACE',''
  ) );
#9341 = ADVANCED_FACE('',(#9342),#2284,.T.);
#9342 = FACE_BOUND('',#9343,.T.);
#9343 = EDGE_LOOP('',(#9344,#9345,#9346,#9347,#9348,#9349));
#9344 = ORIENTED_EDGE('',*,*,#4627,.T.);
#9345 = ORIENTED_EDGE('',*,*,#3654,.T.);
#9346 = ORIENTED_EDGE('',*,*,#3340,.F.);
#9347 = ORIENTED_EDGE('',*,*,#9321,.F.);
#9348 = ORIENTED_EDGE('',*,*,#2268,.T.);
#9349 = ORIENTED_EDGE('',*,*,#9350,.F.);
#9350 = EDGE_CURVE('',#4605,#2236,#9351,.T.);
#9351 = SURFACE_CURVE('',#9352,(#9356,#9363),.PCURVE_S1.);
#9352 = LINE('',#9353,#9354);
#9353 = CARTESIAN_POINT('',(19.658209944768,-54.,66.5));
#9354 = VECTOR('',#9355,1.);
#9355 = DIRECTION('',(-0.,1.,-1.224646799147E-16));
#9356 = PCURVE('',#2284,#9357);
#9357 = DEFINITIONAL_REPRESENTATION('',(#9358),#9362);
#9358 = LINE('',#9359,#9360);
#9359 = CARTESIAN_POINT('',(-19.65820994476,11.249171011152));
#9360 = VECTOR('',#9361,1.);
#9361 = DIRECTION('',(-0.,-1.));
#9362 = ( GEOMETRIC_REPRESENTATION_CONTEXT(2) 
PARAMETRIC_REPRESENTATION_CONTEXT() REPRESENTATION_CONTEXT('2D SPACE',''
  ) );
#9363 = PCURVE('',#2256,#9364);
#9364 = DEFINITIONAL_REPRESENTATION('',(#9365),#9369);
#9365 = LINE('',#9366,#9367);
#9366 = CARTESIAN_POINT('',(-8.170950975143,0.));
#9367 = VECTOR('',#9368,1.);
#9368 = DIRECTION('',(-0.,1.));
#9369 = ( GEOMETRIC_REPRESENTATION_CONTEXT(2) 
PARAMETRIC_REPRESENTATION_CONTEXT() REPRESENTATION_CONTEXT('2D SPACE',''
  ) );
#9370 = ADVANCED_FACE('',(#9371),#2256,.F.);
#9371 = FACE_BOUND('',#9372,.T.);
#9372 = EDGE_LOOP('',(#9373,#9374,#9375,#9376,#9377));
#9373 = ORIENTED_EDGE('',*,*,#4427,.T.);
#9374 = ORIENTED_EDGE('',*,*,#4604,.T.);
#9375 = ORIENTED_EDGE('',*,*,#9350,.T.);
#9376 = ORIENTED_EDGE('',*,*,#2235,.F.);
#9377 = ORIENTED_EDGE('',*,*,#9378,.F.);
#9378 = EDGE_CURVE('',#4428,#2213,#9379,.T.);
#9379 = SURFACE_CURVE('',#9380,(#9384,#9391),.PCURVE_S1.);
#9380 = LINE('',#9381,#9382);
#9381 = CARTESIAN_POINT('',(12.341790055232,-54.,66.5));
#9382 = VECTOR('',#9383,1.);
#9383 = DIRECTION('',(-0.,1.,-1.224646799147E-16));
#9384 = PCURVE('',#2256,#9385);
#9385 = DEFINITIONAL_REPRESENTATION('',(#9386),#9390);
#9386 = LINE('',#9387,#9388);
#9387 = CARTESIAN_POINT('',(-4.395419639216,0.));
#9388 = VECTOR('',#9389,1.);
#9389 = DIRECTION('',(-0.,1.));
#9390 = ( GEOMETRIC_REPRESENTATION_CONTEXT(2) 
PARAMETRIC_REPRESENTATION_CONTEXT() REPRESENTATION_CONTEXT('2D SPACE',''
  ) );
#9391 = PCURVE('',#471,#9392);
#9392 = DEFINITIONAL_REPRESENTATION('',(#9393),#9397);
#9393 = LINE('',#9394,#9395);
#9394 = CARTESIAN_POINT('',(122.34179005523,119.));
#9395 = VECTOR('',#9396,1.);
#9396 = DIRECTION('',(0.,-1.));
#9397 = ( GEOMETRIC_REPRESENTATION_CONTEXT(2) 
PARAMETRIC_REPRESENTATION_CONTEXT() REPRESENTATION_CONTEXT('2D SPACE',''
  ) );
#9398 = ADVANCED_FACE('',(#9399),#2200,.F.);
#9399 = FACE_BOUND('',#9400,.T.);
#9400 = EDGE_LOOP('',(#9401,#9402,#9430,#9458));
#9401 = ORIENTED_EDGE('',*,*,#2184,.T.);
#9402 = ORIENTED_EDGE('',*,*,#9403,.T.);
#9403 = EDGE_CURVE('',#2162,#9404,#9406,.T.);
#9404 = VERTEX_POINT('',#9405);
#9405 = CARTESIAN_POINT('',(-88.,-57.09770965576,61.5));
#9406 = SURFACE_CURVE('',#9407,(#9412,#9419),.PCURVE_S1.);
#9407 = CIRCLE('',#9408,8.013742691767);
#9408 = AXIS2_PLACEMENT_3D('',#9409,#9410,#9411);
#9409 = CARTESIAN_POINT('',(-85.49282749827,-49.48626051801,61.5));
#9410 = DIRECTION('',(-1.316115824329E-35,-1.224646799147E-16,-1.));
#9411 = DIRECTION('',(-8.950252084834E-04,-0.999999599465,
    1.224646308633E-16));
#9412 = PCURVE('',#2200,#9413);
#9413 = DEFINITIONAL_REPRESENTATION('',(#9414),#9418);
#9414 = LINE('',#9415,#9416);
#9415 = CARTESIAN_POINT('',(-0.,-5.));
#9416 = VECTOR('',#9417,1.);
#9417 = DIRECTION('',(-1.,0.));
#9418 = ( GEOMETRIC_REPRESENTATION_CONTEXT(2) 
PARAMETRIC_REPRESENTATION_CONTEXT() REPRESENTATION_CONTEXT('2D SPACE',''
  ) );
#9419 = PCURVE('',#1573,#9420);
#9420 = DEFINITIONAL_REPRESENTATION('',(#9421),#9429);
#9421 = ( BOUNDED_CURVE() B_SPLINE_CURVE(2,(#9422,#9423,#9424,#9425,
#9426,#9427,#9428),.UNSPECIFIED.,.T.,.F.) B_SPLINE_CURVE_WITH_KNOTS((1,2
    ,2,2,2,1),(-2.094395102393,0.,2.094395102393,4.188790204786,
6.28318530718,8.377580409573),.UNSPECIFIED.) CURVE() 
GEOMETRIC_REPRESENTATION_ITEM() RATIONAL_B_SPLINE_CURVE((1.,0.5,1.,0.5,
1.,0.5,1.)) REPRESENTATION_ITEM('') );
#9422 = CARTESIAN_POINT('',(85.500794005218,14.952548169712));
#9423 = CARTESIAN_POINT('',(99.380997946631,14.940125032309));
#9424 = CARTESIAN_POINT('',(92.430137223339,2.925727378038));
#9425 = CARTESIAN_POINT('',(85.479276500048,-9.088670276233));
#9426 = CARTESIAN_POINT('',(78.549933281927,2.938150515441));
#9427 = CARTESIAN_POINT('',(71.620590063806,14.964971307114));
#9428 = CARTESIAN_POINT('',(85.500794005218,14.952548169712));
#9429 = ( GEOMETRIC_REPRESENTATION_CONTEXT(2) 
PARAMETRIC_REPRESENTATION_CONTEXT() REPRESENTATION_CONTEXT('2D SPACE',''
  ) );
#9430 = ORIENTED_EDGE('',*,*,#9431,.F.);
#9431 = EDGE_CURVE('',#9432,#9404,#9434,.T.);
#9432 = VERTEX_POINT('',#9433);
#9433 = CARTESIAN_POINT('',(-88.,-57.09770965576,66.5));
#9434 = SURFACE_CURVE('',#9435,(#9439,#9446),.PCURVE_S1.);
#9435 = LINE('',#9436,#9437);
#9436 = CARTESIAN_POINT('',(-88.,-57.09770965576,66.5));
#9437 = VECTOR('',#9438,1.);
#9438 = DIRECTION('',(0.,-1.224646799147E-16,-1.));
#9439 = PCURVE('',#2200,#9440);
#9440 = DEFINITIONAL_REPRESENTATION('',(#9441),#9445);
#9441 = LINE('',#9442,#9443);
#9442 = CARTESIAN_POINT('',(-0.317306757908,0.));
#9443 = VECTOR('',#9444,1.);
#9444 = DIRECTION('',(-0.,-1.));
#9445 = ( GEOMETRIC_REPRESENTATION_CONTEXT(2) 
PARAMETRIC_REPRESENTATION_CONTEXT() REPRESENTATION_CONTEXT('2D SPACE',''
  ) );
#9446 = PCURVE('',#9447,#9452);
#9447 = PLANE('',#9448);
#9448 = AXIS2_PLACEMENT_3D('',#9449,#9450,#9451);
#9449 = CARTESIAN_POINT('',(-88.,-57.09770965576,66.5));
#9450 = DIRECTION('',(0.,1.,-1.224646799147E-16));
#9451 = DIRECTION('',(-1.,-0.,0.));
#9452 = DEFINITIONAL_REPRESENTATION('',(#9453),#9457);
#9453 = LINE('',#9454,#9455);
#9454 = CARTESIAN_POINT('',(0.,0.));
#9455 = VECTOR('',#9456,1.);
#9456 = DIRECTION('',(0.,-1.));
#9457 = ( GEOMETRIC_REPRESENTATION_CONTEXT(2) 
PARAMETRIC_REPRESENTATION_CONTEXT() REPRESENTATION_CONTEXT('2D SPACE',''
  ) );
#9458 = ORIENTED_EDGE('',*,*,#9459,.F.);
#9459 = EDGE_CURVE('',#2185,#9432,#9460,.T.);
#9460 = SURFACE_CURVE('',#9461,(#9466,#9473),.PCURVE_S1.);
#9461 = CIRCLE('',#9462,8.013742691767);
#9462 = AXIS2_PLACEMENT_3D('',#9463,#9464,#9465);
#9463 = CARTESIAN_POINT('',(-85.49282749827,-49.48626051801,66.5));
#9464 = DIRECTION('',(-1.316115824329E-35,-1.224646799147E-16,-1.));
#9465 = DIRECTION('',(-8.950252084834E-04,-0.999999599465,
    1.224646308633E-16));
#9466 = PCURVE('',#2200,#9467);
#9467 = DEFINITIONAL_REPRESENTATION('',(#9468),#9472);
#9468 = LINE('',#9469,#9470);
#9469 = CARTESIAN_POINT('',(-0.,0.));
#9470 = VECTOR('',#9471,1.);
#9471 = DIRECTION('',(-1.,0.));
#9472 = ( GEOMETRIC_REPRESENTATION_CONTEXT(2) 
PARAMETRIC_REPRESENTATION_CONTEXT() REPRESENTATION_CONTEXT('2D SPACE',''
  ) );
#9473 = PCURVE('',#471,#9474);
#9474 = DEFINITIONAL_REPRESENTATION('',(#9475),#9479);
#9475 = CIRCLE('',#9476,8.013742691767);
#9476 = AXIS2_PLACEMENT_2D('',#9477,#9478);
#9477 = CARTESIAN_POINT('',(24.507172501723,114.48626051801));
#9478 = DIRECTION('',(-8.950252084834E-04,0.999999599465));
#9479 = ( GEOMETRIC_REPRESENTATION_CONTEXT(2) 
PARAMETRIC_REPRESENTATION_CONTEXT() REPRESENTATION_CONTEXT('2D SPACE',''
  ) );
#9480 = ADVANCED_FACE('',(#9481),#9447,.T.);
#9481 = FACE_BOUND('',#9482,.T.);
#9482 = EDGE_LOOP('',(#9483,#9484,#9507,#9530));
#9483 = ORIENTED_EDGE('',*,*,#9431,.T.);
#9484 = ORIENTED_EDGE('',*,*,#9485,.T.);
#9485 = EDGE_CURVE('',#9404,#9486,#9488,.T.);
#9486 = VERTEX_POINT('',#9487);
#9487 = CARTESIAN_POINT('',(-90.5,-57.09770965576,61.5));
#9488 = SURFACE_CURVE('',#9489,(#9493,#9500),.PCURVE_S1.);
#9489 = LINE('',#9490,#9491);
#9490 = CARTESIAN_POINT('',(-88.,-57.09770965576,61.5));
#9491 = VECTOR('',#9492,1.);
#9492 = DIRECTION('',(-1.,-0.,0.));
#9493 = PCURVE('',#9447,#9494);
#9494 = DEFINITIONAL_REPRESENTATION('',(#9495),#9499);
#9495 = LINE('',#9496,#9497);
#9496 = CARTESIAN_POINT('',(-0.,-5.));
#9497 = VECTOR('',#9498,1.);
#9498 = DIRECTION('',(1.,0.));
#9499 = ( GEOMETRIC_REPRESENTATION_CONTEXT(2) 
PARAMETRIC_REPRESENTATION_CONTEXT() REPRESENTATION_CONTEXT('2D SPACE',''
  ) );
#9500 = PCURVE('',#1573,#9501);
#9501 = DEFINITIONAL_REPRESENTATION('',(#9502),#9506);
#9502 = LINE('',#9503,#9504);
#9503 = CARTESIAN_POINT('',(88.000794005218,14.550257825474));
#9504 = VECTOR('',#9505,1.);
#9505 = DIRECTION('',(1.,0.));
#9506 = ( GEOMETRIC_REPRESENTATION_CONTEXT(2) 
PARAMETRIC_REPRESENTATION_CONTEXT() REPRESENTATION_CONTEXT('2D SPACE',''
  ) );
#9507 = ORIENTED_EDGE('',*,*,#9508,.F.);
#9508 = EDGE_CURVE('',#9509,#9486,#9511,.T.);
#9509 = VERTEX_POINT('',#9510);
#9510 = CARTESIAN_POINT('',(-90.5,-57.09770965576,66.5));
#9511 = SURFACE_CURVE('',#9512,(#9516,#9523),.PCURVE_S1.);
#9512 = LINE('',#9513,#9514);
#9513 = CARTESIAN_POINT('',(-90.5,-57.09770965576,66.5));
#9514 = VECTOR('',#9515,1.);
#9515 = DIRECTION('',(0.,-1.224646799147E-16,-1.));
#9516 = PCURVE('',#9447,#9517);
#9517 = DEFINITIONAL_REPRESENTATION('',(#9518),#9522);
#9518 = LINE('',#9519,#9520);
#9519 = CARTESIAN_POINT('',(2.5,0.));
#9520 = VECTOR('',#9521,1.);
#9521 = DIRECTION('',(0.,-1.));
#9522 = ( GEOMETRIC_REPRESENTATION_CONTEXT(2) 
PARAMETRIC_REPRESENTATION_CONTEXT() REPRESENTATION_CONTEXT('2D SPACE',''
  ) );
#9523 = PCURVE('',#1545,#9524);
#9524 = DEFINITIONAL_REPRESENTATION('',(#9525),#9529);
#9525 = LINE('',#9526,#9527);
#9526 = CARTESIAN_POINT('',(-0.,0.));
#9527 = VECTOR('',#9528,1.);
#9528 = DIRECTION('',(-0.,-1.));
#9529 = ( GEOMETRIC_REPRESENTATION_CONTEXT(2) 
PARAMETRIC_REPRESENTATION_CONTEXT() REPRESENTATION_CONTEXT('2D SPACE',''
  ) );
#9530 = ORIENTED_EDGE('',*,*,#9531,.F.);
#9531 = EDGE_CURVE('',#9432,#9509,#9532,.T.);
#9532 = SURFACE_CURVE('',#9533,(#9537,#9544),.PCURVE_S1.);
#9533 = LINE('',#9534,#9535);
#9534 = CARTESIAN_POINT('',(-88.,-57.09770965576,66.5));
#9535 = VECTOR('',#9536,1.);
#9536 = DIRECTION('',(-1.,-0.,0.));
#9537 = PCURVE('',#9447,#9538);
#9538 = DEFINITIONAL_REPRESENTATION('',(#9539),#9543);
#9539 = LINE('',#9540,#9541);
#9540 = CARTESIAN_POINT('',(0.,0.));
#9541 = VECTOR('',#9542,1.);
#9542 = DIRECTION('',(1.,0.));
#9543 = ( GEOMETRIC_REPRESENTATION_CONTEXT(2) 
PARAMETRIC_REPRESENTATION_CONTEXT() REPRESENTATION_CONTEXT('2D SPACE',''
  ) );
#9544 = PCURVE('',#471,#9545);
#9545 = DEFINITIONAL_REPRESENTATION('',(#9546),#9550);
#9546 = LINE('',#9547,#9548);
#9547 = CARTESIAN_POINT('',(22.,122.09770965576));
#9548 = VECTOR('',#9549,1.);
#9549 = DIRECTION('',(-1.,0.));
#9550 = ( GEOMETRIC_REPRESENTATION_CONTEXT(2) 
PARAMETRIC_REPRESENTATION_CONTEXT() REPRESENTATION_CONTEXT('2D SPACE',''
  ) );
#9551 = ADVANCED_FACE('',(#9552),#2127,.T.);
#9552 = FACE_BOUND('',#9553,.T.);
#9553 = EDGE_LOOP('',(#9554,#9584,#9605,#9606));
#9554 = ORIENTED_EDGE('',*,*,#9555,.T.);
#9555 = EDGE_CURVE('',#9556,#9558,#9560,.T.);
#9556 = VERTEX_POINT('',#9557);
#9557 = CARTESIAN_POINT('',(83.956855773926,-55.15685272216,61.5));
#9558 = VERTEX_POINT('',#9559);
#9559 = CARTESIAN_POINT('',(83.956855773926,-55.15685272216,2.5));
#9560 = SURFACE_CURVE('',#9561,(#9565,#9572),.PCURVE_S1.);
#9561 = LINE('',#9562,#9563);
#9562 = CARTESIAN_POINT('',(83.956855773926,-55.15685272216,61.5));
#9563 = VECTOR('',#9564,1.);
#9564 = DIRECTION('',(0.,-1.224646799147E-16,-1.));
#9565 = PCURVE('',#2127,#9566);
#9566 = DEFINITIONAL_REPRESENTATION('',(#9567),#9571);
#9567 = LINE('',#9568,#9569);
#9568 = CARTESIAN_POINT('',(0.,0.));
#9569 = VECTOR('',#9570,1.);
#9570 = DIRECTION('',(0.,-1.));
#9571 = ( GEOMETRIC_REPRESENTATION_CONTEXT(2) 
PARAMETRIC_REPRESENTATION_CONTEXT() REPRESENTATION_CONTEXT('2D SPACE',''
  ) );
#9572 = PCURVE('',#9573,#9578);
#9573 = CYLINDRICAL_SURFACE('',#9574,7.205226012026);
#9574 = AXIS2_PLACEMENT_3D('',#9575,#9576,#9577);
#9575 = CARTESIAN_POINT('',(91.162081134811,-55.15991592713,61.5));
#9576 = DIRECTION('',(0.,1.224646799147E-16,1.));
#9577 = DIRECTION('',(-0.488067182292,0.872806064123,-1.068879152704E-16
    ));
#9578 = DEFINITIONAL_REPRESENTATION('',(#9579),#9583);
#9579 = LINE('',#9580,#9581);
#9580 = CARTESIAN_POINT('',(1.060497298966,0.));
#9581 = VECTOR('',#9582,1.);
#9582 = DIRECTION('',(0.,-1.));
#9583 = ( GEOMETRIC_REPRESENTATION_CONTEXT(2) 
PARAMETRIC_REPRESENTATION_CONTEXT() REPRESENTATION_CONTEXT('2D SPACE',''
  ) );
#9584 = ORIENTED_EDGE('',*,*,#9585,.T.);
#9585 = EDGE_CURVE('',#9558,#2112,#9586,.T.);
#9586 = SURFACE_CURVE('',#9587,(#9591,#9598),.PCURVE_S1.);
#9587 = LINE('',#9588,#9589);
#9588 = CARTESIAN_POINT('',(83.956855773926,-55.15685272216,2.5));
#9589 = VECTOR('',#9590,1.);
#9590 = DIRECTION('',(0.,-1.,1.224646799147E-16));
#9591 = PCURVE('',#2127,#9592);
#9592 = DEFINITIONAL_REPRESENTATION('',(#9593),#9597);
#9593 = LINE('',#9594,#9595);
#9594 = CARTESIAN_POINT('',(-1.199887573684E-16,-59.));
#9595 = VECTOR('',#9596,1.);
#9596 = DIRECTION('',(1.,0.));
#9597 = ( GEOMETRIC_REPRESENTATION_CONTEXT(2) 
PARAMETRIC_REPRESENTATION_CONTEXT() REPRESENTATION_CONTEXT('2D SPACE',''
  ) );
#9598 = PCURVE('',#1157,#9599);
#9599 = DEFINITIONAL_REPRESENTATION('',(#9600),#9604);
#9600 = LINE('',#9601,#9602);
#9601 = CARTESIAN_POINT('',(83.956855773926,51.529322266927));
#9602 = VECTOR('',#9603,1.);
#9603 = DIRECTION('',(0.,1.));
#9604 = ( GEOMETRIC_REPRESENTATION_CONTEXT(2) 
PARAMETRIC_REPRESENTATION_CONTEXT() REPRESENTATION_CONTEXT('2D SPACE',''
  ) );
#9605 = ORIENTED_EDGE('',*,*,#2111,.F.);
#9606 = ORIENTED_EDGE('',*,*,#9607,.F.);
#9607 = EDGE_CURVE('',#9556,#2084,#9608,.T.);
#9608 = SURFACE_CURVE('',#9609,(#9613,#9620),.PCURVE_S1.);
#9609 = LINE('',#9610,#9611);
#9610 = CARTESIAN_POINT('',(83.956855773926,-55.15685272216,61.5));
#9611 = VECTOR('',#9612,1.);
#9612 = DIRECTION('',(0.,-1.,1.224646799147E-16));
#9613 = PCURVE('',#2127,#9614);
#9614 = DEFINITIONAL_REPRESENTATION('',(#9615),#9619);
#9615 = LINE('',#9616,#9617);
#9616 = CARTESIAN_POINT('',(0.,0.));
#9617 = VECTOR('',#9618,1.);
#9618 = DIRECTION('',(1.,0.));
#9619 = ( GEOMETRIC_REPRESENTATION_CONTEXT(2) 
PARAMETRIC_REPRESENTATION_CONTEXT() REPRESENTATION_CONTEXT('2D SPACE',''
  ) );
#9620 = PCURVE('',#2099,#9621);
#9621 = DEFINITIONAL_REPRESENTATION('',(#9622),#9626);
#9622 = LINE('',#9623,#9624);
#9623 = CARTESIAN_POINT('',(-83.9560617687,12.60940089188));
#9624 = VECTOR('',#9625,1.);
#9625 = DIRECTION('',(0.,1.));
#9626 = ( GEOMETRIC_REPRESENTATION_CONTEXT(2) 
PARAMETRIC_REPRESENTATION_CONTEXT() REPRESENTATION_CONTEXT('2D SPACE',''
  ) );
#9627 = ADVANCED_FACE('',(#9628),#9573,.T.);
#9628 = FACE_BOUND('',#9629,.T.);
#9629 = EDGE_LOOP('',(#9630,#9660,#9686,#9687));
#9630 = ORIENTED_EDGE('',*,*,#9631,.T.);
#9631 = EDGE_CURVE('',#9632,#9634,#9636,.T.);
#9632 = VERTEX_POINT('',#9633);
#9633 = CARTESIAN_POINT('',(87.645446777344,-48.87115097045,61.5));
#9634 = VERTEX_POINT('',#9635);
#9635 = CARTESIAN_POINT('',(87.645446777344,-48.87115097045,2.5));
#9636 = SURFACE_CURVE('',#9637,(#9641,#9648),.PCURVE_S1.);
#9637 = LINE('',#9638,#9639);
#9638 = CARTESIAN_POINT('',(87.645446777344,-48.87115097045,61.5));
#9639 = VECTOR('',#9640,1.);
#9640 = DIRECTION('',(0.,-1.224646799147E-16,-1.));
#9641 = PCURVE('',#9573,#9642);
#9642 = DEFINITIONAL_REPRESENTATION('',(#9643),#9647);
#9643 = LINE('',#9644,#9645);
#9644 = CARTESIAN_POINT('',(0.,0.));
#9645 = VECTOR('',#9646,1.);
#9646 = DIRECTION('',(0.,-1.));
#9647 = ( GEOMETRIC_REPRESENTATION_CONTEXT(2) 
PARAMETRIC_REPRESENTATION_CONTEXT() REPRESENTATION_CONTEXT('2D SPACE',''
  ) );
#9648 = PCURVE('',#9649,#9654);
#9649 = PLANE('',#9650);
#9650 = AXIS2_PLACEMENT_3D('',#9651,#9652,#9653);
#9651 = CARTESIAN_POINT('',(88.,-48.6873550415,61.5));
#9652 = DIRECTION('',(-0.460225431715,0.88780209056,-1.087243988481E-16)
  );
#9653 = DIRECTION('',(-0.88780209056,-0.460225431715,5.636136018355E-17)
  );
#9654 = DEFINITIONAL_REPRESENTATION('',(#9655),#9659);
#9655 = LINE('',#9656,#9657);
#9656 = CARTESIAN_POINT('',(0.39936065304,-2.250850960912E-17));
#9657 = VECTOR('',#9658,1.);
#9658 = DIRECTION('',(0.,-1.));
#9659 = ( GEOMETRIC_REPRESENTATION_CONTEXT(2) 
PARAMETRIC_REPRESENTATION_CONTEXT() REPRESENTATION_CONTEXT('2D SPACE',''
  ) );
#9660 = ORIENTED_EDGE('',*,*,#9661,.T.);
#9661 = EDGE_CURVE('',#9634,#9558,#9662,.T.);
#9662 = SURFACE_CURVE('',#9663,(#9668,#9675),.PCURVE_S1.);
#9663 = CIRCLE('',#9664,7.205226012026);
#9664 = AXIS2_PLACEMENT_3D('',#9665,#9666,#9667);
#9665 = CARTESIAN_POINT('',(91.162081134811,-55.15991592713,2.5));
#9666 = DIRECTION('',(8.002896116059E-33,1.224646799147E-16,1.));
#9667 = DIRECTION('',(-0.488067182292,0.872806064123,-1.068879152704E-16
    ));
#9668 = PCURVE('',#9573,#9669);
#9669 = DEFINITIONAL_REPRESENTATION('',(#9670),#9674);
#9670 = LINE('',#9671,#9672);
#9671 = CARTESIAN_POINT('',(0.,-59.));
#9672 = VECTOR('',#9673,1.);
#9673 = DIRECTION('',(1.,0.));
#9674 = ( GEOMETRIC_REPRESENTATION_CONTEXT(2) 
PARAMETRIC_REPRESENTATION_CONTEXT() REPRESENTATION_CONTEXT('2D SPACE',''
  ) );
#9675 = PCURVE('',#1157,#9676);
#9676 = DEFINITIONAL_REPRESENTATION('',(#9677),#9685);
#9677 = ( BOUNDED_CURVE() B_SPLINE_CURVE(2,(#9678,#9679,#9680,#9681,
#9682,#9683,#9684),.UNSPECIFIED.,.T.,.F.) B_SPLINE_CURVE_WITH_KNOTS((1,2
    ,2,2,2,1),(-2.094395102393,0.,2.094395102393,4.188790204786,
6.28318530718,8.377580409573),.UNSPECIFIED.) CURVE() 
GEOMETRIC_REPRESENTATION_ITEM() RATIONAL_B_SPLINE_CURVE((1.,0.5,1.,0.5,
1.,0.5,1.)) REPRESENTATION_ITEM('') );
#9678 = CARTESIAN_POINT('',(87.645446777344,45.243620515218));
#9679 = CARTESIAN_POINT('',(76.752986355531,51.334609893994));
#9680 = CARTESIAN_POINT('',(87.474168102639,57.722262639612));
#9681 = CARTESIAN_POINT('',(98.195349849746,64.109915385231));
#9682 = CARTESIAN_POINT('',(98.366628524451,51.631273260836));
#9683 = CARTESIAN_POINT('',(98.537907199156,39.152631136442));
#9684 = CARTESIAN_POINT('',(87.645446777344,45.243620515218));
#9685 = ( GEOMETRIC_REPRESENTATION_CONTEXT(2) 
PARAMETRIC_REPRESENTATION_CONTEXT() REPRESENTATION_CONTEXT('2D SPACE',''
  ) );
#9686 = ORIENTED_EDGE('',*,*,#9555,.F.);
#9687 = ORIENTED_EDGE('',*,*,#9688,.F.);
#9688 = EDGE_CURVE('',#9632,#9556,#9689,.T.);
#9689 = SURFACE_CURVE('',#9690,(#9695,#9702),.PCURVE_S1.);
#9690 = CIRCLE('',#9691,7.205226012026);
#9691 = AXIS2_PLACEMENT_3D('',#9692,#9693,#9694);
#9692 = CARTESIAN_POINT('',(91.162081134811,-55.15991592713,61.5));
#9693 = DIRECTION('',(8.002896116059E-33,1.224646799147E-16,1.));
#9694 = DIRECTION('',(-0.488067182292,0.872806064123,-1.068879152704E-16
    ));
#9695 = PCURVE('',#9573,#9696);
#9696 = DEFINITIONAL_REPRESENTATION('',(#9697),#9701);
#9697 = LINE('',#9698,#9699);
#9698 = CARTESIAN_POINT('',(0.,0.));
#9699 = VECTOR('',#9700,1.);
#9700 = DIRECTION('',(1.,0.));
#9701 = ( GEOMETRIC_REPRESENTATION_CONTEXT(2) 
PARAMETRIC_REPRESENTATION_CONTEXT() REPRESENTATION_CONTEXT('2D SPACE',''
  ) );
#9702 = PCURVE('',#2099,#9703);
#9703 = DEFINITIONAL_REPRESENTATION('',(#9704),#9708);
#9704 = CIRCLE('',#9705,7.205226012026);
#9705 = AXIS2_PLACEMENT_2D('',#9706,#9707);
#9706 = CARTESIAN_POINT('',(-91.16128712959,12.612464096842));
#9707 = DIRECTION('',(0.488067182292,-0.872806064123));
#9708 = ( GEOMETRIC_REPRESENTATION_CONTEXT(2) 
PARAMETRIC_REPRESENTATION_CONTEXT() REPRESENTATION_CONTEXT('2D SPACE',''
  ) );
#9709 = ADVANCED_FACE('',(#9710),#9649,.T.);
#9710 = FACE_BOUND('',#9711,.T.);
#9711 = EDGE_LOOP('',(#9712,#9742,#9763,#9764));
#9712 = ORIENTED_EDGE('',*,*,#9713,.T.);
#9713 = EDGE_CURVE('',#9714,#9716,#9718,.T.);
#9714 = VERTEX_POINT('',#9715);
#9715 = CARTESIAN_POINT('',(88.,-48.6873550415,61.5));
#9716 = VERTEX_POINT('',#9717);
#9717 = CARTESIAN_POINT('',(88.,-48.6873550415,2.5));
#9718 = SURFACE_CURVE('',#9719,(#9723,#9730),.PCURVE_S1.);
#9719 = LINE('',#9720,#9721);
#9720 = CARTESIAN_POINT('',(88.,-48.6873550415,61.5));
#9721 = VECTOR('',#9722,1.);
#9722 = DIRECTION('',(0.,-1.224646799147E-16,-1.));
#9723 = PCURVE('',#9649,#9724);
#9724 = DEFINITIONAL_REPRESENTATION('',(#9725),#9729);
#9725 = LINE('',#9726,#9727);
#9726 = CARTESIAN_POINT('',(0.,0.));
#9727 = VECTOR('',#9728,1.);
#9728 = DIRECTION('',(0.,-1.));
#9729 = ( GEOMETRIC_REPRESENTATION_CONTEXT(2) 
PARAMETRIC_REPRESENTATION_CONTEXT() REPRESENTATION_CONTEXT('2D SPACE',''
  ) );
#9730 = PCURVE('',#9731,#9736);
#9731 = PLANE('',#9732);
#9732 = AXIS2_PLACEMENT_3D('',#9733,#9734,#9735);
#9733 = CARTESIAN_POINT('',(90.5,-48.6873550415,61.5));
#9734 = DIRECTION('',(0.,1.,-1.224646799147E-16));
#9735 = DIRECTION('',(-1.,-0.,0.));
#9736 = DEFINITIONAL_REPRESENTATION('',(#9737),#9741);
#9737 = LINE('',#9738,#9739);
#9738 = CARTESIAN_POINT('',(2.5,0.));
#9739 = VECTOR('',#9740,1.);
#9740 = DIRECTION('',(0.,-1.));
#9741 = ( GEOMETRIC_REPRESENTATION_CONTEXT(2) 
PARAMETRIC_REPRESENTATION_CONTEXT() REPRESENTATION_CONTEXT('2D SPACE',''
  ) );
#9742 = ORIENTED_EDGE('',*,*,#9743,.T.);
#9743 = EDGE_CURVE('',#9716,#9634,#9744,.T.);
#9744 = SURFACE_CURVE('',#9745,(#9749,#9756),.PCURVE_S1.);
#9745 = LINE('',#9746,#9747);
#9746 = CARTESIAN_POINT('',(88.,-48.6873550415,2.5));
#9747 = VECTOR('',#9748,1.);
#9748 = DIRECTION('',(-0.88780209056,-0.460225431715,5.636136018355E-17)
  );
#9749 = PCURVE('',#9649,#9750);
#9750 = DEFINITIONAL_REPRESENTATION('',(#9751),#9755);
#9751 = LINE('',#9752,#9753);
#9752 = CARTESIAN_POINT('',(-5.522187766076E-17,-59.));
#9753 = VECTOR('',#9754,1.);
#9754 = DIRECTION('',(1.,0.));
#9755 = ( GEOMETRIC_REPRESENTATION_CONTEXT(2) 
PARAMETRIC_REPRESENTATION_CONTEXT() REPRESENTATION_CONTEXT('2D SPACE',''
  ) );
#9756 = PCURVE('',#1157,#9757);
#9757 = DEFINITIONAL_REPRESENTATION('',(#9758),#9762);
#9758 = LINE('',#9759,#9760);
#9759 = CARTESIAN_POINT('',(88.,45.059824586263));
#9760 = VECTOR('',#9761,1.);
#9761 = DIRECTION('',(-0.88780209056,0.460225431715));
#9762 = ( GEOMETRIC_REPRESENTATION_CONTEXT(2) 
PARAMETRIC_REPRESENTATION_CONTEXT() REPRESENTATION_CONTEXT('2D SPACE',''
  ) );
#9763 = ORIENTED_EDGE('',*,*,#9631,.F.);
#9764 = ORIENTED_EDGE('',*,*,#9765,.F.);
#9765 = EDGE_CURVE('',#9714,#9632,#9766,.T.);
#9766 = SURFACE_CURVE('',#9767,(#9771,#9778),.PCURVE_S1.);
#9767 = LINE('',#9768,#9769);
#9768 = CARTESIAN_POINT('',(88.,-48.6873550415,61.5));
#9769 = VECTOR('',#9770,1.);
#9770 = DIRECTION('',(-0.88780209056,-0.460225431715,5.636136018355E-17)
  );
#9771 = PCURVE('',#9649,#9772);
#9772 = DEFINITIONAL_REPRESENTATION('',(#9773),#9777);
#9773 = LINE('',#9774,#9775);
#9774 = CARTESIAN_POINT('',(0.,0.));
#9775 = VECTOR('',#9776,1.);
#9776 = DIRECTION('',(1.,0.));
#9777 = ( GEOMETRIC_REPRESENTATION_CONTEXT(2) 
PARAMETRIC_REPRESENTATION_CONTEXT() REPRESENTATION_CONTEXT('2D SPACE',''
  ) );
#9778 = PCURVE('',#2099,#9779);
#9779 = DEFINITIONAL_REPRESENTATION('',(#9780),#9784);
#9780 = LINE('',#9781,#9782);
#9781 = CARTESIAN_POINT('',(-87.99920599478,6.139903211216));
#9782 = VECTOR('',#9783,1.);
#9783 = DIRECTION('',(0.88780209056,0.460225431715));
#9784 = ( GEOMETRIC_REPRESENTATION_CONTEXT(2) 
PARAMETRIC_REPRESENTATION_CONTEXT() REPRESENTATION_CONTEXT('2D SPACE',''
  ) );
#9785 = ADVANCED_FACE('',(#9786),#9731,.T.);
#9786 = FACE_BOUND('',#9787,.T.);
#9787 = EDGE_LOOP('',(#9788,#9818,#9839,#9840));
#9788 = ORIENTED_EDGE('',*,*,#9789,.T.);
#9789 = EDGE_CURVE('',#9790,#9792,#9794,.T.);
#9790 = VERTEX_POINT('',#9791);
#9791 = CARTESIAN_POINT('',(90.5,-48.6873550415,61.5));
#9792 = VERTEX_POINT('',#9793);
#9793 = CARTESIAN_POINT('',(90.5,-48.6873550415,2.5));
#9794 = SURFACE_CURVE('',#9795,(#9799,#9806),.PCURVE_S1.);
#9795 = LINE('',#9796,#9797);
#9796 = CARTESIAN_POINT('',(90.5,-48.6873550415,61.5));
#9797 = VECTOR('',#9798,1.);
#9798 = DIRECTION('',(0.,-1.224646799147E-16,-1.));
#9799 = PCURVE('',#9731,#9800);
#9800 = DEFINITIONAL_REPRESENTATION('',(#9801),#9805);
#9801 = LINE('',#9802,#9803);
#9802 = CARTESIAN_POINT('',(0.,0.));
#9803 = VECTOR('',#9804,1.);
#9804 = DIRECTION('',(0.,-1.));
#9805 = ( GEOMETRIC_REPRESENTATION_CONTEXT(2) 
PARAMETRIC_REPRESENTATION_CONTEXT() REPRESENTATION_CONTEXT('2D SPACE',''
  ) );
#9806 = PCURVE('',#9807,#9812);
#9807 = CYLINDRICAL_SURFACE('',#9808,7.203082172764);
#9808 = AXIS2_PLACEMENT_3D('',#9809,#9810,#9811);
#9809 = CARTESIAN_POINT('',(93.66070825618,-55.15993691483,61.5));
#9810 = DIRECTION('',(0.,1.224646799147E-16,1.));
#9811 = DIRECTION('',(-5.35261700373E-04,0.999999856747,
    -1.224646623714E-16));
#9812 = DEFINITIONAL_REPRESENTATION('',(#9813),#9817);
#9813 = LINE('',#9814,#9815);
#9814 = CARTESIAN_POINT('',(0.453726893177,0.));
#9815 = VECTOR('',#9816,1.);
#9816 = DIRECTION('',(0.,-1.));
#9817 = ( GEOMETRIC_REPRESENTATION_CONTEXT(2) 
PARAMETRIC_REPRESENTATION_CONTEXT() REPRESENTATION_CONTEXT('2D SPACE',''
  ) );
#9818 = ORIENTED_EDGE('',*,*,#9819,.T.);
#9819 = EDGE_CURVE('',#9792,#9716,#9820,.T.);
#9820 = SURFACE_CURVE('',#9821,(#9825,#9832),.PCURVE_S1.);
#9821 = LINE('',#9822,#9823);
#9822 = CARTESIAN_POINT('',(90.5,-48.6873550415,2.5));
#9823 = VECTOR('',#9824,1.);
#9824 = DIRECTION('',(-1.,-0.,0.));
#9825 = PCURVE('',#9731,#9826);
#9826 = DEFINITIONAL_REPRESENTATION('',(#9827),#9831);
#9827 = LINE('',#9828,#9829);
#9828 = CARTESIAN_POINT('',(0.,-59.));
#9829 = VECTOR('',#9830,1.);
#9830 = DIRECTION('',(1.,0.));
#9831 = ( GEOMETRIC_REPRESENTATION_CONTEXT(2) 
PARAMETRIC_REPRESENTATION_CONTEXT() REPRESENTATION_CONTEXT('2D SPACE',''
  ) );
#9832 = PCURVE('',#1157,#9833);
#9833 = DEFINITIONAL_REPRESENTATION('',(#9834),#9838);
#9834 = LINE('',#9835,#9836);
#9835 = CARTESIAN_POINT('',(90.5,45.059824586263));
#9836 = VECTOR('',#9837,1.);
#9837 = DIRECTION('',(-1.,0.));
#9838 = ( GEOMETRIC_REPRESENTATION_CONTEXT(2) 
PARAMETRIC_REPRESENTATION_CONTEXT() REPRESENTATION_CONTEXT('2D SPACE',''
  ) );
#9839 = ORIENTED_EDGE('',*,*,#9713,.F.);
#9840 = ORIENTED_EDGE('',*,*,#9841,.F.);
#9841 = EDGE_CURVE('',#9790,#9714,#9842,.T.);
#9842 = SURFACE_CURVE('',#9843,(#9847,#9854),.PCURVE_S1.);
#9843 = LINE('',#9844,#9845);
#9844 = CARTESIAN_POINT('',(90.5,-48.6873550415,61.5));
#9845 = VECTOR('',#9846,1.);
#9846 = DIRECTION('',(-1.,-0.,0.));
#9847 = PCURVE('',#9731,#9848);
#9848 = DEFINITIONAL_REPRESENTATION('',(#9849),#9853);
#9849 = LINE('',#9850,#9851);
#9850 = CARTESIAN_POINT('',(0.,0.));
#9851 = VECTOR('',#9852,1.);
#9852 = DIRECTION('',(1.,0.));
#9853 = ( GEOMETRIC_REPRESENTATION_CONTEXT(2) 
PARAMETRIC_REPRESENTATION_CONTEXT() REPRESENTATION_CONTEXT('2D SPACE',''
  ) );
#9854 = PCURVE('',#2099,#9855);
#9855 = DEFINITIONAL_REPRESENTATION('',(#9856),#9860);
#9856 = LINE('',#9857,#9858);
#9857 = CARTESIAN_POINT('',(-90.49920599478,6.139903211216));
#9858 = VECTOR('',#9859,1.);
#9859 = DIRECTION('',(1.,0.));
#9860 = ( GEOMETRIC_REPRESENTATION_CONTEXT(2) 
PARAMETRIC_REPRESENTATION_CONTEXT() REPRESENTATION_CONTEXT('2D SPACE',''
  ) );
#9861 = ADVANCED_FACE('',(#9862),#9807,.T.);
#9862 = FACE_BOUND('',#9863,.T.);
#9863 = EDGE_LOOP('',(#9864,#9894,#9920,#9921));
#9864 = ORIENTED_EDGE('',*,*,#9865,.T.);
#9865 = EDGE_CURVE('',#9866,#9868,#9870,.T.);
#9866 = VERTEX_POINT('',#9867);
#9867 = CARTESIAN_POINT('',(93.656852722168,-47.95685577392,61.5));
#9868 = VERTEX_POINT('',#9869);
#9869 = CARTESIAN_POINT('',(93.656852722168,-47.95685577392,2.5));
#9870 = SURFACE_CURVE('',#9871,(#9875,#9882),.PCURVE_S1.);
#9871 = LINE('',#9872,#9873);
#9872 = CARTESIAN_POINT('',(93.656852722168,-47.95685577392,61.5));
#9873 = VECTOR('',#9874,1.);
#9874 = DIRECTION('',(0.,-1.224646799147E-16,-1.));
#9875 = PCURVE('',#9807,#9876);
#9876 = DEFINITIONAL_REPRESENTATION('',(#9877),#9881);
#9877 = LINE('',#9878,#9879);
#9878 = CARTESIAN_POINT('',(0.,0.));
#9879 = VECTOR('',#9880,1.);
#9880 = DIRECTION('',(0.,-1.));
#9881 = ( GEOMETRIC_REPRESENTATION_CONTEXT(2) 
PARAMETRIC_REPRESENTATION_CONTEXT() REPRESENTATION_CONTEXT('2D SPACE',''
  ) );
#9882 = PCURVE('',#9883,#9888);
#9883 = PLANE('',#9884);
#9884 = AXIS2_PLACEMENT_3D('',#9885,#9886,#9887);
#9885 = CARTESIAN_POINT('',(96.,-47.95685577392,61.5));
#9886 = DIRECTION('',(0.,1.,-1.224646799147E-16));
#9887 = DIRECTION('',(-1.,-0.,0.));
#9888 = DEFINITIONAL_REPRESENTATION('',(#9889),#9893);
#9889 = LINE('',#9890,#9891);
#9890 = CARTESIAN_POINT('',(2.343147277832,0.));
#9891 = VECTOR('',#9892,1.);
#9892 = DIRECTION('',(0.,-1.));
#9893 = ( GEOMETRIC_REPRESENTATION_CONTEXT(2) 
PARAMETRIC_REPRESENTATION_CONTEXT() REPRESENTATION_CONTEXT('2D SPACE',''
  ) );
#9894 = ORIENTED_EDGE('',*,*,#9895,.T.);
#9895 = EDGE_CURVE('',#9868,#9792,#9896,.T.);
#9896 = SURFACE_CURVE('',#9897,(#9902,#9909),.PCURVE_S1.);
#9897 = CIRCLE('',#9898,7.203082172764);
#9898 = AXIS2_PLACEMENT_3D('',#9899,#9900,#9901);
#9899 = CARTESIAN_POINT('',(93.66070825618,-55.15993691483,2.5));
#9900 = DIRECTION('',(5.681206225373E-36,1.224646799147E-16,1.));
#9901 = DIRECTION('',(-5.35261700373E-04,0.999999856747,
    -1.224646623714E-16));
#9902 = PCURVE('',#9807,#9903);
#9903 = DEFINITIONAL_REPRESENTATION('',(#9904),#9908);
#9904 = LINE('',#9905,#9906);
#9905 = CARTESIAN_POINT('',(0.,-59.));
#9906 = VECTOR('',#9907,1.);
#9907 = DIRECTION('',(1.,0.));
#9908 = ( GEOMETRIC_REPRESENTATION_CONTEXT(2) 
PARAMETRIC_REPRESENTATION_CONTEXT() REPRESENTATION_CONTEXT('2D SPACE',''
  ) );
#9909 = PCURVE('',#1157,#9910);
#9910 = DEFINITIONAL_REPRESENTATION('',(#9911),#9919);
#9911 = ( BOUNDED_CURVE() B_SPLINE_CURVE(2,(#9912,#9913,#9914,#9915,
#9916,#9917,#9918),.UNSPECIFIED.,.T.,.F.) B_SPLINE_CURVE_WITH_KNOTS((1,2
    ,2,2,2,1),(-2.094395102393,0.,2.094395102393,4.188790204786,
6.28318530718,8.377580409573),.UNSPECIFIED.) CURVE() 
GEOMETRIC_REPRESENTATION_ITEM() RATIONAL_B_SPLINE_CURVE((1.,0.5,1.,0.5,
1.,0.5,1.)) REPRESENTATION_ITEM('') );
#9912 = CARTESIAN_POINT('',(93.656852722168,44.329325318685));
#9913 = CARTESIAN_POINT('',(81.180750215081,44.336003299483));
#9914 = CARTESIAN_POINT('',(87.424584769642,55.13728602044));
#9915 = CARTESIAN_POINT('',(93.668419324203,65.938568741396));
#9916 = CARTESIAN_POINT('',(99.900687276729,55.130608039641));
#9917 = CARTESIAN_POINT('',(106.13295522925,44.322647337886));
#9918 = CARTESIAN_POINT('',(93.656852722168,44.329325318685));
#9919 = ( GEOMETRIC_REPRESENTATION_CONTEXT(2) 
PARAMETRIC_REPRESENTATION_CONTEXT() REPRESENTATION_CONTEXT('2D SPACE',''
  ) );
#9920 = ORIENTED_EDGE('',*,*,#9789,.F.);
#9921 = ORIENTED_EDGE('',*,*,#9922,.F.);
#9922 = EDGE_CURVE('',#9866,#9790,#9923,.T.);
#9923 = SURFACE_CURVE('',#9924,(#9929,#9936),.PCURVE_S1.);
#9924 = CIRCLE('',#9925,7.203082172764);
#9925 = AXIS2_PLACEMENT_3D('',#9926,#9927,#9928);
#9926 = CARTESIAN_POINT('',(93.66070825618,-55.15993691483,61.5));
#9927 = DIRECTION('',(5.681206225373E-36,1.224646799147E-16,1.));
#9928 = DIRECTION('',(-5.35261700373E-04,0.999999856747,
    -1.224646623714E-16));
#9929 = PCURVE('',#9807,#9930);
#9930 = DEFINITIONAL_REPRESENTATION('',(#9931),#9935);
#9931 = LINE('',#9932,#9933);
#9932 = CARTESIAN_POINT('',(0.,0.));
#9933 = VECTOR('',#9934,1.);
#9934 = DIRECTION('',(1.,0.));
#9935 = ( GEOMETRIC_REPRESENTATION_CONTEXT(2) 
PARAMETRIC_REPRESENTATION_CONTEXT() REPRESENTATION_CONTEXT('2D SPACE',''
  ) );
#9936 = PCURVE('',#2099,#9937);
#9937 = DEFINITIONAL_REPRESENTATION('',(#9938),#9942);
#9938 = CIRCLE('',#9939,7.203082172764);
#9939 = AXIS2_PLACEMENT_2D('',#9940,#9941);
#9940 = CARTESIAN_POINT('',(-93.65991425096,12.612485084541));
#9941 = DIRECTION('',(5.35261700373E-04,-0.999999856747));
#9942 = ( GEOMETRIC_REPRESENTATION_CONTEXT(2) 
PARAMETRIC_REPRESENTATION_CONTEXT() REPRESENTATION_CONTEXT('2D SPACE',''
  ) );
#9943 = ADVANCED_FACE('',(#9944),#9883,.T.);
#9944 = FACE_BOUND('',#9945,.T.);
#9945 = EDGE_LOOP('',(#9946,#9976,#9997,#9998));
#9946 = ORIENTED_EDGE('',*,*,#9947,.T.);
#9947 = EDGE_CURVE('',#9948,#9950,#9952,.T.);
#9948 = VERTEX_POINT('',#9949);
#9949 = CARTESIAN_POINT('',(96.,-47.95685577392,61.5));
#9950 = VERTEX_POINT('',#9951);
#9951 = CARTESIAN_POINT('',(96.,-47.95685577392,2.5));
#9952 = SURFACE_CURVE('',#9953,(#9957,#9964),.PCURVE_S1.);
#9953 = LINE('',#9954,#9955);
#9954 = CARTESIAN_POINT('',(96.,-47.95685577392,61.5));
#9955 = VECTOR('',#9956,1.);
#9956 = DIRECTION('',(0.,-1.224646799147E-16,-1.));
#9957 = PCURVE('',#9883,#9958);
#9958 = DEFINITIONAL_REPRESENTATION('',(#9959),#9963);
#9959 = LINE('',#9960,#9961);
#9960 = CARTESIAN_POINT('',(0.,0.));
#9961 = VECTOR('',#9962,1.);
#9962 = DIRECTION('',(0.,-1.));
#9963 = ( GEOMETRIC_REPRESENTATION_CONTEXT(2) 
PARAMETRIC_REPRESENTATION_CONTEXT() REPRESENTATION_CONTEXT('2D SPACE',''
  ) );
#9964 = PCURVE('',#9965,#9970);
#9965 = PLANE('',#9966);
#9966 = AXIS2_PLACEMENT_3D('',#9967,#9968,#9969);
#9967 = CARTESIAN_POINT('',(96.,16.2113,82.));
#9968 = DIRECTION('',(-1.,-0.,0.));
#9969 = DIRECTION('',(0.,-1.,1.224646799147E-16));
#9970 = DEFINITIONAL_REPRESENTATION('',(#9971),#9975);
#9971 = LINE('',#9972,#9973);
#9972 = CARTESIAN_POINT('',(64.168155773926,-20.5));
#9973 = VECTOR('',#9974,1.);
#9974 = DIRECTION('',(0.,-1.));
#9975 = ( GEOMETRIC_REPRESENTATION_CONTEXT(2) 
PARAMETRIC_REPRESENTATION_CONTEXT() REPRESENTATION_CONTEXT('2D SPACE',''
  ) );
#9976 = ORIENTED_EDGE('',*,*,#9977,.T.);
#9977 = EDGE_CURVE('',#9950,#9868,#9978,.T.);
#9978 = SURFACE_CURVE('',#9979,(#9983,#9990),.PCURVE_S1.);
#9979 = LINE('',#9980,#9981);
#9980 = CARTESIAN_POINT('',(96.,-47.95685577392,2.5));
#9981 = VECTOR('',#9982,1.);
#9982 = DIRECTION('',(-1.,-0.,0.));
#9983 = PCURVE('',#9883,#9984);
#9984 = DEFINITIONAL_REPRESENTATION('',(#9985),#9989);
#9985 = LINE('',#9986,#9987);
#9986 = CARTESIAN_POINT('',(0.,-59.));
#9987 = VECTOR('',#9988,1.);
#9988 = DIRECTION('',(1.,0.));
#9989 = ( GEOMETRIC_REPRESENTATION_CONTEXT(2) 
PARAMETRIC_REPRESENTATION_CONTEXT() REPRESENTATION_CONTEXT('2D SPACE',''
  ) );
#9990 = PCURVE('',#1157,#9991);
#9991 = DEFINITIONAL_REPRESENTATION('',(#9992),#9996);
#9992 = LINE('',#9993,#9994);
#9993 = CARTESIAN_POINT('',(96.,44.329325318685));
#9994 = VECTOR('',#9995,1.);
#9995 = DIRECTION('',(-1.,0.));
#9996 = ( GEOMETRIC_REPRESENTATION_CONTEXT(2) 
PARAMETRIC_REPRESENTATION_CONTEXT() REPRESENTATION_CONTEXT('2D SPACE',''
  ) );
#9997 = ORIENTED_EDGE('',*,*,#9865,.F.);
#9998 = ORIENTED_EDGE('',*,*,#9999,.F.);
#9999 = EDGE_CURVE('',#9948,#9866,#10000,.T.);
#10000 = SURFACE_CURVE('',#10001,(#10005,#10012),.PCURVE_S1.);
#10001 = LINE('',#10002,#10003);
#10002 = CARTESIAN_POINT('',(96.,-47.95685577392,61.5));
#10003 = VECTOR('',#10004,1.);
#10004 = DIRECTION('',(-1.,-0.,0.));
#10005 = PCURVE('',#9883,#10006);
#10006 = DEFINITIONAL_REPRESENTATION('',(#10007),#10011);
#10007 = LINE('',#10008,#10009);
#10008 = CARTESIAN_POINT('',(0.,0.));
#10009 = VECTOR('',#10010,1.);
#10010 = DIRECTION('',(1.,0.));
#10011 = ( GEOMETRIC_REPRESENTATION_CONTEXT(2) 
PARAMETRIC_REPRESENTATION_CONTEXT() REPRESENTATION_CONTEXT('2D SPACE',''
  ) );
#10012 = PCURVE('',#2099,#10013);
#10013 = DEFINITIONAL_REPRESENTATION('',(#10014),#10018);
#10014 = LINE('',#10015,#10016);
#10015 = CARTESIAN_POINT('',(-95.99920599478,5.409403943638));
#10016 = VECTOR('',#10017,1.);
#10017 = DIRECTION('',(1.,0.));
#10018 = ( GEOMETRIC_REPRESENTATION_CONTEXT(2) 
PARAMETRIC_REPRESENTATION_CONTEXT() REPRESENTATION_CONTEXT('2D SPACE',''
  ) );
#10019 = ADVANCED_FACE('',(#10020),#9965,.T.);
#10020 = FACE_BOUND('',#10021,.T.);
#10021 = EDGE_LOOP('',(#10022,#10045,#10046,#10069,#10097,#10120));
#10022 = ORIENTED_EDGE('',*,*,#10023,.T.);
#10023 = EDGE_CURVE('',#10024,#9950,#10026,.T.);
#10024 = VERTEX_POINT('',#10025);
#10025 = CARTESIAN_POINT('',(96.,16.2113,2.5));
#10026 = SURFACE_CURVE('',#10027,(#10031,#10038),.PCURVE_S1.);
#10027 = LINE('',#10028,#10029);
#10028 = CARTESIAN_POINT('',(96.,16.2113,2.5));
#10029 = VECTOR('',#10030,1.);
#10030 = DIRECTION('',(0.,-1.,1.224646799147E-16));
#10031 = PCURVE('',#9965,#10032);
#10032 = DEFINITIONAL_REPRESENTATION('',(#10033),#10037);
#10033 = LINE('',#10034,#10035);
#10034 = CARTESIAN_POINT('',(9.2219898318E-16,-79.5));
#10035 = VECTOR('',#10036,1.);
#10036 = DIRECTION('',(1.,0.));
#10037 = ( GEOMETRIC_REPRESENTATION_CONTEXT(2) 
PARAMETRIC_REPRESENTATION_CONTEXT() REPRESENTATION_CONTEXT('2D SPACE',''
  ) );
#10038 = PCURVE('',#1157,#10039);
#10039 = DEFINITIONAL_REPRESENTATION('',(#10040),#10044);
#10040 = LINE('',#10041,#10042);
#10041 = CARTESIAN_POINT('',(96.,-19.83883045524));
#10042 = VECTOR('',#10043,1.);
#10043 = DIRECTION('',(0.,1.));
#10044 = ( GEOMETRIC_REPRESENTATION_CONTEXT(2) 
PARAMETRIC_REPRESENTATION_CONTEXT() REPRESENTATION_CONTEXT('2D SPACE',''
  ) );
#10045 = ORIENTED_EDGE('',*,*,#9947,.F.);
#10046 = ORIENTED_EDGE('',*,*,#10047,.T.);
#10047 = EDGE_CURVE('',#9948,#10048,#10050,.T.);
#10048 = VERTEX_POINT('',#10049);
#10049 = CARTESIAN_POINT('',(96.,-49.5,61.5));
#10050 = SURFACE_CURVE('',#10051,(#10055,#10062),.PCURVE_S1.);
#10051 = LINE('',#10052,#10053);
#10052 = CARTESIAN_POINT('',(96.,13.,61.5));
#10053 = VECTOR('',#10054,1.);
#10054 = DIRECTION('',(0.,-1.,1.224646799147E-16));
#10055 = PCURVE('',#9965,#10056);
#10056 = DEFINITIONAL_REPRESENTATION('',(#10057),#10061);
#10057 = LINE('',#10058,#10059);
#10058 = CARTESIAN_POINT('',(3.2113,-20.5));
#10059 = VECTOR('',#10060,1.);
#10060 = DIRECTION('',(1.,0.));
#10061 = ( GEOMETRIC_REPRESENTATION_CONTEXT(2) 
PARAMETRIC_REPRESENTATION_CONTEXT() REPRESENTATION_CONTEXT('2D SPACE',''
  ) );
#10062 = PCURVE('',#2099,#10063);
#10063 = DEFINITIONAL_REPRESENTATION('',(#10064),#10068);
#10064 = LINE('',#10065,#10066);
#10065 = CARTESIAN_POINT('',(-95.99920599478,-55.54745183028));
#10066 = VECTOR('',#10067,1.);
#10067 = DIRECTION('',(0.,1.));
#10068 = ( GEOMETRIC_REPRESENTATION_CONTEXT(2) 
PARAMETRIC_REPRESENTATION_CONTEXT() REPRESENTATION_CONTEXT('2D SPACE',''
  ) );
#10069 = ORIENTED_EDGE('',*,*,#10070,.F.);
#10070 = EDGE_CURVE('',#10071,#10048,#10073,.T.);
#10071 = VERTEX_POINT('',#10072);
#10072 = CARTESIAN_POINT('',(96.,-49.5,66.5));
#10073 = SURFACE_CURVE('',#10074,(#10078,#10085),.PCURVE_S1.);
#10074 = LINE('',#10075,#10076);
#10075 = CARTESIAN_POINT('',(96.,-49.5,66.5));
#10076 = VECTOR('',#10077,1.);
#10077 = DIRECTION('',(0.,-1.224646799147E-16,-1.));
#10078 = PCURVE('',#9965,#10079);
#10079 = DEFINITIONAL_REPRESENTATION('',(#10080),#10084);
#10080 = LINE('',#10081,#10082);
#10081 = CARTESIAN_POINT('',(65.7113,-15.5));
#10082 = VECTOR('',#10083,1.);
#10083 = DIRECTION('',(0.,-1.));
#10084 = ( GEOMETRIC_REPRESENTATION_CONTEXT(2) 
PARAMETRIC_REPRESENTATION_CONTEXT() REPRESENTATION_CONTEXT('2D SPACE',''
  ) );
#10085 = PCURVE('',#10086,#10091);
#10086 = CYLINDRICAL_SURFACE('',#10087,7.999938827116);
#10087 = AXIS2_PLACEMENT_3D('',#10088,#10089,#10090);
#10088 = CARTESIAN_POINT('',(88.000061330534,-49.49841180092,66.5));
#10089 = DIRECTION('',(-0.,1.224646799147E-16,1.));
#10090 = DIRECTION('',(0.999999980294,-1.98526402257E-04,
    2.431247230703E-20));
#10091 = DEFINITIONAL_REPRESENTATION('',(#10092),#10096);
#10092 = LINE('',#10093,#10094);
#10093 = CARTESIAN_POINT('',(-0.,0.));
#10094 = VECTOR('',#10095,1.);
#10095 = DIRECTION('',(-0.,-1.));
#10096 = ( GEOMETRIC_REPRESENTATION_CONTEXT(2) 
PARAMETRIC_REPRESENTATION_CONTEXT() REPRESENTATION_CONTEXT('2D SPACE',''
  ) );
#10097 = ORIENTED_EDGE('',*,*,#10098,.F.);
#10098 = EDGE_CURVE('',#10099,#10071,#10101,.T.);
#10099 = VERTEX_POINT('',#10100);
#10100 = CARTESIAN_POINT('',(96.,16.2113,66.5));
#10101 = SURFACE_CURVE('',#10102,(#10106,#10113),.PCURVE_S1.);
#10102 = LINE('',#10103,#10104);
#10103 = CARTESIAN_POINT('',(96.,16.2113,66.5));
#10104 = VECTOR('',#10105,1.);
#10105 = DIRECTION('',(0.,-1.,1.224646799147E-16));
#10106 = PCURVE('',#9965,#10107);
#10107 = DEFINITIONAL_REPRESENTATION('',(#10108),#10112);
#10108 = LINE('',#10109,#10110);
#10109 = CARTESIAN_POINT('',(1.654511140122E-15,-15.5));
#10110 = VECTOR('',#10111,1.);
#10111 = DIRECTION('',(1.,0.));
#10112 = ( GEOMETRIC_REPRESENTATION_CONTEXT(2) 
PARAMETRIC_REPRESENTATION_CONTEXT() REPRESENTATION_CONTEXT('2D SPACE',''
  ) );
#10113 = PCURVE('',#807,#10114);
#10114 = DEFINITIONAL_REPRESENTATION('',(#10115),#10119);
#10115 = LINE('',#10116,#10117);
#10116 = CARTESIAN_POINT('',(206.,48.7887));
#10117 = VECTOR('',#10118,1.);
#10118 = DIRECTION('',(0.,1.));
#10119 = ( GEOMETRIC_REPRESENTATION_CONTEXT(2) 
PARAMETRIC_REPRESENTATION_CONTEXT() REPRESENTATION_CONTEXT('2D SPACE',''
  ) );
#10120 = ORIENTED_EDGE('',*,*,#10121,.T.);
#10121 = EDGE_CURVE('',#10099,#10024,#10122,.T.);
#10122 = SURFACE_CURVE('',#10123,(#10127,#10134),.PCURVE_S1.);
#10123 = LINE('',#10124,#10125);
#10124 = CARTESIAN_POINT('',(96.,16.2113,66.5));
#10125 = VECTOR('',#10126,1.);
#10126 = DIRECTION('',(0.,-1.224646799147E-16,-1.));
#10127 = PCURVE('',#9965,#10128);
#10128 = DEFINITIONAL_REPRESENTATION('',(#10129),#10133);
#10129 = LINE('',#10130,#10131);
#10130 = CARTESIAN_POINT('',(1.654511140122E-15,-15.5));
#10131 = VECTOR('',#10132,1.);
#10132 = DIRECTION('',(0.,-1.));
#10133 = ( GEOMETRIC_REPRESENTATION_CONTEXT(2) 
PARAMETRIC_REPRESENTATION_CONTEXT() REPRESENTATION_CONTEXT('2D SPACE',''
  ) );
#10134 = PCURVE('',#10135,#10140);
#10135 = PLANE('',#10136);
#10136 = AXIS2_PLACEMENT_3D('',#10137,#10138,#10139);
#10137 = CARTESIAN_POINT('',(-110.,16.2113,74.5));
#10138 = DIRECTION('',(0.,-1.,1.224646799147E-16));
#10139 = DIRECTION('',(0.,-1.224646799147E-16,-1.));
#10140 = DEFINITIONAL_REPRESENTATION('',(#10141),#10145);
#10141 = LINE('',#10142,#10143);
#10142 = CARTESIAN_POINT('',(8.,206.));
#10143 = VECTOR('',#10144,1.);
#10144 = DIRECTION('',(1.,0.));
#10145 = ( GEOMETRIC_REPRESENTATION_CONTEXT(2) 
PARAMETRIC_REPRESENTATION_CONTEXT() REPRESENTATION_CONTEXT('2D SPACE',''
  ) );
#10146 = ADVANCED_FACE('',(#10147),#10135,.T.);
#10147 = FACE_BOUND('',#10148,.T.);
#10148 = EDGE_LOOP('',(#10149,#10179,#10207,#10228,#10229));
#10149 = ORIENTED_EDGE('',*,*,#10150,.F.);
#10150 = EDGE_CURVE('',#10151,#10153,#10155,.T.);
#10151 = VERTEX_POINT('',#10152);
#10152 = CARTESIAN_POINT('',(94.,16.2113,74.5));
#10153 = VERTEX_POINT('',#10154);
#10154 = CARTESIAN_POINT('',(96.,16.2113,74.5));
#10155 = SURFACE_CURVE('',#10156,(#10160,#10167),.PCURVE_S1.);
#10156 = LINE('',#10157,#10158);
#10157 = CARTESIAN_POINT('',(-110.,16.2113,74.5));
#10158 = VECTOR('',#10159,1.);
#10159 = DIRECTION('',(1.,0.,0.));
#10160 = PCURVE('',#10135,#10161);
#10161 = DEFINITIONAL_REPRESENTATION('',(#10162),#10166);
#10162 = LINE('',#10163,#10164);
#10163 = CARTESIAN_POINT('',(0.,0.));
#10164 = VECTOR('',#10165,1.);
#10165 = DIRECTION('',(0.,1.));
#10166 = ( GEOMETRIC_REPRESENTATION_CONTEXT(2) 
PARAMETRIC_REPRESENTATION_CONTEXT() REPRESENTATION_CONTEXT('2D SPACE',''
  ) );
#10167 = PCURVE('',#10168,#10173);
#10168 = PLANE('',#10169);
#10169 = AXIS2_PLACEMENT_3D('',#10170,#10171,#10172);
#10170 = CARTESIAN_POINT('',(-110.,56.2,74.5));
#10171 = DIRECTION('',(0.,-1.224646799147E-16,-1.));
#10172 = DIRECTION('',(1.,0.,0.));
#10173 = DEFINITIONAL_REPRESENTATION('',(#10174),#10178);
#10174 = LINE('',#10175,#10176);
#10175 = CARTESIAN_POINT('',(0.,39.9887));
#10176 = VECTOR('',#10177,1.);
#10177 = DIRECTION('',(1.,0.));
#10178 = ( GEOMETRIC_REPRESENTATION_CONTEXT(2) 
PARAMETRIC_REPRESENTATION_CONTEXT() REPRESENTATION_CONTEXT('2D SPACE',''
  ) );
#10179 = ORIENTED_EDGE('',*,*,#10180,.F.);
#10180 = EDGE_CURVE('',#10181,#10151,#10183,.T.);
#10181 = VERTEX_POINT('',#10182);
#10182 = CARTESIAN_POINT('',(94.,16.2113,2.5));
#10183 = SURFACE_CURVE('',#10184,(#10188,#10195),.PCURVE_S1.);
#10184 = LINE('',#10185,#10186);
#10185 = CARTESIAN_POINT('',(94.,16.2113,2.5));
#10186 = VECTOR('',#10187,1.);
#10187 = DIRECTION('',(0.,1.224646799147E-16,1.));
#10188 = PCURVE('',#10135,#10189);
#10189 = DEFINITIONAL_REPRESENTATION('',(#10190),#10194);
#10190 = LINE('',#10191,#10192);
#10191 = CARTESIAN_POINT('',(72.,204.));
#10192 = VECTOR('',#10193,1.);
#10193 = DIRECTION('',(-1.,0.));
#10194 = ( GEOMETRIC_REPRESENTATION_CONTEXT(2) 
PARAMETRIC_REPRESENTATION_CONTEXT() REPRESENTATION_CONTEXT('2D SPACE',''
  ) );
#10195 = PCURVE('',#10196,#10201);
#10196 = PLANE('',#10197);
#10197 = AXIS2_PLACEMENT_3D('',#10198,#10199,#10200);
#10198 = CARTESIAN_POINT('',(94.951,56.2,82.));
#10199 = DIRECTION('',(-0.999717334831,2.3774996072E-02,
    -2.911597283931E-18));
#10200 = DIRECTION('',(-2.3774996072E-02,-0.999717334831,
    1.224300634153E-16));
#10201 = DEFINITIONAL_REPRESENTATION('',(#10202),#10206);
#10202 = LINE('',#10203,#10204);
#10203 = CARTESIAN_POINT('',(40.000006608624,-79.5));
#10204 = VECTOR('',#10205,1.);
#10205 = DIRECTION('',(0.,1.));
#10206 = ( GEOMETRIC_REPRESENTATION_CONTEXT(2) 
PARAMETRIC_REPRESENTATION_CONTEXT() REPRESENTATION_CONTEXT('2D SPACE',''
  ) );
#10207 = ORIENTED_EDGE('',*,*,#10208,.T.);
#10208 = EDGE_CURVE('',#10181,#10024,#10209,.T.);
#10209 = SURFACE_CURVE('',#10210,(#10214,#10221),.PCURVE_S1.);
#10210 = LINE('',#10211,#10212);
#10211 = CARTESIAN_POINT('',(94.,16.2113,2.5));
#10212 = VECTOR('',#10213,1.);
#10213 = DIRECTION('',(1.,0.,0.));
#10214 = PCURVE('',#10135,#10215);
#10215 = DEFINITIONAL_REPRESENTATION('',(#10216),#10220);
#10216 = LINE('',#10217,#10218);
#10217 = CARTESIAN_POINT('',(72.,204.));
#10218 = VECTOR('',#10219,1.);
#10219 = DIRECTION('',(0.,1.));
#10220 = ( GEOMETRIC_REPRESENTATION_CONTEXT(2) 
PARAMETRIC_REPRESENTATION_CONTEXT() REPRESENTATION_CONTEXT('2D SPACE',''
  ) );
#10221 = PCURVE('',#1157,#10222);
#10222 = DEFINITIONAL_REPRESENTATION('',(#10223),#10227);
#10223 = LINE('',#10224,#10225);
#10224 = CARTESIAN_POINT('',(94.,-19.83883045524));
#10225 = VECTOR('',#10226,1.);
#10226 = DIRECTION('',(1.,0.));
#10227 = ( GEOMETRIC_REPRESENTATION_CONTEXT(2) 
PARAMETRIC_REPRESENTATION_CONTEXT() REPRESENTATION_CONTEXT('2D SPACE',''
  ) );
#10228 = ORIENTED_EDGE('',*,*,#10121,.F.);
#10229 = ORIENTED_EDGE('',*,*,#10230,.T.);
#10230 = EDGE_CURVE('',#10099,#10153,#10231,.T.);
#10231 = SURFACE_CURVE('',#10232,(#10236,#10243),.PCURVE_S1.);
#10232 = LINE('',#10233,#10234);
#10233 = CARTESIAN_POINT('',(96.,16.2113,78.25));
#10234 = VECTOR('',#10235,1.);
#10235 = DIRECTION('',(0.,1.224646799147E-16,1.));
#10236 = PCURVE('',#10135,#10237);
#10237 = DEFINITIONAL_REPRESENTATION('',(#10238),#10242);
#10238 = LINE('',#10239,#10240);
#10239 = CARTESIAN_POINT('',(-3.75,206.));
#10240 = VECTOR('',#10241,1.);
#10241 = DIRECTION('',(-1.,0.));
#10242 = ( GEOMETRIC_REPRESENTATION_CONTEXT(2) 
PARAMETRIC_REPRESENTATION_CONTEXT() REPRESENTATION_CONTEXT('2D SPACE',''
  ) );
#10243 = PCURVE('',#10244,#10249);
#10244 = PLANE('',#10245);
#10245 = AXIS2_PLACEMENT_3D('',#10246,#10247,#10248);
#10246 = CARTESIAN_POINT('',(96.,53.5,82.));
#10247 = DIRECTION('',(-1.,-0.,0.));
#10248 = DIRECTION('',(0.,-1.,1.224646799147E-16));
#10249 = DEFINITIONAL_REPRESENTATION('',(#10250),#10254);
#10250 = LINE('',#10251,#10252);
#10251 = CARTESIAN_POINT('',(37.2887,-3.75));
#10252 = VECTOR('',#10253,1.);
#10253 = DIRECTION('',(0.,1.));
#10254 = ( GEOMETRIC_REPRESENTATION_CONTEXT(2) 
PARAMETRIC_REPRESENTATION_CONTEXT() REPRESENTATION_CONTEXT('2D SPACE',''
  ) );
#10255 = ADVANCED_FACE('',(#10256),#10244,.F.);
#10256 = FACE_BOUND('',#10257,.F.);
#10257 = EDGE_LOOP('',(#10258,#10281,#10309,#10330));
#10258 = ORIENTED_EDGE('',*,*,#10259,.F.);
#10259 = EDGE_CURVE('',#10260,#10153,#10262,.T.);
#10260 = VERTEX_POINT('',#10261);
#10261 = CARTESIAN_POINT('',(96.,53.5,74.5));
#10262 = SURFACE_CURVE('',#10263,(#10267,#10274),.PCURVE_S1.);
#10263 = LINE('',#10264,#10265);
#10264 = CARTESIAN_POINT('',(96.,54.85,74.5));
#10265 = VECTOR('',#10266,1.);
#10266 = DIRECTION('',(0.,-1.,1.224646799147E-16));
#10267 = PCURVE('',#10244,#10268);
#10268 = DEFINITIONAL_REPRESENTATION('',(#10269),#10273);
#10269 = LINE('',#10270,#10271);
#10270 = CARTESIAN_POINT('',(-1.35,-7.5));
#10271 = VECTOR('',#10272,1.);
#10272 = DIRECTION('',(1.,0.));
#10273 = ( GEOMETRIC_REPRESENTATION_CONTEXT(2) 
PARAMETRIC_REPRESENTATION_CONTEXT() REPRESENTATION_CONTEXT('2D SPACE',''
  ) );
#10274 = PCURVE('',#10168,#10275);
#10275 = DEFINITIONAL_REPRESENTATION('',(#10276),#10280);
#10276 = LINE('',#10277,#10278);
#10277 = CARTESIAN_POINT('',(206.,1.35));
#10278 = VECTOR('',#10279,1.);
#10279 = DIRECTION('',(0.,1.));
#10280 = ( GEOMETRIC_REPRESENTATION_CONTEXT(2) 
PARAMETRIC_REPRESENTATION_CONTEXT() REPRESENTATION_CONTEXT('2D SPACE',''
  ) );
#10281 = ORIENTED_EDGE('',*,*,#10282,.T.);
#10282 = EDGE_CURVE('',#10260,#10283,#10285,.T.);
#10283 = VERTEX_POINT('',#10284);
#10284 = CARTESIAN_POINT('',(96.,53.5,66.5));
#10285 = SURFACE_CURVE('',#10286,(#10290,#10297),.PCURVE_S1.);
#10286 = LINE('',#10287,#10288);
#10287 = CARTESIAN_POINT('',(96.,53.5,82.));
#10288 = VECTOR('',#10289,1.);
#10289 = DIRECTION('',(0.,-1.224646799147E-16,-1.));
#10290 = PCURVE('',#10244,#10291);
#10291 = DEFINITIONAL_REPRESENTATION('',(#10292),#10296);
#10292 = LINE('',#10293,#10294);
#10293 = CARTESIAN_POINT('',(0.,0.));
#10294 = VECTOR('',#10295,1.);
#10295 = DIRECTION('',(0.,-1.));
#10296 = ( GEOMETRIC_REPRESENTATION_CONTEXT(2) 
PARAMETRIC_REPRESENTATION_CONTEXT() REPRESENTATION_CONTEXT('2D SPACE',''
  ) );
#10297 = PCURVE('',#10298,#10303);
#10298 = CYLINDRICAL_SURFACE('',#10299,4.);
#10299 = AXIS2_PLACEMENT_3D('',#10300,#10301,#10302);
#10300 = CARTESIAN_POINT('',(92.,53.5,82.));
#10301 = DIRECTION('',(0.,1.224646799147E-16,1.));
#10302 = DIRECTION('',(1.,0.,0.));
#10303 = DEFINITIONAL_REPRESENTATION('',(#10304),#10308);
#10304 = LINE('',#10305,#10306);
#10305 = CARTESIAN_POINT('',(-6.28318530718,0.));
#10306 = VECTOR('',#10307,1.);
#10307 = DIRECTION('',(-0.,-1.));
#10308 = ( GEOMETRIC_REPRESENTATION_CONTEXT(2) 
PARAMETRIC_REPRESENTATION_CONTEXT() REPRESENTATION_CONTEXT('2D SPACE',''
  ) );
#10309 = ORIENTED_EDGE('',*,*,#10310,.F.);
#10310 = EDGE_CURVE('',#10099,#10283,#10311,.T.);
#10311 = SURFACE_CURVE('',#10312,(#10316,#10323),.PCURVE_S1.);
#10312 = LINE('',#10313,#10314);
#10313 = CARTESIAN_POINT('',(96.,59.25,66.5));
#10314 = VECTOR('',#10315,1.);
#10315 = DIRECTION('',(0.,1.,-1.224646799147E-16));
#10316 = PCURVE('',#10244,#10317);
#10317 = DEFINITIONAL_REPRESENTATION('',(#10318),#10322);
#10318 = LINE('',#10319,#10320);
#10319 = CARTESIAN_POINT('',(-5.75,-15.5));
#10320 = VECTOR('',#10321,1.);
#10321 = DIRECTION('',(-1.,0.));
#10322 = ( GEOMETRIC_REPRESENTATION_CONTEXT(2) 
PARAMETRIC_REPRESENTATION_CONTEXT() REPRESENTATION_CONTEXT('2D SPACE',''
  ) );
#10323 = PCURVE('',#807,#10324);
#10324 = DEFINITIONAL_REPRESENTATION('',(#10325),#10329);
#10325 = LINE('',#10326,#10327);
#10326 = CARTESIAN_POINT('',(206.,5.75));
#10327 = VECTOR('',#10328,1.);
#10328 = DIRECTION('',(0.,-1.));
#10329 = ( GEOMETRIC_REPRESENTATION_CONTEXT(2) 
PARAMETRIC_REPRESENTATION_CONTEXT() REPRESENTATION_CONTEXT('2D SPACE',''
  ) );
#10330 = ORIENTED_EDGE('',*,*,#10230,.T.);
#10331 = ADVANCED_FACE('',(#10332),#10298,.T.);
#10332 = FACE_BOUND('',#10333,.F.);
#10333 = EDGE_LOOP('',(#10334,#10335,#10363,#10391));
#10334 = ORIENTED_EDGE('',*,*,#10282,.F.);
#10335 = ORIENTED_EDGE('',*,*,#10336,.T.);
#10336 = EDGE_CURVE('',#10260,#10337,#10339,.T.);
#10337 = VERTEX_POINT('',#10338);
#10338 = CARTESIAN_POINT('',(94.951270912676,56.2,74.5));
#10339 = SURFACE_CURVE('',#10340,(#10345,#10352),.PCURVE_S1.);
#10340 = CIRCLE('',#10341,4.);
#10341 = AXIS2_PLACEMENT_3D('',#10342,#10343,#10344);
#10342 = CARTESIAN_POINT('',(92.,53.5,74.5));
#10343 = DIRECTION('',(-0.,1.224646799147E-16,1.));
#10344 = DIRECTION('',(1.,0.,0.));
#10345 = PCURVE('',#10298,#10346);
#10346 = DEFINITIONAL_REPRESENTATION('',(#10347),#10351);
#10347 = LINE('',#10348,#10349);
#10348 = CARTESIAN_POINT('',(-6.28318530718,-7.5));
#10349 = VECTOR('',#10350,1.);
#10350 = DIRECTION('',(1.,-0.));
#10351 = ( GEOMETRIC_REPRESENTATION_CONTEXT(2) 
PARAMETRIC_REPRESENTATION_CONTEXT() REPRESENTATION_CONTEXT('2D SPACE',''
  ) );
#10352 = PCURVE('',#10168,#10353);
#10353 = DEFINITIONAL_REPRESENTATION('',(#10354),#10362);
#10354 = ( BOUNDED_CURVE() B_SPLINE_CURVE(2,(#10355,#10356,#10357,#10358
    ,#10359,#10360,#10361),.UNSPECIFIED.,.T.,.F.) 
B_SPLINE_CURVE_WITH_KNOTS((1,2,2,2,2,1),(-2.094395102393,0.,
    2.094395102393,4.188790204786,6.28318530718,8.377580409573),
.UNSPECIFIED.) CURVE() GEOMETRIC_REPRESENTATION_ITEM() 
RATIONAL_B_SPLINE_CURVE((1.,0.5,1.,0.5,1.,0.5,1.)) REPRESENTATION_ITEM(
  '') );
#10355 = CARTESIAN_POINT('',(206.,2.7));
#10356 = CARTESIAN_POINT('',(206.,-4.228203230276));
#10357 = CARTESIAN_POINT('',(200.,-0.764101615138));
#10358 = CARTESIAN_POINT('',(194.,2.7));
#10359 = CARTESIAN_POINT('',(200.,6.164101615138));
#10360 = CARTESIAN_POINT('',(206.,9.628203230276));
#10361 = CARTESIAN_POINT('',(206.,2.7));
#10362 = ( GEOMETRIC_REPRESENTATION_CONTEXT(2) 
PARAMETRIC_REPRESENTATION_CONTEXT() REPRESENTATION_CONTEXT('2D SPACE',''
  ) );
#10363 = ORIENTED_EDGE('',*,*,#10364,.F.);
#10364 = EDGE_CURVE('',#10365,#10337,#10367,.T.);
#10365 = VERTEX_POINT('',#10366);
#10366 = CARTESIAN_POINT('',(94.951270912675,56.2,66.5));
#10367 = SURFACE_CURVE('',#10368,(#10372,#10379),.PCURVE_S1.);
#10368 = LINE('',#10369,#10370);
#10369 = CARTESIAN_POINT('',(94.951270912675,56.2,82.));
#10370 = VECTOR('',#10371,1.);
#10371 = DIRECTION('',(0.,1.224646799147E-16,1.));
#10372 = PCURVE('',#10298,#10373);
#10373 = DEFINITIONAL_REPRESENTATION('',(#10374),#10378);
#10374 = LINE('',#10375,#10376);
#10375 = CARTESIAN_POINT('',(-5.542220604977,0.));
#10376 = VECTOR('',#10377,1.);
#10377 = DIRECTION('',(-0.,1.));
#10378 = ( GEOMETRIC_REPRESENTATION_CONTEXT(2) 
PARAMETRIC_REPRESENTATION_CONTEXT() REPRESENTATION_CONTEXT('2D SPACE',''
  ) );
#10379 = PCURVE('',#10380,#10385);
#10380 = PLANE('',#10381);
#10381 = AXIS2_PLACEMENT_3D('',#10382,#10383,#10384);
#10382 = CARTESIAN_POINT('',(-110.,56.2,74.5));
#10383 = DIRECTION('',(0.,-1.,1.224646799147E-16));
#10384 = DIRECTION('',(0.,-1.224646799147E-16,-1.));
#10385 = DEFINITIONAL_REPRESENTATION('',(#10386),#10390);
#10386 = LINE('',#10387,#10388);
#10387 = CARTESIAN_POINT('',(-7.5,204.95127091267));
#10388 = VECTOR('',#10389,1.);
#10389 = DIRECTION('',(-1.,0.));
#10390 = ( GEOMETRIC_REPRESENTATION_CONTEXT(2) 
PARAMETRIC_REPRESENTATION_CONTEXT() REPRESENTATION_CONTEXT('2D SPACE',''
  ) );
#10391 = ORIENTED_EDGE('',*,*,#10392,.F.);
#10392 = EDGE_CURVE('',#10283,#10365,#10393,.T.);
#10393 = SURFACE_CURVE('',#10394,(#10399,#10406),.PCURVE_S1.);
#10394 = CIRCLE('',#10395,4.);
#10395 = AXIS2_PLACEMENT_3D('',#10396,#10397,#10398);
#10396 = CARTESIAN_POINT('',(92.,53.5,66.5));
#10397 = DIRECTION('',(-0.,1.224646799147E-16,1.));
#10398 = DIRECTION('',(1.,0.,0.));
#10399 = PCURVE('',#10298,#10400);
#10400 = DEFINITIONAL_REPRESENTATION('',(#10401),#10405);
#10401 = LINE('',#10402,#10403);
#10402 = CARTESIAN_POINT('',(-6.28318530718,-15.5));
#10403 = VECTOR('',#10404,1.);
#10404 = DIRECTION('',(1.,-0.));
#10405 = ( GEOMETRIC_REPRESENTATION_CONTEXT(2) 
PARAMETRIC_REPRESENTATION_CONTEXT() REPRESENTATION_CONTEXT('2D SPACE',''
  ) );
#10406 = PCURVE('',#807,#10407);
#10407 = DEFINITIONAL_REPRESENTATION('',(#10408),#10416);
#10408 = ( BOUNDED_CURVE() B_SPLINE_CURVE(2,(#10409,#10410,#10411,#10412
    ,#10413,#10414,#10415),.UNSPECIFIED.,.T.,.F.) 
B_SPLINE_CURVE_WITH_KNOTS((1,2,2,2,2,1),(-2.094395102393,0.,
    2.094395102393,4.188790204786,6.28318530718,8.377580409573),
.UNSPECIFIED.) CURVE() GEOMETRIC_REPRESENTATION_ITEM() 
RATIONAL_B_SPLINE_CURVE((1.,0.5,1.,0.5,1.,0.5,1.)) REPRESENTATION_ITEM(
  '') );
#10409 = CARTESIAN_POINT('',(206.,11.5));
#10410 = CARTESIAN_POINT('',(206.,4.571796769724));
#10411 = CARTESIAN_POINT('',(200.,8.035898384862));
#10412 = CARTESIAN_POINT('',(194.,11.5));
#10413 = CARTESIAN_POINT('',(200.,14.964101615138));
#10414 = CARTESIAN_POINT('',(206.,18.428203230276));
#10415 = CARTESIAN_POINT('',(206.,11.5));
#10416 = ( GEOMETRIC_REPRESENTATION_CONTEXT(2) 
PARAMETRIC_REPRESENTATION_CONTEXT() REPRESENTATION_CONTEXT('2D SPACE',''
  ) );
#10417 = ADVANCED_FACE('',(#10418),#10380,.F.);
#10418 = FACE_BOUND('',#10419,.F.);
#10419 = EDGE_LOOP('',(#10420,#10443,#10466,#10487));
#10420 = ORIENTED_EDGE('',*,*,#10421,.F.);
#10421 = EDGE_CURVE('',#10422,#10337,#10424,.T.);
#10422 = VERTEX_POINT('',#10423);
#10423 = CARTESIAN_POINT('',(94.951,56.2,74.5));
#10424 = SURFACE_CURVE('',#10425,(#10429,#10436),.PCURVE_S1.);
#10425 = LINE('',#10426,#10427);
#10426 = CARTESIAN_POINT('',(-110.,56.2,74.5));
#10427 = VECTOR('',#10428,1.);
#10428 = DIRECTION('',(1.,0.,0.));
#10429 = PCURVE('',#10380,#10430);
#10430 = DEFINITIONAL_REPRESENTATION('',(#10431),#10435);
#10431 = LINE('',#10432,#10433);
#10432 = CARTESIAN_POINT('',(0.,0.));
#10433 = VECTOR('',#10434,1.);
#10434 = DIRECTION('',(0.,1.));
#10435 = ( GEOMETRIC_REPRESENTATION_CONTEXT(2) 
PARAMETRIC_REPRESENTATION_CONTEXT() REPRESENTATION_CONTEXT('2D SPACE',''
  ) );
#10436 = PCURVE('',#10168,#10437);
#10437 = DEFINITIONAL_REPRESENTATION('',(#10438),#10442);
#10438 = LINE('',#10439,#10440);
#10439 = CARTESIAN_POINT('',(0.,0.));
#10440 = VECTOR('',#10441,1.);
#10441 = DIRECTION('',(1.,0.));
#10442 = ( GEOMETRIC_REPRESENTATION_CONTEXT(2) 
PARAMETRIC_REPRESENTATION_CONTEXT() REPRESENTATION_CONTEXT('2D SPACE',''
  ) );
#10443 = ORIENTED_EDGE('',*,*,#10444,.T.);
#10444 = EDGE_CURVE('',#10422,#10445,#10447,.T.);
#10445 = VERTEX_POINT('',#10446);
#10446 = CARTESIAN_POINT('',(94.951,56.2,66.5));
#10447 = SURFACE_CURVE('',#10448,(#10452,#10459),.PCURVE_S1.);
#10448 = LINE('',#10449,#10450);
#10449 = CARTESIAN_POINT('',(94.951,56.2,82.));
#10450 = VECTOR('',#10451,1.);
#10451 = DIRECTION('',(0.,-1.224646799147E-16,-1.));
#10452 = PCURVE('',#10380,#10453);
#10453 = DEFINITIONAL_REPRESENTATION('',(#10454),#10458);
#10454 = LINE('',#10455,#10456);
#10455 = CARTESIAN_POINT('',(-7.5,204.951));
#10456 = VECTOR('',#10457,1.);
#10457 = DIRECTION('',(1.,0.));
#10458 = ( GEOMETRIC_REPRESENTATION_CONTEXT(2) 
PARAMETRIC_REPRESENTATION_CONTEXT() REPRESENTATION_CONTEXT('2D SPACE',''
  ) );
#10459 = PCURVE('',#10196,#10460);
#10460 = DEFINITIONAL_REPRESENTATION('',(#10461),#10465);
#10461 = LINE('',#10462,#10463);
#10462 = CARTESIAN_POINT('',(0.,0.));
#10463 = VECTOR('',#10464,1.);
#10464 = DIRECTION('',(0.,-1.));
#10465 = ( GEOMETRIC_REPRESENTATION_CONTEXT(2) 
PARAMETRIC_REPRESENTATION_CONTEXT() REPRESENTATION_CONTEXT('2D SPACE',''
  ) );
#10466 = ORIENTED_EDGE('',*,*,#10467,.F.);
#10467 = EDGE_CURVE('',#10365,#10445,#10468,.T.);
#10468 = SURFACE_CURVE('',#10469,(#10473,#10480),.PCURVE_S1.);
#10469 = LINE('',#10470,#10471);
#10470 = CARTESIAN_POINT('',(-110.,56.2,66.5));
#10471 = VECTOR('',#10472,1.);
#10472 = DIRECTION('',(-1.,0.,-0.));
#10473 = PCURVE('',#10380,#10474);
#10474 = DEFINITIONAL_REPRESENTATION('',(#10475),#10479);
#10475 = LINE('',#10476,#10477);
#10476 = CARTESIAN_POINT('',(8.,0.));
#10477 = VECTOR('',#10478,1.);
#10478 = DIRECTION('',(-0.,-1.));
#10479 = ( GEOMETRIC_REPRESENTATION_CONTEXT(2) 
PARAMETRIC_REPRESENTATION_CONTEXT() REPRESENTATION_CONTEXT('2D SPACE',''
  ) );
#10480 = PCURVE('',#807,#10481);
#10481 = DEFINITIONAL_REPRESENTATION('',(#10482),#10486);
#10482 = LINE('',#10483,#10484);
#10483 = CARTESIAN_POINT('',(0.,8.8));
#10484 = VECTOR('',#10485,1.);
#10485 = DIRECTION('',(-1.,0.));
#10486 = ( GEOMETRIC_REPRESENTATION_CONTEXT(2) 
PARAMETRIC_REPRESENTATION_CONTEXT() REPRESENTATION_CONTEXT('2D SPACE',''
  ) );
#10487 = ORIENTED_EDGE('',*,*,#10364,.T.);
#10488 = ADVANCED_FACE('',(#10489),#10196,.T.);
#10489 = FACE_BOUND('',#10490,.T.);
#10490 = EDGE_LOOP('',(#10491,#10492,#10513,#10514,#10537,#10560,#10583)
  );
#10491 = ORIENTED_EDGE('',*,*,#10180,.T.);
#10492 = ORIENTED_EDGE('',*,*,#10493,.T.);
#10493 = EDGE_CURVE('',#10151,#10422,#10494,.T.);
#10494 = SURFACE_CURVE('',#10495,(#10499,#10506),.PCURVE_S1.);
#10495 = LINE('',#10496,#10497);
#10496 = CARTESIAN_POINT('',(94.893075678718,53.764334062611,74.5));
#10497 = VECTOR('',#10498,1.);
#10498 = DIRECTION('',(2.3774996072E-02,0.999717334831,
    -1.224300634153E-16));
#10499 = PCURVE('',#10196,#10500);
#10500 = DEFINITIONAL_REPRESENTATION('',(#10501),#10505);
#10501 = LINE('',#10502,#10503);
#10502 = CARTESIAN_POINT('',(2.436354609976,-7.5));
#10503 = VECTOR('',#10504,1.);
#10504 = DIRECTION('',(-1.,0.));
#10505 = ( GEOMETRIC_REPRESENTATION_CONTEXT(2) 
PARAMETRIC_REPRESENTATION_CONTEXT() REPRESENTATION_CONTEXT('2D SPACE',''
  ) );
#10506 = PCURVE('',#10168,#10507);
#10507 = DEFINITIONAL_REPRESENTATION('',(#10508),#10512);
#10508 = LINE('',#10509,#10510);
#10509 = CARTESIAN_POINT('',(204.89307567871,2.435665937389));
#10510 = VECTOR('',#10511,1.);
#10511 = DIRECTION('',(2.3774996072E-02,-0.999717334831));
#10512 = ( GEOMETRIC_REPRESENTATION_CONTEXT(2) 
PARAMETRIC_REPRESENTATION_CONTEXT() REPRESENTATION_CONTEXT('2D SPACE',''
  ) );
#10513 = ORIENTED_EDGE('',*,*,#10444,.T.);
#10514 = ORIENTED_EDGE('',*,*,#10515,.F.);
#10515 = EDGE_CURVE('',#10516,#10445,#10518,.T.);
#10516 = VERTEX_POINT('',#10517);
#10517 = CARTESIAN_POINT('',(94.951,56.2,61.));
#10518 = SURFACE_CURVE('',#10519,(#10523,#10530),.PCURVE_S1.);
#10519 = LINE('',#10520,#10521);
#10520 = CARTESIAN_POINT('',(94.951,56.2,2.5));
#10521 = VECTOR('',#10522,1.);
#10522 = DIRECTION('',(0.,1.224646799147E-16,1.));
#10523 = PCURVE('',#10196,#10524);
#10524 = DEFINITIONAL_REPRESENTATION('',(#10525),#10529);
#10525 = LINE('',#10526,#10527);
#10526 = CARTESIAN_POINT('',(-2.62977114074E-15,-79.5));
#10527 = VECTOR('',#10528,1.);
#10528 = DIRECTION('',(0.,1.));
#10529 = ( GEOMETRIC_REPRESENTATION_CONTEXT(2) 
PARAMETRIC_REPRESENTATION_CONTEXT() REPRESENTATION_CONTEXT('2D SPACE',''
  ) );
#10530 = PCURVE('',#779,#10531);
#10531 = DEFINITIONAL_REPRESENTATION('',(#10532),#10536);
#10532 = LINE('',#10533,#10534);
#10533 = CARTESIAN_POINT('',(1.7,-79.5));
#10534 = VECTOR('',#10535,1.);
#10535 = DIRECTION('',(0.,1.));
#10536 = ( GEOMETRIC_REPRESENTATION_CONTEXT(2) 
PARAMETRIC_REPRESENTATION_CONTEXT() REPRESENTATION_CONTEXT('2D SPACE',''
  ) );
#10537 = ORIENTED_EDGE('',*,*,#10538,.T.);
#10538 = EDGE_CURVE('',#10516,#10539,#10541,.T.);
#10539 = VERTEX_POINT('',#10540);
#10540 = CARTESIAN_POINT('',(94.1,20.416210620399,61.));
#10541 = SURFACE_CURVE('',#10542,(#10546,#10553),.PCURVE_S1.);
#10542 = LINE('',#10543,#10544);
#10543 = CARTESIAN_POINT('',(94.995919209785,58.088812622853,61.));
#10544 = VECTOR('',#10545,1.);
#10545 = DIRECTION('',(-2.3774996072E-02,-0.999717334831,
    1.224300634153E-16));
#10546 = PCURVE('',#10196,#10547);
#10547 = DEFINITIONAL_REPRESENTATION('',(#10548),#10552);
#10548 = LINE('',#10549,#10550);
#10549 = CARTESIAN_POINT('',(-1.88934667535,-21.));
#10550 = VECTOR('',#10551,1.);
#10551 = DIRECTION('',(1.,0.));
#10552 = ( GEOMETRIC_REPRESENTATION_CONTEXT(2) 
PARAMETRIC_REPRESENTATION_CONTEXT() REPRESENTATION_CONTEXT('2D SPACE',''
  ) );
#10553 = PCURVE('',#751,#10554);
#10554 = DEFINITIONAL_REPRESENTATION('',(#10555),#10559);
#10555 = LINE('',#10556,#10557);
#10556 = CARTESIAN_POINT('',(0.895919209785,1.911187377147));
#10557 = VECTOR('',#10558,1.);
#10558 = DIRECTION('',(-2.3774996072E-02,0.999717334831));
#10559 = ( GEOMETRIC_REPRESENTATION_CONTEXT(2) 
PARAMETRIC_REPRESENTATION_CONTEXT() REPRESENTATION_CONTEXT('2D SPACE',''
  ) );
#10560 = ORIENTED_EDGE('',*,*,#10561,.T.);
#10561 = EDGE_CURVE('',#10539,#10562,#10564,.T.);
#10562 = VERTEX_POINT('',#10563);
#10563 = CARTESIAN_POINT('',(94.1,20.416210620399,2.5));
#10564 = SURFACE_CURVE('',#10565,(#10569,#10576),.PCURVE_S1.);
#10565 = LINE('',#10566,#10567);
#10566 = CARTESIAN_POINT('',(94.1,20.416210620396,71.5));
#10567 = VECTOR('',#10568,1.);
#10568 = DIRECTION('',(0.,-1.224646799147E-16,-1.));
#10569 = PCURVE('',#10196,#10570);
#10570 = DEFINITIONAL_REPRESENTATION('',(#10571),#10575);
#10571 = LINE('',#10572,#10573);
#10572 = CARTESIAN_POINT('',(35.793907070392,-10.5));
#10573 = VECTOR('',#10574,1.);
#10574 = DIRECTION('',(0.,-1.));
#10575 = ( GEOMETRIC_REPRESENTATION_CONTEXT(2) 
PARAMETRIC_REPRESENTATION_CONTEXT() REPRESENTATION_CONTEXT('2D SPACE',''
  ) );
#10576 = PCURVE('',#723,#10577);
#10577 = DEFINITIONAL_REPRESENTATION('',(#10578),#10582);
#10578 = LINE('',#10579,#10580);
#10579 = CARTESIAN_POINT('',(-10.5,-39.5837893796));
#10580 = VECTOR('',#10581,1.);
#10581 = DIRECTION('',(1.,0.));
#10582 = ( GEOMETRIC_REPRESENTATION_CONTEXT(2) 
PARAMETRIC_REPRESENTATION_CONTEXT() REPRESENTATION_CONTEXT('2D SPACE',''
  ) );
#10583 = ORIENTED_EDGE('',*,*,#10584,.T.);
#10584 = EDGE_CURVE('',#10562,#10181,#10585,.T.);
#10585 = SURFACE_CURVE('',#10586,(#10590,#10597),.PCURVE_S1.);
#10586 = LINE('',#10587,#10588);
#10587 = CARTESIAN_POINT('',(94.951,56.2,2.5));
#10588 = VECTOR('',#10589,1.);
#10589 = DIRECTION('',(-2.3774996072E-02,-0.999717334831,
    1.224300634153E-16));
#10590 = PCURVE('',#10196,#10591);
#10591 = DEFINITIONAL_REPRESENTATION('',(#10592),#10596);
#10592 = LINE('',#10593,#10594);
#10593 = CARTESIAN_POINT('',(-2.62977114074E-15,-79.5));
#10594 = VECTOR('',#10595,1.);
#10595 = DIRECTION('',(1.,0.));
#10596 = ( GEOMETRIC_REPRESENTATION_CONTEXT(2) 
PARAMETRIC_REPRESENTATION_CONTEXT() REPRESENTATION_CONTEXT('2D SPACE',''
  ) );
#10597 = PCURVE('',#1157,#10598);
#10598 = DEFINITIONAL_REPRESENTATION('',(#10599),#10603);
#10599 = LINE('',#10600,#10601);
#10600 = CARTESIAN_POINT('',(94.951,-59.82753045524));
#10601 = VECTOR('',#10602,1.);
#10602 = DIRECTION('',(-2.3774996072E-02,0.999717334831));
#10603 = ( GEOMETRIC_REPRESENTATION_CONTEXT(2) 
PARAMETRIC_REPRESENTATION_CONTEXT() REPRESENTATION_CONTEXT('2D SPACE',''
  ) );
#10604 = ADVANCED_FACE('',(#10605),#10168,.F.);
#10605 = FACE_BOUND('',#10606,.F.);
#10606 = EDGE_LOOP('',(#10607,#10608,#10609,#10610,#10611));
#10607 = ORIENTED_EDGE('',*,*,#10150,.F.);
#10608 = ORIENTED_EDGE('',*,*,#10493,.T.);
#10609 = ORIENTED_EDGE('',*,*,#10421,.T.);
#10610 = ORIENTED_EDGE('',*,*,#10336,.F.);
#10611 = ORIENTED_EDGE('',*,*,#10259,.T.);
#10612 = ADVANCED_FACE('',(#10613),#10086,.F.);
#10613 = FACE_BOUND('',#10614,.T.);
#10614 = EDGE_LOOP('',(#10615,#10616,#10644,#10672));
#10615 = ORIENTED_EDGE('',*,*,#10070,.T.);
#10616 = ORIENTED_EDGE('',*,*,#10617,.T.);
#10617 = EDGE_CURVE('',#10048,#10618,#10620,.T.);
#10618 = VERTEX_POINT('',#10619);
#10619 = CARTESIAN_POINT('',(90.5,-57.09770965576,61.5));
#10620 = SURFACE_CURVE('',#10621,(#10626,#10633),.PCURVE_S1.);
#10621 = CIRCLE('',#10622,7.999938827116);
#10622 = AXIS2_PLACEMENT_3D('',#10623,#10624,#10625);
#10623 = CARTESIAN_POINT('',(88.000061330534,-49.49841180092,61.5));
#10624 = DIRECTION('',(-1.181794585387E-36,-1.224646799147E-16,-1.));
#10625 = DIRECTION('',(0.999999980294,-1.98526402257E-04,
    2.431247230703E-20));
#10626 = PCURVE('',#10086,#10627);
#10627 = DEFINITIONAL_REPRESENTATION('',(#10628),#10632);
#10628 = LINE('',#10629,#10630);
#10629 = CARTESIAN_POINT('',(-0.,-5.));
#10630 = VECTOR('',#10631,1.);
#10631 = DIRECTION('',(-1.,0.));
#10632 = ( GEOMETRIC_REPRESENTATION_CONTEXT(2) 
PARAMETRIC_REPRESENTATION_CONTEXT() REPRESENTATION_CONTEXT('2D SPACE',''
  ) );
#10633 = PCURVE('',#2099,#10634);
#10634 = DEFINITIONAL_REPRESENTATION('',(#10635),#10643);
#10635 = ( BOUNDED_CURVE() B_SPLINE_CURVE(2,(#10636,#10637,#10638,#10639
    ,#10640,#10641,#10642),.UNSPECIFIED.,.T.,.F.) 
B_SPLINE_CURVE_WITH_KNOTS((1,2,2,2,2,1),(-2.094395102393,0.,
    2.094395102393,4.188790204786,6.28318530718,8.377580409573),
.UNSPECIFIED.) CURVE() GEOMETRIC_REPRESENTATION_ITEM() 
RATIONAL_B_SPLINE_CURVE((1.,0.5,1.,0.5,1.,0.5,1.)) REPRESENTATION_ITEM(
  '') );
#10636 = CARTESIAN_POINT('',(-95.99920599478,6.952548169712));
#10637 = CARTESIAN_POINT('',(-95.99645515329,20.808848402662));
#10638 = CARTESIAN_POINT('',(-83.99792256983,13.878315987577));
#10639 = CARTESIAN_POINT('',(-71.99938998638,6.947783572491));
#10640 = CARTESIAN_POINT('',(-84.00067341132,2.201575462617E-02));
#10641 = CARTESIAN_POINT('',(-96.00195683627,-6.903752063239));
#10642 = CARTESIAN_POINT('',(-95.99920599478,6.952548169712));
#10643 = ( GEOMETRIC_REPRESENTATION_CONTEXT(2) 
PARAMETRIC_REPRESENTATION_CONTEXT() REPRESENTATION_CONTEXT('2D SPACE',''
  ) );
#10644 = ORIENTED_EDGE('',*,*,#10645,.F.);
#10645 = EDGE_CURVE('',#10646,#10618,#10648,.T.);
#10646 = VERTEX_POINT('',#10647);
#10647 = CARTESIAN_POINT('',(90.5,-57.09770965576,66.5));
#10648 = SURFACE_CURVE('',#10649,(#10653,#10660),.PCURVE_S1.);
#10649 = LINE('',#10650,#10651);
#10650 = CARTESIAN_POINT('',(90.5,-57.09770965576,66.5));
#10651 = VECTOR('',#10652,1.);
#10652 = DIRECTION('',(0.,-1.224646799147E-16,-1.));
#10653 = PCURVE('',#10086,#10654);
#10654 = DEFINITIONAL_REPRESENTATION('',(#10655),#10659);
#10655 = LINE('',#10656,#10657);
#10656 = CARTESIAN_POINT('',(-1.252779651456,0.));
#10657 = VECTOR('',#10658,1.);
#10658 = DIRECTION('',(-0.,-1.));
#10659 = ( GEOMETRIC_REPRESENTATION_CONTEXT(2) 
PARAMETRIC_REPRESENTATION_CONTEXT() REPRESENTATION_CONTEXT('2D SPACE',''
  ) );
#10660 = PCURVE('',#10661,#10666);
#10661 = PLANE('',#10662);
#10662 = AXIS2_PLACEMENT_3D('',#10663,#10664,#10665);
#10663 = CARTESIAN_POINT('',(90.5,-57.09770965576,66.5));
#10664 = DIRECTION('',(0.,1.,-1.224646799147E-16));
#10665 = DIRECTION('',(-1.,-0.,0.));
#10666 = DEFINITIONAL_REPRESENTATION('',(#10667),#10671);
#10667 = LINE('',#10668,#10669);
#10668 = CARTESIAN_POINT('',(0.,0.));
#10669 = VECTOR('',#10670,1.);
#10670 = DIRECTION('',(0.,-1.));
#10671 = ( GEOMETRIC_REPRESENTATION_CONTEXT(2) 
PARAMETRIC_REPRESENTATION_CONTEXT() REPRESENTATION_CONTEXT('2D SPACE',''
  ) );
#10672 = ORIENTED_EDGE('',*,*,#10673,.F.);
#10673 = EDGE_CURVE('',#10071,#10646,#10674,.T.);
#10674 = SURFACE_CURVE('',#10675,(#10680,#10687),.PCURVE_S1.);
#10675 = CIRCLE('',#10676,7.999938827116);
#10676 = AXIS2_PLACEMENT_3D('',#10677,#10678,#10679);
#10677 = CARTESIAN_POINT('',(88.000061330534,-49.49841180092,66.5));
#10678 = DIRECTION('',(-1.181794585387E-36,-1.224646799147E-16,-1.));
#10679 = DIRECTION('',(0.999999980294,-1.98526402257E-04,
    2.431247230703E-20));
#10680 = PCURVE('',#10086,#10681);
#10681 = DEFINITIONAL_REPRESENTATION('',(#10682),#10686);
#10682 = LINE('',#10683,#10684);
#10683 = CARTESIAN_POINT('',(-0.,0.));
#10684 = VECTOR('',#10685,1.);
#10685 = DIRECTION('',(-1.,0.));
#10686 = ( GEOMETRIC_REPRESENTATION_CONTEXT(2) 
PARAMETRIC_REPRESENTATION_CONTEXT() REPRESENTATION_CONTEXT('2D SPACE',''
  ) );
#10687 = PCURVE('',#807,#10688);
#10688 = DEFINITIONAL_REPRESENTATION('',(#10689),#10693);
#10689 = CIRCLE('',#10690,7.999938827116);
#10690 = AXIS2_PLACEMENT_2D('',#10691,#10692);
#10691 = CARTESIAN_POINT('',(198.00006133053,114.49841180092));
#10692 = DIRECTION('',(0.999999980294,1.98526402257E-04));
#10693 = ( GEOMETRIC_REPRESENTATION_CONTEXT(2) 
PARAMETRIC_REPRESENTATION_CONTEXT() REPRESENTATION_CONTEXT('2D SPACE',''
  ) );
#10694 = ADVANCED_FACE('',(#10695),#10661,.T.);
#10695 = FACE_BOUND('',#10696,.T.);
#10696 = EDGE_LOOP('',(#10697,#10698,#10721,#10744));
#10697 = ORIENTED_EDGE('',*,*,#10645,.T.);
#10698 = ORIENTED_EDGE('',*,*,#10699,.T.);
#10699 = EDGE_CURVE('',#10618,#10700,#10702,.T.);
#10700 = VERTEX_POINT('',#10701);
#10701 = CARTESIAN_POINT('',(88.,-57.09770965576,61.5));
#10702 = SURFACE_CURVE('',#10703,(#10707,#10714),.PCURVE_S1.);
#10703 = LINE('',#10704,#10705);
#10704 = CARTESIAN_POINT('',(90.5,-57.09770965576,61.5));
#10705 = VECTOR('',#10706,1.);
#10706 = DIRECTION('',(-1.,-0.,0.));
#10707 = PCURVE('',#10661,#10708);
#10708 = DEFINITIONAL_REPRESENTATION('',(#10709),#10713);
#10709 = LINE('',#10710,#10711);
#10710 = CARTESIAN_POINT('',(-0.,-5.));
#10711 = VECTOR('',#10712,1.);
#10712 = DIRECTION('',(1.,0.));
#10713 = ( GEOMETRIC_REPRESENTATION_CONTEXT(2) 
PARAMETRIC_REPRESENTATION_CONTEXT() REPRESENTATION_CONTEXT('2D SPACE',''
  ) );
#10714 = PCURVE('',#2099,#10715);
#10715 = DEFINITIONAL_REPRESENTATION('',(#10716),#10720);
#10716 = LINE('',#10717,#10718);
#10717 = CARTESIAN_POINT('',(-90.49920599478,14.550257825474));
#10718 = VECTOR('',#10719,1.);
#10719 = DIRECTION('',(1.,0.));
#10720 = ( GEOMETRIC_REPRESENTATION_CONTEXT(2) 
PARAMETRIC_REPRESENTATION_CONTEXT() REPRESENTATION_CONTEXT('2D SPACE',''
  ) );
#10721 = ORIENTED_EDGE('',*,*,#10722,.F.);
#10722 = EDGE_CURVE('',#10723,#10700,#10725,.T.);
#10723 = VERTEX_POINT('',#10724);
#10724 = CARTESIAN_POINT('',(88.,-57.09770965576,66.5));
#10725 = SURFACE_CURVE('',#10726,(#10730,#10737),.PCURVE_S1.);
#10726 = LINE('',#10727,#10728);
#10727 = CARTESIAN_POINT('',(88.,-57.09770965576,66.5));
#10728 = VECTOR('',#10729,1.);
#10729 = DIRECTION('',(0.,-1.224646799147E-16,-1.));
#10730 = PCURVE('',#10661,#10731);
#10731 = DEFINITIONAL_REPRESENTATION('',(#10732),#10736);
#10732 = LINE('',#10733,#10734);
#10733 = CARTESIAN_POINT('',(2.5,0.));
#10734 = VECTOR('',#10735,1.);
#10735 = DIRECTION('',(0.,-1.));
#10736 = ( GEOMETRIC_REPRESENTATION_CONTEXT(2) 
PARAMETRIC_REPRESENTATION_CONTEXT() REPRESENTATION_CONTEXT('2D SPACE',''
  ) );
#10737 = PCURVE('',#2071,#10738);
#10738 = DEFINITIONAL_REPRESENTATION('',(#10739),#10743);
#10739 = LINE('',#10740,#10741);
#10740 = CARTESIAN_POINT('',(-0.,0.));
#10741 = VECTOR('',#10742,1.);
#10742 = DIRECTION('',(-0.,-1.));
#10743 = ( GEOMETRIC_REPRESENTATION_CONTEXT(2) 
PARAMETRIC_REPRESENTATION_CONTEXT() REPRESENTATION_CONTEXT('2D SPACE',''
  ) );
#10744 = ORIENTED_EDGE('',*,*,#10745,.F.);
#10745 = EDGE_CURVE('',#10646,#10723,#10746,.T.);
#10746 = SURFACE_CURVE('',#10747,(#10751,#10758),.PCURVE_S1.);
#10747 = LINE('',#10748,#10749);
#10748 = CARTESIAN_POINT('',(90.5,-57.09770965576,66.5));
#10749 = VECTOR('',#10750,1.);
#10750 = DIRECTION('',(-1.,-0.,0.));
#10751 = PCURVE('',#10661,#10752);
#10752 = DEFINITIONAL_REPRESENTATION('',(#10753),#10757);
#10753 = LINE('',#10754,#10755);
#10754 = CARTESIAN_POINT('',(0.,0.));
#10755 = VECTOR('',#10756,1.);
#10756 = DIRECTION('',(1.,0.));
#10757 = ( GEOMETRIC_REPRESENTATION_CONTEXT(2) 
PARAMETRIC_REPRESENTATION_CONTEXT() REPRESENTATION_CONTEXT('2D SPACE',''
  ) );
#10758 = PCURVE('',#807,#10759);
#10759 = DEFINITIONAL_REPRESENTATION('',(#10760),#10764);
#10760 = LINE('',#10761,#10762);
#10761 = CARTESIAN_POINT('',(200.5,122.09770965576));
#10762 = VECTOR('',#10763,1.);
#10763 = DIRECTION('',(-1.,0.));
#10764 = ( GEOMETRIC_REPRESENTATION_CONTEXT(2) 
PARAMETRIC_REPRESENTATION_CONTEXT() REPRESENTATION_CONTEXT('2D SPACE',''
  ) );
#10765 = ADVANCED_FACE('',(#10766,#10804),#2099,.T.);
#10766 = FACE_BOUND('',#10767,.T.);
#10767 = EDGE_LOOP('',(#10768,#10769,#10770,#10771,#10772,#10773,#10774,
    #10775,#10776,#10802,#10803));
#10768 = ORIENTED_EDGE('',*,*,#10047,.F.);
#10769 = ORIENTED_EDGE('',*,*,#9999,.T.);
#10770 = ORIENTED_EDGE('',*,*,#9922,.T.);
#10771 = ORIENTED_EDGE('',*,*,#9841,.T.);
#10772 = ORIENTED_EDGE('',*,*,#9765,.T.);
#10773 = ORIENTED_EDGE('',*,*,#9688,.T.);
#10774 = ORIENTED_EDGE('',*,*,#9607,.T.);
#10775 = ORIENTED_EDGE('',*,*,#2083,.F.);
#10776 = ORIENTED_EDGE('',*,*,#10777,.F.);
#10777 = EDGE_CURVE('',#10700,#2056,#10778,.T.);
#10778 = SURFACE_CURVE('',#10779,(#10784,#10795),.PCURVE_S1.);
#10779 = CIRCLE('',#10780,8.013742691767);
#10780 = AXIS2_PLACEMENT_3D('',#10781,#10782,#10783);
#10781 = CARTESIAN_POINT('',(85.492827498277,-49.48626051801,61.5));
#10782 = DIRECTION('',(3.62597155412E-33,-1.224646799147E-16,-1.));
#10783 = DIRECTION('',(0.312859121906,-0.949799541925,1.16316896885E-16)
  );
#10784 = PCURVE('',#2099,#10785);
#10785 = DEFINITIONAL_REPRESENTATION('',(#10786),#10794);
#10786 = ( BOUNDED_CURVE() B_SPLINE_CURVE(2,(#10787,#10788,#10789,#10790
    ,#10791,#10792,#10793),.UNSPECIFIED.,.T.,.F.) 
B_SPLINE_CURVE_WITH_KNOTS((1,2,2,2,2,1),(-2.094395102393,0.,
    2.094395102393,4.188790204786,6.28318530718,8.377580409573),
.UNSPECIFIED.) CURVE() GEOMETRIC_REPRESENTATION_ITEM() 
RATIONAL_B_SPLINE_CURVE((1.,0.5,1.,0.5,1.,0.5,1.)) REPRESENTATION_ITEM(
  '') );
#10787 = CARTESIAN_POINT('',(-87.99920599478,14.550257825474));
#10788 = CARTESIAN_POINT('',(-74.81578936898,18.892807981798));
#10789 = CARTESIAN_POINT('',(-77.64673892929,5.304359197022));
#10790 = CARTESIAN_POINT('',(-80.47768848961,-8.284089587755));
#10791 = CARTESIAN_POINT('',(-90.83015555509,0.961809040697));
#10792 = CARTESIAN_POINT('',(-101.1826226205,10.207707669149));
#10793 = CARTESIAN_POINT('',(-87.99920599478,14.550257825474));
#10794 = ( GEOMETRIC_REPRESENTATION_CONTEXT(2) 
PARAMETRIC_REPRESENTATION_CONTEXT() REPRESENTATION_CONTEXT('2D SPACE',''
  ) );
#10795 = PCURVE('',#2071,#10796);
#10796 = DEFINITIONAL_REPRESENTATION('',(#10797),#10801);
#10797 = LINE('',#10798,#10799);
#10798 = CARTESIAN_POINT('',(-0.,-5.));
#10799 = VECTOR('',#10800,1.);
#10800 = DIRECTION('',(-1.,0.));
#10801 = ( GEOMETRIC_REPRESENTATION_CONTEXT(2) 
PARAMETRIC_REPRESENTATION_CONTEXT() REPRESENTATION_CONTEXT('2D SPACE',''
  ) );
#10802 = ORIENTED_EDGE('',*,*,#10699,.F.);
#10803 = ORIENTED_EDGE('',*,*,#10617,.F.);
#10804 = FACE_BOUND('',#10805,.T.);
#10805 = EDGE_LOOP('',(#10806));
#10806 = ORIENTED_EDGE('',*,*,#10807,.T.);
#10807 = EDGE_CURVE('',#10808,#10808,#10810,.T.);
#10808 = VERTEX_POINT('',#10809);
#10809 = CARTESIAN_POINT('',(91.939311218,-52.239311218,61.5));
#10810 = SURFACE_CURVE('',#10811,(#10816,#10827),.PCURVE_S1.);
#10811 = CIRCLE('',#10812,1.2);
#10812 = AXIS2_PLACEMENT_3D('',#10813,#10814,#10815);
#10813 = CARTESIAN_POINT('',(90.739311218,-52.239311218,61.5));
#10814 = DIRECTION('',(0.,-1.224646799147E-16,-1.));
#10815 = DIRECTION('',(1.,0.,0.));
#10816 = PCURVE('',#2099,#10817);
#10817 = DEFINITIONAL_REPRESENTATION('',(#10818),#10826);
#10818 = ( BOUNDED_CURVE() B_SPLINE_CURVE(2,(#10819,#10820,#10821,#10822
    ,#10823,#10824,#10825),.UNSPECIFIED.,.T.,.F.) 
B_SPLINE_CURVE_WITH_KNOTS((1,2,2,2,2,1),(-2.094395102393,0.,
    2.094395102393,4.188790204786,6.28318530718,8.377580409573),
.UNSPECIFIED.) CURVE() GEOMETRIC_REPRESENTATION_ITEM() 
RATIONAL_B_SPLINE_CURVE((1.,0.5,1.,0.5,1.,0.5,1.)) REPRESENTATION_ITEM(
  '') );
#10819 = CARTESIAN_POINT('',(-91.93851721278,9.691859387712));
#10820 = CARTESIAN_POINT('',(-91.93851721278,11.770320356795));
#10821 = CARTESIAN_POINT('',(-90.13851721278,10.731089872253));
#10822 = CARTESIAN_POINT('',(-88.33851721278,9.691859387712));
#10823 = CARTESIAN_POINT('',(-90.13851721278,8.652628903171));
#10824 = CARTESIAN_POINT('',(-91.93851721278,7.613398418629));
#10825 = CARTESIAN_POINT('',(-91.93851721278,9.691859387712));
#10826 = ( GEOMETRIC_REPRESENTATION_CONTEXT(2) 
PARAMETRIC_REPRESENTATION_CONTEXT() REPRESENTATION_CONTEXT('2D SPACE',''
  ) );
#10827 = PCURVE('',#10828,#10833);
#10828 = CYLINDRICAL_SURFACE('',#10829,1.2);
#10829 = AXIS2_PLACEMENT_3D('',#10830,#10831,#10832);
#10830 = CARTESIAN_POINT('',(90.739311218,-52.239311218,61.51));
#10831 = DIRECTION('',(0.,-1.224646799147E-16,-1.));
#10832 = DIRECTION('',(1.,0.,0.));
#10833 = DEFINITIONAL_REPRESENTATION('',(#10834),#10838);
#10834 = LINE('',#10835,#10836);
#10835 = CARTESIAN_POINT('',(0.,1.E-02));
#10836 = VECTOR('',#10837,1.);
#10837 = DIRECTION('',(1.,0.));
#10838 = ( GEOMETRIC_REPRESENTATION_CONTEXT(2) 
PARAMETRIC_REPRESENTATION_CONTEXT() REPRESENTATION_CONTEXT('2D SPACE',''
  ) );
#10839 = ADVANCED_FACE('',(#10840),#10828,.F.);
#10840 = FACE_BOUND('',#10841,.F.);
#10841 = EDGE_LOOP('',(#10842,#10865,#10892,#10893));
#10842 = ORIENTED_EDGE('',*,*,#10843,.T.);
#10843 = EDGE_CURVE('',#10808,#10844,#10846,.T.);
#10844 = VERTEX_POINT('',#10845);
#10845 = CARTESIAN_POINT('',(91.939311218,-52.239311218,56.));
#10846 = SEAM_CURVE('',#10847,(#10851,#10858),.PCURVE_S1.);
#10847 = LINE('',#10848,#10849);
#10848 = CARTESIAN_POINT('',(91.939311218,-52.239311218,61.51));
#10849 = VECTOR('',#10850,1.);
#10850 = DIRECTION('',(0.,-1.224646799147E-16,-1.));
#10851 = PCURVE('',#10828,#10852);
#10852 = DEFINITIONAL_REPRESENTATION('',(#10853),#10857);
#10853 = LINE('',#10854,#10855);
#10854 = CARTESIAN_POINT('',(6.28318530718,-0.));
#10855 = VECTOR('',#10856,1.);
#10856 = DIRECTION('',(0.,1.));
#10857 = ( GEOMETRIC_REPRESENTATION_CONTEXT(2) 
PARAMETRIC_REPRESENTATION_CONTEXT() REPRESENTATION_CONTEXT('2D SPACE',''
  ) );
#10858 = PCURVE('',#10828,#10859);
#10859 = DEFINITIONAL_REPRESENTATION('',(#10860),#10864);
#10860 = LINE('',#10861,#10862);
#10861 = CARTESIAN_POINT('',(0.,-0.));
#10862 = VECTOR('',#10863,1.);
#10863 = DIRECTION('',(0.,1.));
#10864 = ( GEOMETRIC_REPRESENTATION_CONTEXT(2) 
PARAMETRIC_REPRESENTATION_CONTEXT() REPRESENTATION_CONTEXT('2D SPACE',''
  ) );
#10865 = ORIENTED_EDGE('',*,*,#10866,.F.);
#10866 = EDGE_CURVE('',#10844,#10844,#10867,.T.);
#10867 = SURFACE_CURVE('',#10868,(#10873,#10880),.PCURVE_S1.);
#10868 = CIRCLE('',#10869,1.2);
#10869 = AXIS2_PLACEMENT_3D('',#10870,#10871,#10872);
#10870 = CARTESIAN_POINT('',(90.739311218,-52.239311218,56.));
#10871 = DIRECTION('',(0.,-1.224646799147E-16,-1.));
#10872 = DIRECTION('',(1.,0.,0.));
#10873 = PCURVE('',#10828,#10874);
#10874 = DEFINITIONAL_REPRESENTATION('',(#10875),#10879);
#10875 = LINE('',#10876,#10877);
#10876 = CARTESIAN_POINT('',(0.,5.51));
#10877 = VECTOR('',#10878,1.);
#10878 = DIRECTION('',(1.,0.));
#10879 = ( GEOMETRIC_REPRESENTATION_CONTEXT(2) 
PARAMETRIC_REPRESENTATION_CONTEXT() REPRESENTATION_CONTEXT('2D SPACE',''
  ) );
#10880 = PCURVE('',#10881,#10886);
#10881 = CONICAL_SURFACE('',#10882,1.2,1.02974404244);
#10882 = AXIS2_PLACEMENT_3D('',#10883,#10884,#10885);
#10883 = CARTESIAN_POINT('',(90.739311218,-52.239311218,56.));
#10884 = DIRECTION('',(-0.,1.224646799147E-16,1.));
#10885 = DIRECTION('',(1.,0.,0.));
#10886 = DEFINITIONAL_REPRESENTATION('',(#10887),#10891);
#10887 = LINE('',#10888,#10889);
#10888 = CARTESIAN_POINT('',(-0.,-0.));
#10889 = VECTOR('',#10890,1.);
#10890 = DIRECTION('',(-1.,-0.));
#10891 = ( GEOMETRIC_REPRESENTATION_CONTEXT(2) 
PARAMETRIC_REPRESENTATION_CONTEXT() REPRESENTATION_CONTEXT('2D SPACE',''
  ) );
#10892 = ORIENTED_EDGE('',*,*,#10843,.F.);
#10893 = ORIENTED_EDGE('',*,*,#10807,.T.);
#10894 = ADVANCED_FACE('',(#10895),#10881,.F.);
#10895 = FACE_BOUND('',#10896,.F.);
#10896 = EDGE_LOOP('',(#10897,#10920,#10921));
#10897 = ORIENTED_EDGE('',*,*,#10898,.F.);
#10898 = EDGE_CURVE('',#10844,#10899,#10901,.T.);
#10899 = VERTEX_POINT('',#10900);
#10900 = CARTESIAN_POINT('',(90.739311218,-52.239311218,55.278966904));
#10901 = SEAM_CURVE('',#10902,(#10906,#10913),.PCURVE_S1.);
#10902 = LINE('',#10903,#10904);
#10903 = CARTESIAN_POINT('',(91.939311218,-52.239311218,56.));
#10904 = VECTOR('',#10905,1.);
#10905 = DIRECTION('',(-0.857167189332,-2.730194066366E-16,
    -0.515038260261));
#10906 = PCURVE('',#10881,#10907);
#10907 = DEFINITIONAL_REPRESENTATION('',(#10908),#10912);
#10908 = LINE('',#10909,#10910);
#10909 = CARTESIAN_POINT('',(-6.28318530718,0.));
#10910 = VECTOR('',#10911,1.);
#10911 = DIRECTION('',(-0.,-1.));
#10912 = ( GEOMETRIC_REPRESENTATION_CONTEXT(2) 
PARAMETRIC_REPRESENTATION_CONTEXT() REPRESENTATION_CONTEXT('2D SPACE',''
  ) );
#10913 = PCURVE('',#10881,#10914);
#10914 = DEFINITIONAL_REPRESENTATION('',(#10915),#10919);
#10915 = LINE('',#10916,#10917);
#10916 = CARTESIAN_POINT('',(0.,-0.));
#10917 = VECTOR('',#10918,1.);
#10918 = DIRECTION('',(-0.,-1.));
#10919 = ( GEOMETRIC_REPRESENTATION_CONTEXT(2) 
PARAMETRIC_REPRESENTATION_CONTEXT() REPRESENTATION_CONTEXT('2D SPACE',''
  ) );
#10920 = ORIENTED_EDGE('',*,*,#10866,.T.);
#10921 = ORIENTED_EDGE('',*,*,#10898,.T.);
#10922 = ADVANCED_FACE('',(#10923),#2071,.F.);
#10923 = FACE_BOUND('',#10924,.T.);
#10924 = EDGE_LOOP('',(#10925,#10926,#10927,#10928));
#10925 = ORIENTED_EDGE('',*,*,#10722,.T.);
#10926 = ORIENTED_EDGE('',*,*,#10777,.T.);
#10927 = ORIENTED_EDGE('',*,*,#2055,.F.);
#10928 = ORIENTED_EDGE('',*,*,#10929,.F.);
#10929 = EDGE_CURVE('',#10723,#2031,#10930,.T.);
#10930 = SURFACE_CURVE('',#10931,(#10936,#10943),.PCURVE_S1.);
#10931 = CIRCLE('',#10932,8.013742691767);
#10932 = AXIS2_PLACEMENT_3D('',#10933,#10934,#10935);
#10933 = CARTESIAN_POINT('',(85.492827498277,-49.48626051801,66.5));
#10934 = DIRECTION('',(3.62597155412E-33,-1.224646799147E-16,-1.));
#10935 = DIRECTION('',(0.312859121906,-0.949799541925,1.16316896885E-16)
  );
#10936 = PCURVE('',#2071,#10937);
#10937 = DEFINITIONAL_REPRESENTATION('',(#10938),#10942);
#10938 = LINE('',#10939,#10940);
#10939 = CARTESIAN_POINT('',(-0.,0.));
#10940 = VECTOR('',#10941,1.);
#10941 = DIRECTION('',(-1.,0.));
#10942 = ( GEOMETRIC_REPRESENTATION_CONTEXT(2) 
PARAMETRIC_REPRESENTATION_CONTEXT() REPRESENTATION_CONTEXT('2D SPACE',''
  ) );
#10943 = PCURVE('',#807,#10944);
#10944 = DEFINITIONAL_REPRESENTATION('',(#10945),#10949);
#10945 = CIRCLE('',#10946,8.013742691767);
#10946 = AXIS2_PLACEMENT_2D('',#10947,#10948);
#10947 = CARTESIAN_POINT('',(195.49282749827,114.48626051801));
#10948 = DIRECTION('',(0.312859121906,0.949799541925));
#10949 = ( GEOMETRIC_REPRESENTATION_CONTEXT(2) 
PARAMETRIC_REPRESENTATION_CONTEXT() REPRESENTATION_CONTEXT('2D SPACE',''
  ) );
#10950 = ADVANCED_FACE('',(#10951,#10988),#1573,.T.);
#10951 = FACE_BOUND('',#10952,.T.);
#10952 = EDGE_LOOP('',(#10953,#10954,#10955,#10981,#10982,#10983,#10984,
    #10985,#10986,#10987));
#10953 = ORIENTED_EDGE('',*,*,#1690,.T.);
#10954 = ORIENTED_EDGE('',*,*,#1557,.F.);
#10955 = ORIENTED_EDGE('',*,*,#10956,.F.);
#10956 = EDGE_CURVE('',#9486,#1530,#10957,.T.);
#10957 = SURFACE_CURVE('',#10958,(#10963,#10974),.PCURVE_S1.);
#10958 = CIRCLE('',#10959,7.999938827116);
#10959 = AXIS2_PLACEMENT_3D('',#10960,#10961,#10962);
#10960 = CARTESIAN_POINT('',(-88.00006133053,-49.49841180092,61.5));
#10961 = DIRECTION('',(-2.831674231874E-33,-1.224646799147E-16,-1.));
#10962 = DIRECTION('',(-0.312494723209,-0.949919495519,
    1.163315869635E-16));
#10963 = PCURVE('',#1573,#10964);
#10964 = DEFINITIONAL_REPRESENTATION('',(#10965),#10973);
#10965 = ( BOUNDED_CURVE() B_SPLINE_CURVE(2,(#10966,#10967,#10968,#10969
    ,#10970,#10971,#10972),.UNSPECIFIED.,.T.,.F.) 
B_SPLINE_CURVE_WITH_KNOTS((1,2,2,2,2,1),(-2.094395102393,0.,
    2.094395102393,4.188790204786,6.28318530718,8.377580409573),
.UNSPECIFIED.) CURVE() GEOMETRIC_REPRESENTATION_ITEM() 
RATIONAL_B_SPLINE_CURVE((1.,0.5,1.,0.5,1.,0.5,1.)) REPRESENTATION_ITEM(
  '') );
#10966 = CARTESIAN_POINT('',(90.500794005218,14.550257825474));
#10967 = CARTESIAN_POINT('',(103.66316399164,10.220237034152));
#10968 = CARTESIAN_POINT('',(93.332070994231,0.98630064756));
#10969 = CARTESIAN_POINT('',(83.00097799682,-8.247635739032));
#10970 = CARTESIAN_POINT('',(80.169701007807,5.316321438881));
#10971 = CARTESIAN_POINT('',(77.338424018794,18.880278616795));
#10972 = CARTESIAN_POINT('',(90.500794005218,14.550257825474));
#10973 = ( GEOMETRIC_REPRESENTATION_CONTEXT(2) 
PARAMETRIC_REPRESENTATION_CONTEXT() REPRESENTATION_CONTEXT('2D SPACE',''
  ) );
#10974 = PCURVE('',#1545,#10975);
#10975 = DEFINITIONAL_REPRESENTATION('',(#10976),#10980);
#10976 = LINE('',#10977,#10978);
#10977 = CARTESIAN_POINT('',(-0.,-5.));
#10978 = VECTOR('',#10979,1.);
#10979 = DIRECTION('',(-1.,0.));
#10980 = ( GEOMETRIC_REPRESENTATION_CONTEXT(2) 
PARAMETRIC_REPRESENTATION_CONTEXT() REPRESENTATION_CONTEXT('2D SPACE',''
  ) );
#10981 = ORIENTED_EDGE('',*,*,#9485,.F.);
#10982 = ORIENTED_EDGE('',*,*,#9403,.F.);
#10983 = ORIENTED_EDGE('',*,*,#2161,.F.);
#10984 = ORIENTED_EDGE('',*,*,#2006,.T.);
#10985 = ORIENTED_EDGE('',*,*,#1929,.T.);
#10986 = ORIENTED_EDGE('',*,*,#1848,.T.);
#10987 = ORIENTED_EDGE('',*,*,#1771,.T.);
#10988 = FACE_BOUND('',#10989,.T.);
#10989 = EDGE_LOOP('',(#10990));
#10990 = ORIENTED_EDGE('',*,*,#10991,.T.);
#10991 = EDGE_CURVE('',#10992,#10992,#10994,.T.);
#10992 = VERTEX_POINT('',#10993);
#10993 = CARTESIAN_POINT('',(-89.539311218,-52.239311218,61.5));
#10994 = SURFACE_CURVE('',#10995,(#11000,#11011),.PCURVE_S1.);
#10995 = CIRCLE('',#10996,1.2);
#10996 = AXIS2_PLACEMENT_3D('',#10997,#10998,#10999);
#10997 = CARTESIAN_POINT('',(-90.739311218,-52.239311218,61.5));
#10998 = DIRECTION('',(0.,-1.224646799147E-16,-1.));
#10999 = DIRECTION('',(1.,0.,0.));
#11000 = PCURVE('',#1573,#11001);
#11001 = DEFINITIONAL_REPRESENTATION('',(#11002),#11010);
#11002 = ( BOUNDED_CURVE() B_SPLINE_CURVE(2,(#11003,#11004,#11005,#11006
    ,#11007,#11008,#11009),.UNSPECIFIED.,.T.,.F.) 
B_SPLINE_CURVE_WITH_KNOTS((1,2,2,2,2,1),(-2.094395102393,0.,
    2.094395102393,4.188790204786,6.28318530718,8.377580409573),
.UNSPECIFIED.) CURVE() GEOMETRIC_REPRESENTATION_ITEM() 
RATIONAL_B_SPLINE_CURVE((1.,0.5,1.,0.5,1.,0.5,1.)) REPRESENTATION_ITEM(
  '') );
#11003 = CARTESIAN_POINT('',(89.540105223218,9.691859387712));
#11004 = CARTESIAN_POINT('',(89.540105223218,11.770320356795));
#11005 = CARTESIAN_POINT('',(91.340105223218,10.731089872253));
#11006 = CARTESIAN_POINT('',(93.140105223218,9.691859387712));
#11007 = CARTESIAN_POINT('',(91.340105223218,8.652628903171));
#11008 = CARTESIAN_POINT('',(89.540105223218,7.613398418629));
#11009 = CARTESIAN_POINT('',(89.540105223218,9.691859387712));
#11010 = ( GEOMETRIC_REPRESENTATION_CONTEXT(2) 
PARAMETRIC_REPRESENTATION_CONTEXT() REPRESENTATION_CONTEXT('2D SPACE',''
  ) );
#11011 = PCURVE('',#11012,#11017);
#11012 = CYLINDRICAL_SURFACE('',#11013,1.2);
#11013 = AXIS2_PLACEMENT_3D('',#11014,#11015,#11016);
#11014 = CARTESIAN_POINT('',(-90.739311218,-52.239311218,61.51));
#11015 = DIRECTION('',(0.,-1.224646799147E-16,-1.));
#11016 = DIRECTION('',(1.,0.,0.));
#11017 = DEFINITIONAL_REPRESENTATION('',(#11018),#11022);
#11018 = LINE('',#11019,#11020);
#11019 = CARTESIAN_POINT('',(0.,1.E-02));
#11020 = VECTOR('',#11021,1.);
#11021 = DIRECTION('',(1.,0.));
#11022 = ( GEOMETRIC_REPRESENTATION_CONTEXT(2) 
PARAMETRIC_REPRESENTATION_CONTEXT() REPRESENTATION_CONTEXT('2D SPACE',''
  ) );
#11023 = ADVANCED_FACE('',(#11024),#11012,.F.);
#11024 = FACE_BOUND('',#11025,.F.);
#11025 = EDGE_LOOP('',(#11026,#11049,#11076,#11077));
#11026 = ORIENTED_EDGE('',*,*,#11027,.T.);
#11027 = EDGE_CURVE('',#10992,#11028,#11030,.T.);
#11028 = VERTEX_POINT('',#11029);
#11029 = CARTESIAN_POINT('',(-89.539311218,-52.239311218,56.));
#11030 = SEAM_CURVE('',#11031,(#11035,#11042),.PCURVE_S1.);
#11031 = LINE('',#11032,#11033);
#11032 = CARTESIAN_POINT('',(-89.539311218,-52.239311218,61.51));
#11033 = VECTOR('',#11034,1.);
#11034 = DIRECTION('',(0.,-1.224646799147E-16,-1.));
#11035 = PCURVE('',#11012,#11036);
#11036 = DEFINITIONAL_REPRESENTATION('',(#11037),#11041);
#11037 = LINE('',#11038,#11039);
#11038 = CARTESIAN_POINT('',(6.28318530718,-0.));
#11039 = VECTOR('',#11040,1.);
#11040 = DIRECTION('',(0.,1.));
#11041 = ( GEOMETRIC_REPRESENTATION_CONTEXT(2) 
PARAMETRIC_REPRESENTATION_CONTEXT() REPRESENTATION_CONTEXT('2D SPACE',''
  ) );
#11042 = PCURVE('',#11012,#11043);
#11043 = DEFINITIONAL_REPRESENTATION('',(#11044),#11048);
#11044 = LINE('',#11045,#11046);
#11045 = CARTESIAN_POINT('',(0.,-0.));
#11046 = VECTOR('',#11047,1.);
#11047 = DIRECTION('',(0.,1.));
#11048 = ( GEOMETRIC_REPRESENTATION_CONTEXT(2) 
PARAMETRIC_REPRESENTATION_CONTEXT() REPRESENTATION_CONTEXT('2D SPACE',''
  ) );
#11049 = ORIENTED_EDGE('',*,*,#11050,.F.);
#11050 = EDGE_CURVE('',#11028,#11028,#11051,.T.);
#11051 = SURFACE_CURVE('',#11052,(#11057,#11064),.PCURVE_S1.);
#11052 = CIRCLE('',#11053,1.2);
#11053 = AXIS2_PLACEMENT_3D('',#11054,#11055,#11056);
#11054 = CARTESIAN_POINT('',(-90.739311218,-52.239311218,56.));
#11055 = DIRECTION('',(0.,-1.224646799147E-16,-1.));
#11056 = DIRECTION('',(1.,0.,0.));
#11057 = PCURVE('',#11012,#11058);
#11058 = DEFINITIONAL_REPRESENTATION('',(#11059),#11063);
#11059 = LINE('',#11060,#11061);
#11060 = CARTESIAN_POINT('',(0.,5.51));
#11061 = VECTOR('',#11062,1.);
#11062 = DIRECTION('',(1.,0.));
#11063 = ( GEOMETRIC_REPRESENTATION_CONTEXT(2) 
PARAMETRIC_REPRESENTATION_CONTEXT() REPRESENTATION_CONTEXT('2D SPACE',''
  ) );
#11064 = PCURVE('',#11065,#11070);
#11065 = CONICAL_SURFACE('',#11066,1.2,1.02974404244);
#11066 = AXIS2_PLACEMENT_3D('',#11067,#11068,#11069);
#11067 = CARTESIAN_POINT('',(-90.739311218,-52.239311218,56.));
#11068 = DIRECTION('',(-0.,1.224646799147E-16,1.));
#11069 = DIRECTION('',(1.,0.,0.));
#11070 = DEFINITIONAL_REPRESENTATION('',(#11071),#11075);
#11071 = LINE('',#11072,#11073);
#11072 = CARTESIAN_POINT('',(-0.,-0.));
#11073 = VECTOR('',#11074,1.);
#11074 = DIRECTION('',(-1.,-0.));
#11075 = ( GEOMETRIC_REPRESENTATION_CONTEXT(2) 
PARAMETRIC_REPRESENTATION_CONTEXT() REPRESENTATION_CONTEXT('2D SPACE',''
  ) );
#11076 = ORIENTED_EDGE('',*,*,#11027,.F.);
#11077 = ORIENTED_EDGE('',*,*,#10991,.T.);
#11078 = ADVANCED_FACE('',(#11079),#11065,.F.);
#11079 = FACE_BOUND('',#11080,.F.);
#11080 = EDGE_LOOP('',(#11081,#11104,#11105));
#11081 = ORIENTED_EDGE('',*,*,#11082,.F.);
#11082 = EDGE_CURVE('',#11028,#11083,#11085,.T.);
#11083 = VERTEX_POINT('',#11084);
#11084 = CARTESIAN_POINT('',(-90.739311218,-52.239311218,55.278966904));
#11085 = SEAM_CURVE('',#11086,(#11090,#11097),.PCURVE_S1.);
#11086 = LINE('',#11087,#11088);
#11087 = CARTESIAN_POINT('',(-89.539311218,-52.239311218,56.));
#11088 = VECTOR('',#11089,1.);
#11089 = DIRECTION('',(-0.857167189332,-2.730194066366E-16,
    -0.515038260261));
#11090 = PCURVE('',#11065,#11091);
#11091 = DEFINITIONAL_REPRESENTATION('',(#11092),#11096);
#11092 = LINE('',#11093,#11094);
#11093 = CARTESIAN_POINT('',(-6.28318530718,0.));
#11094 = VECTOR('',#11095,1.);
#11095 = DIRECTION('',(-0.,-1.));
#11096 = ( GEOMETRIC_REPRESENTATION_CONTEXT(2) 
PARAMETRIC_REPRESENTATION_CONTEXT() REPRESENTATION_CONTEXT('2D SPACE',''
  ) );
#11097 = PCURVE('',#11065,#11098);
#11098 = DEFINITIONAL_REPRESENTATION('',(#11099),#11103);
#11099 = LINE('',#11100,#11101);
#11100 = CARTESIAN_POINT('',(0.,-0.));
#11101 = VECTOR('',#11102,1.);
#11102 = DIRECTION('',(-0.,-1.));
#11103 = ( GEOMETRIC_REPRESENTATION_CONTEXT(2) 
PARAMETRIC_REPRESENTATION_CONTEXT() REPRESENTATION_CONTEXT('2D SPACE',''
  ) );
#11104 = ORIENTED_EDGE('',*,*,#11050,.T.);
#11105 = ORIENTED_EDGE('',*,*,#11082,.T.);
#11106 = ADVANCED_FACE('',(#11107),#1545,.F.);
#11107 = FACE_BOUND('',#11108,.T.);
#11108 = EDGE_LOOP('',(#11109,#11110,#11111,#11112));
#11109 = ORIENTED_EDGE('',*,*,#9508,.T.);
#11110 = ORIENTED_EDGE('',*,*,#10956,.T.);
#11111 = ORIENTED_EDGE('',*,*,#1529,.F.);
#11112 = ORIENTED_EDGE('',*,*,#11113,.F.);
#11113 = EDGE_CURVE('',#9509,#1507,#11114,.T.);
#11114 = SURFACE_CURVE('',#11115,(#11120,#11127),.PCURVE_S1.);
#11115 = CIRCLE('',#11116,7.999938827116);
#11116 = AXIS2_PLACEMENT_3D('',#11117,#11118,#11119);
#11117 = CARTESIAN_POINT('',(-88.00006133053,-49.49841180092,66.5));
#11118 = DIRECTION('',(-2.831674231874E-33,-1.224646799147E-16,-1.));
#11119 = DIRECTION('',(-0.312494723209,-0.949919495519,
    1.163315869635E-16));
#11120 = PCURVE('',#1545,#11121);
#11121 = DEFINITIONAL_REPRESENTATION('',(#11122),#11126);
#11122 = LINE('',#11123,#11124);
#11123 = CARTESIAN_POINT('',(-0.,0.));
#11124 = VECTOR('',#11125,1.);
#11125 = DIRECTION('',(-1.,0.));
#11126 = ( GEOMETRIC_REPRESENTATION_CONTEXT(2) 
PARAMETRIC_REPRESENTATION_CONTEXT() REPRESENTATION_CONTEXT('2D SPACE',''
  ) );
#11127 = PCURVE('',#471,#11128);
#11128 = DEFINITIONAL_REPRESENTATION('',(#11129),#11133);
#11129 = CIRCLE('',#11130,7.999938827116);
#11130 = AXIS2_PLACEMENT_2D('',#11131,#11132);
#11131 = CARTESIAN_POINT('',(21.999938669466,114.49841180092));
#11132 = DIRECTION('',(-0.312494723209,0.949919495519));
#11133 = ( GEOMETRIC_REPRESENTATION_CONTEXT(2) 
PARAMETRIC_REPRESENTATION_CONTEXT() REPRESENTATION_CONTEXT('2D SPACE',''
  ) );
#11134 = ADVANCED_FACE('',(#11135,#11227,#11233,#11239,#11270,#11276,
    #11307),#1157,.F.);
#11135 = FACE_BOUND('',#11136,.F.);
#11136 = EDGE_LOOP('',(#11137,#11138,#11139,#11162,#11190,#11211,#11212,
    #11213,#11214,#11215,#11216,#11217,#11218,#11219,#11220,#11221,
    #11222,#11223,#11224,#11225,#11226));
#11137 = ORIENTED_EDGE('',*,*,#1481,.T.);
#11138 = ORIENTED_EDGE('',*,*,#1141,.T.);
#11139 = ORIENTED_EDGE('',*,*,#11140,.F.);
#11140 = EDGE_CURVE('',#11141,#1142,#11143,.T.);
#11141 = VERTEX_POINT('',#11142);
#11142 = CARTESIAN_POINT('',(-94.1,57.9,2.5));
#11143 = SURFACE_CURVE('',#11144,(#11148,#11155),.PCURVE_S1.);
#11144 = LINE('',#11145,#11146);
#11145 = CARTESIAN_POINT('',(-94.1,60.,2.5));
#11146 = VECTOR('',#11147,1.);
#11147 = DIRECTION('',(0.,-1.,1.224646799147E-16));
#11148 = PCURVE('',#1157,#11149);
#11149 = DEFINITIONAL_REPRESENTATION('',(#11150),#11154);
#11150 = LINE('',#11151,#11152);
#11151 = CARTESIAN_POINT('',(-94.1,-63.62753045524));
#11152 = VECTOR('',#11153,1.);
#11153 = DIRECTION('',(0.,1.));
#11154 = ( GEOMETRIC_REPRESENTATION_CONTEXT(2) 
PARAMETRIC_REPRESENTATION_CONTEXT() REPRESENTATION_CONTEXT('2D SPACE',''
  ) );
#11155 = PCURVE('',#555,#11156);
#11156 = DEFINITIONAL_REPRESENTATION('',(#11157),#11161);
#11157 = LINE('',#11158,#11159);
#11158 = CARTESIAN_POINT('',(58.5,5.875641741102E-17));
#11159 = VECTOR('',#11160,1.);
#11160 = DIRECTION('',(0.,-1.));
#11161 = ( GEOMETRIC_REPRESENTATION_CONTEXT(2) 
PARAMETRIC_REPRESENTATION_CONTEXT() REPRESENTATION_CONTEXT('2D SPACE',''
  ) );
#11162 = ORIENTED_EDGE('',*,*,#11163,.T.);
#11163 = EDGE_CURVE('',#11141,#11164,#11166,.T.);
#11164 = VERTEX_POINT('',#11165);
#11165 = CARTESIAN_POINT('',(94.1,57.9,2.5));
#11166 = SURFACE_CURVE('',#11167,(#11171,#11178),.PCURVE_S1.);
#11167 = LINE('',#11168,#11169);
#11168 = CARTESIAN_POINT('',(-94.951,57.9,2.5));
#11169 = VECTOR('',#11170,1.);
#11170 = DIRECTION('',(1.,0.,0.));
#11171 = PCURVE('',#1157,#11172);
#11172 = DEFINITIONAL_REPRESENTATION('',(#11173),#11177);
#11173 = LINE('',#11174,#11175);
#11174 = CARTESIAN_POINT('',(-94.951,-61.52753045524));
#11175 = VECTOR('',#11176,1.);
#11176 = DIRECTION('',(1.,0.));
#11177 = ( GEOMETRIC_REPRESENTATION_CONTEXT(2) 
PARAMETRIC_REPRESENTATION_CONTEXT() REPRESENTATION_CONTEXT('2D SPACE',''
  ) );
#11178 = PCURVE('',#11179,#11184);
#11179 = PLANE('',#11180);
#11180 = AXIS2_PLACEMENT_3D('',#11181,#11182,#11183);
#11181 = CARTESIAN_POINT('',(-94.951,57.9,82.));
#11182 = DIRECTION('',(0.,-1.,1.224646799147E-16));
#11183 = DIRECTION('',(1.,0.,0.));
#11184 = DEFINITIONAL_REPRESENTATION('',(#11185),#11189);
#11185 = LINE('',#11186,#11187);
#11186 = CARTESIAN_POINT('',(0.,-79.5));
#11187 = VECTOR('',#11188,1.);
#11188 = DIRECTION('',(1.,0.));
#11189 = ( GEOMETRIC_REPRESENTATION_CONTEXT(2) 
PARAMETRIC_REPRESENTATION_CONTEXT() REPRESENTATION_CONTEXT('2D SPACE',''
  ) );
#11190 = ORIENTED_EDGE('',*,*,#11191,.T.);
#11191 = EDGE_CURVE('',#11164,#10562,#11192,.T.);
#11192 = SURFACE_CURVE('',#11193,(#11197,#11204),.PCURVE_S1.);
#11193 = LINE('',#11194,#11195);
#11194 = CARTESIAN_POINT('',(94.1,60.,2.5));
#11195 = VECTOR('',#11196,1.);
#11196 = DIRECTION('',(0.,-1.,1.224646799147E-16));
#11197 = PCURVE('',#1157,#11198);
#11198 = DEFINITIONAL_REPRESENTATION('',(#11199),#11203);
#11199 = LINE('',#11200,#11201);
#11200 = CARTESIAN_POINT('',(94.1,-63.62753045524));
#11201 = VECTOR('',#11202,1.);
#11202 = DIRECTION('',(0.,1.));
#11203 = ( GEOMETRIC_REPRESENTATION_CONTEXT(2) 
PARAMETRIC_REPRESENTATION_CONTEXT() REPRESENTATION_CONTEXT('2D SPACE',''
  ) );
#11204 = PCURVE('',#723,#11205);
#11205 = DEFINITIONAL_REPRESENTATION('',(#11206),#11210);
#11206 = LINE('',#11207,#11208);
#11207 = CARTESIAN_POINT('',(58.5,5.875641741102E-17));
#11208 = VECTOR('',#11209,1.);
#11209 = DIRECTION('',(0.,-1.));
#11210 = ( GEOMETRIC_REPRESENTATION_CONTEXT(2) 
PARAMETRIC_REPRESENTATION_CONTEXT() REPRESENTATION_CONTEXT('2D SPACE',''
  ) );
#11211 = ORIENTED_EDGE('',*,*,#10584,.T.);
#11212 = ORIENTED_EDGE('',*,*,#10208,.T.);
#11213 = ORIENTED_EDGE('',*,*,#10023,.T.);
#11214 = ORIENTED_EDGE('',*,*,#9977,.T.);
#11215 = ORIENTED_EDGE('',*,*,#9895,.T.);
#11216 = ORIENTED_EDGE('',*,*,#9819,.T.);
#11217 = ORIENTED_EDGE('',*,*,#9743,.T.);
#11218 = ORIENTED_EDGE('',*,*,#9661,.T.);
#11219 = ORIENTED_EDGE('',*,*,#9585,.T.);
#11220 = ORIENTED_EDGE('',*,*,#2139,.T.);
#11221 = ORIENTED_EDGE('',*,*,#1984,.T.);
#11222 = ORIENTED_EDGE('',*,*,#1902,.T.);
#11223 = ORIENTED_EDGE('',*,*,#1826,.T.);
#11224 = ORIENTED_EDGE('',*,*,#1744,.T.);
#11225 = ORIENTED_EDGE('',*,*,#1668,.T.);
#11226 = ORIENTED_EDGE('',*,*,#1613,.T.);
#11227 = FACE_BOUND('',#11228,.F.);
#11228 = EDGE_LOOP('',(#11229,#11230,#11231,#11232));
#11229 = ORIENTED_EDGE('',*,*,#7177,.T.);
#11230 = ORIENTED_EDGE('',*,*,#7125,.F.);
#11231 = ORIENTED_EDGE('',*,*,#7072,.T.);
#11232 = ORIENTED_EDGE('',*,*,#7229,.T.);
#11233 = FACE_BOUND('',#11234,.F.);
#11234 = EDGE_LOOP('',(#11235,#11236,#11237,#11238));
#11235 = ORIENTED_EDGE('',*,*,#7022,.F.);
#11236 = ORIENTED_EDGE('',*,*,#6968,.T.);
#11237 = ORIENTED_EDGE('',*,*,#6919,.F.);
#11238 = ORIENTED_EDGE('',*,*,#6843,.T.);
#11239 = FACE_BOUND('',#11240,.F.);
#11240 = EDGE_LOOP('',(#11241));
#11241 = ORIENTED_EDGE('',*,*,#11242,.F.);
#11242 = EDGE_CURVE('',#11243,#11243,#11245,.T.);
#11243 = VERTEX_POINT('',#11244);
#11244 = CARTESIAN_POINT('',(42.16,43.5,2.5));
#11245 = SURFACE_CURVE('',#11246,(#11251,#11258),.PCURVE_S1.);
#11246 = CIRCLE('',#11247,4.41);
#11247 = AXIS2_PLACEMENT_3D('',#11248,#11249,#11250);
#11248 = CARTESIAN_POINT('',(37.75,43.5,2.5));
#11249 = DIRECTION('',(0.,-1.224646799147E-16,-1.));
#11250 = DIRECTION('',(1.,0.,0.));
#11251 = PCURVE('',#1157,#11252);
#11252 = DEFINITIONAL_REPRESENTATION('',(#11253),#11257);
#11253 = CIRCLE('',#11254,4.41);
#11254 = AXIS2_PLACEMENT_2D('',#11255,#11256);
#11255 = CARTESIAN_POINT('',(37.75,-47.12753045524));
#11256 = DIRECTION('',(1.,0.));
#11257 = ( GEOMETRIC_REPRESENTATION_CONTEXT(2) 
PARAMETRIC_REPRESENTATION_CONTEXT() REPRESENTATION_CONTEXT('2D SPACE',''
  ) );
#11258 = PCURVE('',#11259,#11264);
#11259 = CONICAL_SURFACE('',#11260,0.,1.063697822403);
#11260 = AXIS2_PLACEMENT_3D('',#11261,#11262,#11263);
#11261 = CARTESIAN_POINT('',(37.75,43.5,4.95));
#11262 = DIRECTION('',(0.,-1.224646799147E-16,-1.));
#11263 = DIRECTION('',(1.,0.,0.));
#11264 = DEFINITIONAL_REPRESENTATION('',(#11265),#11269);
#11265 = LINE('',#11266,#11267);
#11266 = CARTESIAN_POINT('',(0.,2.45));
#11267 = VECTOR('',#11268,1.);
#11268 = DIRECTION('',(1.,0.));
#11269 = ( GEOMETRIC_REPRESENTATION_CONTEXT(2) 
PARAMETRIC_REPRESENTATION_CONTEXT() REPRESENTATION_CONTEXT('2D SPACE',''
  ) );
#11270 = FACE_BOUND('',#11271,.F.);
#11271 = EDGE_LOOP('',(#11272,#11273,#11274,#11275));
#11272 = ORIENTED_EDGE('',*,*,#6816,.F.);
#11273 = ORIENTED_EDGE('',*,*,#6762,.T.);
#11274 = ORIENTED_EDGE('',*,*,#6713,.F.);
#11275 = ORIENTED_EDGE('',*,*,#6637,.T.);
#11276 = FACE_BOUND('',#11277,.F.);
#11277 = EDGE_LOOP('',(#11278));
#11278 = ORIENTED_EDGE('',*,*,#11279,.F.);
#11279 = EDGE_CURVE('',#11280,#11280,#11282,.T.);
#11280 = VERTEX_POINT('',#11281);
#11281 = CARTESIAN_POINT('',(72.16,43.5,2.5));
#11282 = SURFACE_CURVE('',#11283,(#11288,#11295),.PCURVE_S1.);
#11283 = CIRCLE('',#11284,4.41);
#11284 = AXIS2_PLACEMENT_3D('',#11285,#11286,#11287);
#11285 = CARTESIAN_POINT('',(67.75,43.5,2.5));
#11286 = DIRECTION('',(0.,-1.224646799147E-16,-1.));
#11287 = DIRECTION('',(1.,0.,0.));
#11288 = PCURVE('',#1157,#11289);
#11289 = DEFINITIONAL_REPRESENTATION('',(#11290),#11294);
#11290 = CIRCLE('',#11291,4.41);
#11291 = AXIS2_PLACEMENT_2D('',#11292,#11293);
#11292 = CARTESIAN_POINT('',(67.75,-47.12753045524));
#11293 = DIRECTION('',(1.,0.));
#11294 = ( GEOMETRIC_REPRESENTATION_CONTEXT(2) 
PARAMETRIC_REPRESENTATION_CONTEXT() REPRESENTATION_CONTEXT('2D SPACE',''
  ) );
#11295 = PCURVE('',#11296,#11301);
#11296 = CONICAL_SURFACE('',#11297,0.,1.063697822403);
#11297 = AXIS2_PLACEMENT_3D('',#11298,#11299,#11300);
#11298 = CARTESIAN_POINT('',(67.75,43.5,4.95));
#11299 = DIRECTION('',(0.,-1.224646799147E-16,-1.));
#11300 = DIRECTION('',(1.,0.,0.));
#11301 = DEFINITIONAL_REPRESENTATION('',(#11302),#11306);
#11302 = LINE('',#11303,#11304);
#11303 = CARTESIAN_POINT('',(0.,2.45));
#11304 = VECTOR('',#11305,1.);
#11305 = DIRECTION('',(1.,0.));
#11306 = ( GEOMETRIC_REPRESENTATION_CONTEXT(2) 
PARAMETRIC_REPRESENTATION_CONTEXT() REPRESENTATION_CONTEXT('2D SPACE',''
  ) );
#11307 = FACE_BOUND('',#11308,.F.);
#11308 = EDGE_LOOP('',(#11309,#11310,#11311,#11312));
#11309 = ORIENTED_EDGE('',*,*,#7727,.F.);
#11310 = ORIENTED_EDGE('',*,*,#7845,.T.);
#11311 = ORIENTED_EDGE('',*,*,#7796,.F.);
#11312 = ORIENTED_EDGE('',*,*,#7646,.T.);
#11313 = ADVANCED_FACE('',(#11314),#11296,.T.);
#11314 = FACE_BOUND('',#11315,.T.);
#11315 = EDGE_LOOP('',(#11316,#11317,#11340,#11367));
#11316 = ORIENTED_EDGE('',*,*,#11279,.F.);
#11317 = ORIENTED_EDGE('',*,*,#11318,.F.);
#11318 = EDGE_CURVE('',#11319,#11280,#11321,.T.);
#11319 = VERTEX_POINT('',#11320);
#11320 = CARTESIAN_POINT('',(70.,43.5,3.7));
#11321 = SEAM_CURVE('',#11322,(#11326,#11333),.PCURVE_S1.);
#11322 = LINE('',#11323,#11324);
#11323 = CARTESIAN_POINT('',(67.75,43.5,4.95));
#11324 = VECTOR('',#11325,1.);
#11325 = DIRECTION('',(0.874157276122,1.546326759111E-16,-0.485642931179
    ));
#11326 = PCURVE('',#11296,#11327);
#11327 = DEFINITIONAL_REPRESENTATION('',(#11328),#11332);
#11328 = LINE('',#11329,#11330);
#11329 = CARTESIAN_POINT('',(6.28318530718,-0.));
#11330 = VECTOR('',#11331,1.);
#11331 = DIRECTION('',(0.,1.));
#11332 = ( GEOMETRIC_REPRESENTATION_CONTEXT(2) 
PARAMETRIC_REPRESENTATION_CONTEXT() REPRESENTATION_CONTEXT('2D SPACE',''
  ) );
#11333 = PCURVE('',#11296,#11334);
#11334 = DEFINITIONAL_REPRESENTATION('',(#11335),#11339);
#11335 = LINE('',#11336,#11337);
#11336 = CARTESIAN_POINT('',(0.,-0.));
#11337 = VECTOR('',#11338,1.);
#11338 = DIRECTION('',(0.,1.));
#11339 = ( GEOMETRIC_REPRESENTATION_CONTEXT(2) 
PARAMETRIC_REPRESENTATION_CONTEXT() REPRESENTATION_CONTEXT('2D SPACE',''
  ) );
#11340 = ORIENTED_EDGE('',*,*,#11341,.T.);
#11341 = EDGE_CURVE('',#11319,#11319,#11342,.T.);
#11342 = SURFACE_CURVE('',#11343,(#11348,#11355),.PCURVE_S1.);
#11343 = CIRCLE('',#11344,2.25);
#11344 = AXIS2_PLACEMENT_3D('',#11345,#11346,#11347);
#11345 = CARTESIAN_POINT('',(67.75,43.5,3.7));
#11346 = DIRECTION('',(0.,-1.224646799147E-16,-1.));
#11347 = DIRECTION('',(0.,1.,-1.224646799147E-16));
#11348 = PCURVE('',#11296,#11349);
#11349 = DEFINITIONAL_REPRESENTATION('',(#11350),#11354);
#11350 = LINE('',#11351,#11352);
#11351 = CARTESIAN_POINT('',(-1.570796326795,1.25));
#11352 = VECTOR('',#11353,1.);
#11353 = DIRECTION('',(1.,0.));
#11354 = ( GEOMETRIC_REPRESENTATION_CONTEXT(2) 
PARAMETRIC_REPRESENTATION_CONTEXT() REPRESENTATION_CONTEXT('2D SPACE',''
  ) );
#11355 = PCURVE('',#11356,#11361);
#11356 = CYLINDRICAL_SURFACE('',#11357,2.25);
#11357 = AXIS2_PLACEMENT_3D('',#11358,#11359,#11360);
#11358 = CARTESIAN_POINT('',(67.75,43.5,11.5));
#11359 = DIRECTION('',(0.,-1.224646799147E-16,-1.));
#11360 = DIRECTION('',(1.,0.,0.));
#11361 = DEFINITIONAL_REPRESENTATION('',(#11362),#11366);
#11362 = LINE('',#11363,#11364);
#11363 = CARTESIAN_POINT('',(-1.570796326795,7.8));
#11364 = VECTOR('',#11365,1.);
#11365 = DIRECTION('',(1.,0.));
#11366 = ( GEOMETRIC_REPRESENTATION_CONTEXT(2) 
PARAMETRIC_REPRESENTATION_CONTEXT() REPRESENTATION_CONTEXT('2D SPACE',''
  ) );
#11367 = ORIENTED_EDGE('',*,*,#11318,.T.);
#11368 = ADVANCED_FACE('',(#11369),#11356,.T.);
#11369 = FACE_BOUND('',#11370,.T.);
#11370 = EDGE_LOOP('',(#11371,#11372,#11395,#11422));
#11371 = ORIENTED_EDGE('',*,*,#11341,.F.);
#11372 = ORIENTED_EDGE('',*,*,#11373,.F.);
#11373 = EDGE_CURVE('',#11374,#11319,#11376,.T.);
#11374 = VERTEX_POINT('',#11375);
#11375 = CARTESIAN_POINT('',(70.,43.5,11.5));
#11376 = SEAM_CURVE('',#11377,(#11381,#11388),.PCURVE_S1.);
#11377 = LINE('',#11378,#11379);
#11378 = CARTESIAN_POINT('',(70.,43.5,11.5));
#11379 = VECTOR('',#11380,1.);
#11380 = DIRECTION('',(0.,-1.224646799147E-16,-1.));
#11381 = PCURVE('',#11356,#11382);
#11382 = DEFINITIONAL_REPRESENTATION('',(#11383),#11387);
#11383 = LINE('',#11384,#11385);
#11384 = CARTESIAN_POINT('',(6.28318530718,-0.));
#11385 = VECTOR('',#11386,1.);
#11386 = DIRECTION('',(0.,1.));
#11387 = ( GEOMETRIC_REPRESENTATION_CONTEXT(2) 
PARAMETRIC_REPRESENTATION_CONTEXT() REPRESENTATION_CONTEXT('2D SPACE',''
  ) );
#11388 = PCURVE('',#11356,#11389);
#11389 = DEFINITIONAL_REPRESENTATION('',(#11390),#11394);
#11390 = LINE('',#11391,#11392);
#11391 = CARTESIAN_POINT('',(0.,-0.));
#11392 = VECTOR('',#11393,1.);
#11393 = DIRECTION('',(0.,1.));
#11394 = ( GEOMETRIC_REPRESENTATION_CONTEXT(2) 
PARAMETRIC_REPRESENTATION_CONTEXT() REPRESENTATION_CONTEXT('2D SPACE',''
  ) );
#11395 = ORIENTED_EDGE('',*,*,#11396,.T.);
#11396 = EDGE_CURVE('',#11374,#11374,#11397,.T.);
#11397 = SURFACE_CURVE('',#11398,(#11403,#11410),.PCURVE_S1.);
#11398 = CIRCLE('',#11399,2.25);
#11399 = AXIS2_PLACEMENT_3D('',#11400,#11401,#11402);
#11400 = CARTESIAN_POINT('',(67.75,43.5,11.5));
#11401 = DIRECTION('',(0.,-1.224646799147E-16,-1.));
#11402 = DIRECTION('',(1.,0.,0.));
#11403 = PCURVE('',#11356,#11404);
#11404 = DEFINITIONAL_REPRESENTATION('',(#11405),#11409);
#11405 = LINE('',#11406,#11407);
#11406 = CARTESIAN_POINT('',(0.,0.));
#11407 = VECTOR('',#11408,1.);
#11408 = DIRECTION('',(1.,0.));
#11409 = ( GEOMETRIC_REPRESENTATION_CONTEXT(2) 
PARAMETRIC_REPRESENTATION_CONTEXT() REPRESENTATION_CONTEXT('2D SPACE',''
  ) );
#11410 = PCURVE('',#11411,#11416);
#11411 = PLANE('',#11412);
#11412 = AXIS2_PLACEMENT_3D('',#11413,#11414,#11415);
#11413 = CARTESIAN_POINT('',(67.75,43.5,11.5));
#11414 = DIRECTION('',(0.,-1.224646799147E-16,-1.));
#11415 = DIRECTION('',(1.,0.,0.));
#11416 = DEFINITIONAL_REPRESENTATION('',(#11417),#11421);
#11417 = CIRCLE('',#11418,2.25);
#11418 = AXIS2_PLACEMENT_2D('',#11419,#11420);
#11419 = CARTESIAN_POINT('',(0.,0.));
#11420 = DIRECTION('',(1.,0.));
#11421 = ( GEOMETRIC_REPRESENTATION_CONTEXT(2) 
PARAMETRIC_REPRESENTATION_CONTEXT() REPRESENTATION_CONTEXT('2D SPACE',''
  ) );
#11422 = ORIENTED_EDGE('',*,*,#11373,.T.);
#11423 = ADVANCED_FACE('',(#11424,#11427),#11411,.F.);
#11424 = FACE_BOUND('',#11425,.F.);
#11425 = EDGE_LOOP('',(#11426));
#11426 = ORIENTED_EDGE('',*,*,#11396,.T.);
#11427 = FACE_BOUND('',#11428,.F.);
#11428 = EDGE_LOOP('',(#11429));
#11429 = ORIENTED_EDGE('',*,*,#11430,.F.);
#11430 = EDGE_CURVE('',#11431,#11431,#11433,.T.);
#11431 = VERTEX_POINT('',#11432);
#11432 = CARTESIAN_POINT('',(68.75,43.5,11.5));
#11433 = SURFACE_CURVE('',#11434,(#11439,#11446),.PCURVE_S1.);
#11434 = CIRCLE('',#11435,1.);
#11435 = AXIS2_PLACEMENT_3D('',#11436,#11437,#11438);
#11436 = CARTESIAN_POINT('',(67.75,43.5,11.5));
#11437 = DIRECTION('',(0.,-1.224646799147E-16,-1.));
#11438 = DIRECTION('',(1.,0.,0.));
#11439 = PCURVE('',#11411,#11440);
#11440 = DEFINITIONAL_REPRESENTATION('',(#11441),#11445);
#11441 = CIRCLE('',#11442,1.);
#11442 = AXIS2_PLACEMENT_2D('',#11443,#11444);
#11443 = CARTESIAN_POINT('',(0.,0.));
#11444 = DIRECTION('',(1.,0.));
#11445 = ( GEOMETRIC_REPRESENTATION_CONTEXT(2) 
PARAMETRIC_REPRESENTATION_CONTEXT() REPRESENTATION_CONTEXT('2D SPACE',''
  ) );
#11446 = PCURVE('',#11447,#11452);
#11447 = CYLINDRICAL_SURFACE('',#11448,1.);
#11448 = AXIS2_PLACEMENT_3D('',#11449,#11450,#11451);
#11449 = CARTESIAN_POINT('',(67.75,43.5,11.51));
#11450 = DIRECTION('',(0.,-1.224646799147E-16,-1.));
#11451 = DIRECTION('',(1.,0.,0.));
#11452 = DEFINITIONAL_REPRESENTATION('',(#11453),#11457);
#11453 = LINE('',#11454,#11455);
#11454 = CARTESIAN_POINT('',(0.,1.000000000001E-02));
#11455 = VECTOR('',#11456,1.);
#11456 = DIRECTION('',(1.,0.));
#11457 = ( GEOMETRIC_REPRESENTATION_CONTEXT(2) 
PARAMETRIC_REPRESENTATION_CONTEXT() REPRESENTATION_CONTEXT('2D SPACE',''
  ) );
#11458 = ADVANCED_FACE('',(#11459),#11447,.F.);
#11459 = FACE_BOUND('',#11460,.F.);
#11460 = EDGE_LOOP('',(#11461,#11484,#11511,#11512));
#11461 = ORIENTED_EDGE('',*,*,#11462,.T.);
#11462 = EDGE_CURVE('',#11431,#11463,#11465,.T.);
#11463 = VERTEX_POINT('',#11464);
#11464 = CARTESIAN_POINT('',(68.75,43.5,5.));
#11465 = SEAM_CURVE('',#11466,(#11470,#11477),.PCURVE_S1.);
#11466 = LINE('',#11467,#11468);
#11467 = CARTESIAN_POINT('',(68.75,43.5,11.51));
#11468 = VECTOR('',#11469,1.);
#11469 = DIRECTION('',(0.,-1.224646799147E-16,-1.));
#11470 = PCURVE('',#11447,#11471);
#11471 = DEFINITIONAL_REPRESENTATION('',(#11472),#11476);
#11472 = LINE('',#11473,#11474);
#11473 = CARTESIAN_POINT('',(6.28318530718,-0.));
#11474 = VECTOR('',#11475,1.);
#11475 = DIRECTION('',(0.,1.));
#11476 = ( GEOMETRIC_REPRESENTATION_CONTEXT(2) 
PARAMETRIC_REPRESENTATION_CONTEXT() REPRESENTATION_CONTEXT('2D SPACE',''
  ) );
#11477 = PCURVE('',#11447,#11478);
#11478 = DEFINITIONAL_REPRESENTATION('',(#11479),#11483);
#11479 = LINE('',#11480,#11481);
#11480 = CARTESIAN_POINT('',(0.,-0.));
#11481 = VECTOR('',#11482,1.);
#11482 = DIRECTION('',(0.,1.));
#11483 = ( GEOMETRIC_REPRESENTATION_CONTEXT(2) 
PARAMETRIC_REPRESENTATION_CONTEXT() REPRESENTATION_CONTEXT('2D SPACE',''
  ) );
#11484 = ORIENTED_EDGE('',*,*,#11485,.F.);
#11485 = EDGE_CURVE('',#11463,#11463,#11486,.T.);
#11486 = SURFACE_CURVE('',#11487,(#11492,#11499),.PCURVE_S1.);
#11487 = CIRCLE('',#11488,1.);
#11488 = AXIS2_PLACEMENT_3D('',#11489,#11490,#11491);
#11489 = CARTESIAN_POINT('',(67.75,43.5,5.));
#11490 = DIRECTION('',(0.,-1.224646799147E-16,-1.));
#11491 = DIRECTION('',(1.,0.,0.));
#11492 = PCURVE('',#11447,#11493);
#11493 = DEFINITIONAL_REPRESENTATION('',(#11494),#11498);
#11494 = LINE('',#11495,#11496);
#11495 = CARTESIAN_POINT('',(0.,6.51));
#11496 = VECTOR('',#11497,1.);
#11497 = DIRECTION('',(1.,0.));
#11498 = ( GEOMETRIC_REPRESENTATION_CONTEXT(2) 
PARAMETRIC_REPRESENTATION_CONTEXT() REPRESENTATION_CONTEXT('2D SPACE',''
  ) );
#11499 = PCURVE('',#11500,#11505);
#11500 = PLANE('',#11501);
#11501 = AXIS2_PLACEMENT_3D('',#11502,#11503,#11504);
#11502 = CARTESIAN_POINT('',(67.75,43.5,5.));
#11503 = DIRECTION('',(0.,-1.224646799147E-16,-1.));
#11504 = DIRECTION('',(1.,0.,0.));
#11505 = DEFINITIONAL_REPRESENTATION('',(#11506),#11510);
#11506 = CIRCLE('',#11507,1.);
#11507 = AXIS2_PLACEMENT_2D('',#11508,#11509);
#11508 = CARTESIAN_POINT('',(0.,0.));
#11509 = DIRECTION('',(1.,0.));
#11510 = ( GEOMETRIC_REPRESENTATION_CONTEXT(2) 
PARAMETRIC_REPRESENTATION_CONTEXT() REPRESENTATION_CONTEXT('2D SPACE',''
  ) );
#11511 = ORIENTED_EDGE('',*,*,#11462,.F.);
#11512 = ORIENTED_EDGE('',*,*,#11430,.T.);
#11513 = ADVANCED_FACE('',(#11514),#11500,.F.);
#11514 = FACE_BOUND('',#11515,.F.);
#11515 = EDGE_LOOP('',(#11516));
#11516 = ORIENTED_EDGE('',*,*,#11485,.T.);
#11517 = ADVANCED_FACE('',(#11518),#11259,.T.);
#11518 = FACE_BOUND('',#11519,.T.);
#11519 = EDGE_LOOP('',(#11520,#11521,#11544,#11571));
#11520 = ORIENTED_EDGE('',*,*,#11242,.F.);
#11521 = ORIENTED_EDGE('',*,*,#11522,.F.);
#11522 = EDGE_CURVE('',#11523,#11243,#11525,.T.);
#11523 = VERTEX_POINT('',#11524);
#11524 = CARTESIAN_POINT('',(40.75,43.5,3.283333333333));
#11525 = SEAM_CURVE('',#11526,(#11530,#11537),.PCURVE_S1.);
#11526 = LINE('',#11527,#11528);
#11527 = CARTESIAN_POINT('',(37.75,43.5,4.95));
#11528 = VECTOR('',#11529,1.);
#11529 = DIRECTION('',(0.874157276122,1.546326759111E-16,-0.485642931179
    ));
#11530 = PCURVE('',#11259,#11531);
#11531 = DEFINITIONAL_REPRESENTATION('',(#11532),#11536);
#11532 = LINE('',#11533,#11534);
#11533 = CARTESIAN_POINT('',(6.28318530718,-0.));
#11534 = VECTOR('',#11535,1.);
#11535 = DIRECTION('',(0.,1.));
#11536 = ( GEOMETRIC_REPRESENTATION_CONTEXT(2) 
PARAMETRIC_REPRESENTATION_CONTEXT() REPRESENTATION_CONTEXT('2D SPACE',''
  ) );
#11537 = PCURVE('',#11259,#11538);
#11538 = DEFINITIONAL_REPRESENTATION('',(#11539),#11543);
#11539 = LINE('',#11540,#11541);
#11540 = CARTESIAN_POINT('',(0.,-0.));
#11541 = VECTOR('',#11542,1.);
#11542 = DIRECTION('',(0.,1.));
#11543 = ( GEOMETRIC_REPRESENTATION_CONTEXT(2) 
PARAMETRIC_REPRESENTATION_CONTEXT() REPRESENTATION_CONTEXT('2D SPACE',''
  ) );
#11544 = ORIENTED_EDGE('',*,*,#11545,.T.);
#11545 = EDGE_CURVE('',#11523,#11523,#11546,.T.);
#11546 = SURFACE_CURVE('',#11547,(#11552,#11559),.PCURVE_S1.);
#11547 = CIRCLE('',#11548,3.);
#11548 = AXIS2_PLACEMENT_3D('',#11549,#11550,#11551);
#11549 = CARTESIAN_POINT('',(37.75,43.5,3.283333333333));
#11550 = DIRECTION('',(0.,-1.224646799147E-16,-1.));
#11551 = DIRECTION('',(0.,1.,-1.224646799147E-16));
#11552 = PCURVE('',#11259,#11553);
#11553 = DEFINITIONAL_REPRESENTATION('',(#11554),#11558);
#11554 = LINE('',#11555,#11556);
#11555 = CARTESIAN_POINT('',(-1.570796326795,1.666666666667));
#11556 = VECTOR('',#11557,1.);
#11557 = DIRECTION('',(1.,0.));
#11558 = ( GEOMETRIC_REPRESENTATION_CONTEXT(2) 
PARAMETRIC_REPRESENTATION_CONTEXT() REPRESENTATION_CONTEXT('2D SPACE',''
  ) );
#11559 = PCURVE('',#11560,#11565);
#11560 = CYLINDRICAL_SURFACE('',#11561,3.);
#11561 = AXIS2_PLACEMENT_3D('',#11562,#11563,#11564);
#11562 = CARTESIAN_POINT('',(37.75,43.5,11.5));
#11563 = DIRECTION('',(0.,-1.224646799147E-16,-1.));
#11564 = DIRECTION('',(1.,0.,0.));
#11565 = DEFINITIONAL_REPRESENTATION('',(#11566),#11570);
#11566 = LINE('',#11567,#11568);
#11567 = CARTESIAN_POINT('',(-1.570796326795,8.216666666667));
#11568 = VECTOR('',#11569,1.);
#11569 = DIRECTION('',(1.,0.));
#11570 = ( GEOMETRIC_REPRESENTATION_CONTEXT(2) 
PARAMETRIC_REPRESENTATION_CONTEXT() REPRESENTATION_CONTEXT('2D SPACE',''
  ) );
#11571 = ORIENTED_EDGE('',*,*,#11522,.T.);
#11572 = ADVANCED_FACE('',(#11573),#11560,.T.);
#11573 = FACE_BOUND('',#11574,.T.);
#11574 = EDGE_LOOP('',(#11575,#11576,#11599,#11626));
#11575 = ORIENTED_EDGE('',*,*,#11545,.F.);
#11576 = ORIENTED_EDGE('',*,*,#11577,.F.);
#11577 = EDGE_CURVE('',#11578,#11523,#11580,.T.);
#11578 = VERTEX_POINT('',#11579);
#11579 = CARTESIAN_POINT('',(40.75,43.5,11.5));
#11580 = SEAM_CURVE('',#11581,(#11585,#11592),.PCURVE_S1.);
#11581 = LINE('',#11582,#11583);
#11582 = CARTESIAN_POINT('',(40.75,43.5,11.5));
#11583 = VECTOR('',#11584,1.);
#11584 = DIRECTION('',(0.,-1.224646799147E-16,-1.));
#11585 = PCURVE('',#11560,#11586);
#11586 = DEFINITIONAL_REPRESENTATION('',(#11587),#11591);
#11587 = LINE('',#11588,#11589);
#11588 = CARTESIAN_POINT('',(6.28318530718,-0.));
#11589 = VECTOR('',#11590,1.);
#11590 = DIRECTION('',(0.,1.));
#11591 = ( GEOMETRIC_REPRESENTATION_CONTEXT(2) 
PARAMETRIC_REPRESENTATION_CONTEXT() REPRESENTATION_CONTEXT('2D SPACE',''
  ) );
#11592 = PCURVE('',#11560,#11593);
#11593 = DEFINITIONAL_REPRESENTATION('',(#11594),#11598);
#11594 = LINE('',#11595,#11596);
#11595 = CARTESIAN_POINT('',(0.,-0.));
#11596 = VECTOR('',#11597,1.);
#11597 = DIRECTION('',(0.,1.));
#11598 = ( GEOMETRIC_REPRESENTATION_CONTEXT(2) 
PARAMETRIC_REPRESENTATION_CONTEXT() REPRESENTATION_CONTEXT('2D SPACE',''
  ) );
#11599 = ORIENTED_EDGE('',*,*,#11600,.T.);
#11600 = EDGE_CURVE('',#11578,#11578,#11601,.T.);
#11601 = SURFACE_CURVE('',#11602,(#11607,#11614),.PCURVE_S1.);
#11602 = CIRCLE('',#11603,3.);
#11603 = AXIS2_PLACEMENT_3D('',#11604,#11605,#11606);
#11604 = CARTESIAN_POINT('',(37.75,43.5,11.5));
#11605 = DIRECTION('',(0.,-1.224646799147E-16,-1.));
#11606 = DIRECTION('',(1.,0.,0.));
#11607 = PCURVE('',#11560,#11608);
#11608 = DEFINITIONAL_REPRESENTATION('',(#11609),#11613);
#11609 = LINE('',#11610,#11611);
#11610 = CARTESIAN_POINT('',(0.,0.));
#11611 = VECTOR('',#11612,1.);
#11612 = DIRECTION('',(1.,0.));
#11613 = ( GEOMETRIC_REPRESENTATION_CONTEXT(2) 
PARAMETRIC_REPRESENTATION_CONTEXT() REPRESENTATION_CONTEXT('2D SPACE',''
  ) );
#11614 = PCURVE('',#11615,#11620);
#11615 = PLANE('',#11616);
#11616 = AXIS2_PLACEMENT_3D('',#11617,#11618,#11619);
#11617 = CARTESIAN_POINT('',(37.75,43.5,11.5));
#11618 = DIRECTION('',(0.,-1.224646799147E-16,-1.));
#11619 = DIRECTION('',(1.,0.,0.));
#11620 = DEFINITIONAL_REPRESENTATION('',(#11621),#11625);
#11621 = CIRCLE('',#11622,3.);
#11622 = AXIS2_PLACEMENT_2D('',#11623,#11624);
#11623 = CARTESIAN_POINT('',(0.,0.));
#11624 = DIRECTION('',(1.,0.));
#11625 = ( GEOMETRIC_REPRESENTATION_CONTEXT(2) 
PARAMETRIC_REPRESENTATION_CONTEXT() REPRESENTATION_CONTEXT('2D SPACE',''
  ) );
#11626 = ORIENTED_EDGE('',*,*,#11577,.T.);
#11627 = ADVANCED_FACE('',(#11628,#11631),#11615,.F.);
#11628 = FACE_BOUND('',#11629,.F.);
#11629 = EDGE_LOOP('',(#11630));
#11630 = ORIENTED_EDGE('',*,*,#11600,.T.);
#11631 = FACE_BOUND('',#11632,.F.);
#11632 = EDGE_LOOP('',(#11633));
#11633 = ORIENTED_EDGE('',*,*,#11634,.F.);
#11634 = EDGE_CURVE('',#11635,#11635,#11637,.T.);
#11635 = VERTEX_POINT('',#11636);
#11636 = CARTESIAN_POINT('',(38.75,43.5,11.5));
#11637 = SURFACE_CURVE('',#11638,(#11643,#11650),.PCURVE_S1.);
#11638 = CIRCLE('',#11639,1.);
#11639 = AXIS2_PLACEMENT_3D('',#11640,#11641,#11642);
#11640 = CARTESIAN_POINT('',(37.75,43.5,11.5));
#11641 = DIRECTION('',(0.,-1.224646799147E-16,-1.));
#11642 = DIRECTION('',(1.,0.,0.));
#11643 = PCURVE('',#11615,#11644);
#11644 = DEFINITIONAL_REPRESENTATION('',(#11645),#11649);
#11645 = CIRCLE('',#11646,1.);
#11646 = AXIS2_PLACEMENT_2D('',#11647,#11648);
#11647 = CARTESIAN_POINT('',(0.,0.));
#11648 = DIRECTION('',(1.,0.));
#11649 = ( GEOMETRIC_REPRESENTATION_CONTEXT(2) 
PARAMETRIC_REPRESENTATION_CONTEXT() REPRESENTATION_CONTEXT('2D SPACE',''
  ) );
#11650 = PCURVE('',#11651,#11656);
#11651 = CYLINDRICAL_SURFACE('',#11652,1.);
#11652 = AXIS2_PLACEMENT_3D('',#11653,#11654,#11655);
#11653 = CARTESIAN_POINT('',(37.75,43.5,11.51));
#11654 = DIRECTION('',(0.,-1.224646799147E-16,-1.));
#11655 = DIRECTION('',(1.,0.,0.));
#11656 = DEFINITIONAL_REPRESENTATION('',(#11657),#11661);
#11657 = LINE('',#11658,#11659);
#11658 = CARTESIAN_POINT('',(0.,1.000000000001E-02));
#11659 = VECTOR('',#11660,1.);
#11660 = DIRECTION('',(1.,0.));
#11661 = ( GEOMETRIC_REPRESENTATION_CONTEXT(2) 
PARAMETRIC_REPRESENTATION_CONTEXT() REPRESENTATION_CONTEXT('2D SPACE',''
  ) );
#11662 = ADVANCED_FACE('',(#11663),#11651,.F.);
#11663 = FACE_BOUND('',#11664,.F.);
#11664 = EDGE_LOOP('',(#11665,#11688,#11715,#11716));
#11665 = ORIENTED_EDGE('',*,*,#11666,.T.);
#11666 = EDGE_CURVE('',#11635,#11667,#11669,.T.);
#11667 = VERTEX_POINT('',#11668);
#11668 = CARTESIAN_POINT('',(38.75,43.5,5.));
#11669 = SEAM_CURVE('',#11670,(#11674,#11681),.PCURVE_S1.);
#11670 = LINE('',#11671,#11672);
#11671 = CARTESIAN_POINT('',(38.75,43.5,11.51));
#11672 = VECTOR('',#11673,1.);
#11673 = DIRECTION('',(0.,-1.224646799147E-16,-1.));
#11674 = PCURVE('',#11651,#11675);
#11675 = DEFINITIONAL_REPRESENTATION('',(#11676),#11680);
#11676 = LINE('',#11677,#11678);
#11677 = CARTESIAN_POINT('',(6.28318530718,-0.));
#11678 = VECTOR('',#11679,1.);
#11679 = DIRECTION('',(0.,1.));
#11680 = ( GEOMETRIC_REPRESENTATION_CONTEXT(2) 
PARAMETRIC_REPRESENTATION_CONTEXT() REPRESENTATION_CONTEXT('2D SPACE',''
  ) );
#11681 = PCURVE('',#11651,#11682);
#11682 = DEFINITIONAL_REPRESENTATION('',(#11683),#11687);
#11683 = LINE('',#11684,#11685);
#11684 = CARTESIAN_POINT('',(0.,-0.));
#11685 = VECTOR('',#11686,1.);
#11686 = DIRECTION('',(0.,1.));
#11687 = ( GEOMETRIC_REPRESENTATION_CONTEXT(2) 
PARAMETRIC_REPRESENTATION_CONTEXT() REPRESENTATION_CONTEXT('2D SPACE',''
  ) );
#11688 = ORIENTED_EDGE('',*,*,#11689,.F.);
#11689 = EDGE_CURVE('',#11667,#11667,#11690,.T.);
#11690 = SURFACE_CURVE('',#11691,(#11696,#11703),.PCURVE_S1.);
#11691 = CIRCLE('',#11692,1.);
#11692 = AXIS2_PLACEMENT_3D('',#11693,#11694,#11695);
#11693 = CARTESIAN_POINT('',(37.75,43.5,5.));
#11694 = DIRECTION('',(0.,-1.224646799147E-16,-1.));
#11695 = DIRECTION('',(1.,0.,0.));
#11696 = PCURVE('',#11651,#11697);
#11697 = DEFINITIONAL_REPRESENTATION('',(#11698),#11702);
#11698 = LINE('',#11699,#11700);
#11699 = CARTESIAN_POINT('',(0.,6.51));
#11700 = VECTOR('',#11701,1.);
#11701 = DIRECTION('',(1.,0.));
#11702 = ( GEOMETRIC_REPRESENTATION_CONTEXT(2) 
PARAMETRIC_REPRESENTATION_CONTEXT() REPRESENTATION_CONTEXT('2D SPACE',''
  ) );
#11703 = PCURVE('',#11704,#11709);
#11704 = PLANE('',#11705);
#11705 = AXIS2_PLACEMENT_3D('',#11706,#11707,#11708);
#11706 = CARTESIAN_POINT('',(37.75,43.5,5.));
#11707 = DIRECTION('',(0.,-1.224646799147E-16,-1.));
#11708 = DIRECTION('',(1.,0.,0.));
#11709 = DEFINITIONAL_REPRESENTATION('',(#11710),#11714);
#11710 = CIRCLE('',#11711,1.);
#11711 = AXIS2_PLACEMENT_2D('',#11712,#11713);
#11712 = CARTESIAN_POINT('',(0.,0.));
#11713 = DIRECTION('',(1.,0.));
#11714 = ( GEOMETRIC_REPRESENTATION_CONTEXT(2) 
PARAMETRIC_REPRESENTATION_CONTEXT() REPRESENTATION_CONTEXT('2D SPACE',''
  ) );
#11715 = ORIENTED_EDGE('',*,*,#11666,.F.);
#11716 = ORIENTED_EDGE('',*,*,#11634,.T.);
#11717 = ADVANCED_FACE('',(#11718),#11704,.F.);
#11718 = FACE_BOUND('',#11719,.F.);
#11719 = EDGE_LOOP('',(#11720));
#11720 = ORIENTED_EDGE('',*,*,#11689,.T.);
#11721 = ADVANCED_FACE('',(#11722),#11179,.T.);
#11722 = FACE_BOUND('',#11723,.T.);
#11723 = EDGE_LOOP('',(#11724,#11725,#11748,#11771,#11794,#11822,#11845,
    #11868));
#11724 = ORIENTED_EDGE('',*,*,#11163,.T.);
#11725 = ORIENTED_EDGE('',*,*,#11726,.T.);
#11726 = EDGE_CURVE('',#11164,#11727,#11729,.T.);
#11727 = VERTEX_POINT('',#11728);
#11728 = CARTESIAN_POINT('',(94.1,57.9,19.2));
#11729 = SURFACE_CURVE('',#11730,(#11734,#11741),.PCURVE_S1.);
#11730 = LINE('',#11731,#11732);
#11731 = CARTESIAN_POINT('',(94.1,57.9,71.5));
#11732 = VECTOR('',#11733,1.);
#11733 = DIRECTION('',(0.,1.224646799147E-16,1.));
#11734 = PCURVE('',#11179,#11735);
#11735 = DEFINITIONAL_REPRESENTATION('',(#11736),#11740);
#11736 = LINE('',#11737,#11738);
#11737 = CARTESIAN_POINT('',(189.051,-10.5));
#11738 = VECTOR('',#11739,1.);
#11739 = DIRECTION('',(0.,1.));
#11740 = ( GEOMETRIC_REPRESENTATION_CONTEXT(2) 
PARAMETRIC_REPRESENTATION_CONTEXT() REPRESENTATION_CONTEXT('2D SPACE',''
  ) );
#11741 = PCURVE('',#723,#11742);
#11742 = DEFINITIONAL_REPRESENTATION('',(#11743),#11747);
#11743 = LINE('',#11744,#11745);
#11744 = CARTESIAN_POINT('',(-10.5,-2.1));
#11745 = VECTOR('',#11746,1.);
#11746 = DIRECTION('',(-1.,0.));
#11747 = ( GEOMETRIC_REPRESENTATION_CONTEXT(2) 
PARAMETRIC_REPRESENTATION_CONTEXT() REPRESENTATION_CONTEXT('2D SPACE',''
  ) );
#11748 = ORIENTED_EDGE('',*,*,#11749,.F.);
#11749 = EDGE_CURVE('',#11750,#11727,#11752,.T.);
#11750 = VERTEX_POINT('',#11751);
#11751 = CARTESIAN_POINT('',(15.,57.9,19.2));
#11752 = SURFACE_CURVE('',#11753,(#11757,#11764),.PCURVE_S1.);
#11753 = LINE('',#11754,#11755);
#11754 = CARTESIAN_POINT('',(-94.951,57.9,19.2));
#11755 = VECTOR('',#11756,1.);
#11756 = DIRECTION('',(1.,0.,0.));
#11757 = PCURVE('',#11179,#11758);
#11758 = DEFINITIONAL_REPRESENTATION('',(#11759),#11763);
#11759 = LINE('',#11760,#11761);
#11760 = CARTESIAN_POINT('',(0.,-62.8));
#11761 = VECTOR('',#11762,1.);
#11762 = DIRECTION('',(1.,0.));
#11763 = ( GEOMETRIC_REPRESENTATION_CONTEXT(2) 
PARAMETRIC_REPRESENTATION_CONTEXT() REPRESENTATION_CONTEXT('2D SPACE',''
  ) );
#11764 = PCURVE('',#695,#11765);
#11765 = DEFINITIONAL_REPRESENTATION('',(#11766),#11770);
#11766 = LINE('',#11767,#11768);
#11767 = CARTESIAN_POINT('',(1.131370849898,0.));
#11768 = VECTOR('',#11769,1.);
#11769 = DIRECTION('',(0.,-1.));
#11770 = ( GEOMETRIC_REPRESENTATION_CONTEXT(2) 
PARAMETRIC_REPRESENTATION_CONTEXT() REPRESENTATION_CONTEXT('2D SPACE',''
  ) );
#11771 = ORIENTED_EDGE('',*,*,#11772,.F.);
#11772 = EDGE_CURVE('',#11773,#11750,#11775,.T.);
#11773 = VERTEX_POINT('',#11774);
#11774 = CARTESIAN_POINT('',(15.,57.9,8.2));
#11775 = SURFACE_CURVE('',#11776,(#11780,#11787),.PCURVE_S1.);
#11776 = LINE('',#11777,#11778);
#11777 = CARTESIAN_POINT('',(15.,57.9,8.2));
#11778 = VECTOR('',#11779,1.);
#11779 = DIRECTION('',(0.,1.224646799147E-16,1.));
#11780 = PCURVE('',#11179,#11781);
#11781 = DEFINITIONAL_REPRESENTATION('',(#11782),#11786);
#11782 = LINE('',#11783,#11784);
#11783 = CARTESIAN_POINT('',(109.951,-73.8));
#11784 = VECTOR('',#11785,1.);
#11785 = DIRECTION('',(0.,1.));
#11786 = ( GEOMETRIC_REPRESENTATION_CONTEXT(2) 
PARAMETRIC_REPRESENTATION_CONTEXT() REPRESENTATION_CONTEXT('2D SPACE',''
  ) );
#11787 = PCURVE('',#667,#11788);
#11788 = DEFINITIONAL_REPRESENTATION('',(#11789),#11793);
#11789 = LINE('',#11790,#11791);
#11790 = CARTESIAN_POINT('',(13.9,-1.1));
#11791 = VECTOR('',#11792,1.);
#11792 = DIRECTION('',(-1.,0.));
#11793 = ( GEOMETRIC_REPRESENTATION_CONTEXT(2) 
PARAMETRIC_REPRESENTATION_CONTEXT() REPRESENTATION_CONTEXT('2D SPACE',''
  ) );
#11794 = ORIENTED_EDGE('',*,*,#11795,.T.);
#11795 = EDGE_CURVE('',#11773,#11796,#11798,.T.);
#11796 = VERTEX_POINT('',#11797);
#11797 = CARTESIAN_POINT('',(-15.,57.9,8.2));
#11798 = SURFACE_CURVE('',#11799,(#11803,#11810),.PCURVE_S1.);
#11799 = LINE('',#11800,#11801);
#11800 = CARTESIAN_POINT('',(-54.9755,57.9,8.2));
#11801 = VECTOR('',#11802,1.);
#11802 = DIRECTION('',(-1.,0.,0.));
#11803 = PCURVE('',#11179,#11804);
#11804 = DEFINITIONAL_REPRESENTATION('',(#11805),#11809);
#11805 = LINE('',#11806,#11807);
#11806 = CARTESIAN_POINT('',(39.9755,-73.8));
#11807 = VECTOR('',#11808,1.);
#11808 = DIRECTION('',(-1.,0.));
#11809 = ( GEOMETRIC_REPRESENTATION_CONTEXT(2) 
PARAMETRIC_REPRESENTATION_CONTEXT() REPRESENTATION_CONTEXT('2D SPACE',''
  ) );
#11810 = PCURVE('',#11811,#11816);
#11811 = PLANE('',#11812);
#11812 = AXIS2_PLACEMENT_3D('',#11813,#11814,#11815);
#11813 = CARTESIAN_POINT('',(-15.,47.,19.1));
#11814 = DIRECTION('',(0.,0.707106781187,0.707106781187));
#11815 = DIRECTION('',(0.,0.707106781187,-0.707106781187));
#11816 = DEFINITIONAL_REPRESENTATION('',(#11817),#11821);
#11817 = LINE('',#11818,#11819);
#11818 = CARTESIAN_POINT('',(15.414927829867,39.9755));
#11819 = VECTOR('',#11820,1.);
#11820 = DIRECTION('',(0.,1.));
#11821 = ( GEOMETRIC_REPRESENTATION_CONTEXT(2) 
PARAMETRIC_REPRESENTATION_CONTEXT() REPRESENTATION_CONTEXT('2D SPACE',''
  ) );
#11822 = ORIENTED_EDGE('',*,*,#11823,.F.);
#11823 = EDGE_CURVE('',#11824,#11796,#11826,.T.);
#11824 = VERTEX_POINT('',#11825);
#11825 = CARTESIAN_POINT('',(-15.,57.9,19.2));
#11826 = SURFACE_CURVE('',#11827,(#11831,#11838),.PCURVE_S1.);
#11827 = LINE('',#11828,#11829);
#11828 = CARTESIAN_POINT('',(-15.,57.9,19.2));
#11829 = VECTOR('',#11830,1.);
#11830 = DIRECTION('',(0.,-1.224646799147E-16,-1.));
#11831 = PCURVE('',#11179,#11832);
#11832 = DEFINITIONAL_REPRESENTATION('',(#11833),#11837);
#11833 = LINE('',#11834,#11835);
#11834 = CARTESIAN_POINT('',(79.951,-62.8));
#11835 = VECTOR('',#11836,1.);
#11836 = DIRECTION('',(0.,-1.));
#11837 = ( GEOMETRIC_REPRESENTATION_CONTEXT(2) 
PARAMETRIC_REPRESENTATION_CONTEXT() REPRESENTATION_CONTEXT('2D SPACE',''
  ) );
#11838 = PCURVE('',#611,#11839);
#11839 = DEFINITIONAL_REPRESENTATION('',(#11840),#11844);
#11840 = LINE('',#11841,#11842);
#11841 = CARTESIAN_POINT('',(2.9,-1.1));
#11842 = VECTOR('',#11843,1.);
#11843 = DIRECTION('',(1.,0.));
#11844 = ( GEOMETRIC_REPRESENTATION_CONTEXT(2) 
PARAMETRIC_REPRESENTATION_CONTEXT() REPRESENTATION_CONTEXT('2D SPACE',''
  ) );
#11845 = ORIENTED_EDGE('',*,*,#11846,.F.);
#11846 = EDGE_CURVE('',#11847,#11824,#11849,.T.);
#11847 = VERTEX_POINT('',#11848);
#11848 = CARTESIAN_POINT('',(-94.1,57.9,19.2));
#11849 = SURFACE_CURVE('',#11850,(#11854,#11861),.PCURVE_S1.);
#11850 = LINE('',#11851,#11852);
#11851 = CARTESIAN_POINT('',(-94.951,57.9,19.2));
#11852 = VECTOR('',#11853,1.);
#11853 = DIRECTION('',(1.,0.,0.));
#11854 = PCURVE('',#11179,#11855);
#11855 = DEFINITIONAL_REPRESENTATION('',(#11856),#11860);
#11856 = LINE('',#11857,#11858);
#11857 = CARTESIAN_POINT('',(0.,-62.8));
#11858 = VECTOR('',#11859,1.);
#11859 = DIRECTION('',(1.,0.));
#11860 = ( GEOMETRIC_REPRESENTATION_CONTEXT(2) 
PARAMETRIC_REPRESENTATION_CONTEXT() REPRESENTATION_CONTEXT('2D SPACE',''
  ) );
#11861 = PCURVE('',#583,#11862);
#11862 = DEFINITIONAL_REPRESENTATION('',(#11863),#11867);
#11863 = LINE('',#11864,#11865);
#11864 = CARTESIAN_POINT('',(1.131370849898,0.));
#11865 = VECTOR('',#11866,1.);
#11866 = DIRECTION('',(0.,-1.));
#11867 = ( GEOMETRIC_REPRESENTATION_CONTEXT(2) 
PARAMETRIC_REPRESENTATION_CONTEXT() REPRESENTATION_CONTEXT('2D SPACE',''
  ) );
#11868 = ORIENTED_EDGE('',*,*,#11869,.F.);
#11869 = EDGE_CURVE('',#11141,#11847,#11870,.T.);
#11870 = SURFACE_CURVE('',#11871,(#11875,#11882),.PCURVE_S1.);
#11871 = LINE('',#11872,#11873);
#11872 = CARTESIAN_POINT('',(-94.1,57.9,71.5));
#11873 = VECTOR('',#11874,1.);
#11874 = DIRECTION('',(0.,1.224646799147E-16,1.));
#11875 = PCURVE('',#11179,#11876);
#11876 = DEFINITIONAL_REPRESENTATION('',(#11877),#11881);
#11877 = LINE('',#11878,#11879);
#11878 = CARTESIAN_POINT('',(0.851,-10.5));
#11879 = VECTOR('',#11880,1.);
#11880 = DIRECTION('',(0.,1.));
#11881 = ( GEOMETRIC_REPRESENTATION_CONTEXT(2) 
PARAMETRIC_REPRESENTATION_CONTEXT() REPRESENTATION_CONTEXT('2D SPACE',''
  ) );
#11882 = PCURVE('',#555,#11883);
#11883 = DEFINITIONAL_REPRESENTATION('',(#11884),#11888);
#11884 = LINE('',#11885,#11886);
#11885 = CARTESIAN_POINT('',(-10.5,-2.1));
#11886 = VECTOR('',#11887,1.);
#11887 = DIRECTION('',(-1.,0.));
#11888 = ( GEOMETRIC_REPRESENTATION_CONTEXT(2) 
PARAMETRIC_REPRESENTATION_CONTEXT() REPRESENTATION_CONTEXT('2D SPACE',''
  ) );
#11889 = ADVANCED_FACE('',(#11890),#11811,.F.);
#11890 = FACE_BOUND('',#11891,.F.);
#11891 = EDGE_LOOP('',(#11892,#11915,#11943,#11964));
#11892 = ORIENTED_EDGE('',*,*,#11893,.F.);
#11893 = EDGE_CURVE('',#11894,#11796,#11896,.T.);
#11894 = VERTEX_POINT('',#11895);
#11895 = CARTESIAN_POINT('',(-15.,47.,19.1));
#11896 = SURFACE_CURVE('',#11897,(#11901,#11908),.PCURVE_S1.);
#11897 = LINE('',#11898,#11899);
#11898 = CARTESIAN_POINT('',(-15.,47.,19.1));
#11899 = VECTOR('',#11900,1.);
#11900 = DIRECTION('',(0.,0.707106781187,-0.707106781187));
#11901 = PCURVE('',#11811,#11902);
#11902 = DEFINITIONAL_REPRESENTATION('',(#11903),#11907);
#11903 = LINE('',#11904,#11905);
#11904 = CARTESIAN_POINT('',(0.,0.));
#11905 = VECTOR('',#11906,1.);
#11906 = DIRECTION('',(1.,0.));
#11907 = ( GEOMETRIC_REPRESENTATION_CONTEXT(2) 
PARAMETRIC_REPRESENTATION_CONTEXT() REPRESENTATION_CONTEXT('2D SPACE',''
  ) );
#11908 = PCURVE('',#611,#11909);
#11909 = DEFINITIONAL_REPRESENTATION('',(#11910),#11914);
#11910 = LINE('',#11911,#11912);
#11911 = CARTESIAN_POINT('',(3.,-12.));
#11912 = VECTOR('',#11913,1.);
#11913 = DIRECTION('',(0.707106781187,0.707106781187));
#11914 = ( GEOMETRIC_REPRESENTATION_CONTEXT(2) 
PARAMETRIC_REPRESENTATION_CONTEXT() REPRESENTATION_CONTEXT('2D SPACE',''
  ) );
#11915 = ORIENTED_EDGE('',*,*,#11916,.T.);
#11916 = EDGE_CURVE('',#11894,#11917,#11919,.T.);
#11917 = VERTEX_POINT('',#11918);
#11918 = CARTESIAN_POINT('',(15.,47.,19.1));
#11919 = SURFACE_CURVE('',#11920,(#11924,#11931),.PCURVE_S1.);
#11920 = LINE('',#11921,#11922);
#11921 = CARTESIAN_POINT('',(-15.,47.,19.1));
#11922 = VECTOR('',#11923,1.);
#11923 = DIRECTION('',(1.,0.,0.));
#11924 = PCURVE('',#11811,#11925);
#11925 = DEFINITIONAL_REPRESENTATION('',(#11926),#11930);
#11926 = LINE('',#11927,#11928);
#11927 = CARTESIAN_POINT('',(0.,0.));
#11928 = VECTOR('',#11929,1.);
#11929 = DIRECTION('',(0.,-1.));
#11930 = ( GEOMETRIC_REPRESENTATION_CONTEXT(2) 
PARAMETRIC_REPRESENTATION_CONTEXT() REPRESENTATION_CONTEXT('2D SPACE',''
  ) );
#11931 = PCURVE('',#11932,#11937);
#11932 = PLANE('',#11933);
#11933 = AXIS2_PLACEMENT_3D('',#11934,#11935,#11936);
#11934 = CARTESIAN_POINT('',(-15.,47.,22.1));
#11935 = DIRECTION('',(0.,-1.,1.224646799147E-16));
#11936 = DIRECTION('',(0.,-1.224646799147E-16,-1.));
#11937 = DEFINITIONAL_REPRESENTATION('',(#11938),#11942);
#11938 = LINE('',#11939,#11940);
#11939 = CARTESIAN_POINT('',(3.,0.));
#11940 = VECTOR('',#11941,1.);
#11941 = DIRECTION('',(0.,1.));
#11942 = ( GEOMETRIC_REPRESENTATION_CONTEXT(2) 
PARAMETRIC_REPRESENTATION_CONTEXT() REPRESENTATION_CONTEXT('2D SPACE',''
  ) );
#11943 = ORIENTED_EDGE('',*,*,#11944,.T.);
#11944 = EDGE_CURVE('',#11917,#11773,#11945,.T.);
#11945 = SURFACE_CURVE('',#11946,(#11950,#11957),.PCURVE_S1.);
#11946 = LINE('',#11947,#11948);
#11947 = CARTESIAN_POINT('',(15.,47.,19.1));
#11948 = VECTOR('',#11949,1.);
#11949 = DIRECTION('',(0.,0.707106781187,-0.707106781187));
#11950 = PCURVE('',#11811,#11951);
#11951 = DEFINITIONAL_REPRESENTATION('',(#11952),#11956);
#11952 = LINE('',#11953,#11954);
#11953 = CARTESIAN_POINT('',(0.,-30.));
#11954 = VECTOR('',#11955,1.);
#11955 = DIRECTION('',(1.,0.));
#11956 = ( GEOMETRIC_REPRESENTATION_CONTEXT(2) 
PARAMETRIC_REPRESENTATION_CONTEXT() REPRESENTATION_CONTEXT('2D SPACE',''
  ) );
#11957 = PCURVE('',#667,#11958);
#11958 = DEFINITIONAL_REPRESENTATION('',(#11959),#11963);
#11959 = LINE('',#11960,#11961);
#11960 = CARTESIAN_POINT('',(3.,-12.));
#11961 = VECTOR('',#11962,1.);
#11962 = DIRECTION('',(0.707106781187,0.707106781187));
#11963 = ( GEOMETRIC_REPRESENTATION_CONTEXT(2) 
PARAMETRIC_REPRESENTATION_CONTEXT() REPRESENTATION_CONTEXT('2D SPACE',''
  ) );
#11964 = ORIENTED_EDGE('',*,*,#11795,.T.);
#11965 = ADVANCED_FACE('',(#11966),#11932,.T.);
#11966 = FACE_BOUND('',#11967,.T.);
#11967 = EDGE_LOOP('',(#11968,#11993,#12014,#12015));
#11968 = ORIENTED_EDGE('',*,*,#11969,.F.);
#11969 = EDGE_CURVE('',#11970,#11972,#11974,.T.);
#11970 = VERTEX_POINT('',#11971);
#11971 = CARTESIAN_POINT('',(-15.,47.,22.1));
#11972 = VERTEX_POINT('',#11973);
#11973 = CARTESIAN_POINT('',(15.,47.,22.1));
#11974 = SURFACE_CURVE('',#11975,(#11979,#11986),.PCURVE_S1.);
#11975 = LINE('',#11976,#11977);
#11976 = CARTESIAN_POINT('',(-15.,47.,22.1));
#11977 = VECTOR('',#11978,1.);
#11978 = DIRECTION('',(1.,0.,0.));
#11979 = PCURVE('',#11932,#11980);
#11980 = DEFINITIONAL_REPRESENTATION('',(#11981),#11985);
#11981 = LINE('',#11982,#11983);
#11982 = CARTESIAN_POINT('',(0.,0.));
#11983 = VECTOR('',#11984,1.);
#11984 = DIRECTION('',(0.,1.));
#11985 = ( GEOMETRIC_REPRESENTATION_CONTEXT(2) 
PARAMETRIC_REPRESENTATION_CONTEXT() REPRESENTATION_CONTEXT('2D SPACE',''
  ) );
#11986 = PCURVE('',#639,#11987);
#11987 = DEFINITIONAL_REPRESENTATION('',(#11988),#11992);
#11988 = LINE('',#11989,#11990);
#11989 = CARTESIAN_POINT('',(0.,12.));
#11990 = VECTOR('',#11991,1.);
#11991 = DIRECTION('',(1.,0.));
#11992 = ( GEOMETRIC_REPRESENTATION_CONTEXT(2) 
PARAMETRIC_REPRESENTATION_CONTEXT() REPRESENTATION_CONTEXT('2D SPACE',''
  ) );
#11993 = ORIENTED_EDGE('',*,*,#11994,.T.);
#11994 = EDGE_CURVE('',#11970,#11894,#11995,.T.);
#11995 = SURFACE_CURVE('',#11996,(#12000,#12007),.PCURVE_S1.);
#11996 = LINE('',#11997,#11998);
#11997 = CARTESIAN_POINT('',(-15.,47.,22.1));
#11998 = VECTOR('',#11999,1.);
#11999 = DIRECTION('',(0.,-1.224646799147E-16,-1.));
#12000 = PCURVE('',#11932,#12001);
#12001 = DEFINITIONAL_REPRESENTATION('',(#12002),#12006);
#12002 = LINE('',#12003,#12004);
#12003 = CARTESIAN_POINT('',(0.,0.));
#12004 = VECTOR('',#12005,1.);
#12005 = DIRECTION('',(1.,0.));
#12006 = ( GEOMETRIC_REPRESENTATION_CONTEXT(2) 
PARAMETRIC_REPRESENTATION_CONTEXT() REPRESENTATION_CONTEXT('2D SPACE',''
  ) );
#12007 = PCURVE('',#611,#12008);
#12008 = DEFINITIONAL_REPRESENTATION('',(#12009),#12013);
#12009 = LINE('',#12010,#12011);
#12010 = CARTESIAN_POINT('',(1.469576158977E-15,-12.));
#12011 = VECTOR('',#12012,1.);
#12012 = DIRECTION('',(1.,0.));
#12013 = ( GEOMETRIC_REPRESENTATION_CONTEXT(2) 
PARAMETRIC_REPRESENTATION_CONTEXT() REPRESENTATION_CONTEXT('2D SPACE',''
  ) );
#12014 = ORIENTED_EDGE('',*,*,#11916,.T.);
#12015 = ORIENTED_EDGE('',*,*,#12016,.F.);
#12016 = EDGE_CURVE('',#11972,#11917,#12017,.T.);
#12017 = SURFACE_CURVE('',#12018,(#12022,#12029),.PCURVE_S1.);
#12018 = LINE('',#12019,#12020);
#12019 = CARTESIAN_POINT('',(15.,47.,22.1));
#12020 = VECTOR('',#12021,1.);
#12021 = DIRECTION('',(0.,-1.224646799147E-16,-1.));
#12022 = PCURVE('',#11932,#12023);
#12023 = DEFINITIONAL_REPRESENTATION('',(#12024),#12028);
#12024 = LINE('',#12025,#12026);
#12025 = CARTESIAN_POINT('',(0.,30.));
#12026 = VECTOR('',#12027,1.);
#12027 = DIRECTION('',(1.,0.));
#12028 = ( GEOMETRIC_REPRESENTATION_CONTEXT(2) 
PARAMETRIC_REPRESENTATION_CONTEXT() REPRESENTATION_CONTEXT('2D SPACE',''
  ) );
#12029 = PCURVE('',#667,#12030);
#12030 = DEFINITIONAL_REPRESENTATION('',(#12031),#12035);
#12031 = LINE('',#12032,#12033);
#12032 = CARTESIAN_POINT('',(1.469576158977E-15,-12.));
#12033 = VECTOR('',#12034,1.);
#12034 = DIRECTION('',(1.,0.));
#12035 = ( GEOMETRIC_REPRESENTATION_CONTEXT(2) 
PARAMETRIC_REPRESENTATION_CONTEXT() REPRESENTATION_CONTEXT('2D SPACE',''
  ) );
#12036 = ADVANCED_FACE('',(#12037),#1073,.F.);
#12037 = FACE_BOUND('',#12038,.F.);
#12038 = EDGE_LOOP('',(#12039,#12040,#12041,#12062));
#12039 = ORIENTED_EDGE('',*,*,#1301,.F.);
#12040 = ORIENTED_EDGE('',*,*,#1397,.F.);
#12041 = ORIENTED_EDGE('',*,*,#12042,.F.);
#12042 = EDGE_CURVE('',#983,#1398,#12043,.T.);
#12043 = SURFACE_CURVE('',#12044,(#12048,#12055),.PCURVE_S1.);
#12044 = LINE('',#12045,#12046);
#12045 = CARTESIAN_POINT('',(-110.,56.2,66.5));
#12046 = VECTOR('',#12047,1.);
#12047 = DIRECTION('',(-1.,0.,-0.));
#12048 = PCURVE('',#1073,#12049);
#12049 = DEFINITIONAL_REPRESENTATION('',(#12050),#12054);
#12050 = LINE('',#12051,#12052);
#12051 = CARTESIAN_POINT('',(8.,0.));
#12052 = VECTOR('',#12053,1.);
#12053 = DIRECTION('',(-0.,-1.));
#12054 = ( GEOMETRIC_REPRESENTATION_CONTEXT(2) 
PARAMETRIC_REPRESENTATION_CONTEXT() REPRESENTATION_CONTEXT('2D SPACE',''
  ) );
#12055 = PCURVE('',#471,#12056);
#12056 = DEFINITIONAL_REPRESENTATION('',(#12057),#12061);
#12057 = LINE('',#12058,#12059);
#12058 = CARTESIAN_POINT('',(0.,8.8));
#12059 = VECTOR('',#12060,1.);
#12060 = DIRECTION('',(-1.,0.));
#12061 = ( GEOMETRIC_REPRESENTATION_CONTEXT(2) 
PARAMETRIC_REPRESENTATION_CONTEXT() REPRESENTATION_CONTEXT('2D SPACE',''
  ) );
#12062 = ORIENTED_EDGE('',*,*,#1057,.F.);
#12063 = ADVANCED_FACE('',(#12064),#527,.F.);
#12064 = FACE_BOUND('',#12065,.F.);
#12065 = EDGE_LOOP('',(#12066,#12067,#12088,#12089));
#12066 = ORIENTED_EDGE('',*,*,#511,.T.);
#12067 = ORIENTED_EDGE('',*,*,#12068,.T.);
#12068 = EDGE_CURVE('',#512,#1170,#12069,.T.);
#12069 = SURFACE_CURVE('',#12070,(#12074,#12081),.PCURVE_S1.);
#12070 = LINE('',#12071,#12072);
#12071 = CARTESIAN_POINT('',(-94.1,60.,61.));
#12072 = VECTOR('',#12073,1.);
#12073 = DIRECTION('',(0.,-1.,1.224646799147E-16));
#12074 = PCURVE('',#527,#12075);
#12075 = DEFINITIONAL_REPRESENTATION('',(#12076),#12080);
#12076 = LINE('',#12077,#12078);
#12077 = CARTESIAN_POINT('',(4.4,0.));
#12078 = VECTOR('',#12079,1.);
#12079 = DIRECTION('',(0.,1.));
#12080 = ( GEOMETRIC_REPRESENTATION_CONTEXT(2) 
PARAMETRIC_REPRESENTATION_CONTEXT() REPRESENTATION_CONTEXT('2D SPACE',''
  ) );
#12081 = PCURVE('',#555,#12082);
#12082 = DEFINITIONAL_REPRESENTATION('',(#12083),#12087);
#12083 = LINE('',#12084,#12085);
#12084 = CARTESIAN_POINT('',(0.,0.));
#12085 = VECTOR('',#12086,1.);
#12086 = DIRECTION('',(0.,-1.));
#12087 = ( GEOMETRIC_REPRESENTATION_CONTEXT(2) 
PARAMETRIC_REPRESENTATION_CONTEXT() REPRESENTATION_CONTEXT('2D SPACE',''
  ) );
#12088 = ORIENTED_EDGE('',*,*,#1192,.T.);
#12089 = ORIENTED_EDGE('',*,*,#1033,.T.);
#12090 = ADVANCED_FACE('',(#12091),#555,.T.);
#12091 = FACE_BOUND('',#12092,.T.);
#12092 = EDGE_LOOP('',(#12093,#12094,#12095,#12116,#12117,#12118));
#12093 = ORIENTED_EDGE('',*,*,#11140,.F.);
#12094 = ORIENTED_EDGE('',*,*,#11869,.T.);
#12095 = ORIENTED_EDGE('',*,*,#12096,.F.);
#12096 = EDGE_CURVE('',#540,#11847,#12097,.T.);
#12097 = SURFACE_CURVE('',#12098,(#12102,#12109),.PCURVE_S1.);
#12098 = LINE('',#12099,#12100);
#12099 = CARTESIAN_POINT('',(-94.1,47.575,29.525));
#12100 = VECTOR('',#12101,1.);
#12101 = DIRECTION('',(0.,0.707106781187,-0.707106781187));
#12102 = PCURVE('',#555,#12103);
#12103 = DEFINITIONAL_REPRESENTATION('',(#12104),#12108);
#12104 = LINE('',#12105,#12106);
#12105 = CARTESIAN_POINT('',(31.475,-12.425));
#12106 = VECTOR('',#12107,1.);
#12107 = DIRECTION('',(0.707106781187,0.707106781187));
#12108 = ( GEOMETRIC_REPRESENTATION_CONTEXT(2) 
PARAMETRIC_REPRESENTATION_CONTEXT() REPRESENTATION_CONTEXT('2D SPACE',''
  ) );
#12109 = PCURVE('',#583,#12110);
#12110 = DEFINITIONAL_REPRESENTATION('',(#12111),#12115);
#12111 = LINE('',#12112,#12113);
#12112 = CARTESIAN_POINT('',(-13.4703841816,-0.851));
#12113 = VECTOR('',#12114,1.);
#12114 = DIRECTION('',(1.,0.));
#12115 = ( GEOMETRIC_REPRESENTATION_CONTEXT(2) 
PARAMETRIC_REPRESENTATION_CONTEXT() REPRESENTATION_CONTEXT('2D SPACE',''
  ) );
#12116 = ORIENTED_EDGE('',*,*,#539,.T.);
#12117 = ORIENTED_EDGE('',*,*,#12068,.T.);
#12118 = ORIENTED_EDGE('',*,*,#1169,.T.);
#12119 = ADVANCED_FACE('',(#12120),#583,.F.);
#12120 = FACE_BOUND('',#12121,.F.);
#12121 = EDGE_LOOP('',(#12122,#12123,#12124,#12145));
#12122 = ORIENTED_EDGE('',*,*,#12096,.F.);
#12123 = ORIENTED_EDGE('',*,*,#567,.T.);
#12124 = ORIENTED_EDGE('',*,*,#12125,.T.);
#12125 = EDGE_CURVE('',#568,#11824,#12126,.T.);
#12126 = SURFACE_CURVE('',#12127,(#12131,#12138),.PCURVE_S1.);
#12127 = LINE('',#12128,#12129);
#12128 = CARTESIAN_POINT('',(-15.,57.05,20.05));
#12129 = VECTOR('',#12130,1.);
#12130 = DIRECTION('',(0.,0.707106781187,-0.707106781187));
#12131 = PCURVE('',#583,#12132);
#12132 = DEFINITIONAL_REPRESENTATION('',(#12133),#12137);
#12133 = LINE('',#12134,#12135);
#12134 = CARTESIAN_POINT('',(-7.071067811865E-02,-79.951));
#12135 = VECTOR('',#12136,1.);
#12136 = DIRECTION('',(1.,0.));
#12137 = ( GEOMETRIC_REPRESENTATION_CONTEXT(2) 
PARAMETRIC_REPRESENTATION_CONTEXT() REPRESENTATION_CONTEXT('2D SPACE',''
  ) );
#12138 = PCURVE('',#611,#12139);
#12139 = DEFINITIONAL_REPRESENTATION('',(#12140),#12144);
#12140 = LINE('',#12141,#12142);
#12141 = CARTESIAN_POINT('',(2.05,-1.95));
#12142 = VECTOR('',#12143,1.);
#12143 = DIRECTION('',(0.707106781187,0.707106781187));
#12144 = ( GEOMETRIC_REPRESENTATION_CONTEXT(2) 
PARAMETRIC_REPRESENTATION_CONTEXT() REPRESENTATION_CONTEXT('2D SPACE',''
  ) );
#12145 = ORIENTED_EDGE('',*,*,#11846,.F.);
#12146 = ADVANCED_FACE('',(#12147),#611,.F.);
#12147 = FACE_BOUND('',#12148,.F.);
#12148 = EDGE_LOOP('',(#12149,#12150,#12171,#12172,#12173,#12174));
#12149 = ORIENTED_EDGE('',*,*,#595,.T.);
#12150 = ORIENTED_EDGE('',*,*,#12151,.T.);
#12151 = EDGE_CURVE('',#596,#11970,#12152,.T.);
#12152 = SURFACE_CURVE('',#12153,(#12157,#12164),.PCURVE_S1.);
#12153 = LINE('',#12154,#12155);
#12154 = CARTESIAN_POINT('',(-15.,59.,22.1));
#12155 = VECTOR('',#12156,1.);
#12156 = DIRECTION('',(0.,-1.,1.224646799147E-16));
#12157 = PCURVE('',#611,#12158);
#12158 = DEFINITIONAL_REPRESENTATION('',(#12159),#12163);
#12159 = LINE('',#12160,#12161);
#12160 = CARTESIAN_POINT('',(0.,0.));
#12161 = VECTOR('',#12162,1.);
#12162 = DIRECTION('',(0.,-1.));
#12163 = ( GEOMETRIC_REPRESENTATION_CONTEXT(2) 
PARAMETRIC_REPRESENTATION_CONTEXT() REPRESENTATION_CONTEXT('2D SPACE',''
  ) );
#12164 = PCURVE('',#639,#12165);
#12165 = DEFINITIONAL_REPRESENTATION('',(#12166),#12170);
#12166 = LINE('',#12167,#12168);
#12167 = CARTESIAN_POINT('',(0.,0.));
#12168 = VECTOR('',#12169,1.);
#12169 = DIRECTION('',(0.,1.));
#12170 = ( GEOMETRIC_REPRESENTATION_CONTEXT(2) 
PARAMETRIC_REPRESENTATION_CONTEXT() REPRESENTATION_CONTEXT('2D SPACE',''
  ) );
#12171 = ORIENTED_EDGE('',*,*,#11994,.T.);
#12172 = ORIENTED_EDGE('',*,*,#11893,.T.);
#12173 = ORIENTED_EDGE('',*,*,#11823,.F.);
#12174 = ORIENTED_EDGE('',*,*,#12125,.F.);
#12175 = ADVANCED_FACE('',(#12176),#639,.F.);
#12176 = FACE_BOUND('',#12177,.F.);
#12177 = EDGE_LOOP('',(#12178,#12179,#12180,#12201));
#12178 = ORIENTED_EDGE('',*,*,#12151,.F.);
#12179 = ORIENTED_EDGE('',*,*,#623,.T.);
#12180 = ORIENTED_EDGE('',*,*,#12181,.T.);
#12181 = EDGE_CURVE('',#624,#11972,#12182,.T.);
#12182 = SURFACE_CURVE('',#12183,(#12187,#12194),.PCURVE_S1.);
#12183 = LINE('',#12184,#12185);
#12184 = CARTESIAN_POINT('',(15.,59.,22.1));
#12185 = VECTOR('',#12186,1.);
#12186 = DIRECTION('',(0.,-1.,1.224646799147E-16));
#12187 = PCURVE('',#639,#12188);
#12188 = DEFINITIONAL_REPRESENTATION('',(#12189),#12193);
#12189 = LINE('',#12190,#12191);
#12190 = CARTESIAN_POINT('',(30.,0.));
#12191 = VECTOR('',#12192,1.);
#12192 = DIRECTION('',(0.,1.));
#12193 = ( GEOMETRIC_REPRESENTATION_CONTEXT(2) 
PARAMETRIC_REPRESENTATION_CONTEXT() REPRESENTATION_CONTEXT('2D SPACE',''
  ) );
#12194 = PCURVE('',#667,#12195);
#12195 = DEFINITIONAL_REPRESENTATION('',(#12196),#12200);
#12196 = LINE('',#12197,#12198);
#12197 = CARTESIAN_POINT('',(0.,0.));
#12198 = VECTOR('',#12199,1.);
#12199 = DIRECTION('',(0.,-1.));
#12200 = ( GEOMETRIC_REPRESENTATION_CONTEXT(2) 
PARAMETRIC_REPRESENTATION_CONTEXT() REPRESENTATION_CONTEXT('2D SPACE',''
  ) );
#12201 = ORIENTED_EDGE('',*,*,#11969,.F.);
#12202 = ADVANCED_FACE('',(#12203),#667,.T.);
#12203 = FACE_BOUND('',#12204,.T.);
#12204 = EDGE_LOOP('',(#12205,#12206,#12207,#12208,#12209,#12210));
#12205 = ORIENTED_EDGE('',*,*,#651,.T.);
#12206 = ORIENTED_EDGE('',*,*,#12181,.T.);
#12207 = ORIENTED_EDGE('',*,*,#12016,.T.);
#12208 = ORIENTED_EDGE('',*,*,#11944,.T.);
#12209 = ORIENTED_EDGE('',*,*,#11772,.T.);
#12210 = ORIENTED_EDGE('',*,*,#12211,.F.);
#12211 = EDGE_CURVE('',#652,#11750,#12212,.T.);
#12212 = SURFACE_CURVE('',#12213,(#12217,#12224),.PCURVE_S1.);
#12213 = LINE('',#12214,#12215);
#12214 = CARTESIAN_POINT('',(15.,57.05,20.05));
#12215 = VECTOR('',#12216,1.);
#12216 = DIRECTION('',(0.,0.707106781187,-0.707106781187));
#12217 = PCURVE('',#667,#12218);
#12218 = DEFINITIONAL_REPRESENTATION('',(#12219),#12223);
#12219 = LINE('',#12220,#12221);
#12220 = CARTESIAN_POINT('',(2.05,-1.95));
#12221 = VECTOR('',#12222,1.);
#12222 = DIRECTION('',(0.707106781187,0.707106781187));
#12223 = ( GEOMETRIC_REPRESENTATION_CONTEXT(2) 
PARAMETRIC_REPRESENTATION_CONTEXT() REPRESENTATION_CONTEXT('2D SPACE',''
  ) );
#12224 = PCURVE('',#695,#12225);
#12225 = DEFINITIONAL_REPRESENTATION('',(#12226),#12230);
#12226 = LINE('',#12227,#12228);
#12227 = CARTESIAN_POINT('',(-7.071067811865E-02,-109.951));
#12228 = VECTOR('',#12229,1.);
#12229 = DIRECTION('',(1.,0.));
#12230 = ( GEOMETRIC_REPRESENTATION_CONTEXT(2) 
PARAMETRIC_REPRESENTATION_CONTEXT() REPRESENTATION_CONTEXT('2D SPACE',''
  ) );
#12231 = ADVANCED_FACE('',(#12232),#695,.F.);
#12232 = FACE_BOUND('',#12233,.F.);
#12233 = EDGE_LOOP('',(#12234,#12235,#12236,#12257));
#12234 = ORIENTED_EDGE('',*,*,#12211,.F.);
#12235 = ORIENTED_EDGE('',*,*,#679,.T.);
#12236 = ORIENTED_EDGE('',*,*,#12237,.T.);
#12237 = EDGE_CURVE('',#680,#11727,#12238,.T.);
#12238 = SURFACE_CURVE('',#12239,(#12243,#12250),.PCURVE_S1.);
#12239 = LINE('',#12240,#12241);
#12240 = CARTESIAN_POINT('',(94.1,47.575,29.525));
#12241 = VECTOR('',#12242,1.);
#12242 = DIRECTION('',(0.,0.707106781187,-0.707106781187));
#12243 = PCURVE('',#695,#12244);
#12244 = DEFINITIONAL_REPRESENTATION('',(#12245),#12249);
#12245 = LINE('',#12246,#12247);
#12246 = CARTESIAN_POINT('',(-13.4703841816,-189.051));
#12247 = VECTOR('',#12248,1.);
#12248 = DIRECTION('',(1.,0.));
#12249 = ( GEOMETRIC_REPRESENTATION_CONTEXT(2) 
PARAMETRIC_REPRESENTATION_CONTEXT() REPRESENTATION_CONTEXT('2D SPACE',''
  ) );
#12250 = PCURVE('',#723,#12251);
#12251 = DEFINITIONAL_REPRESENTATION('',(#12252),#12256);
#12252 = LINE('',#12253,#12254);
#12253 = CARTESIAN_POINT('',(31.475,-12.425));
#12254 = VECTOR('',#12255,1.);
#12255 = DIRECTION('',(0.707106781187,0.707106781187));
#12256 = ( GEOMETRIC_REPRESENTATION_CONTEXT(2) 
PARAMETRIC_REPRESENTATION_CONTEXT() REPRESENTATION_CONTEXT('2D SPACE',''
  ) );
#12257 = ORIENTED_EDGE('',*,*,#11749,.F.);
#12258 = ADVANCED_FACE('',(#12259),#723,.F.);
#12259 = FACE_BOUND('',#12260,.F.);
#12260 = EDGE_LOOP('',(#12261,#12262,#12263,#12264,#12265,#12286));
#12261 = ORIENTED_EDGE('',*,*,#11191,.F.);
#12262 = ORIENTED_EDGE('',*,*,#11726,.T.);
#12263 = ORIENTED_EDGE('',*,*,#12237,.F.);
#12264 = ORIENTED_EDGE('',*,*,#707,.T.);
#12265 = ORIENTED_EDGE('',*,*,#12266,.T.);
#12266 = EDGE_CURVE('',#708,#10539,#12267,.T.);
#12267 = SURFACE_CURVE('',#12268,(#12272,#12279),.PCURVE_S1.);
#12268 = LINE('',#12269,#12270);
#12269 = CARTESIAN_POINT('',(94.1,60.,61.));
#12270 = VECTOR('',#12271,1.);
#12271 = DIRECTION('',(0.,-1.,1.224646799147E-16));
#12272 = PCURVE('',#723,#12273);
#12273 = DEFINITIONAL_REPRESENTATION('',(#12274),#12278);
#12274 = LINE('',#12275,#12276);
#12275 = CARTESIAN_POINT('',(0.,0.));
#12276 = VECTOR('',#12277,1.);
#12277 = DIRECTION('',(0.,-1.));
#12278 = ( GEOMETRIC_REPRESENTATION_CONTEXT(2) 
PARAMETRIC_REPRESENTATION_CONTEXT() REPRESENTATION_CONTEXT('2D SPACE',''
  ) );
#12279 = PCURVE('',#751,#12280);
#12280 = DEFINITIONAL_REPRESENTATION('',(#12281),#12285);
#12281 = LINE('',#12282,#12283);
#12282 = CARTESIAN_POINT('',(0.,0.));
#12283 = VECTOR('',#12284,1.);
#12284 = DIRECTION('',(0.,1.));
#12285 = ( GEOMETRIC_REPRESENTATION_CONTEXT(2) 
PARAMETRIC_REPRESENTATION_CONTEXT() REPRESENTATION_CONTEXT('2D SPACE',''
  ) );
#12286 = ORIENTED_EDGE('',*,*,#10561,.T.);
#12287 = ADVANCED_FACE('',(#12288),#751,.F.);
#12288 = FACE_BOUND('',#12289,.F.);
#12289 = EDGE_LOOP('',(#12290,#12291,#12292,#12313));
#12290 = ORIENTED_EDGE('',*,*,#12266,.F.);
#12291 = ORIENTED_EDGE('',*,*,#735,.T.);
#12292 = ORIENTED_EDGE('',*,*,#12293,.T.);
#12293 = EDGE_CURVE('',#736,#10516,#12294,.T.);
#12294 = SURFACE_CURVE('',#12295,(#12299,#12306),.PCURVE_S1.);
#12295 = LINE('',#12296,#12297);
#12296 = CARTESIAN_POINT('',(94.951,58.95,61.));
#12297 = VECTOR('',#12298,1.);
#12298 = DIRECTION('',(0.,-1.,1.224646799147E-16));
#12299 = PCURVE('',#751,#12300);
#12300 = DEFINITIONAL_REPRESENTATION('',(#12301),#12305);
#12301 = LINE('',#12302,#12303);
#12302 = CARTESIAN_POINT('',(0.851,1.05));
#12303 = VECTOR('',#12304,1.);
#12304 = DIRECTION('',(0.,1.));
#12305 = ( GEOMETRIC_REPRESENTATION_CONTEXT(2) 
PARAMETRIC_REPRESENTATION_CONTEXT() REPRESENTATION_CONTEXT('2D SPACE',''
  ) );
#12306 = PCURVE('',#779,#12307);
#12307 = DEFINITIONAL_REPRESENTATION('',(#12308),#12312);
#12308 = LINE('',#12309,#12310);
#12309 = CARTESIAN_POINT('',(-1.05,-21.));
#12310 = VECTOR('',#12311,1.);
#12311 = DIRECTION('',(1.,0.));
#12312 = ( GEOMETRIC_REPRESENTATION_CONTEXT(2) 
PARAMETRIC_REPRESENTATION_CONTEXT() REPRESENTATION_CONTEXT('2D SPACE',''
  ) );
#12313 = ORIENTED_EDGE('',*,*,#10538,.T.);
#12314 = ADVANCED_FACE('',(#12315),#779,.T.);
#12315 = FACE_BOUND('',#12316,.T.);
#12316 = EDGE_LOOP('',(#12317,#12318,#12319,#12340));
#12317 = ORIENTED_EDGE('',*,*,#12293,.T.);
#12318 = ORIENTED_EDGE('',*,*,#10515,.T.);
#12319 = ORIENTED_EDGE('',*,*,#12320,.T.);
#12320 = EDGE_CURVE('',#10445,#764,#12321,.T.);
#12321 = SURFACE_CURVE('',#12322,(#12326,#12333),.PCURVE_S1.);
#12322 = LINE('',#12323,#12324);
#12323 = CARTESIAN_POINT('',(94.951,61.45,66.5));
#12324 = VECTOR('',#12325,1.);
#12325 = DIRECTION('',(0.,1.,-1.224646799147E-16));
#12326 = PCURVE('',#779,#12327);
#12327 = DEFINITIONAL_REPRESENTATION('',(#12328),#12332);
#12328 = LINE('',#12329,#12330);
#12329 = CARTESIAN_POINT('',(-3.55,-15.5));
#12330 = VECTOR('',#12331,1.);
#12331 = DIRECTION('',(-1.,0.));
#12332 = ( GEOMETRIC_REPRESENTATION_CONTEXT(2) 
PARAMETRIC_REPRESENTATION_CONTEXT() REPRESENTATION_CONTEXT('2D SPACE',''
  ) );
#12333 = PCURVE('',#807,#12334);
#12334 = DEFINITIONAL_REPRESENTATION('',(#12335),#12339);
#12335 = LINE('',#12336,#12337);
#12336 = CARTESIAN_POINT('',(204.951,3.55));
#12337 = VECTOR('',#12338,1.);
#12338 = DIRECTION('',(0.,-1.));
#12339 = ( GEOMETRIC_REPRESENTATION_CONTEXT(2) 
PARAMETRIC_REPRESENTATION_CONTEXT() REPRESENTATION_CONTEXT('2D SPACE',''
  ) );
#12340 = ORIENTED_EDGE('',*,*,#763,.F.);
#12341 = ADVANCED_FACE('',(#12342),#807,.F.);
#12342 = FACE_BOUND('',#12343,.F.);
#12343 = EDGE_LOOP('',(#12344,#12367,#12391,#12419,#12442,#12443,#12444,
    #12445,#12446,#12447,#12448,#12449,#12450,#12451,#12452,#12453,
    #12454,#12455,#12456));
#12344 = ORIENTED_EDGE('',*,*,#12345,.F.);
#12345 = EDGE_CURVE('',#12346,#792,#12348,.T.);
#12346 = VERTEX_POINT('',#12347);
#12347 = CARTESIAN_POINT('',(92.09486210966,59.839414190561,66.5));
#12348 = SURFACE_CURVE('',#12349,(#12353,#12360),.PCURVE_S1.);
#12349 = LINE('',#12350,#12351);
#12350 = CARTESIAN_POINT('',(92.09486210966,59.839414190561,66.5));
#12351 = VECTOR('',#12352,1.);
#12352 = DIRECTION('',(-5.187552420575E-15,-1.,1.224646799147E-16));
#12353 = PCURVE('',#807,#12354);
#12354 = DEFINITIONAL_REPRESENTATION('',(#12355),#12359);
#12355 = LINE('',#12356,#12357);
#12356 = CARTESIAN_POINT('',(202.09486210966,5.160585809439));
#12357 = VECTOR('',#12358,1.);
#12358 = DIRECTION('',(-5.187552420575E-15,1.));
#12359 = ( GEOMETRIC_REPRESENTATION_CONTEXT(2) 
PARAMETRIC_REPRESENTATION_CONTEXT() REPRESENTATION_CONTEXT('2D SPACE',''
  ) );
#12360 = PCURVE('',#836,#12361);
#12361 = DEFINITIONAL_REPRESENTATION('',(#12362),#12366);
#12362 = LINE('',#12363,#12364);
#12363 = CARTESIAN_POINT('',(-6.080457233651,-4.839414190561));
#12364 = VECTOR('',#12365,1.);
#12365 = DIRECTION('',(-0.,1.));
#12366 = ( GEOMETRIC_REPRESENTATION_CONTEXT(2) 
PARAMETRIC_REPRESENTATION_CONTEXT() REPRESENTATION_CONTEXT('2D SPACE',''
  ) );
#12367 = ORIENTED_EDGE('',*,*,#12368,.T.);
#12368 = EDGE_CURVE('',#12346,#12369,#12371,.T.);
#12369 = VERTEX_POINT('',#12370);
#12370 = CARTESIAN_POINT('',(92.328605414507,59.788209180424,66.5));
#12371 = SURFACE_CURVE('',#12372,(#12377,#12384),.PCURVE_S1.);
#12372 = CIRCLE('',#12373,8.);
#12373 = AXIS2_PLACEMENT_3D('',#12374,#12375,#12376);
#12374 = CARTESIAN_POINT('',(90.5,52.,66.5));
#12375 = DIRECTION('',(-1.268989475159E-33,-1.224646799147E-16,-1.));
#12376 = DIRECTION('',(0.199357763708,0.97992677382,-1.200064186958E-16)
  );
#12377 = PCURVE('',#807,#12378);
#12378 = DEFINITIONAL_REPRESENTATION('',(#12379),#12383);
#12379 = CIRCLE('',#12380,8.);
#12380 = AXIS2_PLACEMENT_2D('',#12381,#12382);
#12381 = CARTESIAN_POINT('',(200.5,13.));
#12382 = DIRECTION('',(0.199357763708,-0.97992677382));
#12383 = ( GEOMETRIC_REPRESENTATION_CONTEXT(2) 
PARAMETRIC_REPRESENTATION_CONTEXT() REPRESENTATION_CONTEXT('2D SPACE',''
  ) );
#12384 = PCURVE('',#307,#12385);
#12385 = DEFINITIONAL_REPRESENTATION('',(#12386),#12390);
#12386 = LINE('',#12387,#12388);
#12387 = CARTESIAN_POINT('',(0.200702484918,15.5));
#12388 = VECTOR('',#12389,1.);
#12389 = DIRECTION('',(1.,0.));
#12390 = ( GEOMETRIC_REPRESENTATION_CONTEXT(2) 
PARAMETRIC_REPRESENTATION_CONTEXT() REPRESENTATION_CONTEXT('2D SPACE',''
  ) );
#12391 = ORIENTED_EDGE('',*,*,#12392,.F.);
#12392 = EDGE_CURVE('',#12393,#12369,#12395,.T.);
#12393 = VERTEX_POINT('',#12394);
#12394 = CARTESIAN_POINT('',(92.328605414507,59.839414190561,66.5));
#12395 = SURFACE_CURVE('',#12396,(#12399,#12405),.PCURVE_S1.);
#12396 = B_SPLINE_CURVE_WITH_KNOTS('',1,(#12397,#12398),.UNSPECIFIED.,
  .F.,.F.,(2,2),(0.,2.739414190561),.PIECEWISE_BEZIER_KNOTS.);
#12397 = CARTESIAN_POINT('',(92.328605414507,59.839414190561,66.5));
#12398 = CARTESIAN_POINT('',(92.328605414507,57.1,66.5));
#12399 = PCURVE('',#807,#12400);
#12400 = DEFINITIONAL_REPRESENTATION('',(#12401),#12404);
#12401 = B_SPLINE_CURVE_WITH_KNOTS('',1,(#12402,#12403),.UNSPECIFIED.,
  .F.,.F.,(2,2),(0.,2.739414190561),.PIECEWISE_BEZIER_KNOTS.);
#12402 = CARTESIAN_POINT('',(202.3286054145,5.160585809439));
#12403 = CARTESIAN_POINT('',(202.3286054145,7.9));
#12404 = ( GEOMETRIC_REPRESENTATION_CONTEXT(2) 
PARAMETRIC_REPRESENTATION_CONTEXT() REPRESENTATION_CONTEXT('2D SPACE',''
  ) );
#12405 = PCURVE('',#12406,#12413);
#12406 = ( BOUNDED_SURFACE() B_SPLINE_SURFACE(2,1,(
    (#12407,#12408)
    ,(#12409,#12410)
    ,(#12411,#12412
)),.UNSPECIFIED.,.F.,.F.,.F.) B_SPLINE_SURFACE_WITH_KNOTS((3,3),(2,2),(
    6.080457233651,6.28318530718),(-4.839414190561,-2.1),
.PIECEWISE_BEZIER_KNOTS.) GEOMETRIC_REPRESENTATION_ITEM() 
RATIONAL_B_SPLINE_SURFACE((
    (1.,1.)
    ,(0.994867063219,0.994867063219)
,(1.,1.))) REPRESENTATION_ITEM('') SURFACE() );
#12407 = CARTESIAN_POINT('',(92.328605414507,59.839414190561,66.5));
#12408 = CARTESIAN_POINT('',(92.328605414507,57.1,66.5));
#12409 = CARTESIAN_POINT('',(92.634517766497,59.839414190561,
    65.015518188687));
#12410 = CARTESIAN_POINT('',(92.634517766497,57.1,65.015518188687));
#12411 = CARTESIAN_POINT('',(92.634517766497,59.839414190561,63.5));
#12412 = CARTESIAN_POINT('',(92.634517766497,57.1,63.5));
#12413 = DEFINITIONAL_REPRESENTATION('',(#12414),#12418);
#12414 = B_SPLINE_CURVE_WITH_KNOTS('',2,(#12415,#12416,#12417),
  .UNSPECIFIED.,.F.,.F.,(3,3),(0.,2.739414190561),
  .PIECEWISE_BEZIER_KNOTS.);
#12415 = CARTESIAN_POINT('',(6.080457233651,-4.839414190561));
#12416 = CARTESIAN_POINT('',(6.080457233651,-3.469707095281));
#12417 = CARTESIAN_POINT('',(6.080457233651,-2.1));
#12418 = ( GEOMETRIC_REPRESENTATION_CONTEXT(2) 
PARAMETRIC_REPRESENTATION_CONTEXT() REPRESENTATION_CONTEXT('2D SPACE',''
  ) );
#12419 = ORIENTED_EDGE('',*,*,#12420,.T.);
#12420 = EDGE_CURVE('',#12393,#9075,#12421,.T.);
#12421 = SURFACE_CURVE('',#12422,(#12426,#12433),.PCURVE_S1.);
#12422 = ( BOUNDED_CURVE() B_SPLINE_CURVE(2,(#12423,#12424,#12425),
.UNSPECIFIED.,.F.,.F.) B_SPLINE_CURVE_WITH_KNOTS((3,3),(0.,
1.370093841877),.PIECEWISE_BEZIER_KNOTS.) CURVE() 
GEOMETRIC_REPRESENTATION_ITEM() RATIONAL_B_SPLINE_CURVE((1.,
0.774389360628,1.)) REPRESENTATION_ITEM('') );
#12423 = CARTESIAN_POINT('',(92.328605414507,59.839414190561,66.5));
#12424 = CARTESIAN_POINT('',(98.75,58.536343389588,66.5));
#12425 = CARTESIAN_POINT('',(98.75,52.,66.5));
#12426 = PCURVE('',#807,#12427);
#12427 = DEFINITIONAL_REPRESENTATION('',(#12428),#12432);
#12428 = ( BOUNDED_CURVE() B_SPLINE_CURVE(2,(#12429,#12430,#12431),
.UNSPECIFIED.,.F.,.F.) B_SPLINE_CURVE_WITH_KNOTS((3,3),(0.,
1.370093841877),.PIECEWISE_BEZIER_KNOTS.) CURVE() 
GEOMETRIC_REPRESENTATION_ITEM() RATIONAL_B_SPLINE_CURVE((1.,
0.774389360628,1.)) REPRESENTATION_ITEM('') );
#12429 = CARTESIAN_POINT('',(202.3286054145,5.160585809439));
#12430 = CARTESIAN_POINT('',(208.75,6.463656610412));
#12431 = CARTESIAN_POINT('',(208.75,13.));
#12432 = ( GEOMETRIC_REPRESENTATION_CONTEXT(2) 
PARAMETRIC_REPRESENTATION_CONTEXT() REPRESENTATION_CONTEXT('2D SPACE',''
  ) );
#12433 = PCURVE('',#244,#12434);
#12434 = DEFINITIONAL_REPRESENTATION('',(#12435),#12441);
#12435 = B_SPLINE_CURVE_WITH_KNOTS('',4,(#12436,#12437,#12438,#12439,
    #12440),.UNSPECIFIED.,.F.,.F.,(5,5),(0.,1.370093841877),
  .PIECEWISE_BEZIER_KNOTS.);
#12436 = CARTESIAN_POINT('',(0.214720416892,15.5));
#12437 = CARTESIAN_POINT('',(0.541811595486,15.5));
#12438 = CARTESIAN_POINT('',(0.876575105178,15.5));
#12439 = CARTESIAN_POINT('',(1.219414672615,15.5));
#12440 = CARTESIAN_POINT('',(1.570796326795,15.5));
#12441 = ( GEOMETRIC_REPRESENTATION_CONTEXT(2) 
PARAMETRIC_REPRESENTATION_CONTEXT() REPRESENTATION_CONTEXT('2D SPACE',''
  ) );
#12442 = ORIENTED_EDGE('',*,*,#9098,.F.);
#12443 = ORIENTED_EDGE('',*,*,#5316,.F.);
#12444 = ORIENTED_EDGE('',*,*,#3628,.T.);
#12445 = ORIENTED_EDGE('',*,*,#2582,.F.);
#12446 = ORIENTED_EDGE('',*,*,#2439,.T.);
#12447 = ORIENTED_EDGE('',*,*,#2030,.F.);
#12448 = ORIENTED_EDGE('',*,*,#10929,.F.);
#12449 = ORIENTED_EDGE('',*,*,#10745,.F.);
#12450 = ORIENTED_EDGE('',*,*,#10673,.F.);
#12451 = ORIENTED_EDGE('',*,*,#10098,.F.);
#12452 = ORIENTED_EDGE('',*,*,#10310,.T.);
#12453 = ORIENTED_EDGE('',*,*,#10392,.T.);
#12454 = ORIENTED_EDGE('',*,*,#10467,.T.);
#12455 = ORIENTED_EDGE('',*,*,#12320,.T.);
#12456 = ORIENTED_EDGE('',*,*,#791,.F.);
#12457 = ADVANCED_FACE('',(#12458),#12406,.T.);
#12458 = FACE_BOUND('',#12459,.T.);
#12459 = EDGE_LOOP('',(#12460,#12488,#12542,#12543));
#12460 = ORIENTED_EDGE('',*,*,#12461,.F.);
#12461 = EDGE_CURVE('',#12462,#12464,#12466,.T.);
#12462 = VERTEX_POINT('',#12463);
#12463 = CARTESIAN_POINT('',(92.634517766497,59.709982743464,63.5));
#12464 = VERTEX_POINT('',#12465);
#12465 = CARTESIAN_POINT('',(92.634517766497,59.771100308193,63.5));
#12466 = SURFACE_CURVE('',#12467,(#12470,#12477),.PCURVE_S1.);
#12467 = B_SPLINE_CURVE_WITH_KNOTS('',1,(#12468,#12469),.UNSPECIFIED.,
  .F.,.F.,(2,2),(0.,2.671100308193),.PIECEWISE_BEZIER_KNOTS.);
#12468 = CARTESIAN_POINT('',(92.634517766497,57.1,63.5));
#12469 = CARTESIAN_POINT('',(92.634517766497,59.771100308193,63.5));
#12470 = PCURVE('',#12406,#12471);
#12471 = DEFINITIONAL_REPRESENTATION('',(#12472),#12476);
#12472 = B_SPLINE_CURVE_WITH_KNOTS('',2,(#12473,#12474,#12475),
  .UNSPECIFIED.,.F.,.F.,(3,3),(0.,2.671100308193),
  .PIECEWISE_BEZIER_KNOTS.);
#12473 = CARTESIAN_POINT('',(6.28318530718,-2.1));
#12474 = CARTESIAN_POINT('',(6.28318530718,-3.435550154097));
#12475 = CARTESIAN_POINT('',(6.28318530718,-4.771100308193));
#12476 = ( GEOMETRIC_REPRESENTATION_CONTEXT(2) 
PARAMETRIC_REPRESENTATION_CONTEXT() REPRESENTATION_CONTEXT('2D SPACE',''
  ) );
#12477 = PCURVE('',#12478,#12483);
#12478 = B_SPLINE_SURFACE_WITH_KNOTS('',1,1,(
    (#12479,#12480)
    ,(#12481,#12482
    )),.UNSPECIFIED.,.F.,.F.,.F.,(2,2),(2,2),(-5.296985414952E-16,24.),(
    -4.771100308193,-2.1),.PIECEWISE_BEZIER_KNOTS.);
#12479 = CARTESIAN_POINT('',(92.634517766497,59.771100308193,63.5));
#12480 = CARTESIAN_POINT('',(92.634517766497,57.1,63.5));
#12481 = CARTESIAN_POINT('',(92.634517766497,59.771100308193,39.5));
#12482 = CARTESIAN_POINT('',(92.634517766497,57.1,39.5));
#12483 = DEFINITIONAL_REPRESENTATION('',(#12484),#12487);
#12484 = B_SPLINE_CURVE_WITH_KNOTS('',1,(#12485,#12486),.UNSPECIFIED.,
  .F.,.F.,(2,2),(0.,2.671100308193),.PIECEWISE_BEZIER_KNOTS.);
#12485 = CARTESIAN_POINT('',(0.,-2.1));
#12486 = CARTESIAN_POINT('',(0.,-4.771100308193));
#12487 = ( GEOMETRIC_REPRESENTATION_CONTEXT(2) 
PARAMETRIC_REPRESENTATION_CONTEXT() REPRESENTATION_CONTEXT('2D SPACE',''
  ) );
#12488 = ORIENTED_EDGE('',*,*,#12489,.T.);
#12489 = EDGE_CURVE('',#12462,#12369,#12490,.T.);
#12490 = SURFACE_CURVE('',#12491,(#12506,#12524),.PCURVE_S1.);
#12491 = B_SPLINE_CURVE_WITH_KNOTS('',4,(#12492,#12493,#12494,#12495,
    #12496,#12497,#12498,#12499,#12500,#12501,#12502,#12503,#12504,
    #12505),.UNSPECIFIED.,.F.,.F.,(5,3,3,3,5),(0.,0.252147423156,
    0.502692891565,0.753682612987,1.),.UNSPECIFIED.);
#12492 = CARTESIAN_POINT('',(92.634517766497,59.709982743464,63.5));
#12493 = CARTESIAN_POINT('',(92.634517766497,59.709982743464,
    63.689860927179));
#12494 = CARTESIAN_POINT('',(92.63128387875,59.710878051347,
    63.879722245904));
#12495 = CARTESIAN_POINT('',(92.62481609064,59.712668658453,
    64.069535347176));
#12496 = CARTESIAN_POINT('',(92.605468849968,59.717972589576,
    64.447763510355));
#12497 = CARTESIAN_POINT('',(92.592630379439,59.721474909729,
    64.636179830486));
#12498 = CARTESIAN_POINT('',(92.576593550743,59.72581100322,
    64.824453842745));
#12499 = CARTESIAN_POINT('',(92.538077540166,59.736060869709,
    65.200958779048));
#12500 = CARTESIAN_POINT('',(92.515586961095,59.741977447676,
    65.389189053388));
#12501 = CARTESIAN_POINT('',(92.489875093711,59.748631385041,
    65.577184197049));
#12502 = CARTESIAN_POINT('',(92.432528379317,59.763130323534,
    65.949120602802));
#12503 = CARTESIAN_POINT('',(92.401012675789,59.770950864822,
    66.13307217302));
#12504 = CARTESIAN_POINT('',(92.3663761624,59.779340929391,
    66.316712244921));
#12505 = CARTESIAN_POINT('',(92.328605414507,59.788209180424,66.5));
#12506 = PCURVE('',#12406,#12507);
#12507 = DEFINITIONAL_REPRESENTATION('',(#12508),#12523);
#12508 = B_SPLINE_CURVE_WITH_KNOTS('',4,(#12509,#12510,#12511,#12512,
    #12513,#12514,#12515,#12516,#12517,#12518,#12519,#12520,#12521,
    #12522),.UNSPECIFIED.,.F.,.F.,(5,3,3,3,5),(0.,0.252147423156,
    0.502692891565,0.753682612987,1.),.UNSPECIFIED.);
#12509 = CARTESIAN_POINT('',(6.28318530718,-4.709982743464));
#12510 = CARTESIAN_POINT('',(6.27042111633,-4.709982743464));
#12511 = CARTESIAN_POINT('',(6.25766789805,-4.710878051347));
#12512 = CARTESIAN_POINT('',(6.24492061796,-4.712668658453));
#12513 = CARTESIAN_POINT('',(6.219508798902,-4.717972589576));
#12514 = CARTESIAN_POINT('',(6.206844243257,-4.721474909729));
#12515 = CARTESIAN_POINT('',(6.194175587227,-4.72581100322));
#12516 = CARTESIAN_POINT('',(6.168797340395,-4.736060869709));
#12517 = CARTESIAN_POINT('',(6.156087712251,-4.741977447676));
#12518 = CARTESIAN_POINT('',(6.143363662697,-4.748631385041));
#12519 = CARTESIAN_POINT('',(6.118113064992,-4.763130323534));
#12520 = CARTESIAN_POINT('',(6.105587246611,-4.770950864822));
#12521 = CARTESIAN_POINT('',(6.09303714023,-4.779340929391));
#12522 = CARTESIAN_POINT('',(6.080457233651,-4.788209180424));
#12523 = ( GEOMETRIC_REPRESENTATION_CONTEXT(2) 
PARAMETRIC_REPRESENTATION_CONTEXT() REPRESENTATION_CONTEXT('2D SPACE',''
  ) );
#12524 = PCURVE('',#307,#12525);
#12525 = DEFINITIONAL_REPRESENTATION('',(#12526),#12541);
#12526 = B_SPLINE_CURVE_WITH_KNOTS('',4,(#12527,#12528,#12529,#12530,
    #12531,#12532,#12533,#12534,#12535,#12536,#12537,#12538,#12539,
    #12540),.UNSPECIFIED.,.F.,.F.,(5,3,3,3,5),(0.,0.252147423156,
    0.502692891565,0.753682612987,1.),.UNSPECIFIED.);
#12527 = CARTESIAN_POINT('',(0.27008641589,18.5));
#12528 = CARTESIAN_POINT('',(0.27008641589,18.310139072821));
#12529 = CARTESIAN_POINT('',(0.269666973619,18.120277754096));
#12530 = CARTESIAN_POINT('',(0.268828090861,17.930464652824));
#12531 = CARTESIAN_POINT('',(0.266320454378,17.552236489645));
#12532 = CARTESIAN_POINT('',(0.264657002207,17.363820169514));
#12533 = CARTESIAN_POINT('',(0.262580429957,17.175546157255));
#12534 = CARTESIAN_POINT('',(0.257598363942,16.799041220952));
#12535 = CARTESIAN_POINT('',(0.254691398209,16.610810946612));
#12536 = CARTESIAN_POINT('',(0.251371584763,16.422815802951));
#12537 = CARTESIAN_POINT('',(0.243977684332,16.050879397198));
#12538 = CARTESIAN_POINT('',(0.239918778254,15.86692782698));
#12539 = CARTESIAN_POINT('',(0.235464109698,15.683287755079));
#12540 = CARTESIAN_POINT('',(0.230614375052,15.5));
#12541 = ( GEOMETRIC_REPRESENTATION_CONTEXT(2) 
PARAMETRIC_REPRESENTATION_CONTEXT() REPRESENTATION_CONTEXT('2D SPACE',''
  ) );
#12542 = ORIENTED_EDGE('',*,*,#12392,.F.);
#12543 = ORIENTED_EDGE('',*,*,#12544,.T.);
#12544 = EDGE_CURVE('',#12393,#12464,#12545,.T.);
#12545 = SURFACE_CURVE('',#12546,(#12553,#12563),.PCURVE_S1.);
#12546 = B_SPLINE_CURVE_WITH_KNOTS('',5,(#12547,#12548,#12549,#12550,
    #12551,#12552),.UNSPECIFIED.,.F.,.F.,(6,6),(0.,1.),
  .PIECEWISE_BEZIER_KNOTS.);
#12547 = CARTESIAN_POINT('',(92.328605290863,59.839414215652,66.5000006)
  );
#12548 = CARTESIAN_POINT('',(92.451300359106,59.814516143146,
    65.904606010691));
#12549 = CARTESIAN_POINT('',(92.542988766867,59.793423009792,
    65.305730989593));
#12550 = CARTESIAN_POINT('',(92.604003892288,59.778541716945,
    64.704597072523));
#12551 = CARTESIAN_POINT('',(92.634517766497,59.771100308193,
    64.102337450401));
#12552 = CARTESIAN_POINT('',(92.634517766497,59.771100308193,63.5));
#12553 = PCURVE('',#12406,#12554);
#12554 = DEFINITIONAL_REPRESENTATION('',(#12555),#12562);
#12555 = B_SPLINE_CURVE_WITH_KNOTS('',5,(#12556,#12557,#12558,#12559,
    #12560,#12561),.UNSPECIFIED.,.F.,.F.,(6,6),(2.015470128814E-07,1.),
  .PIECEWISE_BEZIER_KNOTS.);
#12556 = CARTESIAN_POINT('',(6.080457233651,-4.839414190561));
#12557 = CARTESIAN_POINT('',(6.12132197532,-4.814516126141));
#12558 = CARTESIAN_POINT('',(6.161891565747,-4.793423000795));
#12559 = CARTESIAN_POINT('',(6.202305070597,-4.778541713945));
#12560 = CARTESIAN_POINT('',(6.24269067377,-4.771100308193));
#12561 = CARTESIAN_POINT('',(6.28318530718,-4.771100308193));
#12562 = ( GEOMETRIC_REPRESENTATION_CONTEXT(2) 
PARAMETRIC_REPRESENTATION_CONTEXT() REPRESENTATION_CONTEXT('2D SPACE',''
  ) );
#12563 = PCURVE('',#244,#12564);
#12564 = DEFINITIONAL_REPRESENTATION('',(#12565),#12572);
#12565 = B_SPLINE_CURVE_WITH_KNOTS('',5,(#12566,#12567,#12568,#12569,
    #12570,#12571),.UNSPECIFIED.,.F.,.F.,(6,6),(2.015470128814E-07,1.),
  .PIECEWISE_BEZIER_KNOTS.);
#12566 = CARTESIAN_POINT('',(0.214720416892,15.5));
#12567 = CARTESIAN_POINT('',(0.23086158211,16.095394472115));
#12568 = CARTESIAN_POINT('',(0.242893527657,16.694269373879));
#12569 = CARTESIAN_POINT('',(0.250901254797,17.295403170246));
#12570 = CARTESIAN_POINT('',(0.254904603737,17.897662670999));
#12571 = CARTESIAN_POINT('',(0.254904683646,18.5));
#12572 = ( GEOMETRIC_REPRESENTATION_CONTEXT(2) 
PARAMETRIC_REPRESENTATION_CONTEXT() REPRESENTATION_CONTEXT('2D SPACE',''
  ) );
#12573 = ADVANCED_FACE('',(#12574),#12478,.T.);
#12574 = FACE_BOUND('',#12575,.T.);
#12575 = EDGE_LOOP('',(#12576,#12599,#12626,#12627));
#12576 = ORIENTED_EDGE('',*,*,#12577,.F.);
#12577 = EDGE_CURVE('',#12578,#12580,#12582,.T.);
#12578 = VERTEX_POINT('',#12579);
#12579 = CARTESIAN_POINT('',(92.634517766497,59.709982743464,39.5));
#12580 = VERTEX_POINT('',#12581);
#12581 = CARTESIAN_POINT('',(92.634517766497,59.771100308193,39.5));
#12582 = SURFACE_CURVE('',#12583,(#12586,#12592),.PCURVE_S1.);
#12583 = B_SPLINE_CURVE_WITH_KNOTS('',1,(#12584,#12585),.UNSPECIFIED.,
  .F.,.F.,(2,2),(0.,2.671100308193),.PIECEWISE_BEZIER_KNOTS.);
#12584 = CARTESIAN_POINT('',(92.634517766497,57.1,39.5));
#12585 = CARTESIAN_POINT('',(92.634517766497,59.771100308193,39.5));
#12586 = PCURVE('',#12478,#12587);
#12587 = DEFINITIONAL_REPRESENTATION('',(#12588),#12591);
#12588 = B_SPLINE_CURVE_WITH_KNOTS('',1,(#12589,#12590),.UNSPECIFIED.,
  .F.,.F.,(2,2),(0.,2.671100308193),.PIECEWISE_BEZIER_KNOTS.);
#12589 = CARTESIAN_POINT('',(24.,-2.1));
#12590 = CARTESIAN_POINT('',(24.,-4.771100308193));
#12591 = ( GEOMETRIC_REPRESENTATION_CONTEXT(2) 
PARAMETRIC_REPRESENTATION_CONTEXT() REPRESENTATION_CONTEXT('2D SPACE',''
  ) );
#12592 = PCURVE('',#274,#12593);
#12593 = DEFINITIONAL_REPRESENTATION('',(#12594),#12598);
#12594 = B_SPLINE_CURVE_WITH_KNOTS('',2,(#12595,#12596,#12597),
  .UNSPECIFIED.,.F.,.F.,(3,3),(0.,2.671100308193),
  .PIECEWISE_BEZIER_KNOTS.);
#12595 = CARTESIAN_POINT('',(-8.939987115174E-31,-2.1));
#12596 = CARTESIAN_POINT('',(-8.396576133664E-31,-3.435550154097));
#12597 = CARTESIAN_POINT('',(0.,-4.771100308193));
#12598 = ( GEOMETRIC_REPRESENTATION_CONTEXT(2) 
PARAMETRIC_REPRESENTATION_CONTEXT() REPRESENTATION_CONTEXT('2D SPACE',''
  ) );
#12599 = ORIENTED_EDGE('',*,*,#12600,.T.);
#12600 = EDGE_CURVE('',#12578,#12462,#12601,.T.);
#12601 = SURFACE_CURVE('',#12602,(#12608,#12617),.PCURVE_S1.);
#12602 = B_SPLINE_CURVE_WITH_KNOTS('',4,(#12603,#12604,#12605,#12606,
    #12607),.UNSPECIFIED.,.F.,.F.,(5,5),(0.,1.),
  .PIECEWISE_BEZIER_KNOTS.);
#12603 = CARTESIAN_POINT('',(92.634517766497,59.709982743464,39.5));
#12604 = CARTESIAN_POINT('',(92.634517766497,59.709982743464,45.5));
#12605 = CARTESIAN_POINT('',(92.634517766497,59.709982743464,51.5));
#12606 = CARTESIAN_POINT('',(92.634517766497,59.709982743464,57.5));
#12607 = CARTESIAN_POINT('',(92.634517766497,59.709982743464,63.5));
#12608 = PCURVE('',#12478,#12609);
#12609 = DEFINITIONAL_REPRESENTATION('',(#12610),#12616);
#12610 = B_SPLINE_CURVE_WITH_KNOTS('',4,(#12611,#12612,#12613,#12614,
    #12615),.UNSPECIFIED.,.F.,.F.,(5,5),(0.,1.),
  .PIECEWISE_BEZIER_KNOTS.);
#12611 = CARTESIAN_POINT('',(24.,-4.709982743464));
#12612 = CARTESIAN_POINT('',(18.,-4.709982743464));
#12613 = CARTESIAN_POINT('',(12.,-4.709982743464));
#12614 = CARTESIAN_POINT('',(6.,-4.709982743464));
#12615 = CARTESIAN_POINT('',(-5.296985414952E-16,-4.709982743464));
#12616 = ( GEOMETRIC_REPRESENTATION_CONTEXT(2) 
PARAMETRIC_REPRESENTATION_CONTEXT() REPRESENTATION_CONTEXT('2D SPACE',''
  ) );
#12617 = PCURVE('',#307,#12618);
#12618 = DEFINITIONAL_REPRESENTATION('',(#12619),#12625);
#12619 = B_SPLINE_CURVE_WITH_KNOTS('',4,(#12620,#12621,#12622,#12623,
    #12624),.UNSPECIFIED.,.F.,.F.,(5,5),(0.,1.),
  .PIECEWISE_BEZIER_KNOTS.);
#12620 = CARTESIAN_POINT('',(0.27008641589,42.5));
#12621 = CARTESIAN_POINT('',(0.27008641589,36.5));
#12622 = CARTESIAN_POINT('',(0.27008641589,30.5));
#12623 = CARTESIAN_POINT('',(0.27008641589,24.5));
#12624 = CARTESIAN_POINT('',(0.27008641589,18.5));
#12625 = ( GEOMETRIC_REPRESENTATION_CONTEXT(2) 
PARAMETRIC_REPRESENTATION_CONTEXT() REPRESENTATION_CONTEXT('2D SPACE',''
  ) );
#12626 = ORIENTED_EDGE('',*,*,#12461,.T.);
#12627 = ORIENTED_EDGE('',*,*,#12628,.T.);
#12628 = EDGE_CURVE('',#12464,#12580,#12629,.T.);
#12629 = SURFACE_CURVE('',#12630,(#12633,#12639),.PCURVE_S1.);
#12630 = B_SPLINE_CURVE_WITH_KNOTS('',1,(#12631,#12632),.UNSPECIFIED.,
  .F.,.F.,(2,2),(18.5,42.5),.PIECEWISE_BEZIER_KNOTS.);
#12631 = CARTESIAN_POINT('',(92.634517766497,59.771100308193,63.5));
#12632 = CARTESIAN_POINT('',(92.634517766497,59.771100308193,39.5));
#12633 = PCURVE('',#12478,#12634);
#12634 = DEFINITIONAL_REPRESENTATION('',(#12635),#12638);
#12635 = B_SPLINE_CURVE_WITH_KNOTS('',1,(#12636,#12637),.UNSPECIFIED.,
  .F.,.F.,(2,2),(18.5,42.5),.PIECEWISE_BEZIER_KNOTS.);
#12636 = CARTESIAN_POINT('',(0.,-4.771100308193));
#12637 = CARTESIAN_POINT('',(24.,-4.771100308193));
#12638 = ( GEOMETRIC_REPRESENTATION_CONTEXT(2) 
PARAMETRIC_REPRESENTATION_CONTEXT() REPRESENTATION_CONTEXT('2D SPACE',''
  ) );
#12639 = PCURVE('',#244,#12640);
#12640 = DEFINITIONAL_REPRESENTATION('',(#12641),#12645);
#12641 = B_SPLINE_CURVE_WITH_KNOTS('',2,(#12642,#12643,#12644),
  .UNSPECIFIED.,.F.,.F.,(3,3),(18.5,42.5),.PIECEWISE_BEZIER_KNOTS.);
#12642 = CARTESIAN_POINT('',(0.254904683646,18.5));
#12643 = CARTESIAN_POINT('',(0.254904683646,30.5));
#12644 = CARTESIAN_POINT('',(0.254904683646,42.5));
#12645 = ( GEOMETRIC_REPRESENTATION_CONTEXT(2) 
PARAMETRIC_REPRESENTATION_CONTEXT() REPRESENTATION_CONTEXT('2D SPACE',''
  ) );
#12646 = ADVANCED_FACE('',(#12647),#836,.F.);
#12647 = FACE_BOUND('',#12648,.T.);
#12648 = EDGE_LOOP('',(#12649,#12672,#12673,#12674));
#12649 = ORIENTED_EDGE('',*,*,#12650,.F.);
#12650 = EDGE_CURVE('',#820,#12651,#12653,.T.);
#12651 = VERTEX_POINT('',#12652);
#12652 = CARTESIAN_POINT('',(92.4,59.771100308193,63.5));
#12653 = SURFACE_CURVE('',#12654,(#12658,#12665),.PCURVE_S1.);
#12654 = LINE('',#12655,#12656);
#12655 = CARTESIAN_POINT('',(92.4,57.1,63.5));
#12656 = VECTOR('',#12657,1.);
#12657 = DIRECTION('',(0.,1.,-1.224646799147E-16));
#12658 = PCURVE('',#836,#12659);
#12659 = DEFINITIONAL_REPRESENTATION('',(#12660),#12664);
#12660 = LINE('',#12661,#12662);
#12661 = CARTESIAN_POINT('',(-6.28318530718,-2.1));
#12662 = VECTOR('',#12663,1.);
#12663 = DIRECTION('',(-0.,-1.));
#12664 = ( GEOMETRIC_REPRESENTATION_CONTEXT(2) 
PARAMETRIC_REPRESENTATION_CONTEXT() REPRESENTATION_CONTEXT('2D SPACE',''
  ) );
#12665 = PCURVE('',#864,#12666);
#12666 = DEFINITIONAL_REPRESENTATION('',(#12667),#12671);
#12667 = LINE('',#12668,#12669);
#12668 = CARTESIAN_POINT('',(-4.903226629922E-16,-2.1));
#12669 = VECTOR('',#12670,1.);
#12670 = DIRECTION('',(-1.110223024625E-16,-1.));
#12671 = ( GEOMETRIC_REPRESENTATION_CONTEXT(2) 
PARAMETRIC_REPRESENTATION_CONTEXT() REPRESENTATION_CONTEXT('2D SPACE',''
  ) );
#12672 = ORIENTED_EDGE('',*,*,#819,.T.);
#12673 = ORIENTED_EDGE('',*,*,#12345,.F.);
#12674 = ORIENTED_EDGE('',*,*,#12675,.T.);
#12675 = EDGE_CURVE('',#12346,#12651,#12676,.T.);
#12676 = SURFACE_CURVE('',#12677,(#12684,#12694),.PCURVE_S1.);
#12677 = B_SPLINE_CURVE_WITH_KNOTS('',5,(#12678,#12679,#12680,#12681,
    #12682,#12683),.UNSPECIFIED.,.F.,.F.,(6,6),(0.,1.),
  .PIECEWISE_BEZIER_KNOTS.);
#12678 = CARTESIAN_POINT('',(92.094861986329,59.839414215652,66.5000006)
  );
#12679 = CARTESIAN_POINT('',(92.217246434146,59.814516143146,
    65.904606010691));
#12680 = CARTESIAN_POINT('',(92.308702719356,59.793423009792,
    65.305730989593));
#12681 = CARTESIAN_POINT('',(92.369563376105,59.778541716945,
    64.704597072523));
#12682 = CARTESIAN_POINT('',(92.4,59.771100308193,64.102337450401));
#12683 = CARTESIAN_POINT('',(92.4,59.771100308193,63.5));
#12684 = PCURVE('',#836,#12685);
#12685 = DEFINITIONAL_REPRESENTATION('',(#12686),#12693);
#12686 = B_SPLINE_CURVE_WITH_KNOTS('',5,(#12687,#12688,#12689,#12690,
    #12691,#12692),.UNSPECIFIED.,.F.,.F.,(6,6),(0.,1.),
  .PIECEWISE_BEZIER_KNOTS.);
#12687 = CARTESIAN_POINT('',(-6.080457192541,-4.839414215652));
#12688 = CARTESIAN_POINT('',(-6.121252000321,-4.814516143146));
#12689 = CARTESIAN_POINT('',(-6.161857679082,-4.793423009792));
#12690 = CARTESIAN_POINT('',(-6.202339866744,-4.778541716945));
#12691 = CARTESIAN_POINT('',(-6.242759974938,-4.771100308193));
#12692 = CARTESIAN_POINT('',(-6.28318530718,-4.771100308193));
#12693 = ( GEOMETRIC_REPRESENTATION_CONTEXT(2) 
PARAMETRIC_REPRESENTATION_CONTEXT() REPRESENTATION_CONTEXT('2D SPACE',''
  ) );
#12694 = PCURVE('',#307,#12695);
#12695 = DEFINITIONAL_REPRESENTATION('',(#12696),#12703);
#12696 = B_SPLINE_CURVE_WITH_KNOTS('',5,(#12697,#12698,#12699,#12700,
    #12701,#12702),.UNSPECIFIED.,.F.,.F.,(6,6),(0.,1.),
  .PIECEWISE_BEZIER_KNOTS.);
#12697 = CARTESIAN_POINT('',(0.200702469186,15.4999994));
#12698 = CARTESIAN_POINT('',(0.216313896832,16.095393989309));
#12699 = CARTESIAN_POINT('',(0.228042308851,16.694269010407));
#12700 = CARTESIAN_POINT('',(0.235874984832,17.295402927477));
#12701 = CARTESIAN_POINT('',(0.23979139984,17.897662549599));
#12702 = CARTESIAN_POINT('',(0.23979139984,18.5));
#12703 = ( GEOMETRIC_REPRESENTATION_CONTEXT(2) 
PARAMETRIC_REPRESENTATION_CONTEXT() REPRESENTATION_CONTEXT('2D SPACE',''
  ) );
#12704 = ADVANCED_FACE('',(#12705),#864,.T.);
#12705 = FACE_BOUND('',#12706,.T.);
#12706 = EDGE_LOOP('',(#12707,#12730,#12731,#12732));
#12707 = ORIENTED_EDGE('',*,*,#12708,.F.);
#12708 = EDGE_CURVE('',#849,#12709,#12711,.T.);
#12709 = VERTEX_POINT('',#12710);
#12710 = CARTESIAN_POINT('',(92.4,59.771100308193,39.5));
#12711 = SURFACE_CURVE('',#12712,(#12716,#12723),.PCURVE_S1.);
#12712 = LINE('',#12713,#12714);
#12713 = CARTESIAN_POINT('',(92.4,57.1,39.5));
#12714 = VECTOR('',#12715,1.);
#12715 = DIRECTION('',(0.,1.,-1.224646799147E-16));
#12716 = PCURVE('',#864,#12717);
#12717 = DEFINITIONAL_REPRESENTATION('',(#12718),#12722);
#12718 = LINE('',#12719,#12720);
#12719 = CARTESIAN_POINT('',(24.,-2.1));
#12720 = VECTOR('',#12721,1.);
#12721 = DIRECTION('',(-1.110223024625E-16,-1.));
#12722 = ( GEOMETRIC_REPRESENTATION_CONTEXT(2) 
PARAMETRIC_REPRESENTATION_CONTEXT() REPRESENTATION_CONTEXT('2D SPACE',''
  ) );
#12723 = PCURVE('',#336,#12724);
#12724 = DEFINITIONAL_REPRESENTATION('',(#12725),#12729);
#12725 = LINE('',#12726,#12727);
#12726 = CARTESIAN_POINT('',(-0.,-2.1));
#12727 = VECTOR('',#12728,1.);
#12728 = DIRECTION('',(-0.,-1.));
#12729 = ( GEOMETRIC_REPRESENTATION_CONTEXT(2) 
PARAMETRIC_REPRESENTATION_CONTEXT() REPRESENTATION_CONTEXT('2D SPACE',''
  ) );
#12730 = ORIENTED_EDGE('',*,*,#848,.F.);
#12731 = ORIENTED_EDGE('',*,*,#12650,.T.);
#12732 = ORIENTED_EDGE('',*,*,#12733,.T.);
#12733 = EDGE_CURVE('',#12651,#12709,#12734,.T.);
#12734 = SURFACE_CURVE('',#12735,(#12739,#12746),.PCURVE_S1.);
#12735 = LINE('',#12736,#12737);
#12736 = CARTESIAN_POINT('',(92.4,59.771100308193,82.));
#12737 = VECTOR('',#12738,1.);
#12738 = DIRECTION('',(0.,-1.224646799147E-16,-1.));
#12739 = PCURVE('',#864,#12740);
#12740 = DEFINITIONAL_REPRESENTATION('',(#12741),#12745);
#12741 = LINE('',#12742,#12743);
#12742 = CARTESIAN_POINT('',(-18.5,-4.771100308193));
#12743 = VECTOR('',#12744,1.);
#12744 = DIRECTION('',(1.,-1.110223024625E-16));
#12745 = ( GEOMETRIC_REPRESENTATION_CONTEXT(2) 
PARAMETRIC_REPRESENTATION_CONTEXT() REPRESENTATION_CONTEXT('2D SPACE',''
  ) );
#12746 = PCURVE('',#307,#12747);
#12747 = DEFINITIONAL_REPRESENTATION('',(#12748),#12752);
#12748 = LINE('',#12749,#12750);
#12749 = CARTESIAN_POINT('',(0.23979139984,0.));
#12750 = VECTOR('',#12751,1.);
#12751 = DIRECTION('',(0.,1.));
#12752 = ( GEOMETRIC_REPRESENTATION_CONTEXT(2) 
PARAMETRIC_REPRESENTATION_CONTEXT() REPRESENTATION_CONTEXT('2D SPACE',''
  ) );
#12753 = ADVANCED_FACE('',(#12754),#939,.T.);
#12754 = FACE_BOUND('',#12755,.T.);
#12755 = EDGE_LOOP('',(#12756,#12779,#12780,#12803));
#12756 = ORIENTED_EDGE('',*,*,#12757,.T.);
#12757 = EDGE_CURVE('',#12758,#924,#12760,.T.);
#12758 = VERTEX_POINT('',#12759);
#12759 = CARTESIAN_POINT('',(-92.4,59.771100308193,63.5));
#12760 = SURFACE_CURVE('',#12761,(#12765,#12772),.PCURVE_S1.);
#12761 = LINE('',#12762,#12763);
#12762 = CARTESIAN_POINT('',(-92.4,59.771100308193,63.5));
#12763 = VECTOR('',#12764,1.);
#12764 = DIRECTION('',(0.,-1.,1.224646799147E-16));
#12765 = PCURVE('',#939,#12766);
#12766 = DEFINITIONAL_REPRESENTATION('',(#12767),#12771);
#12767 = LINE('',#12768,#12769);
#12768 = CARTESIAN_POINT('',(24.,-4.771100308193));
#12769 = VECTOR('',#12770,1.);
#12770 = DIRECTION('',(-1.110223024625E-16,1.));
#12771 = ( GEOMETRIC_REPRESENTATION_CONTEXT(2) 
PARAMETRIC_REPRESENTATION_CONTEXT() REPRESENTATION_CONTEXT('2D SPACE',''
  ) );
#12772 = PCURVE('',#966,#12773);
#12773 = DEFINITIONAL_REPRESENTATION('',(#12774),#12778);
#12774 = LINE('',#12775,#12776);
#12775 = CARTESIAN_POINT('',(-3.14159265359,-4.771100308193));
#12776 = VECTOR('',#12777,1.);
#12777 = DIRECTION('',(0.,1.));
#12778 = ( GEOMETRIC_REPRESENTATION_CONTEXT(2) 
PARAMETRIC_REPRESENTATION_CONTEXT() REPRESENTATION_CONTEXT('2D SPACE',''
  ) );
#12779 = ORIENTED_EDGE('',*,*,#923,.F.);
#12780 = ORIENTED_EDGE('',*,*,#12781,.F.);
#12781 = EDGE_CURVE('',#12782,#900,#12784,.T.);
#12782 = VERTEX_POINT('',#12783);
#12783 = CARTESIAN_POINT('',(-92.4,59.771100308193,39.5));
#12784 = SURFACE_CURVE('',#12785,(#12789,#12796),.PCURVE_S1.);
#12785 = LINE('',#12786,#12787);
#12786 = CARTESIAN_POINT('',(-92.4,59.771100308193,39.5));
#12787 = VECTOR('',#12788,1.);
#12788 = DIRECTION('',(5.320225029218E-15,-1.,1.224646799147E-16));
#12789 = PCURVE('',#939,#12790);
#12790 = DEFINITIONAL_REPRESENTATION('',(#12791),#12795);
#12791 = LINE('',#12792,#12793);
#12792 = CARTESIAN_POINT('',(1.113989813579E-15,-4.771100308193));
#12793 = VECTOR('',#12794,1.);
#12794 = DIRECTION('',(-1.110223024625E-16,1.));
#12795 = ( GEOMETRIC_REPRESENTATION_CONTEXT(2) 
PARAMETRIC_REPRESENTATION_CONTEXT() REPRESENTATION_CONTEXT('2D SPACE',''
  ) );
#12796 = PCURVE('',#45,#12797);
#12797 = DEFINITIONAL_REPRESENTATION('',(#12798),#12802);
#12798 = LINE('',#12799,#12800);
#12799 = CARTESIAN_POINT('',(-3.14159265359,-4.771100308193));
#12800 = VECTOR('',#12801,1.);
#12801 = DIRECTION('',(0.,1.));
#12802 = ( GEOMETRIC_REPRESENTATION_CONTEXT(2) 
PARAMETRIC_REPRESENTATION_CONTEXT() REPRESENTATION_CONTEXT('2D SPACE',''
  ) );
#12803 = ORIENTED_EDGE('',*,*,#12804,.F.);
#12804 = EDGE_CURVE('',#12758,#12782,#12805,.T.);
#12805 = SURFACE_CURVE('',#12806,(#12810,#12817),.PCURVE_S1.);
#12806 = LINE('',#12807,#12808);
#12807 = CARTESIAN_POINT('',(-92.4,59.771100308193,82.));
#12808 = VECTOR('',#12809,1.);
#12809 = DIRECTION('',(0.,-1.224646799147E-16,-1.));
#12810 = PCURVE('',#939,#12811);
#12811 = DEFINITIONAL_REPRESENTATION('',(#12812),#12816);
#12812 = LINE('',#12813,#12814);
#12813 = CARTESIAN_POINT('',(42.5,-4.771100308193));
#12814 = VECTOR('',#12815,1.);
#12815 = DIRECTION('',(-1.,-1.110223024625E-16));
#12816 = ( GEOMETRIC_REPRESENTATION_CONTEXT(2) 
PARAMETRIC_REPRESENTATION_CONTEXT() REPRESENTATION_CONTEXT('2D SPACE',''
  ) );
#12817 = PCURVE('',#73,#12818);
#12818 = DEFINITIONAL_REPRESENTATION('',(#12819),#12823);
#12819 = LINE('',#12820,#12821);
#12820 = CARTESIAN_POINT('',(-0.23979139984,0.));
#12821 = VECTOR('',#12822,1.);
#12822 = DIRECTION('',(-0.,1.));
#12823 = ( GEOMETRIC_REPRESENTATION_CONTEXT(2) 
PARAMETRIC_REPRESENTATION_CONTEXT() REPRESENTATION_CONTEXT('2D SPACE',''
  ) );
#12824 = ADVANCED_FACE('',(#12825),#966,.F.);
#12825 = FACE_BOUND('',#12826,.T.);
#12826 = EDGE_LOOP('',(#12827,#12850,#12851,#12852));
#12827 = ORIENTED_EDGE('',*,*,#12828,.F.);
#12828 = EDGE_CURVE('',#456,#12829,#12831,.T.);
#12829 = VERTEX_POINT('',#12830);
#12830 = CARTESIAN_POINT('',(-92.09486210966,59.839414190561,66.5));
#12831 = SURFACE_CURVE('',#12832,(#12836,#12843),.PCURVE_S1.);
#12832 = LINE('',#12833,#12834);
#12833 = CARTESIAN_POINT('',(-92.09486210966,57.1,66.5));
#12834 = VECTOR('',#12835,1.);
#12835 = DIRECTION('',(-5.187552420575E-15,1.,-1.419352785058E-15));
#12836 = PCURVE('',#966,#12837);
#12837 = DEFINITIONAL_REPRESENTATION('',(#12838),#12842);
#12838 = LINE('',#12839,#12840);
#12839 = CARTESIAN_POINT('',(-3.344320727118,-2.1));
#12840 = VECTOR('',#12841,1.);
#12841 = DIRECTION('',(-0.,-1.));
#12842 = ( GEOMETRIC_REPRESENTATION_CONTEXT(2) 
PARAMETRIC_REPRESENTATION_CONTEXT() REPRESENTATION_CONTEXT('2D SPACE',''
  ) );
#12843 = PCURVE('',#471,#12844);
#12844 = DEFINITIONAL_REPRESENTATION('',(#12845),#12849);
#12845 = LINE('',#12846,#12847);
#12846 = CARTESIAN_POINT('',(17.90513789034,7.9));
#12847 = VECTOR('',#12848,1.);
#12848 = DIRECTION('',(-5.187552420575E-15,-1.));
#12849 = ( GEOMETRIC_REPRESENTATION_CONTEXT(2) 
PARAMETRIC_REPRESENTATION_CONTEXT() REPRESENTATION_CONTEXT('2D SPACE',''
  ) );
#12850 = ORIENTED_EDGE('',*,*,#951,.T.);
#12851 = ORIENTED_EDGE('',*,*,#12757,.F.);
#12852 = ORIENTED_EDGE('',*,*,#12853,.T.);
#12853 = EDGE_CURVE('',#12758,#12829,#12854,.T.);
#12854 = SURFACE_CURVE('',#12855,(#12862,#12872),.PCURVE_S1.);
#12855 = B_SPLINE_CURVE_WITH_KNOTS('',5,(#12856,#12857,#12858,#12859,
    #12860,#12861),.UNSPECIFIED.,.F.,.F.,(6,6),(0.,1.),
  .PIECEWISE_BEZIER_KNOTS.);
#12856 = CARTESIAN_POINT('',(-92.4,59.771100308193,63.5));
#12857 = CARTESIAN_POINT('',(-92.4,59.771100308193,64.102337527598));
#12858 = CARTESIAN_POINT('',(-92.36956336834,59.778541718993,
    64.704597125518));
#12859 = CARTESIAN_POINT('',(-92.30870271602,59.793423010182,
    65.305730984591));
#12860 = CARTESIAN_POINT('',(-92.21724644312,59.81451614132,
    65.904605967027));
#12861 = CARTESIAN_POINT('',(-92.09486198632,59.839414215652,66.5000006)
  );
#12862 = PCURVE('',#966,#12863);
#12863 = DEFINITIONAL_REPRESENTATION('',(#12864),#12871);
#12864 = B_SPLINE_CURVE_WITH_KNOTS('',5,(#12865,#12866,#12867,#12868,
    #12869,#12870),.UNSPECIFIED.,.F.,.F.,(6,6),(0.,1.),
  .PIECEWISE_BEZIER_KNOTS.);
#12865 = CARTESIAN_POINT('',(-3.14159265359,-4.771100308193));
#12866 = CARTESIAN_POINT('',(-3.182017991012,-4.771100308193));
#12867 = CARTESIAN_POINT('',(-3.222438097582,-4.778541718993));
#12868 = CARTESIAN_POINT('',(-3.262920281405,-4.793423010182));
#12869 = CARTESIAN_POINT('',(-3.303525957457,-4.81451614132));
#12870 = CARTESIAN_POINT('',(-3.344320768228,-4.839414215652));
#12871 = ( GEOMETRIC_REPRESENTATION_CONTEXT(2) 
PARAMETRIC_REPRESENTATION_CONTEXT() REPRESENTATION_CONTEXT('2D SPACE',''
  ) );
#12872 = PCURVE('',#73,#12873);
#12873 = DEFINITIONAL_REPRESENTATION('',(#12874),#12881);
#12874 = B_SPLINE_CURVE_WITH_KNOTS('',5,(#12875,#12876,#12877,#12878,
    #12879,#12880),.UNSPECIFIED.,.F.,.F.,(6,6),(0.,1.),
  .PIECEWISE_BEZIER_KNOTS.);
#12875 = CARTESIAN_POINT('',(-0.23979139984,18.5));
#12876 = CARTESIAN_POINT('',(-0.23979139984,17.897662472402));
#12877 = CARTESIAN_POINT('',(-0.235874983772,17.295402874482));
#12878 = CARTESIAN_POINT('',(-0.228042308491,16.694269015409));
#12879 = CARTESIAN_POINT('',(-0.216313897977,16.095394032973));
#12880 = CARTESIAN_POINT('',(-0.200702469186,15.4999994));
#12881 = ( GEOMETRIC_REPRESENTATION_CONTEXT(2) 
PARAMETRIC_REPRESENTATION_CONTEXT() REPRESENTATION_CONTEXT('2D SPACE',''
  ) );
#12882 = ADVANCED_FACE('',(#12883),#471,.F.);
#12883 = FACE_BOUND('',#12884,.F.);
#12884 = EDGE_LOOP('',(#12885,#12886,#12887,#12888,#12889,#12890,#12891,
    #12892,#12893,#12894,#12895,#12896,#12897,#12898,#12899,#12900,
    #12901,#12926,#12954));
#12885 = ORIENTED_EDGE('',*,*,#12828,.F.);
#12886 = ORIENTED_EDGE('',*,*,#453,.F.);
#12887 = ORIENTED_EDGE('',*,*,#982,.T.);
#12888 = ORIENTED_EDGE('',*,*,#12042,.T.);
#12889 = ORIENTED_EDGE('',*,*,#1422,.T.);
#12890 = ORIENTED_EDGE('',*,*,#1373,.T.);
#12891 = ORIENTED_EDGE('',*,*,#1506,.F.);
#12892 = ORIENTED_EDGE('',*,*,#11113,.F.);
#12893 = ORIENTED_EDGE('',*,*,#9531,.F.);
#12894 = ORIENTED_EDGE('',*,*,#9459,.F.);
#12895 = ORIENTED_EDGE('',*,*,#2212,.F.);
#12896 = ORIENTED_EDGE('',*,*,#9378,.F.);
#12897 = ORIENTED_EDGE('',*,*,#4492,.T.);
#12898 = ORIENTED_EDGE('',*,*,#4403,.T.);
#12899 = ORIENTED_EDGE('',*,*,#9209,.F.);
#12900 = ORIENTED_EDGE('',*,*,#8636,.F.);
#12901 = ORIENTED_EDGE('',*,*,#12902,.T.);
#12902 = EDGE_CURVE('',#8637,#12903,#12905,.T.);
#12903 = VERTEX_POINT('',#12904);
#12904 = CARTESIAN_POINT('',(-92.3286054145,59.839414190561,66.5));
#12905 = SURFACE_CURVE('',#12906,(#12910,#12917),.PCURVE_S1.);
#12906 = ( BOUNDED_CURVE() B_SPLINE_CURVE(2,(#12907,#12908,#12909),
.UNSPECIFIED.,.F.,.F.) B_SPLINE_CURVE_WITH_KNOTS((3,3),(0.,
1.370093841877),.PIECEWISE_BEZIER_KNOTS.) CURVE() 
GEOMETRIC_REPRESENTATION_ITEM() RATIONAL_B_SPLINE_CURVE((1.,
0.774389360628,1.)) REPRESENTATION_ITEM('') );
#12907 = CARTESIAN_POINT('',(-98.75,52.,66.5));
#12908 = CARTESIAN_POINT('',(-98.75,58.536343389588,66.5));
#12909 = CARTESIAN_POINT('',(-92.3286054145,59.839414190561,66.5));
#12910 = PCURVE('',#471,#12911);
#12911 = DEFINITIONAL_REPRESENTATION('',(#12912),#12916);
#12912 = ( BOUNDED_CURVE() B_SPLINE_CURVE(2,(#12913,#12914,#12915),
.UNSPECIFIED.,.F.,.F.) B_SPLINE_CURVE_WITH_KNOTS((3,3),(0.,
1.370093841877),.PIECEWISE_BEZIER_KNOTS.) CURVE() 
GEOMETRIC_REPRESENTATION_ITEM() RATIONAL_B_SPLINE_CURVE((1.,
0.774389360628,1.)) REPRESENTATION_ITEM('') );
#12913 = CARTESIAN_POINT('',(11.25,13.));
#12914 = CARTESIAN_POINT('',(11.25,6.463656610412));
#12915 = CARTESIAN_POINT('',(17.671394585493,5.160585809439));
#12916 = ( GEOMETRIC_REPRESENTATION_CONTEXT(2) 
PARAMETRIC_REPRESENTATION_CONTEXT() REPRESENTATION_CONTEXT('2D SPACE',''
  ) );
#12917 = PCURVE('',#132,#12918);
#12918 = DEFINITIONAL_REPRESENTATION('',(#12919),#12925);
#12919 = B_SPLINE_CURVE_WITH_KNOTS('',4,(#12920,#12921,#12922,#12923,
    #12924),.UNSPECIFIED.,.F.,.F.,(5,5),(0.,1.370093841877),
  .PIECEWISE_BEZIER_KNOTS.);
#12920 = CARTESIAN_POINT('',(1.570796326795,15.5));
#12921 = CARTESIAN_POINT('',(1.219414672615,15.5));
#12922 = CARTESIAN_POINT('',(0.876575105178,15.5));
#12923 = CARTESIAN_POINT('',(0.541811595486,15.5));
#12924 = CARTESIAN_POINT('',(0.214720416892,15.5));
#12925 = ( GEOMETRIC_REPRESENTATION_CONTEXT(2) 
PARAMETRIC_REPRESENTATION_CONTEXT() REPRESENTATION_CONTEXT('2D SPACE',''
  ) );
#12926 = ORIENTED_EDGE('',*,*,#12927,.F.);
#12927 = EDGE_CURVE('',#12928,#12903,#12930,.T.);
#12928 = VERTEX_POINT('',#12929);
#12929 = CARTESIAN_POINT('',(-92.3286054145,59.788209180424,66.5));
#12930 = SURFACE_CURVE('',#12931,(#12934,#12940),.PCURVE_S1.);
#12931 = B_SPLINE_CURVE_WITH_KNOTS('',1,(#12932,#12933),.UNSPECIFIED.,
  .F.,.F.,(2,2),(0.,2.739414190561),.PIECEWISE_BEZIER_KNOTS.);
#12932 = CARTESIAN_POINT('',(-92.3286054145,57.1,66.5));
#12933 = CARTESIAN_POINT('',(-92.3286054145,59.839414190561,66.5));
#12934 = PCURVE('',#471,#12935);
#12935 = DEFINITIONAL_REPRESENTATION('',(#12936),#12939);
#12936 = B_SPLINE_CURVE_WITH_KNOTS('',1,(#12937,#12938),.UNSPECIFIED.,
  .F.,.F.,(2,2),(0.,2.739414190561),.PIECEWISE_BEZIER_KNOTS.);
#12937 = CARTESIAN_POINT('',(17.671394585493,7.9));
#12938 = CARTESIAN_POINT('',(17.671394585493,5.160585809439));
#12939 = ( GEOMETRIC_REPRESENTATION_CONTEXT(2) 
PARAMETRIC_REPRESENTATION_CONTEXT() REPRESENTATION_CONTEXT('2D SPACE',''
  ) );
#12940 = PCURVE('',#12941,#12948);
#12941 = ( BOUNDED_SURFACE() B_SPLINE_SURFACE(2,1,(
    (#12942,#12943)
    ,(#12944,#12945)
    ,(#12946,#12947
)),.UNSPECIFIED.,.F.,.F.,.F.) B_SPLINE_SURFACE_WITH_KNOTS((3,3),(2,2),(
    3.14159265359,3.344320727118),(-4.839414190561,-2.1),
.PIECEWISE_BEZIER_KNOTS.) GEOMETRIC_REPRESENTATION_ITEM() 
RATIONAL_B_SPLINE_SURFACE((
    (1.,1.)
    ,(0.994867063219,0.994867063219)
,(1.,1.))) REPRESENTATION_ITEM('') SURFACE() );
#12942 = CARTESIAN_POINT('',(-92.63451776649,59.839414190561,63.5));
#12943 = CARTESIAN_POINT('',(-92.63451776649,57.1,63.5));
#12944 = CARTESIAN_POINT('',(-92.63451776649,59.839414190561,
    65.015518188687));
#12945 = CARTESIAN_POINT('',(-92.63451776649,57.1,65.015518188687));
#12946 = CARTESIAN_POINT('',(-92.3286054145,59.839414190561,66.5));
#12947 = CARTESIAN_POINT('',(-92.3286054145,57.1,66.5));
#12948 = DEFINITIONAL_REPRESENTATION('',(#12949),#12953);
#12949 = B_SPLINE_CURVE_WITH_KNOTS('',2,(#12950,#12951,#12952),
  .UNSPECIFIED.,.F.,.F.,(3,3),(0.,2.739414190561),
  .PIECEWISE_BEZIER_KNOTS.);
#12950 = CARTESIAN_POINT('',(3.344320727118,-2.1));
#12951 = CARTESIAN_POINT('',(3.344320727118,-3.469707095281));
#12952 = CARTESIAN_POINT('',(3.344320727118,-4.839414190561));
#12953 = ( GEOMETRIC_REPRESENTATION_CONTEXT(2) 
PARAMETRIC_REPRESENTATION_CONTEXT() REPRESENTATION_CONTEXT('2D SPACE',''
  ) );
#12954 = ORIENTED_EDGE('',*,*,#12955,.T.);
#12955 = EDGE_CURVE('',#12928,#12829,#12956,.T.);
#12956 = SURFACE_CURVE('',#12957,(#12962,#12969),.PCURVE_S1.);
#12957 = CIRCLE('',#12958,8.);
#12958 = AXIS2_PLACEMENT_3D('',#12959,#12960,#12961);
#12959 = CARTESIAN_POINT('',(-90.5,52.,66.5));
#12960 = DIRECTION('',(0.,-1.224646799147E-16,-1.));
#12961 = DIRECTION('',(-1.,-0.,0.));
#12962 = PCURVE('',#471,#12963);
#12963 = DEFINITIONAL_REPRESENTATION('',(#12964),#12968);
#12964 = CIRCLE('',#12965,8.);
#12965 = AXIS2_PLACEMENT_2D('',#12966,#12967);
#12966 = CARTESIAN_POINT('',(19.5,13.));
#12967 = DIRECTION('',(-1.,0.));
#12968 = ( GEOMETRIC_REPRESENTATION_CONTEXT(2) 
PARAMETRIC_REPRESENTATION_CONTEXT() REPRESENTATION_CONTEXT('2D SPACE',''
  ) );
#12969 = PCURVE('',#73,#12970);
#12970 = DEFINITIONAL_REPRESENTATION('',(#12971),#12975);
#12971 = LINE('',#12972,#12973);
#12972 = CARTESIAN_POINT('',(-1.570796326795,15.5));
#12973 = VECTOR('',#12974,1.);
#12974 = DIRECTION('',(1.,-0.));
#12975 = ( GEOMETRIC_REPRESENTATION_CONTEXT(2) 
PARAMETRIC_REPRESENTATION_CONTEXT() REPRESENTATION_CONTEXT('2D SPACE',''
  ) );
#12976 = ADVANCED_FACE('',(#12977),#12941,.T.);
#12977 = FACE_BOUND('',#12978,.T.);
#12978 = EDGE_LOOP('',(#12979,#12980,#13036,#13062));
#12979 = ORIENTED_EDGE('',*,*,#12927,.F.);
#12980 = ORIENTED_EDGE('',*,*,#12981,.T.);
#12981 = EDGE_CURVE('',#12928,#12982,#12984,.T.);
#12982 = VERTEX_POINT('',#12983);
#12983 = CARTESIAN_POINT('',(-92.63451776649,59.709982743464,63.5));
#12984 = SURFACE_CURVE('',#12985,(#13000,#13018),.PCURVE_S1.);
#12985 = B_SPLINE_CURVE_WITH_KNOTS('',4,(#12986,#12987,#12988,#12989,
    #12990,#12991,#12992,#12993,#12994,#12995,#12996,#12997,#12998,
    #12999),.UNSPECIFIED.,.F.,.F.,(5,3,3,3,5),(0.,0.247177326479,
    0.498237031649,0.749840409205,1.),.UNSPECIFIED.);
#12986 = CARTESIAN_POINT('',(-92.3286054145,59.788209180424,66.5));
#12987 = CARTESIAN_POINT('',(-92.36650802705,59.779309968689,
    66.316072353523));
#12988 = CARTESIAN_POINT('',(-92.40125448265,59.770892288041,
    66.131789926018));
#12989 = CARTESIAN_POINT('',(-92.43285834647,59.763048435585,
    65.947193964677));
#12990 = CARTESIAN_POINT('',(-92.49024637223,59.748535931552,
    65.57455636434));
#12991 = CARTESIAN_POINT('',(-92.51593135613,59.741887654538,
    65.386506155051));
#12992 = CARTESIAN_POINT('',(-92.53839330949,59.735977592408,
    65.198221007684));
#12993 = CARTESIAN_POINT('',(-92.57692436004,59.725722200327,
    64.820865154325));
#12994 = CARTESIAN_POINT('',(-92.59297953272,59.721380265166,
    64.631793611104));
#12995 = CARTESIAN_POINT('',(-92.60580933557,59.717879649085,
    64.442579101424));
#12996 = CARTESIAN_POINT('',(-92.62496845617,59.712626476124,
    64.065046099911));
#12997 = CARTESIAN_POINT('',(-92.63133466728,59.710863990378,
    63.876728659669));
#12998 = CARTESIAN_POINT('',(-92.63451776649,59.709982743464,
    63.68836413739));
#12999 = CARTESIAN_POINT('',(-92.63451776649,59.709982743464,63.5));
#13000 = PCURVE('',#12941,#13001);
#13001 = DEFINITIONAL_REPRESENTATION('',(#13002),#13017);
#13002 = B_SPLINE_CURVE_WITH_KNOTS('',4,(#13003,#13004,#13005,#13006,
    #13007,#13008,#13009,#13010,#13011,#13012,#13013,#13014,#13015,
    #13016),.UNSPECIFIED.,.F.,.F.,(5,3,3,3,5),(0.,0.247177326479,
    0.498237031649,0.749840409205,1.),.UNSPECIFIED.);
#13003 = CARTESIAN_POINT('',(3.344320727118,-4.788209180424));
#13004 = CARTESIAN_POINT('',(3.331696901763,-4.779309968689));
#13005 = CARTESIAN_POINT('',(3.31910308503,-4.770892288041));
#13006 = CARTESIAN_POINT('',(3.306533706848,-4.763048435585));
#13007 = CARTESIAN_POINT('',(3.28123629764,-4.748535931552));
#13008 = CARTESIAN_POINT('',(3.268508872442,-4.741887654538));
#13009 = CARTESIAN_POINT('',(3.255795838956,-4.735977592408));
#13010 = CARTESIAN_POINT('',(3.230360725237,-4.725722200327));
#13011 = CARTESIAN_POINT('',(3.217638680377,-4.721380265166));
#13012 = CARTESIAN_POINT('',(3.204920711239,-4.717879649085));
#13013 = CARTESIAN_POINT('',(3.179555857918,-4.712626476124));
#13014 = CARTESIAN_POINT('',(3.166908979133,-4.710863990378));
#13015 = CARTESIAN_POINT('',(3.154256216518,-4.709982743464));
#13016 = CARTESIAN_POINT('',(3.14159265359,-4.709982743464));
#13017 = ( GEOMETRIC_REPRESENTATION_CONTEXT(2) 
PARAMETRIC_REPRESENTATION_CONTEXT() REPRESENTATION_CONTEXT('2D SPACE',''
  ) );
#13018 = PCURVE('',#73,#13019);
#13019 = DEFINITIONAL_REPRESENTATION('',(#13020),#13035);
#13020 = B_SPLINE_CURVE_WITH_KNOTS('',4,(#13021,#13022,#13023,#13024,
    #13025,#13026,#13027,#13028,#13029,#13030,#13031,#13032,#13033,
    #13034),.UNSPECIFIED.,.F.,.F.,(5,3,3,3,5),(0.,0.247177326479,
    0.498237031649,0.749840409205,1.),.UNSPECIFIED.);
#13021 = CARTESIAN_POINT('',(-0.230614375052,15.5));
#13022 = CARTESIAN_POINT('',(-0.235481041017,15.683927646477));
#13023 = CARTESIAN_POINT('',(-0.23994987764,15.868210073982));
#13024 = CARTESIAN_POINT('',(-0.24402018097,16.052806035323));
#13025 = CARTESIAN_POINT('',(-0.251419503441,16.42544363566));
#13026 = CARTESIAN_POINT('',(-0.254735886487,16.613493844949));
#13027 = CARTESIAN_POINT('',(-0.257639184594,16.801778992316));
#13028 = CARTESIAN_POINT('',(-0.262623245004,17.179134845675));
#13029 = CARTESIAN_POINT('',(-0.26470222126,17.368206388896));
#13030 = CARTESIAN_POINT('',(-0.266364572159,17.557420898576));
#13031 = CARTESIAN_POINT('',(-0.268847852902,17.934953900089));
#13032 = CARTESIAN_POINT('',(-0.269673561021,18.123271340331));
#13033 = CARTESIAN_POINT('',(-0.27008641589,18.31163586261));
#13034 = CARTESIAN_POINT('',(-0.27008641589,18.5));
#13035 = ( GEOMETRIC_REPRESENTATION_CONTEXT(2) 
PARAMETRIC_REPRESENTATION_CONTEXT() REPRESENTATION_CONTEXT('2D SPACE',''
  ) );
#13036 = ORIENTED_EDGE('',*,*,#13037,.F.);
#13037 = EDGE_CURVE('',#13038,#12982,#13040,.T.);
#13038 = VERTEX_POINT('',#13039);
#13039 = CARTESIAN_POINT('',(-92.63451776649,59.771100308193,63.5));
#13040 = SURFACE_CURVE('',#13041,(#13044,#13051),.PCURVE_S1.);
#13041 = B_SPLINE_CURVE_WITH_KNOTS('',1,(#13042,#13043),.UNSPECIFIED.,
  .F.,.F.,(2,2),(0.,2.671100308193),.PIECEWISE_BEZIER_KNOTS.);
#13042 = CARTESIAN_POINT('',(-92.63451776649,59.771100308193,63.5));
#13043 = CARTESIAN_POINT('',(-92.63451776649,57.1,63.5));
#13044 = PCURVE('',#12941,#13045);
#13045 = DEFINITIONAL_REPRESENTATION('',(#13046),#13050);
#13046 = B_SPLINE_CURVE_WITH_KNOTS('',2,(#13047,#13048,#13049),
  .UNSPECIFIED.,.F.,.F.,(3,3),(0.,2.671100308193),
  .PIECEWISE_BEZIER_KNOTS.);
#13047 = CARTESIAN_POINT('',(3.14159265359,-4.771100308193));
#13048 = CARTESIAN_POINT('',(3.14159265359,-3.435550154097));
#13049 = CARTESIAN_POINT('',(3.14159265359,-2.1));
#13050 = ( GEOMETRIC_REPRESENTATION_CONTEXT(2) 
PARAMETRIC_REPRESENTATION_CONTEXT() REPRESENTATION_CONTEXT('2D SPACE',''
  ) );
#13051 = PCURVE('',#13052,#13057);
#13052 = B_SPLINE_SURFACE_WITH_KNOTS('',1,1,(
    (#13053,#13054)
    ,(#13055,#13056
    )),.UNSPECIFIED.,.F.,.F.,.F.,(2,2),(2,2),(0.,24.),(-4.771100308193,
    -2.1),.PIECEWISE_BEZIER_KNOTS.);
#13053 = CARTESIAN_POINT('',(-92.63451776649,59.771100308193,39.5));
#13054 = CARTESIAN_POINT('',(-92.63451776649,57.1,39.5));
#13055 = CARTESIAN_POINT('',(-92.63451776649,59.771100308193,63.5));
#13056 = CARTESIAN_POINT('',(-92.63451776649,57.1,63.5));
#13057 = DEFINITIONAL_REPRESENTATION('',(#13058),#13061);
#13058 = B_SPLINE_CURVE_WITH_KNOTS('',1,(#13059,#13060),.UNSPECIFIED.,
  .F.,.F.,(2,2),(0.,2.671100308193),.PIECEWISE_BEZIER_KNOTS.);
#13059 = CARTESIAN_POINT('',(24.,-4.771100308193));
#13060 = CARTESIAN_POINT('',(24.,-2.1));
#13061 = ( GEOMETRIC_REPRESENTATION_CONTEXT(2) 
PARAMETRIC_REPRESENTATION_CONTEXT() REPRESENTATION_CONTEXT('2D SPACE',''
  ) );
#13062 = ORIENTED_EDGE('',*,*,#13063,.T.);
#13063 = EDGE_CURVE('',#13038,#12903,#13064,.T.);
#13064 = SURFACE_CURVE('',#13065,(#13072,#13082),.PCURVE_S1.);
#13065 = B_SPLINE_CURVE_WITH_KNOTS('',5,(#13066,#13067,#13068,#13069,
    #13070,#13071),.UNSPECIFIED.,.F.,.F.,(6,6),(0.,1.),
  .PIECEWISE_BEZIER_KNOTS.);
#13066 = CARTESIAN_POINT('',(-92.63451776649,59.771100308193,63.5));
#13067 = CARTESIAN_POINT('',(-92.63451776649,59.771100308193,
    64.102337527598));
#13068 = CARTESIAN_POINT('',(-92.6040038845,59.778541718993,
    64.704597125518));
#13069 = CARTESIAN_POINT('',(-92.54298876352,59.793423010182,
    65.305730984591));
#13070 = CARTESIAN_POINT('',(-92.4513003681,59.81451614132,
    65.904605967027));
#13071 = CARTESIAN_POINT('',(-92.32860529086,59.839414215652,66.5000006)
  );
#13072 = PCURVE('',#12941,#13073);
#13073 = DEFINITIONAL_REPRESENTATION('',(#13074),#13081);
#13074 = B_SPLINE_CURVE_WITH_KNOTS('',5,(#13075,#13076,#13077,#13078,
    #13079,#13080),.UNSPECIFIED.,.F.,.F.,(6,6),(0.,0.999999798453),
  .PIECEWISE_BEZIER_KNOTS.);
#13075 = CARTESIAN_POINT('',(3.14159265359,-4.771100308193));
#13076 = CARTESIAN_POINT('',(3.182087292189,-4.771100308193));
#13077 = CARTESIAN_POINT('',(3.22247289371,-4.778541715994));
#13078 = CARTESIAN_POINT('',(3.262886394754,-4.793423001185));
#13079 = CARTESIAN_POINT('',(3.303455982453,-4.814516124315));
#13080 = CARTESIAN_POINT('',(3.344320727118,-4.839414190561));
#13081 = ( GEOMETRIC_REPRESENTATION_CONTEXT(2) 
PARAMETRIC_REPRESENTATION_CONTEXT() REPRESENTATION_CONTEXT('2D SPACE',''
  ) );
#13082 = PCURVE('',#132,#13083);
#13083 = DEFINITIONAL_REPRESENTATION('',(#13084),#13091);
#13084 = B_SPLINE_CURVE_WITH_KNOTS('',5,(#13085,#13086,#13087,#13088,
    #13089,#13090),.UNSPECIFIED.,.F.,.F.,(6,6),(0.,0.999999798453),
  .PIECEWISE_BEZIER_KNOTS.);
#13085 = CARTESIAN_POINT('',(0.254904683646,18.5));
#13086 = CARTESIAN_POINT('',(0.254904603736,17.897662593804));
#13087 = CARTESIAN_POINT('',(0.250901253777,17.295403117245));
#13088 = CARTESIAN_POINT('',(0.242893527217,16.694269378883));
#13089 = CARTESIAN_POINT('',(0.230861583292,16.095394515778));
#13090 = CARTESIAN_POINT('',(0.214720416892,15.5));
#13091 = ( GEOMETRIC_REPRESENTATION_CONTEXT(2) 
PARAMETRIC_REPRESENTATION_CONTEXT() REPRESENTATION_CONTEXT('2D SPACE',''
  ) );
#13092 = ADVANCED_FACE('',(#13093),#13052,.T.);
#13093 = FACE_BOUND('',#13094,.T.);
#13094 = EDGE_LOOP('',(#13095,#13116,#13117,#13146));
#13095 = ORIENTED_EDGE('',*,*,#13096,.F.);
#13096 = EDGE_CURVE('',#13038,#13097,#13099,.T.);
#13097 = VERTEX_POINT('',#13098);
#13098 = CARTESIAN_POINT('',(-92.63451776649,59.771100308193,39.5));
#13099 = SURFACE_CURVE('',#13100,(#13103,#13109),.PCURVE_S1.);
#13100 = B_SPLINE_CURVE_WITH_KNOTS('',1,(#13101,#13102),.UNSPECIFIED.,
  .F.,.F.,(2,2),(18.5,42.5),.PIECEWISE_BEZIER_KNOTS.);
#13101 = CARTESIAN_POINT('',(-92.63451776649,59.771100308193,63.5));
#13102 = CARTESIAN_POINT('',(-92.63451776649,59.771100308193,39.5));
#13103 = PCURVE('',#13052,#13104);
#13104 = DEFINITIONAL_REPRESENTATION('',(#13105),#13108);
#13105 = B_SPLINE_CURVE_WITH_KNOTS('',1,(#13106,#13107),.UNSPECIFIED.,
  .F.,.F.,(2,2),(18.5,42.5),.PIECEWISE_BEZIER_KNOTS.);
#13106 = CARTESIAN_POINT('',(24.,-4.771100308193));
#13107 = CARTESIAN_POINT('',(0.,-4.771100308193));
#13108 = ( GEOMETRIC_REPRESENTATION_CONTEXT(2) 
PARAMETRIC_REPRESENTATION_CONTEXT() REPRESENTATION_CONTEXT('2D SPACE',''
  ) );
#13109 = PCURVE('',#132,#13110);
#13110 = DEFINITIONAL_REPRESENTATION('',(#13111),#13115);
#13111 = B_SPLINE_CURVE_WITH_KNOTS('',2,(#13112,#13113,#13114),
  .UNSPECIFIED.,.F.,.F.,(3,3),(18.5,42.5),.PIECEWISE_BEZIER_KNOTS.);
#13112 = CARTESIAN_POINT('',(0.254904683646,18.5));
#13113 = CARTESIAN_POINT('',(0.254904683646,30.5));
#13114 = CARTESIAN_POINT('',(0.254904683646,42.5));
#13115 = ( GEOMETRIC_REPRESENTATION_CONTEXT(2) 
PARAMETRIC_REPRESENTATION_CONTEXT() REPRESENTATION_CONTEXT('2D SPACE',''
  ) );
#13116 = ORIENTED_EDGE('',*,*,#13037,.T.);
#13117 = ORIENTED_EDGE('',*,*,#13118,.T.);
#13118 = EDGE_CURVE('',#12982,#13119,#13121,.T.);
#13119 = VERTEX_POINT('',#13120);
#13120 = CARTESIAN_POINT('',(-92.63451776649,59.709982743464,39.5));
#13121 = SURFACE_CURVE('',#13122,(#13128,#13137),.PCURVE_S1.);
#13122 = B_SPLINE_CURVE_WITH_KNOTS('',4,(#13123,#13124,#13125,#13126,
    #13127),.UNSPECIFIED.,.F.,.F.,(5,5),(0.,1.),
  .PIECEWISE_BEZIER_KNOTS.);
#13123 = CARTESIAN_POINT('',(-92.63451776649,59.709982743464,63.5));
#13124 = CARTESIAN_POINT('',(-92.63451776649,59.709982743464,57.5));
#13125 = CARTESIAN_POINT('',(-92.63451776649,59.709982743464,51.5));
#13126 = CARTESIAN_POINT('',(-92.63451776649,59.709982743464,45.5));
#13127 = CARTESIAN_POINT('',(-92.63451776649,59.709982743464,39.5));
#13128 = PCURVE('',#13052,#13129);
#13129 = DEFINITIONAL_REPRESENTATION('',(#13130),#13136);
#13130 = B_SPLINE_CURVE_WITH_KNOTS('',4,(#13131,#13132,#13133,#13134,
    #13135),.UNSPECIFIED.,.F.,.F.,(5,5),(0.,1.),
  .PIECEWISE_BEZIER_KNOTS.);
#13131 = CARTESIAN_POINT('',(24.,-4.709982743464));
#13132 = CARTESIAN_POINT('',(18.,-4.709982743464));
#13133 = CARTESIAN_POINT('',(12.,-4.709982743464));
#13134 = CARTESIAN_POINT('',(6.,-4.709982743464));
#13135 = CARTESIAN_POINT('',(0.,-4.709982743464));
#13136 = ( GEOMETRIC_REPRESENTATION_CONTEXT(2) 
PARAMETRIC_REPRESENTATION_CONTEXT() REPRESENTATION_CONTEXT('2D SPACE',''
  ) );
#13137 = PCURVE('',#73,#13138);
#13138 = DEFINITIONAL_REPRESENTATION('',(#13139),#13145);
#13139 = B_SPLINE_CURVE_WITH_KNOTS('',4,(#13140,#13141,#13142,#13143,
    #13144),.UNSPECIFIED.,.F.,.F.,(5,5),(0.,1.),
  .PIECEWISE_BEZIER_KNOTS.);
#13140 = CARTESIAN_POINT('',(-0.27008641589,18.5));
#13141 = CARTESIAN_POINT('',(-0.27008641589,24.5));
#13142 = CARTESIAN_POINT('',(-0.27008641589,30.5));
#13143 = CARTESIAN_POINT('',(-0.27008641589,36.5));
#13144 = CARTESIAN_POINT('',(-0.27008641589,42.5));
#13145 = ( GEOMETRIC_REPRESENTATION_CONTEXT(2) 
PARAMETRIC_REPRESENTATION_CONTEXT() REPRESENTATION_CONTEXT('2D SPACE',''
  ) );
#13146 = ORIENTED_EDGE('',*,*,#13147,.F.);
#13147 = EDGE_CURVE('',#13097,#13119,#13148,.T.);
#13148 = SURFACE_CURVE('',#13149,(#13152,#13158),.PCURVE_S1.);
#13149 = B_SPLINE_CURVE_WITH_KNOTS('',1,(#13150,#13151),.UNSPECIFIED.,
  .F.,.F.,(2,2),(0.,2.671100308193),.PIECEWISE_BEZIER_KNOTS.);
#13150 = CARTESIAN_POINT('',(-92.63451776649,59.771100308193,39.5));
#13151 = CARTESIAN_POINT('',(-92.63451776649,57.1,39.5));
#13152 = PCURVE('',#13052,#13153);
#13153 = DEFINITIONAL_REPRESENTATION('',(#13154),#13157);
#13154 = B_SPLINE_CURVE_WITH_KNOTS('',1,(#13155,#13156),.UNSPECIFIED.,
  .F.,.F.,(2,2),(0.,2.671100308193),.PIECEWISE_BEZIER_KNOTS.);
#13155 = CARTESIAN_POINT('',(0.,-4.771100308193));
#13156 = CARTESIAN_POINT('',(0.,-2.1));
#13157 = ( GEOMETRIC_REPRESENTATION_CONTEXT(2) 
PARAMETRIC_REPRESENTATION_CONTEXT() REPRESENTATION_CONTEXT('2D SPACE',''
  ) );
#13158 = PCURVE('',#101,#13159);
#13159 = DEFINITIONAL_REPRESENTATION('',(#13160),#13164);
#13160 = B_SPLINE_CURVE_WITH_KNOTS('',2,(#13161,#13162,#13163),
  .UNSPECIFIED.,.F.,.F.,(3,3),(0.,2.671100308193),
  .PIECEWISE_BEZIER_KNOTS.);
#13161 = CARTESIAN_POINT('',(3.14159265359,-4.771100308193));
#13162 = CARTESIAN_POINT('',(3.14159265359,-3.435550154097));
#13163 = CARTESIAN_POINT('',(3.14159265359,-2.1));
#13164 = ( GEOMETRIC_REPRESENTATION_CONTEXT(2) 
PARAMETRIC_REPRESENTATION_CONTEXT() REPRESENTATION_CONTEXT('2D SPACE',''
  ) );
#13165 = ADVANCED_FACE('',(#13166),#336,.F.);
#13166 = FACE_BOUND('',#13167,.T.);
#13167 = EDGE_LOOP('',(#13168,#13169,#13170,#13171,#13225));
#13168 = ORIENTED_EDGE('',*,*,#428,.F.);
#13169 = ORIENTED_EDGE('',*,*,#876,.T.);
#13170 = ORIENTED_EDGE('',*,*,#12708,.T.);
#13171 = ORIENTED_EDGE('',*,*,#13172,.T.);
#13172 = EDGE_CURVE('',#12709,#292,#13173,.T.);
#13173 = SURFACE_CURVE('',#13174,(#13189,#13207),.PCURVE_S1.);
#13174 = B_SPLINE_CURVE_WITH_KNOTS('',7,(#13175,#13176,#13177,#13178,
    #13179,#13180,#13181,#13182,#13183,#13184,#13185,#13186,#13187,
    #13188),.UNSPECIFIED.,.F.,.F.,(8,6,8),(0.,0.394425542712,1.),
  .UNSPECIFIED.);
#13175 = CARTESIAN_POINT('',(92.4,59.771100308193,39.5));
#13176 = CARTESIAN_POINT('',(92.4,59.771100308193,39.079903352875));
#13177 = CARTESIAN_POINT('',(92.386181763608,59.774478710276,
    38.659839890051));
#13178 = CARTESIAN_POINT('',(92.358548446238,59.781235158074,
    38.240089573366));
#13179 = CARTESIAN_POINT('',(92.31707944127,59.791209979759,
    37.820943251502));
#13180 = CARTESIAN_POINT('',(92.261731369775,59.80408621182,
    37.402702784078));
#13181 = CARTESIAN_POINT('',(92.192439070233,59.819391622841,
    36.985681165735));
#13182 = CARTESIAN_POINT('',(91.981188851996,59.862768921182,
    35.932304874109));
#13183 = CARTESIAN_POINT('',(91.820222201392,59.89328214888,
    35.298215127237));
#13184 = CARTESIAN_POINT('',(91.625842959107,59.925791276803,
    34.668645599133));
#13185 = CARTESIAN_POINT('',(91.397438175891,59.957218113936,
    34.044528075155));
#13186 = CARTESIAN_POINT('',(91.134225203062,59.983601955376,
    33.427085454774));
#13187 = CARTESIAN_POINT('',(90.835327988685,60.,32.81793779981));
#13188 = CARTESIAN_POINT('',(90.5,60.,32.219203340293));
#13189 = PCURVE('',#336,#13190);
#13190 = DEFINITIONAL_REPRESENTATION('',(#13191),#13206);
#13191 = B_SPLINE_CURVE_WITH_KNOTS('',7,(#13192,#13193,#13194,#13195,
    #13196,#13197,#13198,#13199,#13200,#13201,#13202,#13203,#13204,
    #13205),.UNSPECIFIED.,.F.,.F.,(8,6,8),(0.,0.394425542712,1.),
  .UNSPECIFIED.);
#13192 = CARTESIAN_POINT('',(0.,-4.771100308193));
#13193 = CARTESIAN_POINT('',(-2.819440584731E-02,-4.771100308193));
#13194 = CARTESIAN_POINT('',(-5.638658434177E-02,-4.774478710276));
#13195 = CARTESIAN_POINT('',(-8.459435256565E-02,-4.781235158074));
#13196 = CARTESIAN_POINT('',(-0.112834777045,-4.791209979759));
#13197 = CARTESIAN_POINT('',(-0.14112459957,-4.80408621182));
#13198 = CARTESIAN_POINT('',(-0.169480663018,-4.819391622841));
#13199 = CARTESIAN_POINT('',(-0.241584700608,-4.862768921182));
#13200 = CARTESIAN_POINT('',(-0.28543448876,-4.89328214888));
#13201 = CARTESIAN_POINT('',(-0.329563717189,-4.925791276803));
#13202 = CARTESIAN_POINT('',(-0.374060420031,-4.957218113936));
#13203 = CARTESIAN_POINT('',(-0.419006971019,-4.983601955376));
#13204 = CARTESIAN_POINT('',(-0.464478475392,-5.));
#13205 = CARTESIAN_POINT('',(-0.510534972278,-5.));
#13206 = ( GEOMETRIC_REPRESENTATION_CONTEXT(2) 
PARAMETRIC_REPRESENTATION_CONTEXT() REPRESENTATION_CONTEXT('2D SPACE',''
  ) );
#13207 = PCURVE('',#307,#13208);
#13208 = DEFINITIONAL_REPRESENTATION('',(#13209),#13224);
#13209 = B_SPLINE_CURVE_WITH_KNOTS('',7,(#13210,#13211,#13212,#13213,
    #13214,#13215,#13216,#13217,#13218,#13219,#13220,#13221,#13222,
    #13223),.UNSPECIFIED.,.F.,.F.,(8,6,8),(0.,0.394425542712,1.),
  .UNSPECIFIED.);
#13210 = CARTESIAN_POINT('',(0.23979139984,42.5));
#13211 = CARTESIAN_POINT('',(0.23979139984,42.920096647125));
#13212 = CARTESIAN_POINT('',(0.238013337137,43.340160109949));
#13213 = CARTESIAN_POINT('',(0.234457253639,43.759910426634));
#13214 = CARTESIAN_POINT('',(0.229125818917,44.179056748498));
#13215 = CARTESIAN_POINT('',(0.222023168941,44.597297215922));
#13216 = CARTESIAN_POINT('',(0.213153744816,45.014318834265));
#13217 = CARTESIAN_POINT('',(0.186196531983,46.067695125891));
#13218 = CARTESIAN_POINT('',(0.165719770724,46.701784872763));
#13219 = CARTESIAN_POINT('',(0.141094321795,47.331354400867));
#13220 = CARTESIAN_POINT('',(0.112299907121,47.955471924845));
#13221 = CARTESIAN_POINT('',(7.927818242115E-02,48.572914545226));
#13222 = CARTESIAN_POINT('',(4.191599858557E-02,49.18206220019));
#13223 = CARTESIAN_POINT('',(0.,49.780796659707));
#13224 = ( GEOMETRIC_REPRESENTATION_CONTEXT(2) 
PARAMETRIC_REPRESENTATION_CONTEXT() REPRESENTATION_CONTEXT('2D SPACE',''
  ) );
#13225 = ORIENTED_EDGE('',*,*,#319,.F.);
#13226 = ADVANCED_FACE('',(#13227),#307,.T.);
#13227 = FACE_BOUND('',#13228,.T.);
#13228 = EDGE_LOOP('',(#13229,#13230,#13231,#13232,#13233,#13234,#13235,
    #13236));
#13229 = ORIENTED_EDGE('',*,*,#291,.F.);
#13230 = ORIENTED_EDGE('',*,*,#13172,.F.);
#13231 = ORIENTED_EDGE('',*,*,#12733,.F.);
#13232 = ORIENTED_EDGE('',*,*,#12675,.F.);
#13233 = ORIENTED_EDGE('',*,*,#12368,.T.);
#13234 = ORIENTED_EDGE('',*,*,#12489,.F.);
#13235 = ORIENTED_EDGE('',*,*,#12600,.F.);
#13236 = ORIENTED_EDGE('',*,*,#13237,.T.);
#13237 = EDGE_CURVE('',#12578,#259,#13238,.T.);
#13238 = SURFACE_CURVE('',#13239,(#13262,#13288),.PCURVE_S1.);
#13239 = B_SPLINE_CURVE_WITH_KNOTS('',6,(#13240,#13241,#13242,#13243,
    #13244,#13245,#13246,#13247,#13248,#13249,#13250,#13251,#13252,
    #13253,#13254,#13255,#13256,#13257,#13258,#13259,#13260,#13261),
  .UNSPECIFIED.,.F.,.F.,(7,5,5,5,7),(0.,0.22064058871,0.420517653889,
    0.671252859222,1.),.UNSPECIFIED.);
#13240 = CARTESIAN_POINT('',(92.634517766497,59.709982743464,39.5));
#13241 = CARTESIAN_POINT('',(92.634517766497,59.709982743464,
    39.210104911559));
#13242 = CARTESIAN_POINT('',(92.627732344229,59.711861277283,
    38.92020155976));
#13243 = CARTESIAN_POINT('',(92.614160723287,59.715618650394,
    38.630407960297));
#13244 = CARTESIAN_POINT('',(92.59379757502,59.721207927348,
    38.34084023744));
#13245 = CARTESIAN_POINT('',(92.566632114857,59.728535849944,
    38.051612687477));
#13246 = CARTESIAN_POINT('',(92.501860454681,59.745551494575,
    37.501238338111));
#13247 = CARTESIAN_POINT('',(92.465477329781,59.754952284545,
    37.240010078902));
#13248 = CARTESIAN_POINT('',(92.423484870711,59.765563092037,
    36.979235850247));
#13249 = CARTESIAN_POINT('',(92.375865639631,59.777250628405,
    36.718996500807));
#13250 = CARTESIAN_POINT('',(92.322596456168,59.789852033009,
    36.459371093782));
#13251 = CARTESIAN_POINT('',(92.18969833998,59.819889212201,
    35.875618008146));
#13252 = CARTESIAN_POINT('',(92.106811821002,59.837739195439,
    35.551890048279));
#13253 = CARTESIAN_POINT('',(92.014926865802,59.856346345708,
    35.229401118983));
#13254 = CARTESIAN_POINT('',(91.91396722669,59.875261072234,
    34.908305302384));
#13255 = CARTESIAN_POINT('',(91.803837973415,59.893958842892,
    34.58876312524));
#13256 = CARTESIAN_POINT('',(91.527852594971,59.935274570578,
    33.854235992175));
#13257 = CARTESIAN_POINT('',(91.355332826392,59.957299716148,
    33.440525742043));
#13258 = CARTESIAN_POINT('',(91.166585847924,59.976551740619,
    33.03013758713));
#13259 = CARTESIAN_POINT('',(90.961305072366,59.991418054891,
    32.623552610476));
#13260 = CARTESIAN_POINT('',(90.739194142328,59.999999995998,
    32.221395743829));
#13261 = CARTESIAN_POINT('',(90.50000013385,60.,31.824424098153));
#13262 = PCURVE('',#307,#13263);
#13263 = DEFINITIONAL_REPRESENTATION('',(#13264),#13287);
#13264 = B_SPLINE_CURVE_WITH_KNOTS('',6,(#13265,#13266,#13267,#13268,
    #13269,#13270,#13271,#13272,#13273,#13274,#13275,#13276,#13277,
    #13278,#13279,#13280,#13281,#13282,#13283,#13284,#13285,#13286),
  .UNSPECIFIED.,.F.,.F.,(7,5,5,5,7),(0.,0.22064058871,0.420517653889,
    0.671252859222,1.),.UNSPECIFIED.);
#13265 = CARTESIAN_POINT('',(0.27008641589,42.5));
#13266 = CARTESIAN_POINT('',(0.27008641589,42.789895088441));
#13267 = CARTESIAN_POINT('',(0.269206339514,43.07979844024));
#13268 = CARTESIAN_POINT('',(0.267446055637,43.369592039703));
#13269 = CARTESIAN_POINT('',(0.264806541651,43.65915976256));
#13270 = CARTESIAN_POINT('',(0.261289553997,43.948387312523));
#13271 = CARTESIAN_POINT('',(0.252918379381,44.498761661889));
#13272 = CARTESIAN_POINT('',(0.248221169966,44.759989921098));
#13273 = CARTESIAN_POINT('',(0.242807248779,45.020764149753));
#13274 = CARTESIAN_POINT('',(0.236678451055,45.281003499193));
#13275 = CARTESIAN_POINT('',(0.229836366612,45.540628906218));
#13276 = CARTESIAN_POINT('',(0.21280508041,46.124381991854));
#13277 = CARTESIAN_POINT('',(0.202207296714,46.448109951721));
#13278 = CARTESIAN_POINT('',(0.190489928431,46.770598881017));
#13279 = CARTESIAN_POINT('',(0.177652858784,47.091694697616));
#13280 = CARTESIAN_POINT('',(0.163692365743,47.41123687476));
#13281 = CARTESIAN_POINT('',(0.128809768347,48.145764007825));
#13282 = CARTESIAN_POINT('',(0.10707483259,48.559474257957));
#13283 = CARTESIAN_POINT('',(8.337128973235E-02,48.96986241287));
#13284 = CARTESIAN_POINT('',(5.766314719299E-02,49.376447389524));
#13285 = CARTESIAN_POINT('',(2.989926779105E-02,49.778604256171));
#13286 = CARTESIAN_POINT('',(1.673122618229E-08,50.175575901847));
#13287 = ( GEOMETRIC_REPRESENTATION_CONTEXT(2) 
PARAMETRIC_REPRESENTATION_CONTEXT() REPRESENTATION_CONTEXT('2D SPACE',''
  ) );
#13288 = PCURVE('',#274,#13289);
#13289 = DEFINITIONAL_REPRESENTATION('',(#13290),#13313);
#13290 = B_SPLINE_CURVE_WITH_KNOTS('',6,(#13291,#13292,#13293,#13294,
    #13295,#13296,#13297,#13298,#13299,#13300,#13301,#13302,#13303,
    #13304,#13305,#13306,#13307,#13308,#13309,#13310,#13311,#13312),
  .UNSPECIFIED.,.F.,.F.,(7,5,5,5,7),(0.,0.22064058871,0.420517653889,
    0.671252859222,1.),.UNSPECIFIED.);
#13291 = CARTESIAN_POINT('',(0.,-4.709982743464));
#13292 = CARTESIAN_POINT('',(2.161023393105E-02,-4.709982743464));
#13293 = CARTESIAN_POINT('',(4.301209717937E-02,-4.711861277283));
#13294 = CARTESIAN_POINT('',(6.422264371635E-02,-4.715618650394));
#13295 = CARTESIAN_POINT('',(8.525810488365E-02,-4.721207927348));
#13296 = CARTESIAN_POINT('',(0.106134132306,-4.728535849944));
#13297 = CARTESIAN_POINT('',(0.145646959811,-4.745551494575));
#13298 = CARTESIAN_POINT('',(0.164309626745,-4.754952284545));
#13299 = CARTESIAN_POINT('',(0.182865489512,-4.765563092037));
#13300 = CARTESIAN_POINT('',(0.201325813655,-4.777250628405));
#13301 = CARTESIAN_POINT('',(0.21970182508,-4.789852033009));
#13302 = CARTESIAN_POINT('',(0.260965032889,-4.819889212201));
#13303 = CARTESIAN_POINT('',(0.28381014114,-4.837739195439));
#13304 = CARTESIAN_POINT('',(0.306562902247,-4.856346345708));
#13305 = CARTESIAN_POINT('',(0.329245561955,-4.875261072234));
#13306 = CARTESIAN_POINT('',(0.351880465068,-4.893958842892));
#13307 = CARTESIAN_POINT('',(0.404135565882,-4.935274570578));
#13308 = CARTESIAN_POINT('',(0.43373533242,-4.957299716148));
#13309 = CARTESIAN_POINT('',(0.463345384004,-4.976551740619));
#13310 = CARTESIAN_POINT('',(0.493013794093,-4.991418054891));
#13311 = CARTESIAN_POINT('',(0.522784275607,-4.999999995998));
#13312 = CARTESIAN_POINT('',(0.552697711983,-5.));
#13313 = ( GEOMETRIC_REPRESENTATION_CONTEXT(2) 
PARAMETRIC_REPRESENTATION_CONTEXT() REPRESENTATION_CONTEXT('2D SPACE',''
  ) );
#13314 = ADVANCED_FACE('',(#13315),#274,.T.);
#13315 = FACE_BOUND('',#13316,.T.);
#13316 = EDGE_LOOP('',(#13317,#13318,#13319,#13320));
#13317 = ORIENTED_EDGE('',*,*,#258,.F.);
#13318 = ORIENTED_EDGE('',*,*,#13237,.F.);
#13319 = ORIENTED_EDGE('',*,*,#12577,.T.);
#13320 = ORIENTED_EDGE('',*,*,#13321,.T.);
#13321 = EDGE_CURVE('',#12580,#231,#13322,.T.);
#13322 = SURFACE_CURVE('',#13323,(#13338,#13360),.PCURVE_S1.);
#13323 = B_SPLINE_CURVE_WITH_KNOTS('',7,(#13324,#13325,#13326,#13327,
    #13328,#13329,#13330,#13331,#13332,#13333,#13334,#13335,#13336,
    #13337),.UNSPECIFIED.,.F.,.F.,(8,6,8),(0.,0.394425542712,1.),
  .UNSPECIFIED.);
#13324 = CARTESIAN_POINT('',(92.634517766497,59.771100308193,39.5));
#13325 = CARTESIAN_POINT('',(92.634517766497,59.771100308193,
    39.079903352875));
#13326 = CARTESIAN_POINT('',(92.62066445844,59.774478710276,
    38.659839890051));
#13327 = CARTESIAN_POINT('',(92.592961005746,59.781235158074,
    38.240089573366));
#13328 = CARTESIAN_POINT('',(92.551386749496,59.791209979759,
    37.820943251502));
#13329 = CARTESIAN_POINT('',(92.495898200662,59.80408621182,
    37.402702784078));
#13330 = CARTESIAN_POINT('',(92.42643003234,59.819391622841,
    36.985681165735));
#13331 = CARTESIAN_POINT('',(92.214643646037,59.862768921182,
    35.932304874109));
#13332 = CARTESIAN_POINT('',(92.053268450634,59.89328214888,
    35.298215127237));
#13333 = CARTESIAN_POINT('',(91.858395860019,59.925791276803,
    34.668645599133));
#13334 = CARTESIAN_POINT('',(91.629411369231,59.957218113936,
    34.044528075155));
#13335 = CARTESIAN_POINT('',(91.365530343171,59.983601955376,
    33.427085454774));
#13336 = CARTESIAN_POINT('',(91.065874506422,60.,32.81793779981));
#13337 = CARTESIAN_POINT('',(90.729695431472,60.,32.219203340293));
#13338 = PCURVE('',#274,#13339);
#13339 = DEFINITIONAL_REPRESENTATION('',(#13340),#13359);
#13340 = B_SPLINE_CURVE_WITH_KNOTS('',6,(#13341,#13342,#13343,#13344,
    #13345,#13346,#13347,#13348,#13349,#13350,#13351,#13352,#13353,
    #13354,#13355,#13356,#13357,#13358),.UNSPECIFIED.,.F.,.F.,(7,5,6,7),
  (0.,0.25,0.4375,1.),.UNSPECIFIED.);
#13341 = CARTESIAN_POINT('',(-1.787997423035E-30,-4.771100308193));
#13342 = CARTESIAN_POINT('',(2.315735734086E-02,-4.771100255173));
#13343 = CARTESIAN_POINT('',(4.607346666813E-02,-4.773000566998));
#13344 = CARTESIAN_POINT('',(6.877063671312E-02,-4.776800618285));
#13345 = CARTESIAN_POINT('',(9.126991690242E-02,-4.782440510562));
#13346 = CARTESIAN_POINT('',(0.113591097358,-4.789801072264));
#13347 = CARTESIAN_POINT('',(0.152374018421,-4.80538102684));
#13348 = CARTESIAN_POINT('',(0.16890535314,-4.812925677017));
#13349 = CARTESIAN_POINT('',(0.185355156788,-4.821262954449));
#13350 = CARTESIAN_POINT('',(0.201731143749,-4.830299328738));
#13351 = CARTESIAN_POINT('',(0.218040299049,-4.839922593908));
#13352 = CARTESIAN_POINT('',(0.234288878364,-4.850001868401));
#13353 = CARTESIAN_POINT('',(0.283035224809,-4.880240322073));
#13354 = CARTESIAN_POINT('',(0.331246913328,-4.914587132797));
#13355 = CARTESIAN_POINT('',(0.379163879244,-4.949565530597));
#13356 = CARTESIAN_POINT('',(0.426995122848,-4.980194139996));
#13357 = CARTESIAN_POINT('',(0.474935122703,-4.999999736904));
#13358 = CARTESIAN_POINT('',(0.523158422483,-5.));
#13359 = ( GEOMETRIC_REPRESENTATION_CONTEXT(2) 
PARAMETRIC_REPRESENTATION_CONTEXT() REPRESENTATION_CONTEXT('2D SPACE',''
  ) );
#13360 = PCURVE('',#244,#13361);
#13361 = DEFINITIONAL_REPRESENTATION('',(#13362),#13393);
#13362 = B_SPLINE_CURVE_WITH_KNOTS('',8,(#13363,#13364,#13365,#13366,
    #13367,#13368,#13369,#13370,#13371,#13372,#13373,#13374,#13375,
    #13376,#13377,#13378,#13379,#13380,#13381,#13382,#13383,#13384,
    #13385,#13386,#13387,#13388,#13389,#13390,#13391,#13392),
  .UNSPECIFIED.,.F.,.F.,(9,7,7,7,9),(0.,0.25,0.34375,0.42578125,1.),
  .UNSPECIFIED.);
#13363 = CARTESIAN_POINT('',(0.254904683646,42.5));
#13364 = CARTESIAN_POINT('',(0.254904704012,42.732987300692));
#13365 = CARTESIAN_POINT('',(0.254356966738,42.965964595824));
#13366 = CARTESIAN_POINT('',(0.253261605885,43.198887339864));
#13367 = CARTESIAN_POINT('',(0.251618400354,43.431710099193));
#13368 = CARTESIAN_POINT('',(0.24942677388,43.664386552112));
#13369 = CARTESIAN_POINT('',(0.246685795038,43.896869488842));
#13370 = CARTESIAN_POINT('',(0.24339417724,44.129110811518));
#13371 = CARTESIAN_POINT('',(0.238108787607,44.448043022605));
#13372 = CARTESIAN_POINT('',(0.236589653834,44.534983697984));
#13373 = CARTESIAN_POINT('',(0.234992758018,44.621880932076));
#13374 = CARTESIAN_POINT('',(0.233317980763,44.708732096621));
#13375 = CARTESIAN_POINT('',(0.231565202675,44.795534563361));
#13376 = CARTESIAN_POINT('',(0.229734304356,44.882285704037));
#13377 = CARTESIAN_POINT('',(0.227825166413,44.96898289039));
#13378 = CARTESIAN_POINT('',(0.224098587961,45.131434135975));
#13379 = CARTESIAN_POINT('',(0.222299523375,45.207200027381));
#13380 = CARTESIAN_POINT('',(0.220440175632,45.282926852025));
#13381 = CARTESIAN_POINT('',(0.218521009062,45.358591304208));
#13382 = CARTESIAN_POINT('',(0.21654086974,45.434230910242));
#13383 = CARTESIAN_POINT('',(0.214500799919,45.509799119186));
#13384 = CARTESIAN_POINT('',(0.212400002256,45.585320194487));
#13385 = CARTESIAN_POINT('',(0.195108186123,46.189038947706));
#13386 = CARTESIAN_POINT('',(0.177002074011,46.714596812448));
#13387 = CARTESIAN_POINT('',(0.155866310757,47.237053670948));
#13388 = CARTESIAN_POINT('',(0.131613532326,47.755912530213));
#13389 = CARTESIAN_POINT('',(0.104119886328,48.2705603935));
#13390 = CARTESIAN_POINT('',(7.320971591759E-02,48.780241885415));
#13391 = CARTESIAN_POINT('',(3.862792146527E-02,49.284030383988));
#13392 = CARTESIAN_POINT('',(0.,49.780796659707));
#13393 = ( GEOMETRIC_REPRESENTATION_CONTEXT(2) 
PARAMETRIC_REPRESENTATION_CONTEXT() REPRESENTATION_CONTEXT('2D SPACE',''
  ) );
#13394 = ADVANCED_FACE('',(#13395),#244,.T.);
#13395 = FACE_BOUND('',#13396,.T.);
#13396 = EDGE_LOOP('',(#13397,#13398,#13399,#13400,#13401,#13402,#13403)
  );
#13397 = ORIENTED_EDGE('',*,*,#230,.F.);
#13398 = ORIENTED_EDGE('',*,*,#13321,.F.);
#13399 = ORIENTED_EDGE('',*,*,#12628,.F.);
#13400 = ORIENTED_EDGE('',*,*,#12544,.F.);
#13401 = ORIENTED_EDGE('',*,*,#12420,.T.);
#13402 = ORIENTED_EDGE('',*,*,#9074,.T.);
#13403 = ORIENTED_EDGE('',*,*,#8921,.T.);
#13404 = ADVANCED_FACE('',(#13405),#216,.F.);
#13405 = FACE_BOUND('',#13406,.F.);
#13406 = EDGE_LOOP('',(#13407,#13408,#13439,#13440));
#13407 = ORIENTED_EDGE('',*,*,#202,.F.);
#13408 = ORIENTED_EDGE('',*,*,#13409,.T.);
#13409 = EDGE_CURVE('',#175,#5670,#13410,.T.);
#13410 = SURFACE_CURVE('',#13411,(#13416,#13432),.PCURVE_S1.);
#13411 = CIRCLE('',#13412,3.);
#13412 = AXIS2_PLACEMENT_3D('',#13413,#13414,#13415);
#13413 = CARTESIAN_POINT('',(90.5,57.,3.));
#13414 = DIRECTION('',(-1.,0.,-0.));
#13415 = DIRECTION('',(0.,1.,-1.224646799147E-16));
#13416 = PCURVE('',#216,#13417);
#13417 = DEFINITIONAL_REPRESENTATION('',(#13418),#13431);
#13418 = B_SPLINE_CURVE_WITH_KNOTS('',6,(#13419,#13420,#13421,#13422,
    #13423,#13424,#13425,#13426,#13427,#13428,#13429,#13430),
  .UNSPECIFIED.,.F.,.F.,(7,5,7),(0.,0.785398163397,1.570796326795),
  .UNSPECIFIED.);
#13419 = CARTESIAN_POINT('',(0.,180.77088607594));
#13420 = CARTESIAN_POINT('',(0.145392649905,180.77088607593));
#13421 = CARTESIAN_POINT('',(0.281328396572,180.77088607604));
#13422 = CARTESIAN_POINT('',(0.411187833803,180.77088607572));
#13423 = CARTESIAN_POINT('',(0.537194888734,180.77088607609));
#13424 = CARTESIAN_POINT('',(0.661297780171,180.77088607593));
#13425 = CARTESIAN_POINT('',(0.909498546624,180.7708860759));
#13426 = CARTESIAN_POINT('',(1.03360143806,180.77088607619));
#13427 = CARTESIAN_POINT('',(1.159608492994,180.77088607555));
#13428 = CARTESIAN_POINT('',(1.289467930222,180.77088607624));
#13429 = CARTESIAN_POINT('',(1.42540367689,180.77088607589));
#13430 = CARTESIAN_POINT('',(1.570796326795,180.77088607594));
#13431 = ( GEOMETRIC_REPRESENTATION_CONTEXT(2) 
PARAMETRIC_REPRESENTATION_CONTEXT() REPRESENTATION_CONTEXT('2D SPACE',''
  ) );
#13432 = PCURVE('',#190,#13433);
#13433 = DEFINITIONAL_REPRESENTATION('',(#13434),#13438);
#13434 = LINE('',#13435,#13436);
#13435 = CARTESIAN_POINT('',(-0.,181.));
#13436 = VECTOR('',#13437,1.);
#13437 = DIRECTION('',(-1.,0.));
#13438 = ( GEOMETRIC_REPRESENTATION_CONTEXT(2) 
PARAMETRIC_REPRESENTATION_CONTEXT() REPRESENTATION_CONTEXT('2D SPACE',''
  ) );
#13439 = ORIENTED_EDGE('',*,*,#5692,.T.);
#13440 = ORIENTED_EDGE('',*,*,#8900,.F.);
#13441 = ADVANCED_FACE('',(#13442),#190,.T.);
#13442 = FACE_BOUND('',#13443,.F.);
#13443 = EDGE_LOOP('',(#13444,#13475,#13476,#13477));
#13444 = ORIENTED_EDGE('',*,*,#13445,.T.);
#13445 = EDGE_CURVE('',#147,#5649,#13446,.T.);
#13446 = SURFACE_CURVE('',#13447,(#13452,#13459),.PCURVE_S1.);
#13447 = CIRCLE('',#13448,3.);
#13448 = AXIS2_PLACEMENT_3D('',#13449,#13450,#13451);
#13449 = CARTESIAN_POINT('',(-90.5,57.,3.));
#13450 = DIRECTION('',(-1.,0.,-0.));
#13451 = DIRECTION('',(0.,1.,-1.224646799147E-16));
#13452 = PCURVE('',#190,#13453);
#13453 = DEFINITIONAL_REPRESENTATION('',(#13454),#13458);
#13454 = LINE('',#13455,#13456);
#13455 = CARTESIAN_POINT('',(-0.,0.));
#13456 = VECTOR('',#13457,1.);
#13457 = DIRECTION('',(-1.,0.));
#13458 = ( GEOMETRIC_REPRESENTATION_CONTEXT(2) 
PARAMETRIC_REPRESENTATION_CONTEXT() REPRESENTATION_CONTEXT('2D SPACE',''
  ) );
#13459 = PCURVE('',#160,#13460);
#13460 = DEFINITIONAL_REPRESENTATION('',(#13461),#13474);
#13461 = B_SPLINE_CURVE_WITH_KNOTS('',6,(#13462,#13463,#13464,#13465,
    #13466,#13467,#13468,#13469,#13470,#13471,#13472,#13473),
  .UNSPECIFIED.,.F.,.F.,(7,5,7),(0.,0.785398163397,1.570796326795),
  .UNSPECIFIED.);
#13462 = CARTESIAN_POINT('',(0.,0.229113924051));
#13463 = CARTESIAN_POINT('',(0.145392649905,0.229113924051));
#13464 = CARTESIAN_POINT('',(0.281328396572,0.229113924051));
#13465 = CARTESIAN_POINT('',(0.411187833803,0.229113924051));
#13466 = CARTESIAN_POINT('',(0.537194888734,0.22911392405));
#13467 = CARTESIAN_POINT('',(0.661297780171,0.229113924051));
#13468 = CARTESIAN_POINT('',(0.909498546624,0.229113924051));
#13469 = CARTESIAN_POINT('',(1.03360143806,0.22911392405));
#13470 = CARTESIAN_POINT('',(1.159608492993,0.229113924051));
#13471 = CARTESIAN_POINT('',(1.289467930223,0.229113924051));
#13472 = CARTESIAN_POINT('',(1.42540367689,0.229113924051));
#13473 = CARTESIAN_POINT('',(1.570796326795,0.229113924051));
#13474 = ( GEOMETRIC_REPRESENTATION_CONTEXT(2) 
PARAMETRIC_REPRESENTATION_CONTEXT() REPRESENTATION_CONTEXT('2D SPACE',''
  ) );
#13475 = ORIENTED_EDGE('',*,*,#5669,.F.);
#13476 = ORIENTED_EDGE('',*,*,#13409,.F.);
#13477 = ORIENTED_EDGE('',*,*,#174,.T.);
#13478 = ADVANCED_FACE('',(#13479),#160,.F.);
#13479 = FACE_BOUND('',#13480,.F.);
#13480 = EDGE_LOOP('',(#13481,#13482,#13483,#13484));
#13481 = ORIENTED_EDGE('',*,*,#146,.F.);
#13482 = ORIENTED_EDGE('',*,*,#8989,.T.);
#13483 = ORIENTED_EDGE('',*,*,#5648,.T.);
#13484 = ORIENTED_EDGE('',*,*,#13445,.F.);
#13485 = ADVANCED_FACE('',(#13486),#132,.F.);
#13486 = FACE_BOUND('',#13487,.F.);
#13487 = EDGE_LOOP('',(#13488,#13489,#13563,#13564,#13565,#13566,#13567)
  );
#13488 = ORIENTED_EDGE('',*,*,#118,.T.);
#13489 = ORIENTED_EDGE('',*,*,#13490,.T.);
#13490 = EDGE_CURVE('',#86,#13097,#13491,.T.);
#13491 = SURFACE_CURVE('',#13492,(#13507,#13534),.PCURVE_S1.);
#13492 = B_SPLINE_CURVE_WITH_KNOTS('',7,(#13493,#13494,#13495,#13496,
    #13497,#13498,#13499,#13500,#13501,#13502,#13503,#13504,#13505,
    #13506),.UNSPECIFIED.,.F.,.F.,(8,6,8),(0.,0.605522608154,1.),
  .UNSPECIFIED.);
#13493 = CARTESIAN_POINT('',(-90.72969543147,60.,32.219203340293));
#13494 = CARTESIAN_POINT('',(-91.06584573215,60.,32.817886552883));
#13495 = CARTESIAN_POINT('',(-91.36547904428,59.983604762273,
    33.426981174311));
#13496 = CARTESIAN_POINT('',(-91.62934359362,59.957224889091,
    34.044369499709));
#13497 = CARTESIAN_POINT('',(-91.8583174272,59.925802040045,
    34.668431839035));
#13498 = CARTESIAN_POINT('',(-92.05318500732,59.893296069104,
    35.297945559387));
#13499 = CARTESIAN_POINT('',(-92.21456073363,59.862784598228,
    35.931979082418));
#13500 = CARTESIAN_POINT('',(-92.42637524849,59.819403692828,
    36.985352312516));
#13501 = CARTESIAN_POINT('',(-92.49586173548,59.804094673608,
    37.402427946927));
#13502 = CARTESIAN_POINT('',(-92.55136489217,59.791215223924,
    37.820722906233));
#13503 = CARTESIAN_POINT('',(-92.59295008146,59.781237822323,
    38.239924071563));
#13504 = CARTESIAN_POINT('',(-92.62066081624,59.774479598492,
    38.659729466058));
#13505 = CARTESIAN_POINT('',(-92.63451776649,59.771100308193,
    39.079848130675));
#13506 = CARTESIAN_POINT('',(-92.63451776649,59.771100308193,39.5));
#13507 = PCURVE('',#132,#13508);
#13508 = DEFINITIONAL_REPRESENTATION('',(#13509),#13533);
#13509 = B_SPLINE_CURVE_WITH_KNOTS('',6,(#13510,#13511,#13512,#13513,
    #13514,#13515,#13516,#13517,#13518,#13519,#13520,#13521,#13522,
    #13523,#13524,#13525,#13526,#13527,#13528,#13529,#13530,#13531,
    #13532),.UNSPECIFIED.,.F.,.F.,(7,5,5,6,7),(0.,0.5,0.5625,0.6171875,
    1.),.UNSPECIFIED.);
#13510 = CARTESIAN_POINT('',(0.,49.780796659707));
#13511 = CARTESIAN_POINT('',(4.484699255166E-02,49.20405210679));
#13512 = CARTESIAN_POINT('',(8.396705583591E-02,48.617369035043));
#13513 = CARTESIAN_POINT('',(0.118053956065,48.022834515122));
#13514 = CARTESIAN_POINT('',(0.147477036724,47.421993189562));
#13515 = CARTESIAN_POINT('',(0.172477444408,46.815991156238));
#13516 = CARTESIAN_POINT('',(0.195784023328,46.129407736372));
#13517 = CARTESIAN_POINT('',(0.198306743559,46.053053637895));
#13518 = CARTESIAN_POINT('',(0.200762810713,45.976634109608));
#13519 = CARTESIAN_POINT('',(0.2031524675,45.900150742234));
#13520 = CARTESIAN_POINT('',(0.20547595663,45.823605126496));
#13521 = CARTESIAN_POINT('',(0.209708878162,45.679968412498));
#13522 = CARTESIAN_POINT('',(0.211633753233,45.612891011605));
#13523 = CARTESIAN_POINT('',(0.213508251565,45.545769138852));
#13524 = CARTESIAN_POINT('',(0.215332546263,45.478601997917));
#13525 = CARTESIAN_POINT('',(0.217106768512,45.411389984802));
#13526 = CARTESIAN_POINT('',(0.21883089809,45.344139164899));
#13527 = CARTESIAN_POINT('',(0.230899793883,44.873382040106));
#13528 = CARTESIAN_POINT('',(0.240516318087,44.400652750141));
#13529 = CARTESIAN_POINT('',(0.247713438048,43.926467953989));
#13530 = CARTESIAN_POINT('',(0.252507665692,43.451321019777));
#13531 = CARTESIAN_POINT('',(0.254904635691,42.975682398876));
#13532 = CARTESIAN_POINT('',(0.254904683646,42.5));
#13533 = ( GEOMETRIC_REPRESENTATION_CONTEXT(2) 
PARAMETRIC_REPRESENTATION_CONTEXT() REPRESENTATION_CONTEXT('2D SPACE',''
  ) );
#13534 = PCURVE('',#101,#13535);
#13535 = DEFINITIONAL_REPRESENTATION('',(#13536),#13562);
#13536 = B_SPLINE_CURVE_WITH_KNOTS('',8,(#13537,#13538,#13539,#13540,
    #13541,#13542,#13543,#13544,#13545,#13546,#13547,#13548,#13549,
    #13550,#13551,#13552,#13553,#13554,#13555,#13556,#13557,#13558,
    #13559,#13560,#13561),.UNSPECIFIED.,.F.,.F.,(9,8,8,9),(0.,0.5,0.75,
    1.),.UNSPECIFIED.);
#13537 = CARTESIAN_POINT('',(2.618434231107,-5.));
#13538 = CARTESIAN_POINT('',(2.650583098022,-4.999999913479));
#13539 = CARTESIAN_POINT('',(2.682612051768,-4.991616204942));
#13540 = CARTESIAN_POINT('',(2.71456486738,-4.977102959338));
#13541 = CARTESIAN_POINT('',(2.746487996864,-4.958376876285));
#13542 = CARTESIAN_POINT('',(2.77843023576,-4.937079775683));
#13543 = CARTESIAN_POINT('',(2.810442782265,-4.914621562093));
#13544 = CARTESIAN_POINT('',(2.842579688922,-4.892203647868));
#13545 = CARTESIAN_POINT('',(2.874898706869,-4.870822835038));
#13546 = CARTESIAN_POINT('',(2.891058061345,-4.860132559606));
#13547 = CARTESIAN_POINT('',(2.907264397581,-4.849700849725));
#13548 = CARTESIAN_POINT('',(2.923517599917,-4.839656803821));
#13549 = CARTESIAN_POINT('',(2.939843443641,-4.830101723511));
#13550 = CARTESIAN_POINT('',(2.95622503651,-4.821151142502));
#13551 = CARTESIAN_POINT('',(2.972682979712,-4.812884341101));
#13552 = CARTESIAN_POINT('',(2.989218723652,-4.805380987569));
#13553 = CARTESIAN_POINT('',(3.005839948299,-4.798703857304));
#13554 = CARTESIAN_POINT('',(3.022461156562,-4.792026767767));
#13555 = CARTESIAN_POINT('',(3.03916784805,-4.786175870088));
#13556 = CARTESIAN_POINT('',(3.055966640954,-4.781214894451));
#13557 = CARTESIAN_POINT('',(3.072864423326,-4.77719486968));
#13558 = CARTESIAN_POINT('',(3.089868353075,-4.774154123241));
#13559 = CARTESIAN_POINT('',(3.106985857973,-4.772118281241));
#13560 = CARTESIAN_POINT('',(3.124224635648,-4.771100268429));
#13561 = CARTESIAN_POINT('',(3.14159265359,-4.771100308193));
#13562 = ( GEOMETRIC_REPRESENTATION_CONTEXT(2) 
PARAMETRIC_REPRESENTATION_CONTEXT() REPRESENTATION_CONTEXT('2D SPACE',''
  ) );
#13563 = ORIENTED_EDGE('',*,*,#13096,.F.);
#13564 = ORIENTED_EDGE('',*,*,#13063,.T.);
#13565 = ORIENTED_EDGE('',*,*,#12902,.F.);
#13566 = ORIENTED_EDGE('',*,*,#8702,.F.);
#13567 = ORIENTED_EDGE('',*,*,#8968,.F.);
#13568 = ADVANCED_FACE('',(#13569),#101,.T.);
#13569 = FACE_BOUND('',#13570,.T.);
#13570 = EDGE_LOOP('',(#13571,#13572,#13573,#13574));
#13571 = ORIENTED_EDGE('',*,*,#85,.F.);
#13572 = ORIENTED_EDGE('',*,*,#13490,.T.);
#13573 = ORIENTED_EDGE('',*,*,#13147,.T.);
#13574 = ORIENTED_EDGE('',*,*,#13575,.T.);
#13575 = EDGE_CURVE('',#13119,#58,#13576,.T.);
#13576 = SURFACE_CURVE('',#13577,(#13600,#13626),.PCURVE_S1.);
#13577 = B_SPLINE_CURVE_WITH_KNOTS('',6,(#13578,#13579,#13580,#13581,
    #13582,#13583,#13584,#13585,#13586,#13587,#13588,#13589,#13590,
    #13591,#13592,#13593,#13594,#13595,#13596,#13597,#13598,#13599),
  .UNSPECIFIED.,.F.,.F.,(7,5,5,5,7),(0.,0.220640581945,0.420517641017,
    0.671252838684,1.),.UNSPECIFIED.);
#13578 = CARTESIAN_POINT('',(-92.63451776649,59.709982743464,39.5));
#13579 = CARTESIAN_POINT('',(-92.63451776649,59.709982743464,
    39.210104911584));
#13580 = CARTESIAN_POINT('',(-92.62773234423,59.711861277283,
    38.920201559809));
#13581 = CARTESIAN_POINT('',(-92.61416072329,59.715618650393,
    38.630407960372));
#13582 = CARTESIAN_POINT('',(-92.59379757502,59.721207927346,
    38.34084023754));
#13583 = CARTESIAN_POINT('',(-92.56663211486,59.728535849941,
    38.051612687601));
#13584 = CARTESIAN_POINT('',(-92.5018604547,59.74555149457,
    37.501238338253));
#13585 = CARTESIAN_POINT('',(-92.4654773298,59.75495228454,
    37.240010079037));
#13586 = CARTESIAN_POINT('',(-92.42348487073,59.765563092031,
    36.979235850376));
#13587 = CARTESIAN_POINT('',(-92.37586563965,59.777250628399,
    36.71899650093));
#13588 = CARTESIAN_POINT('',(-92.32259645619,59.789852033004,
    36.459371093898));
#13589 = CARTESIAN_POINT('',(-92.18969834,59.819889212195,
    35.875618008254));
#13590 = CARTESIAN_POINT('',(-92.10681182103,59.837739195433,
    35.551890048386));
#13591 = CARTESIAN_POINT('',(-92.01492686583,59.856346345702,
    35.229401119089));
#13592 = CARTESIAN_POINT('',(-91.91396722672,59.875261072228,
    34.908305302487));
#13593 = CARTESIAN_POINT('',(-91.80383797345,59.893958842886,
    34.588763125343));
#13594 = CARTESIAN_POINT('',(-91.52785258044,59.935274572754,
    33.8542359535));
#13595 = CARTESIAN_POINT('',(-91.35533279433,59.957299720238,
    33.440525665155));
#13596 = CARTESIAN_POINT('',(-91.16658579529,59.976551745999,
    33.030137472688));
#13597 = CARTESIAN_POINT('',(-90.96130499601,59.99141806041,
    32.623552459243));
#13598 = CARTESIAN_POINT('',(-90.73919403904,59.999999999994,
    32.221395556828));
#13599 = CARTESIAN_POINT('',(-90.50000000037,60.,31.824423876641));
#13600 = PCURVE('',#101,#13601);
#13601 = DEFINITIONAL_REPRESENTATION('',(#13602),#13625);
#13602 = B_SPLINE_CURVE_WITH_KNOTS('',6,(#13603,#13604,#13605,#13606,
    #13607,#13608,#13609,#13610,#13611,#13612,#13613,#13614,#13615,
    #13616,#13617,#13618,#13619,#13620,#13621,#13622,#13623,#13624),
  .UNSPECIFIED.,.F.,.F.,(7,5,5,5,7),(0.,0.220640581945,0.420517641017,
    0.671252838684,1.),.UNSPECIFIED.);
#13603 = CARTESIAN_POINT('',(3.14159265359,-4.709982743464));
#13604 = CARTESIAN_POINT('',(3.119982419661,-4.709982743464));
#13605 = CARTESIAN_POINT('',(3.098580556414,-4.711861277283));
#13606 = CARTESIAN_POINT('',(3.077370009879,-4.715618650393));
#13607 = CARTESIAN_POINT('',(3.056334548713,-4.721207927346));
#13608 = CARTESIAN_POINT('',(3.035458521293,-4.728535849941));
#13609 = CARTESIAN_POINT('',(2.995945693789,-4.74555149457));
#13610 = CARTESIAN_POINT('',(2.977283026855,-4.75495228454));
#13611 = CARTESIAN_POINT('',(2.958727164087,-4.765563092031));
#13612 = CARTESIAN_POINT('',(2.940266839944,-4.777250628399));
#13613 = CARTESIAN_POINT('',(2.921890828518,-4.789852033004));
#13614 = CARTESIAN_POINT('',(2.880627620708,-4.819889212195));
#13615 = CARTESIAN_POINT('',(2.857782512458,-4.837739195433));
#13616 = CARTESIAN_POINT('',(2.83502975135,-4.856346345702));
#13617 = CARTESIAN_POINT('',(2.812347091642,-4.875261072228));
#13618 = CARTESIAN_POINT('',(2.789712188529,-4.893958842886));
#13619 = CARTESIAN_POINT('',(2.737457084956,-4.935274572754));
#13620 = CARTESIAN_POINT('',(2.707857315668,-4.957299720238));
#13621 = CARTESIAN_POINT('',(2.678247261329,-4.976551745999));
#13622 = CARTESIAN_POINT('',(2.648578848462,-4.99141806041));
#13623 = CARTESIAN_POINT('',(2.618808364139,-4.999999999994));
#13624 = CARTESIAN_POINT('',(2.588894924915,-5.));
#13625 = ( GEOMETRIC_REPRESENTATION_CONTEXT(2) 
PARAMETRIC_REPRESENTATION_CONTEXT() REPRESENTATION_CONTEXT('2D SPACE',''
  ) );
#13626 = PCURVE('',#73,#13627);
#13627 = DEFINITIONAL_REPRESENTATION('',(#13628),#13651);
#13628 = B_SPLINE_CURVE_WITH_KNOTS('',6,(#13629,#13630,#13631,#13632,
    #13633,#13634,#13635,#13636,#13637,#13638,#13639,#13640,#13641,
    #13642,#13643,#13644,#13645,#13646,#13647,#13648,#13649,#13650),
  .UNSPECIFIED.,.F.,.F.,(7,5,5,5,7),(0.,0.220640581945,0.420517641017,
    0.671252838684,1.),.UNSPECIFIED.);
#13629 = CARTESIAN_POINT('',(-0.27008641589,42.5));
#13630 = CARTESIAN_POINT('',(-0.27008641589,42.789895088416));
#13631 = CARTESIAN_POINT('',(-0.269206339515,43.079798440191));
#13632 = CARTESIAN_POINT('',(-0.267446055638,43.369592039628));
#13633 = CARTESIAN_POINT('',(-0.264806541652,43.65915976246));
#13634 = CARTESIAN_POINT('',(-0.261289553998,43.948387312399));
#13635 = CARTESIAN_POINT('',(-0.252918379384,44.498761661747));
#13636 = CARTESIAN_POINT('',(-0.248221169969,44.759989920963));
#13637 = CARTESIAN_POINT('',(-0.242807248782,45.020764149624));
#13638 = CARTESIAN_POINT('',(-0.236678451058,45.28100349907));
#13639 = CARTESIAN_POINT('',(-0.229836366615,45.540628906102));
#13640 = CARTESIAN_POINT('',(-0.212805080413,46.124381991746));
#13641 = CARTESIAN_POINT('',(-0.202207296718,46.448109951614));
#13642 = CARTESIAN_POINT('',(-0.190489928435,46.770598880911));
#13643 = CARTESIAN_POINT('',(-0.177652858788,47.091694697513));
#13644 = CARTESIAN_POINT('',(-0.163692365748,47.411236874657));
#13645 = CARTESIAN_POINT('',(-0.128809766511,48.1457640465));
#13646 = CARTESIAN_POINT('',(-0.107074828621,48.559474334845));
#13647 = CARTESIAN_POINT('',(-8.337128293938E-02,48.969862527312));
#13648 = CARTESIAN_POINT('',(-5.766313781295E-02,49.376447540757));
#13649 = CARTESIAN_POINT('',(-2.989925483374E-02,49.778604443172));
#13650 = CARTESIAN_POINT('',(0.,50.175576123359));
#13651 = ( GEOMETRIC_REPRESENTATION_CONTEXT(2) 
PARAMETRIC_REPRESENTATION_CONTEXT() REPRESENTATION_CONTEXT('2D SPACE',''
  ) );
#13652 = ADVANCED_FACE('',(#13653),#73,.T.);
#13653 = FACE_BOUND('',#13654,.F.);
#13654 = EDGE_LOOP('',(#13655,#13656,#13657,#13711,#13712,#13713,#13714,
    #13715));
#13655 = ORIENTED_EDGE('',*,*,#13575,.T.);
#13656 = ORIENTED_EDGE('',*,*,#57,.T.);
#13657 = ORIENTED_EDGE('',*,*,#13658,.T.);
#13658 = EDGE_CURVE('',#22,#12782,#13659,.T.);
#13659 = SURFACE_CURVE('',#13660,(#13675,#13693),.PCURVE_S1.);
#13660 = B_SPLINE_CURVE_WITH_KNOTS('',7,(#13661,#13662,#13663,#13664,
    #13665,#13666,#13667,#13668,#13669,#13670,#13671,#13672,#13673,
    #13674),.UNSPECIFIED.,.F.,.F.,(8,6,8),(0.,0.605522608154,1.),
  .UNSPECIFIED.);
#13661 = CARTESIAN_POINT('',(-90.5,60.,32.219203340293));
#13662 = CARTESIAN_POINT('',(-90.83529928726,60.,32.817886552883));
#13663 = CARTESIAN_POINT('',(-91.13417403404,59.983604762273,
    33.426981174311));
#13664 = CARTESIAN_POINT('',(-91.39737057187,59.957224889091,
    34.044369499709));
#13665 = CARTESIAN_POINT('',(-91.62576472486,59.925802040045,
    34.668431839035));
#13666 = CARTESIAN_POINT('',(-91.82013896933,59.893296069104,
    35.297945559387));
#13667 = CARTESIAN_POINT('',(-91.98110614949,59.862784598228,
    35.931979082418));
#13668 = CARTESIAN_POINT('',(-92.19238442507,59.819403692828,
    36.985352312516));
#13669 = CARTESIAN_POINT('',(-92.26169499691,59.804094673608,
    37.402427946927));
#13670 = CARTESIAN_POINT('',(-92.31705763928,59.791215223924,
    37.820722906233));
#13671 = CARTESIAN_POINT('',(-92.35853754961,59.781237822323,
    38.239924071563));
#13672 = CARTESIAN_POINT('',(-92.38617813063,59.774479598492,
    38.659729466058));
#13673 = CARTESIAN_POINT('',(-92.4,59.771100308193,39.079848130675));
#13674 = CARTESIAN_POINT('',(-92.4,59.771100308193,39.5));
#13675 = PCURVE('',#73,#13676);
#13676 = DEFINITIONAL_REPRESENTATION('',(#13677),#13692);
#13677 = B_SPLINE_CURVE_WITH_KNOTS('',7,(#13678,#13679,#13680,#13681,
    #13682,#13683,#13684,#13685,#13686,#13687,#13688,#13689,#13690,
    #13691),.UNSPECIFIED.,.F.,.F.,(8,6,8),(0.,0.605522608154,1.),
  .UNSPECIFIED.);
#13678 = CARTESIAN_POINT('',(0.,49.780796659707));
#13679 = CARTESIAN_POINT('',(-4.191241090818E-02,49.182113447117));
#13680 = CARTESIAN_POINT('',(-7.927178627372E-02,48.573018825689));
#13681 = CARTESIAN_POINT('',(-0.11229142583,47.955630500291));
#13682 = CARTESIAN_POINT('',(-0.141084458963,47.331568160965));
#13683 = CARTESIAN_POINT('',(-0.165709226298,46.702054440613));
#13684 = CARTESIAN_POINT('',(-0.186186011289,46.068020917582));
#13685 = CARTESIAN_POINT('',(-0.213146750304,45.014647687484));
#13686 = CARTESIAN_POINT('',(-0.222018501285,44.597572053073));
#13687 = CARTESIAN_POINT('',(-0.2291230159,44.179277093767));
#13688 = CARTESIAN_POINT('',(-0.234455851378,43.760075928437));
#13689 = CARTESIAN_POINT('',(-0.238012869712,43.340270533942));
#13690 = CARTESIAN_POINT('',(-0.23979139984,42.920151869325));
#13691 = CARTESIAN_POINT('',(-0.23979139984,42.5));
#13692 = ( GEOMETRIC_REPRESENTATION_CONTEXT(2) 
PARAMETRIC_REPRESENTATION_CONTEXT() REPRESENTATION_CONTEXT('2D SPACE',''
  ) );
#13693 = PCURVE('',#45,#13694);
#13694 = DEFINITIONAL_REPRESENTATION('',(#13695),#13710);
#13695 = B_SPLINE_CURVE_WITH_KNOTS('',7,(#13696,#13697,#13698,#13699,
    #13700,#13701,#13702,#13703,#13704,#13705,#13706,#13707,#13708,
    #13709),.UNSPECIFIED.,.F.,.F.,(8,6,8),(0.,0.605522608154,1.),
  .UNSPECIFIED.);
#13696 = CARTESIAN_POINT('',(-2.631057681311,-5.));
#13697 = CARTESIAN_POINT('',(-2.677110236126,-5.));
#13698 = CARTESIAN_POINT('',(-2.722577898251,-4.983604762273));
#13699 = CARTESIAN_POINT('',(-2.767520689982,-4.957224889091));
#13700 = CARTESIAN_POINT('',(-2.812013696174,-4.925802040045));
#13701 = CARTESIAN_POINT('',(-2.856139269614,-4.893296069104));
#13702 = CARTESIAN_POINT('',(-2.899985423215,-4.862784598228));
#13703 = CARTESIAN_POINT('',(-2.972089629632,-4.819403692828));
#13704 = CARTESIAN_POINT('',(-3.000449463993,-4.804094673608));
#13705 = CARTESIAN_POINT('',(-3.02874303054,-4.791215223924));
#13706 = CARTESIAN_POINT('',(-3.056987179083,-4.781237822323));
#13707 = CARTESIAN_POINT('',(-3.085198658242,-4.774479598492));
#13708 = CARTESIAN_POINT('',(-3.113394541555,-4.771100308193));
#13709 = CARTESIAN_POINT('',(-3.14159265359,-4.771100308193));
#13710 = ( GEOMETRIC_REPRESENTATION_CONTEXT(2) 
PARAMETRIC_REPRESENTATION_CONTEXT() REPRESENTATION_CONTEXT('2D SPACE',''
  ) );
#13711 = ORIENTED_EDGE('',*,*,#12804,.F.);
#13712 = ORIENTED_EDGE('',*,*,#12853,.T.);
#13713 = ORIENTED_EDGE('',*,*,#12955,.F.);
#13714 = ORIENTED_EDGE('',*,*,#12981,.T.);
#13715 = ORIENTED_EDGE('',*,*,#13118,.T.);
#13716 = ADVANCED_FACE('',(#13717),#45,.F.);
#13717 = FACE_BOUND('',#13718,.T.);
#13718 = EDGE_LOOP('',(#13719,#13720,#13721,#13722,#13723));
#13719 = ORIENTED_EDGE('',*,*,#12781,.T.);
#13720 = ORIENTED_EDGE('',*,*,#899,.T.);
#13721 = ORIENTED_EDGE('',*,*,#377,.T.);
#13722 = ORIENTED_EDGE('',*,*,#21,.F.);
#13723 = ORIENTED_EDGE('',*,*,#13658,.T.);
#13724 = ( GEOMETRIC_REPRESENTATION_CONTEXT(3) 
GLOBAL_UNCERTAINTY_ASSIGNED_CONTEXT((#13728)) 
GLOBAL_UNIT_ASSIGNED_CONTEXT((#13725,#13726,#13727)) 
REPRESENTATION_CONTEXT('Context #1',
  '3D Context with UNIT and UNCERTAINTY') );
#13725 = ( LENGTH_UNIT() NAMED_UNIT(*) SI_UNIT(.MILLI.,.METRE.) );
#13726 = ( NAMED_UNIT(*) PLANE_ANGLE_UNIT() SI_UNIT($,.RADIAN.) );
#13727 = ( NAMED_UNIT(*) SI_UNIT($,.STERADIAN.) SOLID_ANGLE_UNIT() );
#13728 = UNCERTAINTY_MEASURE_WITH_UNIT(LENGTH_MEASURE(1.E-06),#13725,
  'distance_accuracy_value','confusion accuracy');
#13729 = PRODUCT_RELATED_PRODUCT_CATEGORY('part',$,(#7));
ENDSEC;
END-ISO-10303-21;
