ISO-10303-21;
HEADER;
FILE_DESCRIPTION(('Open CASCADE Model'),'2;1');
FILE_NAME('Open CASCADE Shape Model','2026-09-15T19:49:20',('Author'),(
    'Open CASCADE'),'Open CASCADE STEP processor 7.9','Open CASCADE 7.9'
  ,'Unknown');
FILE_SCHEMA(('AUTOMOTIVE_DESIGN { 1 0 10303 214 1 1 1 1 }'));
ENDSEC;
DATA;
#1 = APPLICATION_PROTOCOL_DEFINITION('international standard',
  'automotive_design',2000,#2);
#2 = APPLICATION_CONTEXT(
  'core data for automotive mechanical design processes');
#3 = SHAPE_DEFINITION_REPRESENTATION(#4,#10);
#4 = PRODUCT_DEFINITION_SHAPE('','',#5);
#5 = PRODUCT_DEFINITION('design','',#6,#9);
#6 = PRODUCT_DEFINITION_FORMATION('','',#7);
#7 = PRODUCT('Open CASCADE STEP translator 7.9 3',
  'Open CASCADE STEP translator 7.9 3','',(#8));
#8 = PRODUCT_CONTEXT('',#2,'mechanical');
#9 = PRODUCT_DEFINITION_CONTEXT('part definition',#2,'design');
#10 = ADVANCED_BREP_SHAPE_REPRESENTATION('',(#11,#15),#13597);
#11 = AXIS2_PLACEMENT_3D('',#12,#13,#14);
#12 = CARTESIAN_POINT('',(0.,0.,0.));
#13 = DIRECTION('',(0.,0.,1.));
#14 = DIRECTION('',(1.,0.,-0.));
#15 = MANIFOLD_SOLID_BREP('',#16);
#16 = CLOSED_SHELL('',(#17,#372,#446,#952,#1025,#1179,#1286,#1355,#1407,
    #1462,#1594,#1670,#1752,#1828,#1910,#1986,#2389,#2531,#2784,#2945,
    #3105,#3266,#3435,#4376,#4551,#4686,#5287,#5368,#5458,#5531,#6575,
    #6651,#6699,#6753,#6779,#6855,#6903,#6957,#6983,#7055,#7103,#7155,
    #7187,#7263,#7428,#7455,#7482,#7509,#7536,#7563,#7644,#7711,#7759,
    #7791,#7820,#7827,#7906,#7991,#8549,#8637,#8664,#8717,#8812,#8859,
    #8926,#8934,#8960,#8986,#9034,#9062,#9092,#9120,#9148,#9175,#9202,
    #9229,#9254,#9281,#9308,#9390,#9461,#9537,#9619,#9695,#9771,#9853,
    #9929,#10056,#10164,#10237,#10321,#10391,#10501,#10509,#10591,#10662
    ,#10736,#10790,#10818,#10846,#10919,#10973,#11001,#11029,#11208,
    #11263,#11318,#11353,#11408,#11412,#11467,#11522,#11557,#11612,
    #11616,#11778,#11854,#11925,#11951,#11978,#12005,#12031,#12060,
    #12087,#12115,#12140,#12169,#12194,#12220,#12336,#12452,#12525,
    #12583,#12630,#12699,#12757,#12851,#12967,#13040,#13101,#13189,
    #13269,#13279,#13315,#13351,#13358,#13441,#13525,#13589));
#17 = ADVANCED_FACE('',(#18),#33,.F.);
#18 = FACE_BOUND('',#19,.F.);
#19 = EDGE_LOOP('',(#20,#56,#84,#117,#145,#173,#201,#229,#257,#290,#318,
    #347));
#20 = ORIENTED_EDGE('',*,*,#21,.F.);
#21 = EDGE_CURVE('',#22,#24,#26,.T.);
#22 = VERTEX_POINT('',#23);
#23 = CARTESIAN_POINT('',(-90.5,-60.,49.780796659707));
#24 = VERTEX_POINT('',#25);
#25 = CARTESIAN_POINT('',(-77.5,-60.,57.4));
#26 = SURFACE_CURVE('',#27,(#32,#44),.PCURVE_S1.);
#27 = CIRCLE('',#28,14.9);
#28 = AXIS2_PLACEMENT_3D('',#29,#30,#31);
#29 = CARTESIAN_POINT('',(-77.5,-60.,42.5));
#30 = DIRECTION('',(0.,1.,-1.110223024625E-16));
#31 = DIRECTION('',(1.,0.,0.));
#32 = PCURVE('',#33,#38);
#33 = PLANE('',#34);
#34 = AXIS2_PLACEMENT_3D('',#35,#36,#37);
#35 = CARTESIAN_POINT('',(-98.5,-60.,0.));
#36 = DIRECTION('',(0.,1.,0.));
#37 = DIRECTION('',(1.,0.,0.));
#38 = DEFINITIONAL_REPRESENTATION('',(#39),#43);
#39 = CIRCLE('',#40,14.9);
#40 = AXIS2_PLACEMENT_2D('',#41,#42);
#41 = CARTESIAN_POINT('',(21.,-42.5));
#42 = DIRECTION('',(1.,0.));
#43 = ( GEOMETRIC_REPRESENTATION_CONTEXT(2) 
PARAMETRIC_REPRESENTATION_CONTEXT() REPRESENTATION_CONTEXT('2D SPACE',''
  ) );
#44 = PCURVE('',#45,#50);
#45 = CYLINDRICAL_SURFACE('',#46,14.9);
#46 = AXIS2_PLACEMENT_3D('',#47,#48,#49);
#47 = CARTESIAN_POINT('',(-77.5,-55.,42.5));
#48 = DIRECTION('',(-0.,1.,-1.110223024625E-16));
#49 = DIRECTION('',(1.,0.,0.));
#50 = DEFINITIONAL_REPRESENTATION('',(#51),#55);
#51 = LINE('',#52,#53);
#52 = CARTESIAN_POINT('',(-6.28318530718,-5.));
#53 = VECTOR('',#54,1.);
#54 = DIRECTION('',(1.,-0.));
#55 = ( GEOMETRIC_REPRESENTATION_CONTEXT(2) 
PARAMETRIC_REPRESENTATION_CONTEXT() REPRESENTATION_CONTEXT('2D SPACE',''
  ) );
#56 = ORIENTED_EDGE('',*,*,#57,.F.);
#57 = EDGE_CURVE('',#58,#22,#60,.T.);
#58 = VERTEX_POINT('',#59);
#59 = CARTESIAN_POINT('',(-90.5,-60.,50.175576123987));
#60 = SURFACE_CURVE('',#61,(#65,#72),.PCURVE_S1.);
#61 = LINE('',#62,#63);
#62 = CARTESIAN_POINT('',(-90.5,-60.,79.));
#63 = VECTOR('',#64,1.);
#64 = DIRECTION('',(0.,0.,-1.));
#65 = PCURVE('',#33,#66);
#66 = DEFINITIONAL_REPRESENTATION('',(#67),#71);
#67 = LINE('',#68,#69);
#68 = CARTESIAN_POINT('',(8.,-79.));
#69 = VECTOR('',#70,1.);
#70 = DIRECTION('',(0.,1.));
#71 = ( GEOMETRIC_REPRESENTATION_CONTEXT(2) 
PARAMETRIC_REPRESENTATION_CONTEXT() REPRESENTATION_CONTEXT('2D SPACE',''
  ) );
#72 = PCURVE('',#73,#78);
#73 = CYLINDRICAL_SURFACE('',#74,8.);
#74 = AXIS2_PLACEMENT_3D('',#75,#76,#77);
#75 = CARTESIAN_POINT('',(-90.5,-52.,0.));
#76 = DIRECTION('',(0.,0.,1.));
#77 = DIRECTION('',(0.,-1.,0.));
#78 = DEFINITIONAL_REPRESENTATION('',(#79),#83);
#79 = LINE('',#80,#81);
#80 = CARTESIAN_POINT('',(-0.,79.));
#81 = VECTOR('',#82,1.);
#82 = DIRECTION('',(-0.,-1.));
#83 = ( GEOMETRIC_REPRESENTATION_CONTEXT(2) 
PARAMETRIC_REPRESENTATION_CONTEXT() REPRESENTATION_CONTEXT('2D SPACE',''
  ) );
#84 = ORIENTED_EDGE('',*,*,#85,.F.);
#85 = EDGE_CURVE('',#86,#58,#88,.T.);
#86 = VERTEX_POINT('',#87);
#87 = CARTESIAN_POINT('',(-90.72969543147,-60.,49.780796659707));
#88 = SURFACE_CURVE('',#89,(#93,#100),.PCURVE_S1.);
#89 = ( BOUNDED_CURVE() B_SPLINE_CURVE(2,(#90,#91,#92),.UNSPECIFIED.,.F.
,.F.) B_SPLINE_CURVE_WITH_KNOTS((3,3),(3.652127625868,4.712388980385),
.PIECEWISE_BEZIER_KNOTS.) CURVE() GEOMETRIC_REPRESENTATION_ITEM() 
RATIONAL_B_SPLINE_CURVE((1.,0.862741001437,1.)) REPRESENTATION_ITEM('') 
  );
#90 = CARTESIAN_POINT('',(-90.72969543147,-60.,49.780796659707));
#91 = CARTESIAN_POINT('',(-86.45164413496,-60.,57.4));
#92 = CARTESIAN_POINT('',(-77.69670050761,-60.,57.4));
#93 = PCURVE('',#33,#94);
#94 = DEFINITIONAL_REPRESENTATION('',(#95),#99);
#95 = ( BOUNDED_CURVE() B_SPLINE_CURVE(2,(#96,#97,#98),.UNSPECIFIED.,.F.
,.F.) B_SPLINE_CURVE_WITH_KNOTS((3,3),(3.652127625868,4.712388980385),
.PIECEWISE_BEZIER_KNOTS.) CURVE() GEOMETRIC_REPRESENTATION_ITEM() 
RATIONAL_B_SPLINE_CURVE((1.,0.862741001437,1.)) REPRESENTATION_ITEM('') 
  );
#96 = CARTESIAN_POINT('',(7.770304568528,-49.7807966597));
#97 = CARTESIAN_POINT('',(12.048355865034,-57.4));
#98 = CARTESIAN_POINT('',(20.803299492386,-57.4));
#99 = ( GEOMETRIC_REPRESENTATION_CONTEXT(2) 
PARAMETRIC_REPRESENTATION_CONTEXT() REPRESENTATION_CONTEXT('2D SPACE',''
  ) );
#100 = PCURVE('',#101,#108);
#101 = ( BOUNDED_SURFACE() B_SPLINE_SURFACE(2,1,(
    (#102,#103)
    ,(#104,#105)
,(#106,#107
    )),.UNSPECIFIED.,.F.,.F.,.F.) B_SPLINE_SURFACE_WITH_KNOTS((3,3),(2,2
    ),(1.570796326795,3.14159265359),(-5.,-2.1),
.PIECEWISE_BEZIER_KNOTS.) GEOMETRIC_REPRESENTATION_ITEM() 
RATIONAL_B_SPLINE_SURFACE((
    (1.,1.)
    ,(0.707106781187,0.707106781187)
,(1.,1.))) REPRESENTATION_ITEM('') SURFACE() );
#102 = CARTESIAN_POINT('',(-77.69670050761,-60.,57.4));
#103 = CARTESIAN_POINT('',(-77.69670050761,-57.1,57.4));
#104 = CARTESIAN_POINT('',(-92.63451776649,-60.,57.4));
#105 = CARTESIAN_POINT('',(-92.63451776649,-57.1,57.4));
#106 = CARTESIAN_POINT('',(-92.63451776649,-60.,42.5));
#107 = CARTESIAN_POINT('',(-92.63451776649,-57.1,42.5));
#108 = DEFINITIONAL_REPRESENTATION('',(#109),#116);
#109 = B_SPLINE_CURVE_WITH_KNOTS('',5,(#110,#111,#112,#113,#114,#115),
  .UNSPECIFIED.,.F.,.F.,(6,6),(3.652127625868,4.712388980385),
  .PIECEWISE_BEZIER_KNOTS.);
#110 = CARTESIAN_POINT('',(2.618434231107,-5.));
#111 = CARTESIAN_POINT('',(2.423013382289,-5.));
#112 = CARTESIAN_POINT('',(2.221014101688,-5.));
#113 = CARTESIAN_POINT('',(2.011993207271,-5.000000000001));
#114 = CARTESIAN_POINT('',(1.795448955092,-5.));
#115 = CARTESIAN_POINT('',(1.570796326795,-5.));
#116 = ( GEOMETRIC_REPRESENTATION_CONTEXT(2) 
PARAMETRIC_REPRESENTATION_CONTEXT() REPRESENTATION_CONTEXT('2D SPACE',''
  ) );
#117 = ORIENTED_EDGE('',*,*,#118,.F.);
#118 = EDGE_CURVE('',#119,#86,#121,.T.);
#119 = VERTEX_POINT('',#120);
#120 = CARTESIAN_POINT('',(-90.72969543147,-60.,79.));
#121 = SURFACE_CURVE('',#122,(#125,#131),.PCURVE_S1.);
#122 = B_SPLINE_CURVE_WITH_KNOTS('',1,(#123,#124),.UNSPECIFIED.,.F.,.F.,
  (2,2),(0.,29.219203340293),.PIECEWISE_BEZIER_KNOTS.);
#123 = CARTESIAN_POINT('',(-90.72969543147,-60.,79.));
#124 = CARTESIAN_POINT('',(-90.72969543147,-60.,49.780796659707));
#125 = PCURVE('',#33,#126);
#126 = DEFINITIONAL_REPRESENTATION('',(#127),#130);
#127 = B_SPLINE_CURVE_WITH_KNOTS('',1,(#128,#129),.UNSPECIFIED.,.F.,.F.,
  (2,2),(0.,29.219203340293),.PIECEWISE_BEZIER_KNOTS.);
#128 = CARTESIAN_POINT('',(7.770304568528,-79.));
#129 = CARTESIAN_POINT('',(7.770304568528,-49.7807966597));
#130 = ( GEOMETRIC_REPRESENTATION_CONTEXT(2) 
PARAMETRIC_REPRESENTATION_CONTEXT() REPRESENTATION_CONTEXT('2D SPACE',''
  ) );
#131 = PCURVE('',#132,#139);
#132 = ( BOUNDED_SURFACE() B_SPLINE_SURFACE(2,1,(
    (#133,#134)
    ,(#135,#136)
,(#137,#138
    )),.UNSPECIFIED.,.F.,.F.,.F.) B_SPLINE_SURFACE_WITH_KNOTS((3,3),(2,2
    ),(0.,1.570796326795),(15.5,79.),.PIECEWISE_BEZIER_KNOTS.) 
GEOMETRIC_REPRESENTATION_ITEM() RATIONAL_B_SPLINE_SURFACE((
    (1.,1.)
    ,(0.707106781187,0.707106781187)
,(1.,1.))) REPRESENTATION_ITEM('') SURFACE() );
#133 = CARTESIAN_POINT('',(-90.72969543147,-60.,15.5));
#134 = CARTESIAN_POINT('',(-90.72969543147,-60.,79.));
#135 = CARTESIAN_POINT('',(-98.75,-60.,15.5));
#136 = CARTESIAN_POINT('',(-98.75,-60.,79.));
#137 = CARTESIAN_POINT('',(-98.75,-52.,15.5));
#138 = CARTESIAN_POINT('',(-98.75,-52.,79.));
#139 = DEFINITIONAL_REPRESENTATION('',(#140),#144);
#140 = B_SPLINE_CURVE_WITH_KNOTS('',2,(#141,#142,#143),.UNSPECIFIED.,.F.
  ,.F.,(3,3),(0.,29.219203340293),.PIECEWISE_BEZIER_KNOTS.);
#141 = CARTESIAN_POINT('',(0.,79.));
#142 = CARTESIAN_POINT('',(0.,64.390398329854));
#143 = CARTESIAN_POINT('',(0.,49.780796659707));
#144 = ( GEOMETRIC_REPRESENTATION_CONTEXT(2) 
PARAMETRIC_REPRESENTATION_CONTEXT() REPRESENTATION_CONTEXT('2D SPACE',''
  ) );
#145 = ORIENTED_EDGE('',*,*,#146,.T.);
#146 = EDGE_CURVE('',#119,#147,#149,.T.);
#147 = VERTEX_POINT('',#148);
#148 = CARTESIAN_POINT('',(-90.5,-60.,79.));
#149 = SURFACE_CURVE('',#150,(#153,#159),.PCURVE_S1.);
#150 = B_SPLINE_CURVE_WITH_KNOTS('',1,(#151,#152),.UNSPECIFIED.,.F.,.F.,
  (2,2),(0.,181.),.PIECEWISE_BEZIER_KNOTS.);
#151 = CARTESIAN_POINT('',(-90.72969543147,-60.,79.));
#152 = CARTESIAN_POINT('',(90.729695431472,-60.,79.));
#153 = PCURVE('',#33,#154);
#154 = DEFINITIONAL_REPRESENTATION('',(#155),#158);
#155 = B_SPLINE_CURVE_WITH_KNOTS('',1,(#156,#157),.UNSPECIFIED.,.F.,.F.,
  (2,2),(0.,181.),.PIECEWISE_BEZIER_KNOTS.);
#156 = CARTESIAN_POINT('',(7.770304568528,-79.));
#157 = CARTESIAN_POINT('',(189.22969543147,-79.));
#158 = ( GEOMETRIC_REPRESENTATION_CONTEXT(2) 
PARAMETRIC_REPRESENTATION_CONTEXT() REPRESENTATION_CONTEXT('2D SPACE',''
  ) );
#159 = PCURVE('',#160,#167);
#160 = ( BOUNDED_SURFACE() B_SPLINE_SURFACE(2,1,(
    (#161,#162)
    ,(#163,#164)
,(#165,#166
    )),.UNSPECIFIED.,.F.,.F.,.F.) B_SPLINE_SURFACE_WITH_KNOTS((3,3),(2,2
    ),(0.,1.570796326795),(0.,181.),.PIECEWISE_BEZIER_KNOTS.) 
GEOMETRIC_REPRESENTATION_ITEM() RATIONAL_B_SPLINE_SURFACE((
    (1.,1.)
    ,(0.707106781187,0.707106781187)
,(1.,1.))) REPRESENTATION_ITEM('') SURFACE() );
#161 = CARTESIAN_POINT('',(-90.72969543147,-60.,79.));
#162 = CARTESIAN_POINT('',(90.729695431472,-60.,79.));
#163 = CARTESIAN_POINT('',(-90.72969543147,-60.,82.));
#164 = CARTESIAN_POINT('',(90.729695431472,-60.,82.));
#165 = CARTESIAN_POINT('',(-90.72969543147,-57.,82.));
#166 = CARTESIAN_POINT('',(90.729695431472,-57.,82.));
#167 = DEFINITIONAL_REPRESENTATION('',(#168),#172);
#168 = B_SPLINE_CURVE_WITH_KNOTS('',2,(#169,#170,#171),.UNSPECIFIED.,.F.
  ,.F.,(3,3),(0.,181.),.PIECEWISE_BEZIER_KNOTS.);
#169 = CARTESIAN_POINT('',(0.,0.));
#170 = CARTESIAN_POINT('',(0.,90.5));
#171 = CARTESIAN_POINT('',(0.,181.));
#172 = ( GEOMETRIC_REPRESENTATION_CONTEXT(2) 
PARAMETRIC_REPRESENTATION_CONTEXT() REPRESENTATION_CONTEXT('2D SPACE',''
  ) );
#173 = ORIENTED_EDGE('',*,*,#174,.F.);
#174 = EDGE_CURVE('',#175,#147,#177,.T.);
#175 = VERTEX_POINT('',#176);
#176 = CARTESIAN_POINT('',(90.5,-60.,79.));
#177 = SURFACE_CURVE('',#178,(#182,#189),.PCURVE_S1.);
#178 = LINE('',#179,#180);
#179 = CARTESIAN_POINT('',(90.5,-60.,79.));
#180 = VECTOR('',#181,1.);
#181 = DIRECTION('',(-1.,0.,0.));
#182 = PCURVE('',#33,#183);
#183 = DEFINITIONAL_REPRESENTATION('',(#184),#188);
#184 = LINE('',#185,#186);
#185 = CARTESIAN_POINT('',(189.,-79.));
#186 = VECTOR('',#187,1.);
#187 = DIRECTION('',(-1.,0.));
#188 = ( GEOMETRIC_REPRESENTATION_CONTEXT(2) 
PARAMETRIC_REPRESENTATION_CONTEXT() REPRESENTATION_CONTEXT('2D SPACE',''
  ) );
#189 = PCURVE('',#190,#195);
#190 = CYLINDRICAL_SURFACE('',#191,3.);
#191 = AXIS2_PLACEMENT_3D('',#192,#193,#194);
#192 = CARTESIAN_POINT('',(-90.5,-57.,79.));
#193 = DIRECTION('',(1.,0.,0.));
#194 = DIRECTION('',(0.,-1.,-0.));
#195 = DEFINITIONAL_REPRESENTATION('',(#196),#200);
#196 = LINE('',#197,#198);
#197 = CARTESIAN_POINT('',(-0.,181.));
#198 = VECTOR('',#199,1.);
#199 = DIRECTION('',(-0.,-1.));
#200 = ( GEOMETRIC_REPRESENTATION_CONTEXT(2) 
PARAMETRIC_REPRESENTATION_CONTEXT() REPRESENTATION_CONTEXT('2D SPACE',''
  ) );
#201 = ORIENTED_EDGE('',*,*,#202,.T.);
#202 = EDGE_CURVE('',#175,#203,#205,.T.);
#203 = VERTEX_POINT('',#204);
#204 = CARTESIAN_POINT('',(90.729695431472,-60.,79.));
#205 = SURFACE_CURVE('',#206,(#209,#215),.PCURVE_S1.);
#206 = B_SPLINE_CURVE_WITH_KNOTS('',1,(#207,#208),.UNSPECIFIED.,.F.,.F.,
  (2,2),(0.,181.),.PIECEWISE_BEZIER_KNOTS.);
#207 = CARTESIAN_POINT('',(-90.72969543147,-60.,79.));
#208 = CARTESIAN_POINT('',(90.729695431472,-60.,79.));
#209 = PCURVE('',#33,#210);
#210 = DEFINITIONAL_REPRESENTATION('',(#211),#214);
#211 = B_SPLINE_CURVE_WITH_KNOTS('',1,(#212,#213),.UNSPECIFIED.,.F.,.F.,
  (2,2),(0.,181.),.PIECEWISE_BEZIER_KNOTS.);
#212 = CARTESIAN_POINT('',(7.770304568528,-79.));
#213 = CARTESIAN_POINT('',(189.22969543147,-79.));
#214 = ( GEOMETRIC_REPRESENTATION_CONTEXT(2) 
PARAMETRIC_REPRESENTATION_CONTEXT() REPRESENTATION_CONTEXT('2D SPACE',''
  ) );
#215 = PCURVE('',#216,#223);
#216 = ( BOUNDED_SURFACE() B_SPLINE_SURFACE(2,1,(
    (#217,#218)
    ,(#219,#220)
,(#221,#222
    )),.UNSPECIFIED.,.F.,.F.,.F.) B_SPLINE_SURFACE_WITH_KNOTS((3,3),(2,2
    ),(0.,1.570796326795),(0.,181.),.PIECEWISE_BEZIER_KNOTS.) 
GEOMETRIC_REPRESENTATION_ITEM() RATIONAL_B_SPLINE_SURFACE((
    (1.,1.)
    ,(0.707106781187,0.707106781187)
,(1.,1.))) REPRESENTATION_ITEM('') SURFACE() );
#217 = CARTESIAN_POINT('',(-90.72969543147,-60.,79.));
#218 = CARTESIAN_POINT('',(90.729695431472,-60.,79.));
#219 = CARTESIAN_POINT('',(-90.72969543147,-60.,82.));
#220 = CARTESIAN_POINT('',(90.729695431472,-60.,82.));
#221 = CARTESIAN_POINT('',(-90.72969543147,-57.,82.));
#222 = CARTESIAN_POINT('',(90.729695431472,-57.,82.));
#223 = DEFINITIONAL_REPRESENTATION('',(#224),#228);
#224 = B_SPLINE_CURVE_WITH_KNOTS('',2,(#225,#226,#227),.UNSPECIFIED.,.F.
  ,.F.,(3,3),(0.,181.),.PIECEWISE_BEZIER_KNOTS.);
#225 = CARTESIAN_POINT('',(0.,0.));
#226 = CARTESIAN_POINT('',(0.,90.5));
#227 = CARTESIAN_POINT('',(0.,181.));
#228 = ( GEOMETRIC_REPRESENTATION_CONTEXT(2) 
PARAMETRIC_REPRESENTATION_CONTEXT() REPRESENTATION_CONTEXT('2D SPACE',''
  ) );
#229 = ORIENTED_EDGE('',*,*,#230,.F.);
#230 = EDGE_CURVE('',#231,#203,#233,.T.);
#231 = VERTEX_POINT('',#232);
#232 = CARTESIAN_POINT('',(90.729695431472,-60.,49.780796659707));
#233 = SURFACE_CURVE('',#234,(#237,#243),.PCURVE_S1.);
#234 = B_SPLINE_CURVE_WITH_KNOTS('',1,(#235,#236),.UNSPECIFIED.,.F.,.F.,
  (2,2),(0.,29.219203340293),.PIECEWISE_BEZIER_KNOTS.);
#235 = CARTESIAN_POINT('',(90.729695431472,-60.,49.780796659707));
#236 = CARTESIAN_POINT('',(90.729695431472,-60.,79.));
#237 = PCURVE('',#33,#238);
#238 = DEFINITIONAL_REPRESENTATION('',(#239),#242);
#239 = B_SPLINE_CURVE_WITH_KNOTS('',1,(#240,#241),.UNSPECIFIED.,.F.,.F.,
  (2,2),(0.,29.219203340293),.PIECEWISE_BEZIER_KNOTS.);
#240 = CARTESIAN_POINT('',(189.22969543147,-49.7807966597));
#241 = CARTESIAN_POINT('',(189.22969543147,-79.));
#242 = ( GEOMETRIC_REPRESENTATION_CONTEXT(2) 
PARAMETRIC_REPRESENTATION_CONTEXT() REPRESENTATION_CONTEXT('2D SPACE',''
  ) );
#243 = PCURVE('',#244,#251);
#244 = ( BOUNDED_SURFACE() B_SPLINE_SURFACE(2,1,(
    (#245,#246)
    ,(#247,#248)
,(#249,#250
    )),.UNSPECIFIED.,.F.,.F.,.F.) B_SPLINE_SURFACE_WITH_KNOTS((3,3),(2,2
    ),(0.,1.570796326795),(15.5,79.),.PIECEWISE_BEZIER_KNOTS.) 
GEOMETRIC_REPRESENTATION_ITEM() RATIONAL_B_SPLINE_SURFACE((
    (1.,1.)
    ,(0.707106781187,0.707106781187)
,(1.,1.))) REPRESENTATION_ITEM('') SURFACE() );
#245 = CARTESIAN_POINT('',(90.729695431472,-60.,15.5));
#246 = CARTESIAN_POINT('',(90.729695431472,-60.,79.));
#247 = CARTESIAN_POINT('',(98.75,-60.,15.5));
#248 = CARTESIAN_POINT('',(98.75,-60.,79.));
#249 = CARTESIAN_POINT('',(98.75,-52.,15.5));
#250 = CARTESIAN_POINT('',(98.75,-52.,79.));
#251 = DEFINITIONAL_REPRESENTATION('',(#252),#256);
#252 = B_SPLINE_CURVE_WITH_KNOTS('',2,(#253,#254,#255),.UNSPECIFIED.,.F.
  ,.F.,(3,3),(0.,29.219203340293),.PIECEWISE_BEZIER_KNOTS.);
#253 = CARTESIAN_POINT('',(0.,49.780796659707));
#254 = CARTESIAN_POINT('',(-3.46547050072E-47,64.390398329854));
#255 = CARTESIAN_POINT('',(0.,79.));
#256 = ( GEOMETRIC_REPRESENTATION_CONTEXT(2) 
PARAMETRIC_REPRESENTATION_CONTEXT() REPRESENTATION_CONTEXT('2D SPACE',''
  ) );
#257 = ORIENTED_EDGE('',*,*,#258,.F.);
#258 = EDGE_CURVE('',#259,#231,#261,.T.);
#259 = VERTEX_POINT('',#260);
#260 = CARTESIAN_POINT('',(90.5,-60.,50.175576123987));
#261 = SURFACE_CURVE('',#262,(#266,#273),.PCURVE_S1.);
#262 = ( BOUNDED_CURVE() B_SPLINE_CURVE(2,(#263,#264,#265),
.UNSPECIFIED.,.F.,.F.) B_SPLINE_CURVE_WITH_KNOTS((3,3),(4.712388980385,
5.772650334901),.PIECEWISE_BEZIER_KNOTS.) CURVE() 
GEOMETRIC_REPRESENTATION_ITEM() RATIONAL_B_SPLINE_CURVE((1.,
0.862741001437,1.)) REPRESENTATION_ITEM('') );
#263 = CARTESIAN_POINT('',(77.696700507614,-60.,57.4));
#264 = CARTESIAN_POINT('',(86.451644134966,-60.,57.4));
#265 = CARTESIAN_POINT('',(90.729695431472,-60.,49.780796659707));
#266 = PCURVE('',#33,#267);
#267 = DEFINITIONAL_REPRESENTATION('',(#268),#272);
#268 = ( BOUNDED_CURVE() B_SPLINE_CURVE(2,(#269,#270,#271),
.UNSPECIFIED.,.F.,.F.) B_SPLINE_CURVE_WITH_KNOTS((3,3),(4.712388980385,
5.772650334901),.PIECEWISE_BEZIER_KNOTS.) CURVE() 
GEOMETRIC_REPRESENTATION_ITEM() RATIONAL_B_SPLINE_CURVE((1.,
0.862741001437,1.)) REPRESENTATION_ITEM('') );
#269 = CARTESIAN_POINT('',(176.19670050761,-57.4));
#270 = CARTESIAN_POINT('',(184.95164413496,-57.4));
#271 = CARTESIAN_POINT('',(189.22969543147,-49.7807966597));
#272 = ( GEOMETRIC_REPRESENTATION_CONTEXT(2) 
PARAMETRIC_REPRESENTATION_CONTEXT() REPRESENTATION_CONTEXT('2D SPACE',''
  ) );
#273 = PCURVE('',#274,#281);
#274 = ( BOUNDED_SURFACE() B_SPLINE_SURFACE(2,1,(
    (#275,#276)
    ,(#277,#278)
,(#279,#280
    )),.UNSPECIFIED.,.F.,.F.,.F.) B_SPLINE_SURFACE_WITH_KNOTS((3,3),(2,2
    ),(0.,1.570796326795),(-5.,-2.1),.PIECEWISE_BEZIER_KNOTS.) 
GEOMETRIC_REPRESENTATION_ITEM() RATIONAL_B_SPLINE_SURFACE((
    (1.,1.)
    ,(0.707106781187,0.707106781187)
,(1.,1.))) REPRESENTATION_ITEM('') SURFACE() );
#275 = CARTESIAN_POINT('',(92.634517766497,-60.,42.5));
#276 = CARTESIAN_POINT('',(92.634517766497,-57.1,42.5));
#277 = CARTESIAN_POINT('',(92.634517766497,-60.,57.4));
#278 = CARTESIAN_POINT('',(92.634517766497,-57.1,57.4));
#279 = CARTESIAN_POINT('',(77.696700507614,-60.,57.4));
#280 = CARTESIAN_POINT('',(77.696700507614,-57.1,57.4));
#281 = DEFINITIONAL_REPRESENTATION('',(#282),#289);
#282 = B_SPLINE_CURVE_WITH_KNOTS('',5,(#283,#284,#285,#286,#287,#288),
  .UNSPECIFIED.,.F.,.F.,(6,6),(4.712388980385,5.772650334901),
  .PIECEWISE_BEZIER_KNOTS.);
#283 = CARTESIAN_POINT('',(1.570796326795,-5.));
#284 = CARTESIAN_POINT('',(1.346143698498,-5.));
#285 = CARTESIAN_POINT('',(1.129599446319,-5.));
#286 = CARTESIAN_POINT('',(0.920578551902,-5.));
#287 = CARTESIAN_POINT('',(0.7185792713,-5.));
#288 = CARTESIAN_POINT('',(0.523158422483,-5.));
#289 = ( GEOMETRIC_REPRESENTATION_CONTEXT(2) 
PARAMETRIC_REPRESENTATION_CONTEXT() REPRESENTATION_CONTEXT('2D SPACE',''
  ) );
#290 = ORIENTED_EDGE('',*,*,#291,.F.);
#291 = EDGE_CURVE('',#292,#259,#294,.T.);
#292 = VERTEX_POINT('',#293);
#293 = CARTESIAN_POINT('',(90.5,-60.,49.780796659707));
#294 = SURFACE_CURVE('',#295,(#299,#306),.PCURVE_S1.);
#295 = LINE('',#296,#297);
#296 = CARTESIAN_POINT('',(90.5,-60.,49.780796659707));
#297 = VECTOR('',#298,1.);
#298 = DIRECTION('',(0.,0.,1.));
#299 = PCURVE('',#33,#300);
#300 = DEFINITIONAL_REPRESENTATION('',(#301),#305);
#301 = LINE('',#302,#303);
#302 = CARTESIAN_POINT('',(189.,-49.7807966597));
#303 = VECTOR('',#304,1.);
#304 = DIRECTION('',(0.,-1.));
#305 = ( GEOMETRIC_REPRESENTATION_CONTEXT(2) 
PARAMETRIC_REPRESENTATION_CONTEXT() REPRESENTATION_CONTEXT('2D SPACE',''
  ) );
#306 = PCURVE('',#307,#312);
#307 = CYLINDRICAL_SURFACE('',#308,8.);
#308 = AXIS2_PLACEMENT_3D('',#309,#310,#311);
#309 = CARTESIAN_POINT('',(90.5,-52.,0.));
#310 = DIRECTION('',(0.,0.,1.));
#311 = DIRECTION('',(0.,-1.,0.));
#312 = DEFINITIONAL_REPRESENTATION('',(#313),#317);
#313 = LINE('',#314,#315);
#314 = CARTESIAN_POINT('',(0.,49.780796659707));
#315 = VECTOR('',#316,1.);
#316 = DIRECTION('',(0.,1.));
#317 = ( GEOMETRIC_REPRESENTATION_CONTEXT(2) 
PARAMETRIC_REPRESENTATION_CONTEXT() REPRESENTATION_CONTEXT('2D SPACE',''
  ) );
#318 = ORIENTED_EDGE('',*,*,#319,.F.);
#319 = EDGE_CURVE('',#320,#292,#322,.T.);
#320 = VERTEX_POINT('',#321);
#321 = CARTESIAN_POINT('',(77.5,-60.,57.4));
#322 = SURFACE_CURVE('',#323,(#328,#335),.PCURVE_S1.);
#323 = CIRCLE('',#324,14.9);
#324 = AXIS2_PLACEMENT_3D('',#325,#326,#327);
#325 = CARTESIAN_POINT('',(77.5,-60.,42.5));
#326 = DIRECTION('',(0.,1.,-1.110223024625E-16));
#327 = DIRECTION('',(1.,0.,0.));
#328 = PCURVE('',#33,#329);
#329 = DEFINITIONAL_REPRESENTATION('',(#330),#334);
#330 = CIRCLE('',#331,14.9);
#331 = AXIS2_PLACEMENT_2D('',#332,#333);
#332 = CARTESIAN_POINT('',(176.,-42.5));
#333 = DIRECTION('',(1.,0.));
#334 = ( GEOMETRIC_REPRESENTATION_CONTEXT(2) 
PARAMETRIC_REPRESENTATION_CONTEXT() REPRESENTATION_CONTEXT('2D SPACE',''
  ) );
#335 = PCURVE('',#336,#341);
#336 = CYLINDRICAL_SURFACE('',#337,14.9);
#337 = AXIS2_PLACEMENT_3D('',#338,#339,#340);
#338 = CARTESIAN_POINT('',(77.5,-55.,42.5));
#339 = DIRECTION('',(-0.,1.,-1.110223024625E-16));
#340 = DIRECTION('',(1.,0.,0.));
#341 = DEFINITIONAL_REPRESENTATION('',(#342),#346);
#342 = LINE('',#343,#344);
#343 = CARTESIAN_POINT('',(-6.28318530718,-5.));
#344 = VECTOR('',#345,1.);
#345 = DIRECTION('',(1.,-0.));
#346 = ( GEOMETRIC_REPRESENTATION_CONTEXT(2) 
PARAMETRIC_REPRESENTATION_CONTEXT() REPRESENTATION_CONTEXT('2D SPACE',''
  ) );
#347 = ORIENTED_EDGE('',*,*,#348,.T.);
#348 = EDGE_CURVE('',#320,#24,#349,.T.);
#349 = SURFACE_CURVE('',#350,(#354,#361),.PCURVE_S1.);
#350 = LINE('',#351,#352);
#351 = CARTESIAN_POINT('',(-10.5,-60.,57.4));
#352 = VECTOR('',#353,1.);
#353 = DIRECTION('',(-1.,0.,0.));
#354 = PCURVE('',#33,#355);
#355 = DEFINITIONAL_REPRESENTATION('',(#356),#360);
#356 = LINE('',#357,#358);
#357 = CARTESIAN_POINT('',(88.,-57.4));
#358 = VECTOR('',#359,1.);
#359 = DIRECTION('',(-1.,0.));
#360 = ( GEOMETRIC_REPRESENTATION_CONTEXT(2) 
PARAMETRIC_REPRESENTATION_CONTEXT() REPRESENTATION_CONTEXT('2D SPACE',''
  ) );
#361 = PCURVE('',#362,#367);
#362 = PLANE('',#363);
#363 = AXIS2_PLACEMENT_3D('',#364,#365,#366);
#364 = CARTESIAN_POINT('',(77.5,-55.,57.4));
#365 = DIRECTION('',(-0.,-0.,-1.));
#366 = DIRECTION('',(-1.,0.,0.));
#367 = DEFINITIONAL_REPRESENTATION('',(#368),#371);
#368 = B_SPLINE_CURVE_WITH_KNOTS('',1,(#369,#370),.UNSPECIFIED.,.F.,.F.,
  (2,2),(-88.,67.),.PIECEWISE_BEZIER_KNOTS.);
#369 = CARTESIAN_POINT('',(0.,-5.));
#370 = CARTESIAN_POINT('',(155.,-5.));
#371 = ( GEOMETRIC_REPRESENTATION_CONTEXT(2) 
PARAMETRIC_REPRESENTATION_CONTEXT() REPRESENTATION_CONTEXT('2D SPACE',''
  ) );
#372 = ADVANCED_FACE('',(#373),#362,.T.);
#373 = FACE_BOUND('',#374,.T.);
#374 = EDGE_LOOP('',(#375,#398,#424,#445));
#375 = ORIENTED_EDGE('',*,*,#376,.F.);
#376 = EDGE_CURVE('',#377,#24,#379,.T.);
#377 = VERTEX_POINT('',#378);
#378 = CARTESIAN_POINT('',(-77.5,-57.1,57.4));
#379 = SURFACE_CURVE('',#380,(#384,#391),.PCURVE_S1.);
#380 = LINE('',#381,#382);
#381 = CARTESIAN_POINT('',(-77.5,-57.1,57.4));
#382 = VECTOR('',#383,1.);
#383 = DIRECTION('',(0.,-1.,0.));
#384 = PCURVE('',#362,#385);
#385 = DEFINITIONAL_REPRESENTATION('',(#386),#390);
#386 = LINE('',#387,#388);
#387 = CARTESIAN_POINT('',(155.,-2.1));
#388 = VECTOR('',#389,1.);
#389 = DIRECTION('',(0.,-1.));
#390 = ( GEOMETRIC_REPRESENTATION_CONTEXT(2) 
PARAMETRIC_REPRESENTATION_CONTEXT() REPRESENTATION_CONTEXT('2D SPACE',''
  ) );
#391 = PCURVE('',#45,#392);
#392 = DEFINITIONAL_REPRESENTATION('',(#393),#397);
#393 = LINE('',#394,#395);
#394 = CARTESIAN_POINT('',(-1.570796326795,-2.1));
#395 = VECTOR('',#396,1.);
#396 = DIRECTION('',(-0.,-1.));
#397 = ( GEOMETRIC_REPRESENTATION_CONTEXT(2) 
PARAMETRIC_REPRESENTATION_CONTEXT() REPRESENTATION_CONTEXT('2D SPACE',''
  ) );
#398 = ORIENTED_EDGE('',*,*,#399,.F.);
#399 = EDGE_CURVE('',#400,#377,#402,.T.);
#400 = VERTEX_POINT('',#401);
#401 = CARTESIAN_POINT('',(77.5,-57.1,57.4));
#402 = SURFACE_CURVE('',#403,(#407,#413),.PCURVE_S1.);
#403 = LINE('',#404,#405);
#404 = CARTESIAN_POINT('',(-16.25,-57.1,57.4));
#405 = VECTOR('',#406,1.);
#406 = DIRECTION('',(-1.,-0.,0.));
#407 = PCURVE('',#362,#408);
#408 = DEFINITIONAL_REPRESENTATION('',(#409),#412);
#409 = B_SPLINE_CURVE_WITH_KNOTS('',1,(#410,#411),.UNSPECIFIED.,.F.,.F.,
  (2,2),(-93.75,61.25),.PIECEWISE_BEZIER_KNOTS.);
#410 = CARTESIAN_POINT('',(0.,-2.1));
#411 = CARTESIAN_POINT('',(155.,-2.1));
#412 = ( GEOMETRIC_REPRESENTATION_CONTEXT(2) 
PARAMETRIC_REPRESENTATION_CONTEXT() REPRESENTATION_CONTEXT('2D SPACE',''
  ) );
#413 = PCURVE('',#414,#419);
#414 = PLANE('',#415);
#415 = AXIS2_PLACEMENT_3D('',#416,#417,#418);
#416 = CARTESIAN_POINT('',(-110.,-57.1,0.));
#417 = DIRECTION('',(-0.,1.,0.));
#418 = DIRECTION('',(0.,0.,1.));
#419 = DEFINITIONAL_REPRESENTATION('',(#420),#423);
#420 = B_SPLINE_CURVE_WITH_KNOTS('',1,(#421,#422),.UNSPECIFIED.,.F.,.F.,
  (2,2),(-93.75,61.25),.PIECEWISE_BEZIER_KNOTS.);
#421 = CARTESIAN_POINT('',(57.4,187.5));
#422 = CARTESIAN_POINT('',(57.4,32.5));
#423 = ( GEOMETRIC_REPRESENTATION_CONTEXT(2) 
PARAMETRIC_REPRESENTATION_CONTEXT() REPRESENTATION_CONTEXT('2D SPACE',''
  ) );
#424 = ORIENTED_EDGE('',*,*,#425,.T.);
#425 = EDGE_CURVE('',#400,#320,#426,.T.);
#426 = SURFACE_CURVE('',#427,(#431,#438),.PCURVE_S1.);
#427 = LINE('',#428,#429);
#428 = CARTESIAN_POINT('',(77.5,-57.1,57.4));
#429 = VECTOR('',#430,1.);
#430 = DIRECTION('',(0.,-1.,0.));
#431 = PCURVE('',#362,#432);
#432 = DEFINITIONAL_REPRESENTATION('',(#433),#437);
#433 = LINE('',#434,#435);
#434 = CARTESIAN_POINT('',(0.,-2.1));
#435 = VECTOR('',#436,1.);
#436 = DIRECTION('',(0.,-1.));
#437 = ( GEOMETRIC_REPRESENTATION_CONTEXT(2) 
PARAMETRIC_REPRESENTATION_CONTEXT() REPRESENTATION_CONTEXT('2D SPACE',''
  ) );
#438 = PCURVE('',#336,#439);
#439 = DEFINITIONAL_REPRESENTATION('',(#440),#444);
#440 = LINE('',#441,#442);
#441 = CARTESIAN_POINT('',(-1.570796326795,-2.1));
#442 = VECTOR('',#443,1.);
#443 = DIRECTION('',(-0.,-1.));
#444 = ( GEOMETRIC_REPRESENTATION_CONTEXT(2) 
PARAMETRIC_REPRESENTATION_CONTEXT() REPRESENTATION_CONTEXT('2D SPACE',''
  ) );
#445 = ORIENTED_EDGE('',*,*,#348,.T.);
#446 = ADVANCED_FACE('',(#447),#414,.T.);
#447 = FACE_BOUND('',#448,.T.);
#448 = EDGE_LOOP('',(#449,#478,#504,#530,#556,#584,#611,#637,#664,#692,
    #718,#744,#770,#797,#826,#852,#874,#875,#899,#925));
#449 = ORIENTED_EDGE('',*,*,#450,.F.);
#450 = EDGE_CURVE('',#451,#453,#455,.T.);
#451 = VERTEX_POINT('',#452);
#452 = CARTESIAN_POINT('',(-94.951,-57.1,15.5));
#453 = VERTEX_POINT('',#454);
#454 = CARTESIAN_POINT('',(-92.09486210966,-57.1,15.5));
#455 = SURFACE_CURVE('',#456,(#460,#466),.PCURVE_S1.);
#456 = LINE('',#457,#458);
#457 = CARTESIAN_POINT('',(-110.,-57.1,15.5));
#458 = VECTOR('',#459,1.);
#459 = DIRECTION('',(1.,0.,-0.));
#460 = PCURVE('',#414,#461);
#461 = DEFINITIONAL_REPRESENTATION('',(#462),#465);
#462 = B_SPLINE_CURVE_WITH_KNOTS('',1,(#463,#464),.UNSPECIFIED.,.F.,.F.,
  (2,2),(13.336397157506,206.66360284249),.PIECEWISE_BEZIER_KNOTS.);
#463 = CARTESIAN_POINT('',(15.5,13.336397157506));
#464 = CARTESIAN_POINT('',(15.5,206.66360284249));
#465 = ( GEOMETRIC_REPRESENTATION_CONTEXT(2) 
PARAMETRIC_REPRESENTATION_CONTEXT() REPRESENTATION_CONTEXT('2D SPACE',''
  ) );
#466 = PCURVE('',#467,#472);
#467 = PLANE('',#468);
#468 = AXIS2_PLACEMENT_3D('',#469,#470,#471);
#469 = CARTESIAN_POINT('',(-110.,-65.,15.5));
#470 = DIRECTION('',(0.,0.,1.));
#471 = DIRECTION('',(1.,0.,-0.));
#472 = DEFINITIONAL_REPRESENTATION('',(#473),#477);
#473 = LINE('',#474,#475);
#474 = CARTESIAN_POINT('',(0.,7.9));
#475 = VECTOR('',#476,1.);
#476 = DIRECTION('',(1.,0.));
#477 = ( GEOMETRIC_REPRESENTATION_CONTEXT(2) 
PARAMETRIC_REPRESENTATION_CONTEXT() REPRESENTATION_CONTEXT('2D SPACE',''
  ) );
#478 = ORIENTED_EDGE('',*,*,#479,.T.);
#479 = EDGE_CURVE('',#451,#480,#482,.T.);
#480 = VERTEX_POINT('',#481);
#481 = CARTESIAN_POINT('',(-94.951,-57.1,21.));
#482 = SURFACE_CURVE('',#483,(#487,#493),.PCURVE_S1.);
#483 = LINE('',#484,#485);
#484 = CARTESIAN_POINT('',(-94.951,-57.1,0.));
#485 = VECTOR('',#486,1.);
#486 = DIRECTION('',(0.,0.,1.));
#487 = PCURVE('',#414,#488);
#488 = DEFINITIONAL_REPRESENTATION('',(#489),#492);
#489 = B_SPLINE_CURVE_WITH_KNOTS('',1,(#490,#491),.UNSPECIFIED.,.F.,.F.,
  (2,2),(15.5,62.),.PIECEWISE_BEZIER_KNOTS.);
#490 = CARTESIAN_POINT('',(15.5,15.049));
#491 = CARTESIAN_POINT('',(62.,15.049));
#492 = ( GEOMETRIC_REPRESENTATION_CONTEXT(2) 
PARAMETRIC_REPRESENTATION_CONTEXT() REPRESENTATION_CONTEXT('2D SPACE',''
  ) );
#493 = PCURVE('',#494,#499);
#494 = PLANE('',#495);
#495 = AXIS2_PLACEMENT_3D('',#496,#497,#498);
#496 = CARTESIAN_POINT('',(-94.951,-56.2,0.));
#497 = DIRECTION('',(1.,0.,-0.));
#498 = DIRECTION('',(0.,-1.,0.));
#499 = DEFINITIONAL_REPRESENTATION('',(#500),#503);
#500 = B_SPLINE_CURVE_WITH_KNOTS('',1,(#501,#502),.UNSPECIFIED.,.F.,.F.,
  (2,2),(15.5,62.),.PIECEWISE_BEZIER_KNOTS.);
#501 = CARTESIAN_POINT('',(0.9,-15.5));
#502 = CARTESIAN_POINT('',(0.9,-62.));
#503 = ( GEOMETRIC_REPRESENTATION_CONTEXT(2) 
PARAMETRIC_REPRESENTATION_CONTEXT() REPRESENTATION_CONTEXT('2D SPACE',''
  ) );
#504 = ORIENTED_EDGE('',*,*,#505,.T.);
#505 = EDGE_CURVE('',#480,#506,#508,.T.);
#506 = VERTEX_POINT('',#507);
#507 = CARTESIAN_POINT('',(-94.1,-57.1,21.));
#508 = SURFACE_CURVE('',#509,(#513,#519),.PCURVE_S1.);
#509 = LINE('',#510,#511);
#510 = CARTESIAN_POINT('',(-104.25,-57.1,21.));
#511 = VECTOR('',#512,1.);
#512 = DIRECTION('',(1.,0.,-0.));
#513 = PCURVE('',#414,#514);
#514 = DEFINITIONAL_REPRESENTATION('',(#515),#518);
#515 = B_SPLINE_CURVE_WITH_KNOTS('',1,(#516,#517),.UNSPECIFIED.,.F.,.F.,
  (2,2),(9.299,10.15),.PIECEWISE_BEZIER_KNOTS.);
#516 = CARTESIAN_POINT('',(21.,15.049));
#517 = CARTESIAN_POINT('',(21.,15.9));
#518 = ( GEOMETRIC_REPRESENTATION_CONTEXT(2) 
PARAMETRIC_REPRESENTATION_CONTEXT() REPRESENTATION_CONTEXT('2D SPACE',''
  ) );
#519 = PCURVE('',#520,#525);
#520 = PLANE('',#521);
#521 = AXIS2_PLACEMENT_3D('',#522,#523,#524);
#522 = CARTESIAN_POINT('',(-98.5,-60.,21.));
#523 = DIRECTION('',(0.,0.,1.));
#524 = DIRECTION('',(1.,0.,-0.));
#525 = DEFINITIONAL_REPRESENTATION('',(#526),#529);
#526 = B_SPLINE_CURVE_WITH_KNOTS('',1,(#527,#528),.UNSPECIFIED.,.F.,.F.,
  (2,2),(9.299,10.15),.PIECEWISE_BEZIER_KNOTS.);
#527 = CARTESIAN_POINT('',(3.549,2.9));
#528 = CARTESIAN_POINT('',(4.4,2.9));
#529 = ( GEOMETRIC_REPRESENTATION_CONTEXT(2) 
PARAMETRIC_REPRESENTATION_CONTEXT() REPRESENTATION_CONTEXT('2D SPACE',''
  ) );
#530 = ORIENTED_EDGE('',*,*,#531,.F.);
#531 = EDGE_CURVE('',#532,#506,#534,.T.);
#532 = VERTEX_POINT('',#533);
#533 = CARTESIAN_POINT('',(-94.1,-57.1,62.));
#534 = SURFACE_CURVE('',#535,(#539,#545),.PCURVE_S1.);
#535 = LINE('',#536,#537);
#536 = CARTESIAN_POINT('',(-94.1,-57.1,10.5));
#537 = VECTOR('',#538,1.);
#538 = DIRECTION('',(-0.,0.,-1.));
#539 = PCURVE('',#414,#540);
#540 = DEFINITIONAL_REPRESENTATION('',(#541),#544);
#541 = B_SPLINE_CURVE_WITH_KNOTS('',1,(#542,#543),.UNSPECIFIED.,.F.,.F.,
  (2,2),(-51.5,-10.5),.PIECEWISE_BEZIER_KNOTS.);
#542 = CARTESIAN_POINT('',(62.,15.9));
#543 = CARTESIAN_POINT('',(21.,15.9));
#544 = ( GEOMETRIC_REPRESENTATION_CONTEXT(2) 
PARAMETRIC_REPRESENTATION_CONTEXT() REPRESENTATION_CONTEXT('2D SPACE',''
  ) );
#545 = PCURVE('',#546,#551);
#546 = PLANE('',#547);
#547 = AXIS2_PLACEMENT_3D('',#548,#549,#550);
#548 = CARTESIAN_POINT('',(-94.1,-60.,21.));
#549 = DIRECTION('',(1.,0.,-0.));
#550 = DIRECTION('',(0.,0.,1.));
#551 = DEFINITIONAL_REPRESENTATION('',(#552),#555);
#552 = B_SPLINE_CURVE_WITH_KNOTS('',1,(#553,#554),.UNSPECIFIED.,.F.,.F.,
  (2,2),(-51.5,-10.5),.PIECEWISE_BEZIER_KNOTS.);
#553 = CARTESIAN_POINT('',(41.,-2.9));
#554 = CARTESIAN_POINT('',(0.,-2.9));
#555 = ( GEOMETRIC_REPRESENTATION_CONTEXT(2) 
PARAMETRIC_REPRESENTATION_CONTEXT() REPRESENTATION_CONTEXT('2D SPACE',''
  ) );
#556 = ORIENTED_EDGE('',*,*,#557,.T.);
#557 = EDGE_CURVE('',#532,#558,#560,.T.);
#558 = VERTEX_POINT('',#559);
#559 = CARTESIAN_POINT('',(-15.,-57.1,62.));
#560 = SURFACE_CURVE('',#561,(#565,#572),.PCURVE_S1.);
#561 = LINE('',#562,#563);
#562 = CARTESIAN_POINT('',(-110.,-57.1,62.));
#563 = VECTOR('',#564,1.);
#564 = DIRECTION('',(1.,0.,-0.));
#565 = PCURVE('',#414,#566);
#566 = DEFINITIONAL_REPRESENTATION('',(#567),#571);
#567 = LINE('',#568,#569);
#568 = CARTESIAN_POINT('',(62.,0.));
#569 = VECTOR('',#570,1.);
#570 = DIRECTION('',(0.,1.));
#571 = ( GEOMETRIC_REPRESENTATION_CONTEXT(2) 
PARAMETRIC_REPRESENTATION_CONTEXT() REPRESENTATION_CONTEXT('2D SPACE',''
  ) );
#572 = PCURVE('',#573,#578);
#573 = PLANE('',#574);
#574 = AXIS2_PLACEMENT_3D('',#575,#576,#577);
#575 = CARTESIAN_POINT('',(-94.951,-57.1,62.));
#576 = DIRECTION('',(0.,-0.707106781187,-0.707106781187));
#577 = DIRECTION('',(0.,-0.707106781187,0.707106781187));
#578 = DEFINITIONAL_REPRESENTATION('',(#579),#583);
#579 = LINE('',#580,#581);
#580 = CARTESIAN_POINT('',(0.,15.049));
#581 = VECTOR('',#582,1.);
#582 = DIRECTION('',(0.,-1.));
#583 = ( GEOMETRIC_REPRESENTATION_CONTEXT(2) 
PARAMETRIC_REPRESENTATION_CONTEXT() REPRESENTATION_CONTEXT('2D SPACE',''
  ) );
#584 = ORIENTED_EDGE('',*,*,#585,.T.);
#585 = EDGE_CURVE('',#558,#586,#588,.T.);
#586 = VERTEX_POINT('',#587);
#587 = CARTESIAN_POINT('',(-15.,-57.1,59.9));
#588 = SURFACE_CURVE('',#589,(#593,#599),.PCURVE_S1.);
#589 = LINE('',#590,#591);
#590 = CARTESIAN_POINT('',(-15.,-57.1,29.95));
#591 = VECTOR('',#592,1.);
#592 = DIRECTION('',(-0.,0.,-1.));
#593 = PCURVE('',#414,#594);
#594 = DEFINITIONAL_REPRESENTATION('',(#595),#598);
#595 = B_SPLINE_CURVE_WITH_KNOTS('',1,(#596,#597),.UNSPECIFIED.,.F.,.F.,
  (2,2),(-32.05,-29.95),.PIECEWISE_BEZIER_KNOTS.);
#596 = CARTESIAN_POINT('',(62.,95.));
#597 = CARTESIAN_POINT('',(59.9,95.));
#598 = ( GEOMETRIC_REPRESENTATION_CONTEXT(2) 
PARAMETRIC_REPRESENTATION_CONTEXT() REPRESENTATION_CONTEXT('2D SPACE',''
  ) );
#599 = PCURVE('',#600,#605);
#600 = PLANE('',#601);
#601 = AXIS2_PLACEMENT_3D('',#602,#603,#604);
#602 = CARTESIAN_POINT('',(-15.,-59.,59.9));
#603 = DIRECTION('',(1.,0.,-0.));
#604 = DIRECTION('',(0.,0.,1.));
#605 = DEFINITIONAL_REPRESENTATION('',(#606),#610);
#606 = LINE('',#607,#608);
#607 = CARTESIAN_POINT('',(-29.95,-1.9));
#608 = VECTOR('',#609,1.);
#609 = DIRECTION('',(-1.,-0.));
#610 = ( GEOMETRIC_REPRESENTATION_CONTEXT(2) 
PARAMETRIC_REPRESENTATION_CONTEXT() REPRESENTATION_CONTEXT('2D SPACE',''
  ) );
#611 = ORIENTED_EDGE('',*,*,#612,.T.);
#612 = EDGE_CURVE('',#586,#613,#615,.T.);
#613 = VERTEX_POINT('',#614);
#614 = CARTESIAN_POINT('',(15.,-57.1,59.9));
#615 = SURFACE_CURVE('',#616,(#620,#626),.PCURVE_S1.);
#616 = LINE('',#617,#618);
#617 = CARTESIAN_POINT('',(-62.5,-57.1,59.9));
#618 = VECTOR('',#619,1.);
#619 = DIRECTION('',(1.,0.,-0.));
#620 = PCURVE('',#414,#621);
#621 = DEFINITIONAL_REPRESENTATION('',(#622),#625);
#622 = B_SPLINE_CURVE_WITH_KNOTS('',1,(#623,#624),.UNSPECIFIED.,.F.,.F.,
  (2,2),(47.5,77.5),.PIECEWISE_BEZIER_KNOTS.);
#623 = CARTESIAN_POINT('',(59.9,95.));
#624 = CARTESIAN_POINT('',(59.9,125.));
#625 = ( GEOMETRIC_REPRESENTATION_CONTEXT(2) 
PARAMETRIC_REPRESENTATION_CONTEXT() REPRESENTATION_CONTEXT('2D SPACE',''
  ) );
#626 = PCURVE('',#627,#632);
#627 = PLANE('',#628);
#628 = AXIS2_PLACEMENT_3D('',#629,#630,#631);
#629 = CARTESIAN_POINT('',(-15.,-59.,59.9));
#630 = DIRECTION('',(0.,0.,1.));
#631 = DIRECTION('',(1.,0.,-0.));
#632 = DEFINITIONAL_REPRESENTATION('',(#633),#636);
#633 = B_SPLINE_CURVE_WITH_KNOTS('',1,(#634,#635),.UNSPECIFIED.,.F.,.F.,
  (2,2),(47.5,77.5),.PIECEWISE_BEZIER_KNOTS.);
#634 = CARTESIAN_POINT('',(0.,1.9));
#635 = CARTESIAN_POINT('',(30.,1.9));
#636 = ( GEOMETRIC_REPRESENTATION_CONTEXT(2) 
PARAMETRIC_REPRESENTATION_CONTEXT() REPRESENTATION_CONTEXT('2D SPACE',''
  ) );
#637 = ORIENTED_EDGE('',*,*,#638,.F.);
#638 = EDGE_CURVE('',#639,#613,#641,.T.);
#639 = VERTEX_POINT('',#640);
#640 = CARTESIAN_POINT('',(15.,-57.1,62.));
#641 = SURFACE_CURVE('',#642,(#646,#652),.PCURVE_S1.);
#642 = LINE('',#643,#644);
#643 = CARTESIAN_POINT('',(15.,-57.1,29.95));
#644 = VECTOR('',#645,1.);
#645 = DIRECTION('',(-0.,0.,-1.));
#646 = PCURVE('',#414,#647);
#647 = DEFINITIONAL_REPRESENTATION('',(#648),#651);
#648 = B_SPLINE_CURVE_WITH_KNOTS('',1,(#649,#650),.UNSPECIFIED.,.F.,.F.,
  (2,2),(-32.05,-29.95),.PIECEWISE_BEZIER_KNOTS.);
#649 = CARTESIAN_POINT('',(62.,125.));
#650 = CARTESIAN_POINT('',(59.9,125.));
#651 = ( GEOMETRIC_REPRESENTATION_CONTEXT(2) 
PARAMETRIC_REPRESENTATION_CONTEXT() REPRESENTATION_CONTEXT('2D SPACE',''
  ) );
#652 = PCURVE('',#653,#658);
#653 = PLANE('',#654);
#654 = AXIS2_PLACEMENT_3D('',#655,#656,#657);
#655 = CARTESIAN_POINT('',(15.,-59.,59.9));
#656 = DIRECTION('',(1.,0.,-0.));
#657 = DIRECTION('',(0.,0.,1.));
#658 = DEFINITIONAL_REPRESENTATION('',(#659),#663);
#659 = LINE('',#660,#661);
#660 = CARTESIAN_POINT('',(-29.95,-1.9));
#661 = VECTOR('',#662,1.);
#662 = DIRECTION('',(-1.,-0.));
#663 = ( GEOMETRIC_REPRESENTATION_CONTEXT(2) 
PARAMETRIC_REPRESENTATION_CONTEXT() REPRESENTATION_CONTEXT('2D SPACE',''
  ) );
#664 = ORIENTED_EDGE('',*,*,#665,.T.);
#665 = EDGE_CURVE('',#639,#666,#668,.T.);
#666 = VERTEX_POINT('',#667);
#667 = CARTESIAN_POINT('',(94.1,-57.1,62.));
#668 = SURFACE_CURVE('',#669,(#673,#680),.PCURVE_S1.);
#669 = LINE('',#670,#671);
#670 = CARTESIAN_POINT('',(-110.,-57.1,62.));
#671 = VECTOR('',#672,1.);
#672 = DIRECTION('',(1.,0.,-0.));
#673 = PCURVE('',#414,#674);
#674 = DEFINITIONAL_REPRESENTATION('',(#675),#679);
#675 = LINE('',#676,#677);
#676 = CARTESIAN_POINT('',(62.,0.));
#677 = VECTOR('',#678,1.);
#678 = DIRECTION('',(0.,1.));
#679 = ( GEOMETRIC_REPRESENTATION_CONTEXT(2) 
PARAMETRIC_REPRESENTATION_CONTEXT() REPRESENTATION_CONTEXT('2D SPACE',''
  ) );
#680 = PCURVE('',#681,#686);
#681 = PLANE('',#682);
#682 = AXIS2_PLACEMENT_3D('',#683,#684,#685);
#683 = CARTESIAN_POINT('',(-94.951,-57.1,62.));
#684 = DIRECTION('',(0.,-0.707106781187,-0.707106781187));
#685 = DIRECTION('',(0.,-0.707106781187,0.707106781187));
#686 = DEFINITIONAL_REPRESENTATION('',(#687),#691);
#687 = LINE('',#688,#689);
#688 = CARTESIAN_POINT('',(0.,15.049));
#689 = VECTOR('',#690,1.);
#690 = DIRECTION('',(0.,-1.));
#691 = ( GEOMETRIC_REPRESENTATION_CONTEXT(2) 
PARAMETRIC_REPRESENTATION_CONTEXT() REPRESENTATION_CONTEXT('2D SPACE',''
  ) );
#692 = ORIENTED_EDGE('',*,*,#693,.T.);
#693 = EDGE_CURVE('',#666,#694,#696,.T.);
#694 = VERTEX_POINT('',#695);
#695 = CARTESIAN_POINT('',(94.1,-57.1,21.));
#696 = SURFACE_CURVE('',#697,(#701,#707),.PCURVE_S1.);
#697 = LINE('',#698,#699);
#698 = CARTESIAN_POINT('',(94.1,-57.1,10.5));
#699 = VECTOR('',#700,1.);
#700 = DIRECTION('',(-0.,0.,-1.));
#701 = PCURVE('',#414,#702);
#702 = DEFINITIONAL_REPRESENTATION('',(#703),#706);
#703 = B_SPLINE_CURVE_WITH_KNOTS('',1,(#704,#705),.UNSPECIFIED.,.F.,.F.,
  (2,2),(-51.5,-10.5),.PIECEWISE_BEZIER_KNOTS.);
#704 = CARTESIAN_POINT('',(62.,204.1));
#705 = CARTESIAN_POINT('',(21.,204.1));
#706 = ( GEOMETRIC_REPRESENTATION_CONTEXT(2) 
PARAMETRIC_REPRESENTATION_CONTEXT() REPRESENTATION_CONTEXT('2D SPACE',''
  ) );
#707 = PCURVE('',#708,#713);
#708 = PLANE('',#709);
#709 = AXIS2_PLACEMENT_3D('',#710,#711,#712);
#710 = CARTESIAN_POINT('',(94.1,-60.,21.));
#711 = DIRECTION('',(1.,0.,-0.));
#712 = DIRECTION('',(0.,0.,1.));
#713 = DEFINITIONAL_REPRESENTATION('',(#714),#717);
#714 = B_SPLINE_CURVE_WITH_KNOTS('',1,(#715,#716),.UNSPECIFIED.,.F.,.F.,
  (2,2),(-51.5,-10.5),.PIECEWISE_BEZIER_KNOTS.);
#715 = CARTESIAN_POINT('',(41.,-2.9));
#716 = CARTESIAN_POINT('',(0.,-2.9));
#717 = ( GEOMETRIC_REPRESENTATION_CONTEXT(2) 
PARAMETRIC_REPRESENTATION_CONTEXT() REPRESENTATION_CONTEXT('2D SPACE',''
  ) );
#718 = ORIENTED_EDGE('',*,*,#719,.T.);
#719 = EDGE_CURVE('',#694,#720,#722,.T.);
#720 = VERTEX_POINT('',#721);
#721 = CARTESIAN_POINT('',(94.951,-57.1,21.));
#722 = SURFACE_CURVE('',#723,(#727,#733),.PCURVE_S1.);
#723 = LINE('',#724,#725);
#724 = CARTESIAN_POINT('',(-7.95,-57.1,21.));
#725 = VECTOR('',#726,1.);
#726 = DIRECTION('',(1.,0.,-0.));
#727 = PCURVE('',#414,#728);
#728 = DEFINITIONAL_REPRESENTATION('',(#729),#732);
#729 = B_SPLINE_CURVE_WITH_KNOTS('',1,(#730,#731),.UNSPECIFIED.,.F.,.F.,
  (2,2),(102.05,102.901),.PIECEWISE_BEZIER_KNOTS.);
#730 = CARTESIAN_POINT('',(21.,204.1));
#731 = CARTESIAN_POINT('',(21.,204.951));
#732 = ( GEOMETRIC_REPRESENTATION_CONTEXT(2) 
PARAMETRIC_REPRESENTATION_CONTEXT() REPRESENTATION_CONTEXT('2D SPACE',''
  ) );
#733 = PCURVE('',#734,#739);
#734 = PLANE('',#735);
#735 = AXIS2_PLACEMENT_3D('',#736,#737,#738);
#736 = CARTESIAN_POINT('',(94.1,-60.,21.));
#737 = DIRECTION('',(0.,0.,1.));
#738 = DIRECTION('',(1.,0.,-0.));
#739 = DEFINITIONAL_REPRESENTATION('',(#740),#743);
#740 = B_SPLINE_CURVE_WITH_KNOTS('',1,(#741,#742),.UNSPECIFIED.,.F.,.F.,
  (2,2),(102.05,102.901),.PIECEWISE_BEZIER_KNOTS.);
#741 = CARTESIAN_POINT('',(-2.84217094304E-14,2.9));
#742 = CARTESIAN_POINT('',(0.851,2.9));
#743 = ( GEOMETRIC_REPRESENTATION_CONTEXT(2) 
PARAMETRIC_REPRESENTATION_CONTEXT() REPRESENTATION_CONTEXT('2D SPACE',''
  ) );
#744 = ORIENTED_EDGE('',*,*,#745,.T.);
#745 = EDGE_CURVE('',#720,#746,#748,.T.);
#746 = VERTEX_POINT('',#747);
#747 = CARTESIAN_POINT('',(94.951,-57.1,15.5));
#748 = SURFACE_CURVE('',#749,(#753,#759),.PCURVE_S1.);
#749 = LINE('',#750,#751);
#750 = CARTESIAN_POINT('',(94.951,-57.1,0.));
#751 = VECTOR('',#752,1.);
#752 = DIRECTION('',(0.,0.,-1.));
#753 = PCURVE('',#414,#754);
#754 = DEFINITIONAL_REPRESENTATION('',(#755),#758);
#755 = B_SPLINE_CURVE_WITH_KNOTS('',1,(#756,#757),.UNSPECIFIED.,.F.,.F.,
  (2,2),(-62.,-15.5),.PIECEWISE_BEZIER_KNOTS.);
#756 = CARTESIAN_POINT('',(62.,204.951));
#757 = CARTESIAN_POINT('',(15.5,204.951));
#758 = ( GEOMETRIC_REPRESENTATION_CONTEXT(2) 
PARAMETRIC_REPRESENTATION_CONTEXT() REPRESENTATION_CONTEXT('2D SPACE',''
  ) );
#759 = PCURVE('',#760,#765);
#760 = PLANE('',#761);
#761 = AXIS2_PLACEMENT_3D('',#762,#763,#764);
#762 = CARTESIAN_POINT('',(94.951,-57.9,0.));
#763 = DIRECTION('',(-1.,0.,0.));
#764 = DIRECTION('',(0.,1.,0.));
#765 = DEFINITIONAL_REPRESENTATION('',(#766),#769);
#766 = B_SPLINE_CURVE_WITH_KNOTS('',1,(#767,#768),.UNSPECIFIED.,.F.,.F.,
  (2,2),(-62.,-15.5),.PIECEWISE_BEZIER_KNOTS.);
#767 = CARTESIAN_POINT('',(0.8,-62.));
#768 = CARTESIAN_POINT('',(0.8,-15.5));
#769 = ( GEOMETRIC_REPRESENTATION_CONTEXT(2) 
PARAMETRIC_REPRESENTATION_CONTEXT() REPRESENTATION_CONTEXT('2D SPACE',''
  ) );
#770 = ORIENTED_EDGE('',*,*,#771,.F.);
#771 = EDGE_CURVE('',#772,#746,#774,.T.);
#772 = VERTEX_POINT('',#773);
#773 = CARTESIAN_POINT('',(92.09486210966,-57.1,15.5));
#774 = SURFACE_CURVE('',#775,(#779,#785),.PCURVE_S1.);
#775 = LINE('',#776,#777);
#776 = CARTESIAN_POINT('',(-110.,-57.1,15.5));
#777 = VECTOR('',#778,1.);
#778 = DIRECTION('',(1.,0.,-0.));
#779 = PCURVE('',#414,#780);
#780 = DEFINITIONAL_REPRESENTATION('',(#781),#784);
#781 = B_SPLINE_CURVE_WITH_KNOTS('',1,(#782,#783),.UNSPECIFIED.,.F.,.F.,
  (2,2),(13.336397157506,206.66360284249),.PIECEWISE_BEZIER_KNOTS.);
#782 = CARTESIAN_POINT('',(15.5,13.336397157506));
#783 = CARTESIAN_POINT('',(15.5,206.66360284249));
#784 = ( GEOMETRIC_REPRESENTATION_CONTEXT(2) 
PARAMETRIC_REPRESENTATION_CONTEXT() REPRESENTATION_CONTEXT('2D SPACE',''
  ) );
#785 = PCURVE('',#786,#791);
#786 = PLANE('',#787);
#787 = AXIS2_PLACEMENT_3D('',#788,#789,#790);
#788 = CARTESIAN_POINT('',(-110.,-65.,15.5));
#789 = DIRECTION('',(0.,0.,1.));
#790 = DIRECTION('',(1.,0.,-0.));
#791 = DEFINITIONAL_REPRESENTATION('',(#792),#796);
#792 = LINE('',#793,#794);
#793 = CARTESIAN_POINT('',(0.,7.9));
#794 = VECTOR('',#795,1.);
#795 = DIRECTION('',(1.,0.));
#796 = ( GEOMETRIC_REPRESENTATION_CONTEXT(2) 
PARAMETRIC_REPRESENTATION_CONTEXT() REPRESENTATION_CONTEXT('2D SPACE',''
  ) );
#797 = ORIENTED_EDGE('',*,*,#798,.F.);
#798 = EDGE_CURVE('',#799,#772,#801,.T.);
#799 = VERTEX_POINT('',#800);
#800 = CARTESIAN_POINT('',(92.4,-57.1,18.5));
#801 = SURFACE_CURVE('',#802,(#807,#814),.PCURVE_S1.);
#802 = CIRCLE('',#803,14.9);
#803 = AXIS2_PLACEMENT_3D('',#804,#805,#806);
#804 = CARTESIAN_POINT('',(77.5,-57.1,18.5));
#805 = DIRECTION('',(0.,1.,-1.110223024625E-16));
#806 = DIRECTION('',(1.,0.,0.));
#807 = PCURVE('',#414,#808);
#808 = DEFINITIONAL_REPRESENTATION('',(#809),#813);
#809 = CIRCLE('',#810,14.9);
#810 = AXIS2_PLACEMENT_2D('',#811,#812);
#811 = CARTESIAN_POINT('',(18.5,187.5));
#812 = DIRECTION('',(0.,1.));
#813 = ( GEOMETRIC_REPRESENTATION_CONTEXT(2) 
PARAMETRIC_REPRESENTATION_CONTEXT() REPRESENTATION_CONTEXT('2D SPACE',''
  ) );
#814 = PCURVE('',#815,#820);
#815 = CYLINDRICAL_SURFACE('',#816,14.9);
#816 = AXIS2_PLACEMENT_3D('',#817,#818,#819);
#817 = CARTESIAN_POINT('',(77.5,-55.,18.5));
#818 = DIRECTION('',(-0.,1.,-1.110223024625E-16));
#819 = DIRECTION('',(1.,0.,0.));
#820 = DEFINITIONAL_REPRESENTATION('',(#821),#825);
#821 = LINE('',#822,#823);
#822 = CARTESIAN_POINT('',(-6.28318530718,-2.1));
#823 = VECTOR('',#824,1.);
#824 = DIRECTION('',(1.,-0.));
#825 = ( GEOMETRIC_REPRESENTATION_CONTEXT(2) 
PARAMETRIC_REPRESENTATION_CONTEXT() REPRESENTATION_CONTEXT('2D SPACE',''
  ) );
#826 = ORIENTED_EDGE('',*,*,#827,.T.);
#827 = EDGE_CURVE('',#799,#828,#830,.T.);
#828 = VERTEX_POINT('',#829);
#829 = CARTESIAN_POINT('',(92.4,-57.1,42.5));
#830 = SURFACE_CURVE('',#831,(#835,#841),.PCURVE_S1.);
#831 = LINE('',#832,#833);
#832 = CARTESIAN_POINT('',(92.4,-57.1,9.25));
#833 = VECTOR('',#834,1.);
#834 = DIRECTION('',(0.,0.,1.));
#835 = PCURVE('',#414,#836);
#836 = DEFINITIONAL_REPRESENTATION('',(#837),#840);
#837 = B_SPLINE_CURVE_WITH_KNOTS('',1,(#838,#839),.UNSPECIFIED.,.F.,.F.,
  (2,2),(9.25,33.25),.PIECEWISE_BEZIER_KNOTS.);
#838 = CARTESIAN_POINT('',(18.5,202.4));
#839 = CARTESIAN_POINT('',(42.5,202.4));
#840 = ( GEOMETRIC_REPRESENTATION_CONTEXT(2) 
PARAMETRIC_REPRESENTATION_CONTEXT() REPRESENTATION_CONTEXT('2D SPACE',''
  ) );
#841 = PCURVE('',#842,#847);
#842 = PLANE('',#843);
#843 = AXIS2_PLACEMENT_3D('',#844,#845,#846);
#844 = CARTESIAN_POINT('',(92.4,-55.,18.5));
#845 = DIRECTION('',(-1.,0.,0.));
#846 = DIRECTION('',(0.,1.110223024625E-16,1.));
#847 = DEFINITIONAL_REPRESENTATION('',(#848),#851);
#848 = B_SPLINE_CURVE_WITH_KNOTS('',1,(#849,#850),.UNSPECIFIED.,.F.,.F.,
  (2,2),(9.25,33.25),.PIECEWISE_BEZIER_KNOTS.);
#849 = CARTESIAN_POINT('',(0.,-2.1));
#850 = CARTESIAN_POINT('',(24.,-2.1));
#851 = ( GEOMETRIC_REPRESENTATION_CONTEXT(2) 
PARAMETRIC_REPRESENTATION_CONTEXT() REPRESENTATION_CONTEXT('2D SPACE',''
  ) );
#852 = ORIENTED_EDGE('',*,*,#853,.F.);
#853 = EDGE_CURVE('',#400,#828,#854,.T.);
#854 = SURFACE_CURVE('',#855,(#860,#867),.PCURVE_S1.);
#855 = CIRCLE('',#856,14.9);
#856 = AXIS2_PLACEMENT_3D('',#857,#858,#859);
#857 = CARTESIAN_POINT('',(77.5,-57.1,42.5));
#858 = DIRECTION('',(0.,1.,-1.110223024625E-16));
#859 = DIRECTION('',(1.,0.,0.));
#860 = PCURVE('',#414,#861);
#861 = DEFINITIONAL_REPRESENTATION('',(#862),#866);
#862 = CIRCLE('',#863,14.9);
#863 = AXIS2_PLACEMENT_2D('',#864,#865);
#864 = CARTESIAN_POINT('',(42.5,187.5));
#865 = DIRECTION('',(0.,1.));
#866 = ( GEOMETRIC_REPRESENTATION_CONTEXT(2) 
PARAMETRIC_REPRESENTATION_CONTEXT() REPRESENTATION_CONTEXT('2D SPACE',''
  ) );
#867 = PCURVE('',#336,#868);
#868 = DEFINITIONAL_REPRESENTATION('',(#869),#873);
#869 = LINE('',#870,#871);
#870 = CARTESIAN_POINT('',(-6.28318530718,-2.1));
#871 = VECTOR('',#872,1.);
#872 = DIRECTION('',(1.,-0.));
#873 = ( GEOMETRIC_REPRESENTATION_CONTEXT(2) 
PARAMETRIC_REPRESENTATION_CONTEXT() REPRESENTATION_CONTEXT('2D SPACE',''
  ) );
#874 = ORIENTED_EDGE('',*,*,#399,.T.);
#875 = ORIENTED_EDGE('',*,*,#876,.F.);
#876 = EDGE_CURVE('',#877,#377,#879,.T.);
#877 = VERTEX_POINT('',#878);
#878 = CARTESIAN_POINT('',(-92.4,-57.1,42.5));
#879 = SURFACE_CURVE('',#880,(#885,#892),.PCURVE_S1.);
#880 = CIRCLE('',#881,14.9);
#881 = AXIS2_PLACEMENT_3D('',#882,#883,#884);
#882 = CARTESIAN_POINT('',(-77.5,-57.1,42.5));
#883 = DIRECTION('',(0.,1.,-1.110223024625E-16));
#884 = DIRECTION('',(1.,0.,0.));
#885 = PCURVE('',#414,#886);
#886 = DEFINITIONAL_REPRESENTATION('',(#887),#891);
#887 = CIRCLE('',#888,14.9);
#888 = AXIS2_PLACEMENT_2D('',#889,#890);
#889 = CARTESIAN_POINT('',(42.5,32.5));
#890 = DIRECTION('',(0.,1.));
#891 = ( GEOMETRIC_REPRESENTATION_CONTEXT(2) 
PARAMETRIC_REPRESENTATION_CONTEXT() REPRESENTATION_CONTEXT('2D SPACE',''
  ) );
#892 = PCURVE('',#45,#893);
#893 = DEFINITIONAL_REPRESENTATION('',(#894),#898);
#894 = LINE('',#895,#896);
#895 = CARTESIAN_POINT('',(-6.28318530718,-2.1));
#896 = VECTOR('',#897,1.);
#897 = DIRECTION('',(1.,-0.));
#898 = ( GEOMETRIC_REPRESENTATION_CONTEXT(2) 
PARAMETRIC_REPRESENTATION_CONTEXT() REPRESENTATION_CONTEXT('2D SPACE',''
  ) );
#899 = ORIENTED_EDGE('',*,*,#900,.T.);
#900 = EDGE_CURVE('',#877,#901,#903,.T.);
#901 = VERTEX_POINT('',#902);
#902 = CARTESIAN_POINT('',(-92.4,-57.1,18.5));
#903 = SURFACE_CURVE('',#904,(#908,#914),.PCURVE_S1.);
#904 = LINE('',#905,#906);
#905 = CARTESIAN_POINT('',(-92.4,-57.1,21.25));
#906 = VECTOR('',#907,1.);
#907 = DIRECTION('',(0.,0.,-1.));
#908 = PCURVE('',#414,#909);
#909 = DEFINITIONAL_REPRESENTATION('',(#910),#913);
#910 = B_SPLINE_CURVE_WITH_KNOTS('',1,(#911,#912),.UNSPECIFIED.,.F.,.F.,
  (2,2),(-21.25,2.75),.PIECEWISE_BEZIER_KNOTS.);
#911 = CARTESIAN_POINT('',(42.5,17.6));
#912 = CARTESIAN_POINT('',(18.5,17.6));
#913 = ( GEOMETRIC_REPRESENTATION_CONTEXT(2) 
PARAMETRIC_REPRESENTATION_CONTEXT() REPRESENTATION_CONTEXT('2D SPACE',''
  ) );
#914 = PCURVE('',#915,#920);
#915 = PLANE('',#916);
#916 = AXIS2_PLACEMENT_3D('',#917,#918,#919);
#917 = CARTESIAN_POINT('',(-92.4,-55.,42.5));
#918 = DIRECTION('',(1.,0.,0.));
#919 = DIRECTION('',(0.,-1.110223024625E-16,-1.));
#920 = DEFINITIONAL_REPRESENTATION('',(#921),#924);
#921 = B_SPLINE_CURVE_WITH_KNOTS('',1,(#922,#923),.UNSPECIFIED.,.F.,.F.,
  (2,2),(-21.25,2.75),.PIECEWISE_BEZIER_KNOTS.);
#922 = CARTESIAN_POINT('',(0.,-2.1));
#923 = CARTESIAN_POINT('',(24.,-2.1));
#924 = ( GEOMETRIC_REPRESENTATION_CONTEXT(2) 
PARAMETRIC_REPRESENTATION_CONTEXT() REPRESENTATION_CONTEXT('2D SPACE',''
  ) );
#925 = ORIENTED_EDGE('',*,*,#926,.F.);
#926 = EDGE_CURVE('',#453,#901,#927,.T.);
#927 = SURFACE_CURVE('',#928,(#933,#940),.PCURVE_S1.);
#928 = CIRCLE('',#929,14.9);
#929 = AXIS2_PLACEMENT_3D('',#930,#931,#932);
#930 = CARTESIAN_POINT('',(-77.5,-57.1,18.5));
#931 = DIRECTION('',(0.,1.,-1.110223024625E-16));
#932 = DIRECTION('',(1.,0.,0.));
#933 = PCURVE('',#414,#934);
#934 = DEFINITIONAL_REPRESENTATION('',(#935),#939);
#935 = CIRCLE('',#936,14.9);
#936 = AXIS2_PLACEMENT_2D('',#937,#938);
#937 = CARTESIAN_POINT('',(18.5,32.5));
#938 = DIRECTION('',(0.,1.));
#939 = ( GEOMETRIC_REPRESENTATION_CONTEXT(2) 
PARAMETRIC_REPRESENTATION_CONTEXT() REPRESENTATION_CONTEXT('2D SPACE',''
  ) );
#940 = PCURVE('',#941,#946);
#941 = CYLINDRICAL_SURFACE('',#942,14.9);
#942 = AXIS2_PLACEMENT_3D('',#943,#944,#945);
#943 = CARTESIAN_POINT('',(-77.5,-55.,18.5));
#944 = DIRECTION('',(-0.,1.,-1.110223024625E-16));
#945 = DIRECTION('',(1.,0.,0.));
#946 = DEFINITIONAL_REPRESENTATION('',(#947),#951);
#947 = LINE('',#948,#949);
#948 = CARTESIAN_POINT('',(-6.28318530718,-2.1));
#949 = VECTOR('',#950,1.);
#950 = DIRECTION('',(1.,-0.));
#951 = ( GEOMETRIC_REPRESENTATION_CONTEXT(2) 
PARAMETRIC_REPRESENTATION_CONTEXT() REPRESENTATION_CONTEXT('2D SPACE',''
  ) );
#952 = ADVANCED_FACE('',(#953),#494,.T.);
#953 = FACE_BOUND('',#954,.T.);
#954 = EDGE_LOOP('',(#955,#956,#978,#1006));
#955 = ORIENTED_EDGE('',*,*,#479,.F.);
#956 = ORIENTED_EDGE('',*,*,#957,.T.);
#957 = EDGE_CURVE('',#451,#958,#960,.T.);
#958 = VERTEX_POINT('',#959);
#959 = CARTESIAN_POINT('',(-94.951,-56.2,15.5));
#960 = SURFACE_CURVE('',#961,(#965,#971),.PCURVE_S1.);
#961 = LINE('',#962,#963);
#962 = CARTESIAN_POINT('',(-94.951,-60.6,15.5));
#963 = VECTOR('',#964,1.);
#964 = DIRECTION('',(-0.,1.,0.));
#965 = PCURVE('',#494,#966);
#966 = DEFINITIONAL_REPRESENTATION('',(#967),#970);
#967 = B_SPLINE_CURVE_WITH_KNOTS('',1,(#968,#969),.UNSPECIFIED.,.F.,.F.,
  (2,2),(2.7,4.4),.PIECEWISE_BEZIER_KNOTS.);
#968 = CARTESIAN_POINT('',(1.7,-15.5));
#969 = CARTESIAN_POINT('',(0.,-15.5));
#970 = ( GEOMETRIC_REPRESENTATION_CONTEXT(2) 
PARAMETRIC_REPRESENTATION_CONTEXT() REPRESENTATION_CONTEXT('2D SPACE',''
  ) );
#971 = PCURVE('',#467,#972);
#972 = DEFINITIONAL_REPRESENTATION('',(#973),#977);
#973 = LINE('',#974,#975);
#974 = CARTESIAN_POINT('',(15.049,4.4));
#975 = VECTOR('',#976,1.);
#976 = DIRECTION('',(0.,1.));
#977 = ( GEOMETRIC_REPRESENTATION_CONTEXT(2) 
PARAMETRIC_REPRESENTATION_CONTEXT() REPRESENTATION_CONTEXT('2D SPACE',''
  ) );
#978 = ORIENTED_EDGE('',*,*,#979,.T.);
#979 = EDGE_CURVE('',#958,#980,#982,.T.);
#980 = VERTEX_POINT('',#981);
#981 = CARTESIAN_POINT('',(-94.951,-56.2,21.));
#982 = SURFACE_CURVE('',#983,(#987,#994),.PCURVE_S1.);
#983 = LINE('',#984,#985);
#984 = CARTESIAN_POINT('',(-94.951,-56.2,15.5));
#985 = VECTOR('',#986,1.);
#986 = DIRECTION('',(0.,0.,1.));
#987 = PCURVE('',#494,#988);
#988 = DEFINITIONAL_REPRESENTATION('',(#989),#993);
#989 = LINE('',#990,#991);
#990 = CARTESIAN_POINT('',(0.,-15.5));
#991 = VECTOR('',#992,1.);
#992 = DIRECTION('',(0.,-1.));
#993 = ( GEOMETRIC_REPRESENTATION_CONTEXT(2) 
PARAMETRIC_REPRESENTATION_CONTEXT() REPRESENTATION_CONTEXT('2D SPACE',''
  ) );
#994 = PCURVE('',#995,#1000);
#995 = PLANE('',#996);
#996 = AXIS2_PLACEMENT_3D('',#997,#998,#999);
#997 = CARTESIAN_POINT('',(-94.,-16.2113,0.));
#998 = DIRECTION('',(0.999717334831,-2.3774996072E-02,0.));
#999 = DIRECTION('',(-2.3774996072E-02,-0.999717334831,0.));
#1000 = DEFINITIONAL_REPRESENTATION('',(#1001),#1005);
#1001 = LINE('',#1002,#1003);
#1002 = CARTESIAN_POINT('',(40.000006608624,-15.5));
#1003 = VECTOR('',#1004,1.);
#1004 = DIRECTION('',(0.,-1.));
#1005 = ( GEOMETRIC_REPRESENTATION_CONTEXT(2) 
PARAMETRIC_REPRESENTATION_CONTEXT() REPRESENTATION_CONTEXT('2D SPACE',''
  ) );
#1006 = ORIENTED_EDGE('',*,*,#1007,.T.);
#1007 = EDGE_CURVE('',#980,#480,#1008,.T.);
#1008 = SURFACE_CURVE('',#1009,(#1013,#1019),.PCURVE_S1.);
#1009 = LINE('',#1010,#1011);
#1010 = CARTESIAN_POINT('',(-94.951,-58.1,21.));
#1011 = VECTOR('',#1012,1.);
#1012 = DIRECTION('',(0.,-1.,0.));
#1013 = PCURVE('',#494,#1014);
#1014 = DEFINITIONAL_REPRESENTATION('',(#1015),#1018);
#1015 = B_SPLINE_CURVE_WITH_KNOTS('',1,(#1016,#1017),.UNSPECIFIED.,.F.,
  .F.,(2,2),(-1.9,-0.2),.PIECEWISE_BEZIER_KNOTS.);
#1016 = CARTESIAN_POINT('',(0.,-21.));
#1017 = CARTESIAN_POINT('',(1.7,-21.));
#1018 = ( GEOMETRIC_REPRESENTATION_CONTEXT(2) 
PARAMETRIC_REPRESENTATION_CONTEXT() REPRESENTATION_CONTEXT('2D SPACE',''
  ) );
#1019 = PCURVE('',#520,#1020);
#1020 = DEFINITIONAL_REPRESENTATION('',(#1021),#1024);
#1021 = B_SPLINE_CURVE_WITH_KNOTS('',1,(#1022,#1023),.UNSPECIFIED.,.F.,
  .F.,(2,2),(-1.9,-0.2),.PIECEWISE_BEZIER_KNOTS.);
#1022 = CARTESIAN_POINT('',(3.549,3.8));
#1023 = CARTESIAN_POINT('',(3.549,2.1));
#1024 = ( GEOMETRIC_REPRESENTATION_CONTEXT(2) 
PARAMETRIC_REPRESENTATION_CONTEXT() REPRESENTATION_CONTEXT('2D SPACE',''
  ) );
#1025 = ADVANCED_FACE('',(#1026),#995,.T.);
#1026 = FACE_BOUND('',#1027,.T.);
#1027 = EDGE_LOOP('',(#1028,#1056,#1082,#1110,#1138,#1159,#1178));
#1028 = ORIENTED_EDGE('',*,*,#1029,.F.);
#1029 = EDGE_CURVE('',#1030,#958,#1032,.T.);
#1030 = VERTEX_POINT('',#1031);
#1031 = CARTESIAN_POINT('',(-94.951,-56.2,7.5));
#1032 = SURFACE_CURVE('',#1033,(#1037,#1044),.PCURVE_S1.);
#1033 = LINE('',#1034,#1035);
#1034 = CARTESIAN_POINT('',(-94.951,-56.2,0.));
#1035 = VECTOR('',#1036,1.);
#1036 = DIRECTION('',(0.,0.,1.));
#1037 = PCURVE('',#995,#1038);
#1038 = DEFINITIONAL_REPRESENTATION('',(#1039),#1043);
#1039 = LINE('',#1040,#1041);
#1040 = CARTESIAN_POINT('',(40.000006608624,0.));
#1041 = VECTOR('',#1042,1.);
#1042 = DIRECTION('',(0.,-1.));
#1043 = ( GEOMETRIC_REPRESENTATION_CONTEXT(2) 
PARAMETRIC_REPRESENTATION_CONTEXT() REPRESENTATION_CONTEXT('2D SPACE',''
  ) );
#1044 = PCURVE('',#1045,#1050);
#1045 = PLANE('',#1046);
#1046 = AXIS2_PLACEMENT_3D('',#1047,#1048,#1049);
#1047 = CARTESIAN_POINT('',(-110.,-56.2,7.5));
#1048 = DIRECTION('',(-0.,1.,0.));
#1049 = DIRECTION('',(0.,0.,1.));
#1050 = DEFINITIONAL_REPRESENTATION('',(#1051),#1055);
#1051 = LINE('',#1052,#1053);
#1052 = CARTESIAN_POINT('',(-7.5,15.049));
#1053 = VECTOR('',#1054,1.);
#1054 = DIRECTION('',(1.,0.));
#1055 = ( GEOMETRIC_REPRESENTATION_CONTEXT(2) 
PARAMETRIC_REPRESENTATION_CONTEXT() REPRESENTATION_CONTEXT('2D SPACE',''
  ) );
#1056 = ORIENTED_EDGE('',*,*,#1057,.T.);
#1057 = EDGE_CURVE('',#1030,#1058,#1060,.T.);
#1058 = VERTEX_POINT('',#1059);
#1059 = CARTESIAN_POINT('',(-94.,-16.2113,7.5));
#1060 = SURFACE_CURVE('',#1061,(#1065,#1071),.PCURVE_S1.);
#1061 = LINE('',#1062,#1063);
#1062 = CARTESIAN_POINT('',(-94.47975322692,-36.38449439057,7.5));
#1063 = VECTOR('',#1064,1.);
#1064 = DIRECTION('',(2.3774996072E-02,0.999717334831,-0.));
#1065 = PCURVE('',#995,#1066);
#1066 = DEFINITIONAL_REPRESENTATION('',(#1067),#1070);
#1067 = B_SPLINE_CURVE_WITH_KNOTS('',1,(#1068,#1069),.UNSPECIFIED.,.F.,
  .F.,(2,2),(-19.82110834636,20.178898262256),.PIECEWISE_BEZIER_KNOTS.);
#1068 = CARTESIAN_POINT('',(40.000006608624,-7.5));
#1069 = CARTESIAN_POINT('',(0.,-7.5));
#1070 = ( GEOMETRIC_REPRESENTATION_CONTEXT(2) 
PARAMETRIC_REPRESENTATION_CONTEXT() REPRESENTATION_CONTEXT('2D SPACE',''
  ) );
#1071 = PCURVE('',#1072,#1077);
#1072 = PLANE('',#1073);
#1073 = AXIS2_PLACEMENT_3D('',#1074,#1075,#1076);
#1074 = CARTESIAN_POINT('',(-110.,-56.2,7.5));
#1075 = DIRECTION('',(0.,0.,1.));
#1076 = DIRECTION('',(1.,0.,-0.));
#1077 = DEFINITIONAL_REPRESENTATION('',(#1078),#1081);
#1078 = B_SPLINE_CURVE_WITH_KNOTS('',1,(#1079,#1080),.UNSPECIFIED.,.F.,
  .F.,(2,2),(-19.82110834636,20.178898262256),.PIECEWISE_BEZIER_KNOTS.);
#1079 = CARTESIAN_POINT('',(15.049,-1.037472015748E-15));
#1080 = CARTESIAN_POINT('',(16.,39.9887));
#1081 = ( GEOMETRIC_REPRESENTATION_CONTEXT(2) 
PARAMETRIC_REPRESENTATION_CONTEXT() REPRESENTATION_CONTEXT('2D SPACE',''
  ) );
#1082 = ORIENTED_EDGE('',*,*,#1083,.F.);
#1083 = EDGE_CURVE('',#1084,#1058,#1086,.T.);
#1084 = VERTEX_POINT('',#1085);
#1085 = CARTESIAN_POINT('',(-94.,-16.2113,79.5));
#1086 = SURFACE_CURVE('',#1087,(#1091,#1098),.PCURVE_S1.);
#1087 = LINE('',#1088,#1089);
#1088 = CARTESIAN_POINT('',(-94.,-16.2113,79.5));
#1089 = VECTOR('',#1090,1.);
#1090 = DIRECTION('',(0.,0.,-1.));
#1091 = PCURVE('',#995,#1092);
#1092 = DEFINITIONAL_REPRESENTATION('',(#1093),#1097);
#1093 = LINE('',#1094,#1095);
#1094 = CARTESIAN_POINT('',(0.,-79.5));
#1095 = VECTOR('',#1096,1.);
#1096 = DIRECTION('',(-0.,1.));
#1097 = ( GEOMETRIC_REPRESENTATION_CONTEXT(2) 
PARAMETRIC_REPRESENTATION_CONTEXT() REPRESENTATION_CONTEXT('2D SPACE',''
  ) );
#1098 = PCURVE('',#1099,#1104);
#1099 = PLANE('',#1100);
#1100 = AXIS2_PLACEMENT_3D('',#1101,#1102,#1103);
#1101 = CARTESIAN_POINT('',(-96.,-16.2113,0.));
#1102 = DIRECTION('',(0.,1.,0.));
#1103 = DIRECTION('',(1.,0.,0.));
#1104 = DEFINITIONAL_REPRESENTATION('',(#1105),#1109);
#1105 = LINE('',#1106,#1107);
#1106 = CARTESIAN_POINT('',(2.,-79.5));
#1107 = VECTOR('',#1108,1.);
#1108 = DIRECTION('',(0.,1.));
#1109 = ( GEOMETRIC_REPRESENTATION_CONTEXT(2) 
PARAMETRIC_REPRESENTATION_CONTEXT() REPRESENTATION_CONTEXT('2D SPACE',''
  ) );
#1110 = ORIENTED_EDGE('',*,*,#1111,.T.);
#1111 = EDGE_CURVE('',#1084,#1112,#1114,.T.);
#1112 = VERTEX_POINT('',#1113);
#1113 = CARTESIAN_POINT('',(-94.1,-20.41621062037,79.5));
#1114 = SURFACE_CURVE('',#1115,(#1119,#1126),.PCURVE_S1.);
#1115 = LINE('',#1116,#1117);
#1116 = CARTESIAN_POINT('',(-94.,-16.2113,79.5));
#1117 = VECTOR('',#1118,1.);
#1118 = DIRECTION('',(-2.3774996072E-02,-0.999717334831,0.));
#1119 = PCURVE('',#995,#1120);
#1120 = DEFINITIONAL_REPRESENTATION('',(#1121),#1125);
#1121 = LINE('',#1122,#1123);
#1122 = CARTESIAN_POINT('',(0.,-79.5));
#1123 = VECTOR('',#1124,1.);
#1124 = DIRECTION('',(1.,0.));
#1125 = ( GEOMETRIC_REPRESENTATION_CONTEXT(2) 
PARAMETRIC_REPRESENTATION_CONTEXT() REPRESENTATION_CONTEXT('2D SPACE',''
  ) );
#1126 = PCURVE('',#1127,#1132);
#1127 = PLANE('',#1128);
#1128 = AXIS2_PLACEMENT_3D('',#1129,#1130,#1131);
#1129 = CARTESIAN_POINT('',(-8.098319410761E-16,3.627530455241,79.5));
#1130 = DIRECTION('',(0.,0.,1.));
#1131 = DIRECTION('',(1.,0.,-0.));
#1132 = DEFINITIONAL_REPRESENTATION('',(#1133),#1137);
#1133 = LINE('',#1134,#1135);
#1134 = CARTESIAN_POINT('',(-94.,-19.83883045524));
#1135 = VECTOR('',#1136,1.);
#1136 = DIRECTION('',(-2.3774996072E-02,-0.999717334831));
#1137 = ( GEOMETRIC_REPRESENTATION_CONTEXT(2) 
PARAMETRIC_REPRESENTATION_CONTEXT() REPRESENTATION_CONTEXT('2D SPACE',''
  ) );
#1138 = ORIENTED_EDGE('',*,*,#1139,.F.);
#1139 = EDGE_CURVE('',#1140,#1112,#1142,.T.);
#1140 = VERTEX_POINT('',#1141);
#1141 = CARTESIAN_POINT('',(-94.1,-20.41621062039,21.));
#1142 = SURFACE_CURVE('',#1143,(#1147,#1153),.PCURVE_S1.);
#1143 = LINE('',#1144,#1145);
#1144 = CARTESIAN_POINT('',(-94.1,-20.41621062039,10.5));
#1145 = VECTOR('',#1146,1.);
#1146 = DIRECTION('',(0.,0.,1.));
#1147 = PCURVE('',#995,#1148);
#1148 = DEFINITIONAL_REPRESENTATION('',(#1149),#1152);
#1149 = B_SPLINE_CURVE_WITH_KNOTS('',1,(#1150,#1151),.UNSPECIFIED.,.F.,
  .F.,(2,2),(10.5,69.),.PIECEWISE_BEZIER_KNOTS.);
#1150 = CARTESIAN_POINT('',(4.206099538234,-21.));
#1151 = CARTESIAN_POINT('',(4.206099538234,-79.5));
#1152 = ( GEOMETRIC_REPRESENTATION_CONTEXT(2) 
PARAMETRIC_REPRESENTATION_CONTEXT() REPRESENTATION_CONTEXT('2D SPACE',''
  ) );
#1153 = PCURVE('',#546,#1154);
#1154 = DEFINITIONAL_REPRESENTATION('',(#1155),#1158);
#1155 = B_SPLINE_CURVE_WITH_KNOTS('',1,(#1156,#1157),.UNSPECIFIED.,.F.,
  .F.,(2,2),(10.5,69.),.PIECEWISE_BEZIER_KNOTS.);
#1156 = CARTESIAN_POINT('',(0.,-39.5837893796));
#1157 = CARTESIAN_POINT('',(58.5,-39.5837893796));
#1158 = ( GEOMETRIC_REPRESENTATION_CONTEXT(2) 
PARAMETRIC_REPRESENTATION_CONTEXT() REPRESENTATION_CONTEXT('2D SPACE',''
  ) );
#1159 = ORIENTED_EDGE('',*,*,#1160,.T.);
#1160 = EDGE_CURVE('',#1140,#980,#1161,.T.);
#1161 = SURFACE_CURVE('',#1162,(#1166,#1172),.PCURVE_S1.);
#1162 = LINE('',#1163,#1164);
#1163 = CARTESIAN_POINT('',(-94.52166276074,-38.14675282941,21.));
#1164 = VECTOR('',#1165,1.);
#1165 = DIRECTION('',(-2.3774996072E-02,-0.999717334831,0.));
#1166 = PCURVE('',#995,#1167);
#1167 = DEFINITIONAL_REPRESENTATION('',(#1168),#1171);
#1168 = B_SPLINE_CURVE_WITH_KNOTS('',1,(#1169,#1170),.UNSPECIFIED.,.F.,
  .F.,(2,2),(-17.73555543278,18.058351637603),.PIECEWISE_BEZIER_KNOTS.);
#1169 = CARTESIAN_POINT('',(4.206099538235,-21.));
#1170 = CARTESIAN_POINT('',(40.000006608624,-21.));
#1171 = ( GEOMETRIC_REPRESENTATION_CONTEXT(2) 
PARAMETRIC_REPRESENTATION_CONTEXT() REPRESENTATION_CONTEXT('2D SPACE',''
  ) );
#1172 = PCURVE('',#520,#1173);
#1173 = DEFINITIONAL_REPRESENTATION('',(#1174),#1177);
#1174 = B_SPLINE_CURVE_WITH_KNOTS('',1,(#1175,#1176),.UNSPECIFIED.,.F.,
  .F.,(2,2),(-17.73555543278,18.058351637603),.PIECEWISE_BEZIER_KNOTS.);
#1175 = CARTESIAN_POINT('',(4.4,39.583789379602));
#1176 = CARTESIAN_POINT('',(3.549,3.8));
#1177 = ( GEOMETRIC_REPRESENTATION_CONTEXT(2) 
PARAMETRIC_REPRESENTATION_CONTEXT() REPRESENTATION_CONTEXT('2D SPACE',''
  ) );
#1178 = ORIENTED_EDGE('',*,*,#979,.F.);
#1179 = ADVANCED_FACE('',(#1180),#1072,.F.);
#1180 = FACE_BOUND('',#1181,.F.);
#1181 = EDGE_LOOP('',(#1182,#1205,#1231,#1264,#1285));
#1182 = ORIENTED_EDGE('',*,*,#1183,.F.);
#1183 = EDGE_CURVE('',#1184,#1058,#1186,.T.);
#1184 = VERTEX_POINT('',#1185);
#1185 = CARTESIAN_POINT('',(-96.,-16.2113,7.5));
#1186 = SURFACE_CURVE('',#1187,(#1191,#1198),.PCURVE_S1.);
#1187 = LINE('',#1188,#1189);
#1188 = CARTESIAN_POINT('',(-110.,-16.2113,7.5));
#1189 = VECTOR('',#1190,1.);
#1190 = DIRECTION('',(1.,0.,-0.));
#1191 = PCURVE('',#1072,#1192);
#1192 = DEFINITIONAL_REPRESENTATION('',(#1193),#1197);
#1193 = LINE('',#1194,#1195);
#1194 = CARTESIAN_POINT('',(0.,39.9887));
#1195 = VECTOR('',#1196,1.);
#1196 = DIRECTION('',(1.,0.));
#1197 = ( GEOMETRIC_REPRESENTATION_CONTEXT(2) 
PARAMETRIC_REPRESENTATION_CONTEXT() REPRESENTATION_CONTEXT('2D SPACE',''
  ) );
#1198 = PCURVE('',#1099,#1199);
#1199 = DEFINITIONAL_REPRESENTATION('',(#1200),#1204);
#1200 = LINE('',#1201,#1202);
#1201 = CARTESIAN_POINT('',(-14.,-7.5));
#1202 = VECTOR('',#1203,1.);
#1203 = DIRECTION('',(1.,0.));
#1204 = ( GEOMETRIC_REPRESENTATION_CONTEXT(2) 
PARAMETRIC_REPRESENTATION_CONTEXT() REPRESENTATION_CONTEXT('2D SPACE',''
  ) );
#1205 = ORIENTED_EDGE('',*,*,#1206,.T.);
#1206 = EDGE_CURVE('',#1184,#1207,#1209,.T.);
#1207 = VERTEX_POINT('',#1208);
#1208 = CARTESIAN_POINT('',(-96.,-53.5,7.5));
#1209 = SURFACE_CURVE('',#1210,(#1214,#1220),.PCURVE_S1.);
#1210 = LINE('',#1211,#1212);
#1211 = CARTESIAN_POINT('',(-96.,-1.35,7.5));
#1212 = VECTOR('',#1213,1.);
#1213 = DIRECTION('',(0.,-1.,0.));
#1214 = PCURVE('',#1072,#1215);
#1215 = DEFINITIONAL_REPRESENTATION('',(#1216),#1219);
#1216 = B_SPLINE_CURVE_WITH_KNOTS('',1,(#1217,#1218),.UNSPECIFIED.,.F.,
  .F.,(2,2),(14.8613,52.15),.PIECEWISE_BEZIER_KNOTS.);
#1217 = CARTESIAN_POINT('',(14.,39.9887));
#1218 = CARTESIAN_POINT('',(14.,2.7));
#1219 = ( GEOMETRIC_REPRESENTATION_CONTEXT(2) 
PARAMETRIC_REPRESENTATION_CONTEXT() REPRESENTATION_CONTEXT('2D SPACE',''
  ) );
#1220 = PCURVE('',#1221,#1226);
#1221 = PLANE('',#1222);
#1222 = AXIS2_PLACEMENT_3D('',#1223,#1224,#1225);
#1223 = CARTESIAN_POINT('',(-96.,53.5,0.));
#1224 = DIRECTION('',(1.,0.,-0.));
#1225 = DIRECTION('',(0.,-1.,0.));
#1226 = DEFINITIONAL_REPRESENTATION('',(#1227),#1230);
#1227 = B_SPLINE_CURVE_WITH_KNOTS('',1,(#1228,#1229),.UNSPECIFIED.,.F.,
  .F.,(2,2),(14.8613,52.15),.PIECEWISE_BEZIER_KNOTS.);
#1228 = CARTESIAN_POINT('',(69.7113,-7.5));
#1229 = CARTESIAN_POINT('',(107.,-7.5));
#1230 = ( GEOMETRIC_REPRESENTATION_CONTEXT(2) 
PARAMETRIC_REPRESENTATION_CONTEXT() REPRESENTATION_CONTEXT('2D SPACE',''
  ) );
#1231 = ORIENTED_EDGE('',*,*,#1232,.F.);
#1232 = EDGE_CURVE('',#1233,#1207,#1235,.T.);
#1233 = VERTEX_POINT('',#1234);
#1234 = CARTESIAN_POINT('',(-94.95127091267,-56.2,7.5));
#1235 = SURFACE_CURVE('',#1236,(#1241,#1252),.PCURVE_S1.);
#1236 = CIRCLE('',#1237,4.);
#1237 = AXIS2_PLACEMENT_3D('',#1238,#1239,#1240);
#1238 = CARTESIAN_POINT('',(-92.,-53.5,7.5));
#1239 = DIRECTION('',(0.,0.,-1.));
#1240 = DIRECTION('',(1.,0.,0.));
#1241 = PCURVE('',#1072,#1242);
#1242 = DEFINITIONAL_REPRESENTATION('',(#1243),#1251);
#1243 = ( BOUNDED_CURVE() B_SPLINE_CURVE(2,(#1244,#1245,#1246,#1247,
#1248,#1249,#1250),.UNSPECIFIED.,.T.,.F.) B_SPLINE_CURVE_WITH_KNOTS((1,2
    ,2,2,2,1),(-2.094395102393,0.,2.094395102393,4.188790204786,
6.28318530718,8.377580409573),.UNSPECIFIED.) CURVE() 
GEOMETRIC_REPRESENTATION_ITEM() RATIONAL_B_SPLINE_CURVE((1.,0.5,1.,0.5,
1.,0.5,1.)) REPRESENTATION_ITEM('') );
#1244 = CARTESIAN_POINT('',(22.,2.7));
#1245 = CARTESIAN_POINT('',(22.,-4.228203230276));
#1246 = CARTESIAN_POINT('',(16.,-0.764101615138));
#1247 = CARTESIAN_POINT('',(10.,2.7));
#1248 = CARTESIAN_POINT('',(16.,6.164101615138));
#1249 = CARTESIAN_POINT('',(22.,9.628203230276));
#1250 = CARTESIAN_POINT('',(22.,2.7));
#1251 = ( GEOMETRIC_REPRESENTATION_CONTEXT(2) 
PARAMETRIC_REPRESENTATION_CONTEXT() REPRESENTATION_CONTEXT('2D SPACE',''
  ) );
#1252 = PCURVE('',#1253,#1258);
#1253 = CYLINDRICAL_SURFACE('',#1254,4.);
#1254 = AXIS2_PLACEMENT_3D('',#1255,#1256,#1257);
#1255 = CARTESIAN_POINT('',(-92.,-53.5,0.));
#1256 = DIRECTION('',(-0.,0.,-1.));
#1257 = DIRECTION('',(1.,0.,0.));
#1258 = DEFINITIONAL_REPRESENTATION('',(#1259),#1263);
#1259 = LINE('',#1260,#1261);
#1260 = CARTESIAN_POINT('',(-6.28318530718,-7.5));
#1261 = VECTOR('',#1262,1.);
#1262 = DIRECTION('',(1.,-0.));
#1263 = ( GEOMETRIC_REPRESENTATION_CONTEXT(2) 
PARAMETRIC_REPRESENTATION_CONTEXT() REPRESENTATION_CONTEXT('2D SPACE',''
  ) );
#1264 = ORIENTED_EDGE('',*,*,#1265,.T.);
#1265 = EDGE_CURVE('',#1233,#1030,#1266,.T.);
#1266 = SURFACE_CURVE('',#1267,(#1271,#1278),.PCURVE_S1.);
#1267 = LINE('',#1268,#1269);
#1268 = CARTESIAN_POINT('',(-110.,-56.2,7.5));
#1269 = VECTOR('',#1270,1.);
#1270 = DIRECTION('',(1.,0.,-0.));
#1271 = PCURVE('',#1072,#1272);
#1272 = DEFINITIONAL_REPRESENTATION('',(#1273),#1277);
#1273 = LINE('',#1274,#1275);
#1274 = CARTESIAN_POINT('',(0.,0.));
#1275 = VECTOR('',#1276,1.);
#1276 = DIRECTION('',(1.,0.));
#1277 = ( GEOMETRIC_REPRESENTATION_CONTEXT(2) 
PARAMETRIC_REPRESENTATION_CONTEXT() REPRESENTATION_CONTEXT('2D SPACE',''
  ) );
#1278 = PCURVE('',#1045,#1279);
#1279 = DEFINITIONAL_REPRESENTATION('',(#1280),#1284);
#1280 = LINE('',#1281,#1282);
#1281 = CARTESIAN_POINT('',(0.,0.));
#1282 = VECTOR('',#1283,1.);
#1283 = DIRECTION('',(0.,1.));
#1284 = ( GEOMETRIC_REPRESENTATION_CONTEXT(2) 
PARAMETRIC_REPRESENTATION_CONTEXT() REPRESENTATION_CONTEXT('2D SPACE',''
  ) );
#1285 = ORIENTED_EDGE('',*,*,#1057,.T.);
#1286 = ADVANCED_FACE('',(#1287),#1221,.F.);
#1287 = FACE_BOUND('',#1288,.F.);
#1288 = EDGE_LOOP('',(#1289,#1312,#1313,#1335));
#1289 = ORIENTED_EDGE('',*,*,#1290,.F.);
#1290 = EDGE_CURVE('',#1207,#1291,#1293,.T.);
#1291 = VERTEX_POINT('',#1292);
#1292 = CARTESIAN_POINT('',(-96.,-53.5,15.5));
#1293 = SURFACE_CURVE('',#1294,(#1298,#1305),.PCURVE_S1.);
#1294 = LINE('',#1295,#1296);
#1295 = CARTESIAN_POINT('',(-96.,-53.5,0.));
#1296 = VECTOR('',#1297,1.);
#1297 = DIRECTION('',(0.,0.,1.));
#1298 = PCURVE('',#1221,#1299);
#1299 = DEFINITIONAL_REPRESENTATION('',(#1300),#1304);
#1300 = LINE('',#1301,#1302);
#1301 = CARTESIAN_POINT('',(107.,0.));
#1302 = VECTOR('',#1303,1.);
#1303 = DIRECTION('',(0.,-1.));
#1304 = ( GEOMETRIC_REPRESENTATION_CONTEXT(2) 
PARAMETRIC_REPRESENTATION_CONTEXT() REPRESENTATION_CONTEXT('2D SPACE',''
  ) );
#1305 = PCURVE('',#1253,#1306);
#1306 = DEFINITIONAL_REPRESENTATION('',(#1307),#1311);
#1307 = LINE('',#1308,#1309);
#1308 = CARTESIAN_POINT('',(-3.14159265359,0.));
#1309 = VECTOR('',#1310,1.);
#1310 = DIRECTION('',(-0.,-1.));
#1311 = ( GEOMETRIC_REPRESENTATION_CONTEXT(2) 
PARAMETRIC_REPRESENTATION_CONTEXT() REPRESENTATION_CONTEXT('2D SPACE',''
  ) );
#1312 = ORIENTED_EDGE('',*,*,#1206,.F.);
#1313 = ORIENTED_EDGE('',*,*,#1314,.T.);
#1314 = EDGE_CURVE('',#1184,#1315,#1317,.T.);
#1315 = VERTEX_POINT('',#1316);
#1316 = CARTESIAN_POINT('',(-96.,-16.2113,15.5));
#1317 = SURFACE_CURVE('',#1318,(#1322,#1328),.PCURVE_S1.);
#1318 = LINE('',#1319,#1320);
#1319 = CARTESIAN_POINT('',(-96.,-16.2113,3.75));
#1320 = VECTOR('',#1321,1.);
#1321 = DIRECTION('',(0.,0.,1.));
#1322 = PCURVE('',#1221,#1323);
#1323 = DEFINITIONAL_REPRESENTATION('',(#1324),#1327);
#1324 = B_SPLINE_CURVE_WITH_KNOTS('',1,(#1325,#1326),.UNSPECIFIED.,.F.,
  .F.,(2,2),(3.75,11.76),.PIECEWISE_BEZIER_KNOTS.);
#1325 = CARTESIAN_POINT('',(69.7113,-7.5));
#1326 = CARTESIAN_POINT('',(69.7113,-15.51));
#1327 = ( GEOMETRIC_REPRESENTATION_CONTEXT(2) 
PARAMETRIC_REPRESENTATION_CONTEXT() REPRESENTATION_CONTEXT('2D SPACE',''
  ) );
#1328 = PCURVE('',#1099,#1329);
#1329 = DEFINITIONAL_REPRESENTATION('',(#1330),#1334);
#1330 = LINE('',#1331,#1332);
#1331 = CARTESIAN_POINT('',(0.,-3.75));
#1332 = VECTOR('',#1333,1.);
#1333 = DIRECTION('',(0.,-1.));
#1334 = ( GEOMETRIC_REPRESENTATION_CONTEXT(2) 
PARAMETRIC_REPRESENTATION_CONTEXT() REPRESENTATION_CONTEXT('2D SPACE',''
  ) );
#1335 = ORIENTED_EDGE('',*,*,#1336,.F.);
#1336 = EDGE_CURVE('',#1291,#1315,#1337,.T.);
#1337 = SURFACE_CURVE('',#1338,(#1342,#1348),.PCURVE_S1.);
#1338 = LINE('',#1339,#1340);
#1339 = CARTESIAN_POINT('',(-96.,-5.75,15.5));
#1340 = VECTOR('',#1341,1.);
#1341 = DIRECTION('',(-0.,1.,0.));
#1342 = PCURVE('',#1221,#1343);
#1343 = DEFINITIONAL_REPRESENTATION('',(#1344),#1347);
#1344 = B_SPLINE_CURVE_WITH_KNOTS('',1,(#1345,#1346),.UNSPECIFIED.,.F.,
  .F.,(2,2),(-47.75,-10.4613),.PIECEWISE_BEZIER_KNOTS.);
#1345 = CARTESIAN_POINT('',(107.,-15.5));
#1346 = CARTESIAN_POINT('',(69.7113,-15.5));
#1347 = ( GEOMETRIC_REPRESENTATION_CONTEXT(2) 
PARAMETRIC_REPRESENTATION_CONTEXT() REPRESENTATION_CONTEXT('2D SPACE',''
  ) );
#1348 = PCURVE('',#467,#1349);
#1349 = DEFINITIONAL_REPRESENTATION('',(#1350),#1354);
#1350 = LINE('',#1351,#1352);
#1351 = CARTESIAN_POINT('',(14.,59.25));
#1352 = VECTOR('',#1353,1.);
#1353 = DIRECTION('',(0.,1.));
#1354 = ( GEOMETRIC_REPRESENTATION_CONTEXT(2) 
PARAMETRIC_REPRESENTATION_CONTEXT() REPRESENTATION_CONTEXT('2D SPACE',''
  ) );
#1355 = ADVANCED_FACE('',(#1356),#1253,.T.);
#1356 = FACE_BOUND('',#1357,.F.);
#1357 = EDGE_LOOP('',(#1358,#1379,#1380,#1381));
#1358 = ORIENTED_EDGE('',*,*,#1359,.T.);
#1359 = EDGE_CURVE('',#1360,#1233,#1362,.T.);
#1360 = VERTEX_POINT('',#1361);
#1361 = CARTESIAN_POINT('',(-94.95127091267,-56.2,15.5));
#1362 = SURFACE_CURVE('',#1363,(#1367,#1373),.PCURVE_S1.);
#1363 = LINE('',#1364,#1365);
#1364 = CARTESIAN_POINT('',(-94.95127091267,-56.2,0.));
#1365 = VECTOR('',#1366,1.);
#1366 = DIRECTION('',(-0.,0.,-1.));
#1367 = PCURVE('',#1253,#1368);
#1368 = DEFINITIONAL_REPRESENTATION('',(#1369),#1372);
#1369 = B_SPLINE_CURVE_WITH_KNOTS('',1,(#1370,#1371),.UNSPECIFIED.,.F.,
  .F.,(2,2),(-16.311,-6.699),.PIECEWISE_BEZIER_KNOTS.);
#1370 = CARTESIAN_POINT('',(-3.882557355793,-16.311));
#1371 = CARTESIAN_POINT('',(-3.882557355793,-6.699));
#1372 = ( GEOMETRIC_REPRESENTATION_CONTEXT(2) 
PARAMETRIC_REPRESENTATION_CONTEXT() REPRESENTATION_CONTEXT('2D SPACE',''
  ) );
#1373 = PCURVE('',#1045,#1374);
#1374 = DEFINITIONAL_REPRESENTATION('',(#1375),#1378);
#1375 = B_SPLINE_CURVE_WITH_KNOTS('',1,(#1376,#1377),.UNSPECIFIED.,.F.,
  .F.,(2,2),(-16.311,-6.699),.PIECEWISE_BEZIER_KNOTS.);
#1376 = CARTESIAN_POINT('',(8.811,15.048729087325));
#1377 = CARTESIAN_POINT('',(-0.801,15.048729087325));
#1378 = ( GEOMETRIC_REPRESENTATION_CONTEXT(2) 
PARAMETRIC_REPRESENTATION_CONTEXT() REPRESENTATION_CONTEXT('2D SPACE',''
  ) );
#1379 = ORIENTED_EDGE('',*,*,#1232,.T.);
#1380 = ORIENTED_EDGE('',*,*,#1290,.T.);
#1381 = ORIENTED_EDGE('',*,*,#1382,.F.);
#1382 = EDGE_CURVE('',#1360,#1291,#1383,.T.);
#1383 = SURFACE_CURVE('',#1384,(#1389,#1396),.PCURVE_S1.);
#1384 = CIRCLE('',#1385,4.);
#1385 = AXIS2_PLACEMENT_3D('',#1386,#1387,#1388);
#1386 = CARTESIAN_POINT('',(-92.,-53.5,15.5));
#1387 = DIRECTION('',(0.,0.,-1.));
#1388 = DIRECTION('',(1.,0.,0.));
#1389 = PCURVE('',#1253,#1390);
#1390 = DEFINITIONAL_REPRESENTATION('',(#1391),#1395);
#1391 = LINE('',#1392,#1393);
#1392 = CARTESIAN_POINT('',(-6.28318530718,-15.5));
#1393 = VECTOR('',#1394,1.);
#1394 = DIRECTION('',(1.,-0.));
#1395 = ( GEOMETRIC_REPRESENTATION_CONTEXT(2) 
PARAMETRIC_REPRESENTATION_CONTEXT() REPRESENTATION_CONTEXT('2D SPACE',''
  ) );
#1396 = PCURVE('',#467,#1397);
#1397 = DEFINITIONAL_REPRESENTATION('',(#1398),#1406);
#1398 = ( BOUNDED_CURVE() B_SPLINE_CURVE(2,(#1399,#1400,#1401,#1402,
#1403,#1404,#1405),.UNSPECIFIED.,.T.,.F.) B_SPLINE_CURVE_WITH_KNOTS((1,2
    ,2,2,2,1),(-2.094395102393,0.,2.094395102393,4.188790204786,
6.28318530718,8.377580409573),.UNSPECIFIED.) CURVE() 
GEOMETRIC_REPRESENTATION_ITEM() RATIONAL_B_SPLINE_CURVE((1.,0.5,1.,0.5,
1.,0.5,1.)) REPRESENTATION_ITEM('') );
#1399 = CARTESIAN_POINT('',(22.,11.5));
#1400 = CARTESIAN_POINT('',(22.,4.571796769724));
#1401 = CARTESIAN_POINT('',(16.,8.035898384862));
#1402 = CARTESIAN_POINT('',(10.,11.5));
#1403 = CARTESIAN_POINT('',(16.,14.964101615138));
#1404 = CARTESIAN_POINT('',(22.,18.428203230276));
#1405 = CARTESIAN_POINT('',(22.,11.5));
#1406 = ( GEOMETRIC_REPRESENTATION_CONTEXT(2) 
PARAMETRIC_REPRESENTATION_CONTEXT() REPRESENTATION_CONTEXT('2D SPACE',''
  ) );
#1407 = ADVANCED_FACE('',(#1408),#1099,.T.);
#1408 = FACE_BOUND('',#1409,.T.);
#1409 = EDGE_LOOP('',(#1410,#1411,#1412,#1440,#1461));
#1410 = ORIENTED_EDGE('',*,*,#1183,.F.);
#1411 = ORIENTED_EDGE('',*,*,#1314,.T.);
#1412 = ORIENTED_EDGE('',*,*,#1413,.F.);
#1413 = EDGE_CURVE('',#1414,#1315,#1416,.T.);
#1414 = VERTEX_POINT('',#1415);
#1415 = CARTESIAN_POINT('',(-96.,-16.2113,79.5));
#1416 = SURFACE_CURVE('',#1417,(#1421,#1428),.PCURVE_S1.);
#1417 = LINE('',#1418,#1419);
#1418 = CARTESIAN_POINT('',(-96.,-16.2113,79.5));
#1419 = VECTOR('',#1420,1.);
#1420 = DIRECTION('',(0.,0.,-1.));
#1421 = PCURVE('',#1099,#1422);
#1422 = DEFINITIONAL_REPRESENTATION('',(#1423),#1427);
#1423 = LINE('',#1424,#1425);
#1424 = CARTESIAN_POINT('',(0.,-79.5));
#1425 = VECTOR('',#1426,1.);
#1426 = DIRECTION('',(0.,1.));
#1427 = ( GEOMETRIC_REPRESENTATION_CONTEXT(2) 
PARAMETRIC_REPRESENTATION_CONTEXT() REPRESENTATION_CONTEXT('2D SPACE',''
  ) );
#1428 = PCURVE('',#1429,#1434);
#1429 = PLANE('',#1430);
#1430 = AXIS2_PLACEMENT_3D('',#1431,#1432,#1433);
#1431 = CARTESIAN_POINT('',(-96.,65.,0.));
#1432 = DIRECTION('',(1.,0.,-0.));
#1433 = DIRECTION('',(0.,-1.,0.));
#1434 = DEFINITIONAL_REPRESENTATION('',(#1435),#1439);
#1435 = LINE('',#1436,#1437);
#1436 = CARTESIAN_POINT('',(81.2113,-79.5));
#1437 = VECTOR('',#1438,1.);
#1438 = DIRECTION('',(0.,1.));
#1439 = ( GEOMETRIC_REPRESENTATION_CONTEXT(2) 
PARAMETRIC_REPRESENTATION_CONTEXT() REPRESENTATION_CONTEXT('2D SPACE',''
  ) );
#1440 = ORIENTED_EDGE('',*,*,#1441,.T.);
#1441 = EDGE_CURVE('',#1414,#1084,#1442,.T.);
#1442 = SURFACE_CURVE('',#1443,(#1447,#1454),.PCURVE_S1.);
#1443 = LINE('',#1444,#1445);
#1444 = CARTESIAN_POINT('',(-96.,-16.2113,79.5));
#1445 = VECTOR('',#1446,1.);
#1446 = DIRECTION('',(1.,0.,0.));
#1447 = PCURVE('',#1099,#1448);
#1448 = DEFINITIONAL_REPRESENTATION('',(#1449),#1453);
#1449 = LINE('',#1450,#1451);
#1450 = CARTESIAN_POINT('',(0.,-79.5));
#1451 = VECTOR('',#1452,1.);
#1452 = DIRECTION('',(1.,0.));
#1453 = ( GEOMETRIC_REPRESENTATION_CONTEXT(2) 
PARAMETRIC_REPRESENTATION_CONTEXT() REPRESENTATION_CONTEXT('2D SPACE',''
  ) );
#1454 = PCURVE('',#1127,#1455);
#1455 = DEFINITIONAL_REPRESENTATION('',(#1456),#1460);
#1456 = LINE('',#1457,#1458);
#1457 = CARTESIAN_POINT('',(-96.,-19.83883045524));
#1458 = VECTOR('',#1459,1.);
#1459 = DIRECTION('',(1.,0.));
#1460 = ( GEOMETRIC_REPRESENTATION_CONTEXT(2) 
PARAMETRIC_REPRESENTATION_CONTEXT() REPRESENTATION_CONTEXT('2D SPACE',''
  ) );
#1461 = ORIENTED_EDGE('',*,*,#1083,.T.);
#1462 = ADVANCED_FACE('',(#1463),#1429,.T.);
#1463 = FACE_BOUND('',#1464,.T.);
#1464 = EDGE_LOOP('',(#1465,#1488,#1516,#1544,#1572,#1593));
#1465 = ORIENTED_EDGE('',*,*,#1466,.F.);
#1466 = EDGE_CURVE('',#1467,#1315,#1469,.T.);
#1467 = VERTEX_POINT('',#1468);
#1468 = CARTESIAN_POINT('',(-96.,49.5,15.5));
#1469 = SURFACE_CURVE('',#1470,(#1474,#1481),.PCURVE_S1.);
#1470 = LINE('',#1471,#1472);
#1471 = CARTESIAN_POINT('',(-96.,49.5,15.5));
#1472 = VECTOR('',#1473,1.);
#1473 = DIRECTION('',(0.,-1.,0.));
#1474 = PCURVE('',#1429,#1475);
#1475 = DEFINITIONAL_REPRESENTATION('',(#1476),#1480);
#1476 = LINE('',#1477,#1478);
#1477 = CARTESIAN_POINT('',(15.5,-15.5));
#1478 = VECTOR('',#1479,1.);
#1479 = DIRECTION('',(1.,0.));
#1480 = ( GEOMETRIC_REPRESENTATION_CONTEXT(2) 
PARAMETRIC_REPRESENTATION_CONTEXT() REPRESENTATION_CONTEXT('2D SPACE',''
  ) );
#1481 = PCURVE('',#467,#1482);
#1482 = DEFINITIONAL_REPRESENTATION('',(#1483),#1487);
#1483 = LINE('',#1484,#1485);
#1484 = CARTESIAN_POINT('',(14.,114.5));
#1485 = VECTOR('',#1486,1.);
#1486 = DIRECTION('',(0.,-1.));
#1487 = ( GEOMETRIC_REPRESENTATION_CONTEXT(2) 
PARAMETRIC_REPRESENTATION_CONTEXT() REPRESENTATION_CONTEXT('2D SPACE',''
  ) );
#1488 = ORIENTED_EDGE('',*,*,#1489,.T.);
#1489 = EDGE_CURVE('',#1467,#1490,#1492,.T.);
#1490 = VERTEX_POINT('',#1491);
#1491 = CARTESIAN_POINT('',(-96.,49.5,20.5));
#1492 = SURFACE_CURVE('',#1493,(#1497,#1504),.PCURVE_S1.);
#1493 = LINE('',#1494,#1495);
#1494 = CARTESIAN_POINT('',(-96.,49.5,15.5));
#1495 = VECTOR('',#1496,1.);
#1496 = DIRECTION('',(0.,0.,1.));
#1497 = PCURVE('',#1429,#1498);
#1498 = DEFINITIONAL_REPRESENTATION('',(#1499),#1503);
#1499 = LINE('',#1500,#1501);
#1500 = CARTESIAN_POINT('',(15.5,-15.5));
#1501 = VECTOR('',#1502,1.);
#1502 = DIRECTION('',(0.,-1.));
#1503 = ( GEOMETRIC_REPRESENTATION_CONTEXT(2) 
PARAMETRIC_REPRESENTATION_CONTEXT() REPRESENTATION_CONTEXT('2D SPACE',''
  ) );
#1504 = PCURVE('',#1505,#1510);
#1505 = CYLINDRICAL_SURFACE('',#1506,7.999938827116);
#1506 = AXIS2_PLACEMENT_3D('',#1507,#1508,#1509);
#1507 = CARTESIAN_POINT('',(-88.00006133053,49.498411800926,15.5));
#1508 = DIRECTION('',(-0.,-0.,-1.));
#1509 = DIRECTION('',(-0.312494723209,0.949919495519,0.));
#1510 = DEFINITIONAL_REPRESENTATION('',(#1511),#1515);
#1511 = LINE('',#1512,#1513);
#1512 = CARTESIAN_POINT('',(-1.252779651456,0.));
#1513 = VECTOR('',#1514,1.);
#1514 = DIRECTION('',(-0.,-1.));
#1515 = ( GEOMETRIC_REPRESENTATION_CONTEXT(2) 
PARAMETRIC_REPRESENTATION_CONTEXT() REPRESENTATION_CONTEXT('2D SPACE',''
  ) );
#1516 = ORIENTED_EDGE('',*,*,#1517,.T.);
#1517 = EDGE_CURVE('',#1490,#1518,#1520,.T.);
#1518 = VERTEX_POINT('',#1519);
#1519 = CARTESIAN_POINT('',(-96.,47.956855773926,20.5));
#1520 = SURFACE_CURVE('',#1521,(#1525,#1532),.PCURVE_S1.);
#1521 = LINE('',#1522,#1523);
#1522 = CARTESIAN_POINT('',(-96.,49.5,20.5));
#1523 = VECTOR('',#1524,1.);
#1524 = DIRECTION('',(0.,-1.,0.));
#1525 = PCURVE('',#1429,#1526);
#1526 = DEFINITIONAL_REPRESENTATION('',(#1527),#1531);
#1527 = LINE('',#1528,#1529);
#1528 = CARTESIAN_POINT('',(15.5,-20.5));
#1529 = VECTOR('',#1530,1.);
#1530 = DIRECTION('',(1.,0.));
#1531 = ( GEOMETRIC_REPRESENTATION_CONTEXT(2) 
PARAMETRIC_REPRESENTATION_CONTEXT() REPRESENTATION_CONTEXT('2D SPACE',''
  ) );
#1532 = PCURVE('',#1533,#1538);
#1533 = PLANE('',#1534);
#1534 = AXIS2_PLACEMENT_3D('',#1535,#1536,#1537);
#1535 = CARTESIAN_POINT('',(7.940052182528E-04,42.547451830288,20.5));
#1536 = DIRECTION('',(-0.,-0.,-1.));
#1537 = DIRECTION('',(-1.,0.,0.));
#1538 = DEFINITIONAL_REPRESENTATION('',(#1539),#1543);
#1539 = LINE('',#1540,#1541);
#1540 = CARTESIAN_POINT('',(96.000794005218,6.952548169712));
#1541 = VECTOR('',#1542,1.);
#1542 = DIRECTION('',(0.,-1.));
#1543 = ( GEOMETRIC_REPRESENTATION_CONTEXT(2) 
PARAMETRIC_REPRESENTATION_CONTEXT() REPRESENTATION_CONTEXT('2D SPACE',''
  ) );
#1544 = ORIENTED_EDGE('',*,*,#1545,.T.);
#1545 = EDGE_CURVE('',#1518,#1546,#1548,.T.);
#1546 = VERTEX_POINT('',#1547);
#1547 = CARTESIAN_POINT('',(-96.,47.956855773926,79.5));
#1548 = SURFACE_CURVE('',#1549,(#1553,#1560),.PCURVE_S1.);
#1549 = LINE('',#1550,#1551);
#1550 = CARTESIAN_POINT('',(-96.,47.956855773926,20.5));
#1551 = VECTOR('',#1552,1.);
#1552 = DIRECTION('',(0.,0.,1.));
#1553 = PCURVE('',#1429,#1554);
#1554 = DEFINITIONAL_REPRESENTATION('',(#1555),#1559);
#1555 = LINE('',#1556,#1557);
#1556 = CARTESIAN_POINT('',(17.043144226074,-20.5));
#1557 = VECTOR('',#1558,1.);
#1558 = DIRECTION('',(0.,-1.));
#1559 = ( GEOMETRIC_REPRESENTATION_CONTEXT(2) 
PARAMETRIC_REPRESENTATION_CONTEXT() REPRESENTATION_CONTEXT('2D SPACE',''
  ) );
#1560 = PCURVE('',#1561,#1566);
#1561 = PLANE('',#1562);
#1562 = AXIS2_PLACEMENT_3D('',#1563,#1564,#1565);
#1563 = CARTESIAN_POINT('',(-93.65685272216,47.956855773926,20.5));
#1564 = DIRECTION('',(0.,-1.,0.));
#1565 = DIRECTION('',(-1.,0.,0.));
#1566 = DEFINITIONAL_REPRESENTATION('',(#1567),#1571);
#1567 = LINE('',#1568,#1569);
#1568 = CARTESIAN_POINT('',(2.343147277832,0.));
#1569 = VECTOR('',#1570,1.);
#1570 = DIRECTION('',(0.,-1.));
#1571 = ( GEOMETRIC_REPRESENTATION_CONTEXT(2) 
PARAMETRIC_REPRESENTATION_CONTEXT() REPRESENTATION_CONTEXT('2D SPACE',''
  ) );
#1572 = ORIENTED_EDGE('',*,*,#1573,.T.);
#1573 = EDGE_CURVE('',#1546,#1414,#1574,.T.);
#1574 = SURFACE_CURVE('',#1575,(#1579,#1586),.PCURVE_S1.);
#1575 = LINE('',#1576,#1577);
#1576 = CARTESIAN_POINT('',(-96.,47.956855773926,79.5));
#1577 = VECTOR('',#1578,1.);
#1578 = DIRECTION('',(0.,-1.,0.));
#1579 = PCURVE('',#1429,#1580);
#1580 = DEFINITIONAL_REPRESENTATION('',(#1581),#1585);
#1581 = LINE('',#1582,#1583);
#1582 = CARTESIAN_POINT('',(17.043144226074,-79.5));
#1583 = VECTOR('',#1584,1.);
#1584 = DIRECTION('',(1.,0.));
#1585 = ( GEOMETRIC_REPRESENTATION_CONTEXT(2) 
PARAMETRIC_REPRESENTATION_CONTEXT() REPRESENTATION_CONTEXT('2D SPACE',''
  ) );
#1586 = PCURVE('',#1127,#1587);
#1587 = DEFINITIONAL_REPRESENTATION('',(#1588),#1592);
#1588 = LINE('',#1589,#1590);
#1589 = CARTESIAN_POINT('',(-96.,44.329325318685));
#1590 = VECTOR('',#1591,1.);
#1591 = DIRECTION('',(0.,-1.));
#1592 = ( GEOMETRIC_REPRESENTATION_CONTEXT(2) 
PARAMETRIC_REPRESENTATION_CONTEXT() REPRESENTATION_CONTEXT('2D SPACE',''
  ) );
#1593 = ORIENTED_EDGE('',*,*,#1413,.T.);
#1594 = ADVANCED_FACE('',(#1595),#1561,.T.);
#1595 = FACE_BOUND('',#1596,.T.);
#1596 = EDGE_LOOP('',(#1597,#1627,#1648,#1649));
#1597 = ORIENTED_EDGE('',*,*,#1598,.T.);
#1598 = EDGE_CURVE('',#1599,#1601,#1603,.T.);
#1599 = VERTEX_POINT('',#1600);
#1600 = CARTESIAN_POINT('',(-93.65685272216,47.956855773926,20.5));
#1601 = VERTEX_POINT('',#1602);
#1602 = CARTESIAN_POINT('',(-93.65685272216,47.956855773926,79.5));
#1603 = SURFACE_CURVE('',#1604,(#1608,#1615),.PCURVE_S1.);
#1604 = LINE('',#1605,#1606);
#1605 = CARTESIAN_POINT('',(-93.65685272216,47.956855773926,20.5));
#1606 = VECTOR('',#1607,1.);
#1607 = DIRECTION('',(0.,0.,1.));
#1608 = PCURVE('',#1561,#1609);
#1609 = DEFINITIONAL_REPRESENTATION('',(#1610),#1614);
#1610 = LINE('',#1611,#1612);
#1611 = CARTESIAN_POINT('',(0.,-0.));
#1612 = VECTOR('',#1613,1.);
#1613 = DIRECTION('',(0.,-1.));
#1614 = ( GEOMETRIC_REPRESENTATION_CONTEXT(2) 
PARAMETRIC_REPRESENTATION_CONTEXT() REPRESENTATION_CONTEXT('2D SPACE',''
  ) );
#1615 = PCURVE('',#1616,#1621);
#1616 = CYLINDRICAL_SURFACE('',#1617,7.199951713292);
#1617 = AXIS2_PLACEMENT_3D('',#1618,#1619,#1620);
#1618 = CARTESIAN_POINT('',(-93.66060145297,55.156806511309,20.5));
#1619 = DIRECTION('',(0.,0.,-1.));
#1620 = DIRECTION('',(0.438975368007,-0.898499096428,0.));
#1621 = DEFINITIONAL_REPRESENTATION('',(#1622),#1626);
#1622 = LINE('',#1623,#1624);
#1623 = CARTESIAN_POINT('',(0.453937312944,0.));
#1624 = VECTOR('',#1625,1.);
#1625 = DIRECTION('',(0.,-1.));
#1626 = ( GEOMETRIC_REPRESENTATION_CONTEXT(2) 
PARAMETRIC_REPRESENTATION_CONTEXT() REPRESENTATION_CONTEXT('2D SPACE',''
  ) );
#1627 = ORIENTED_EDGE('',*,*,#1628,.T.);
#1628 = EDGE_CURVE('',#1601,#1546,#1629,.T.);
#1629 = SURFACE_CURVE('',#1630,(#1634,#1641),.PCURVE_S1.);
#1630 = LINE('',#1631,#1632);
#1631 = CARTESIAN_POINT('',(-93.65685272216,47.956855773926,79.5));
#1632 = VECTOR('',#1633,1.);
#1633 = DIRECTION('',(-1.,0.,0.));
#1634 = PCURVE('',#1561,#1635);
#1635 = DEFINITIONAL_REPRESENTATION('',(#1636),#1640);
#1636 = LINE('',#1637,#1638);
#1637 = CARTESIAN_POINT('',(0.,-59.));
#1638 = VECTOR('',#1639,1.);
#1639 = DIRECTION('',(1.,0.));
#1640 = ( GEOMETRIC_REPRESENTATION_CONTEXT(2) 
PARAMETRIC_REPRESENTATION_CONTEXT() REPRESENTATION_CONTEXT('2D SPACE',''
  ) );
#1641 = PCURVE('',#1127,#1642);
#1642 = DEFINITIONAL_REPRESENTATION('',(#1643),#1647);
#1643 = LINE('',#1644,#1645);
#1644 = CARTESIAN_POINT('',(-93.65685272216,44.329325318685));
#1645 = VECTOR('',#1646,1.);
#1646 = DIRECTION('',(-1.,0.));
#1647 = ( GEOMETRIC_REPRESENTATION_CONTEXT(2) 
PARAMETRIC_REPRESENTATION_CONTEXT() REPRESENTATION_CONTEXT('2D SPACE',''
  ) );
#1648 = ORIENTED_EDGE('',*,*,#1545,.F.);
#1649 = ORIENTED_EDGE('',*,*,#1650,.F.);
#1650 = EDGE_CURVE('',#1599,#1518,#1651,.T.);
#1651 = SURFACE_CURVE('',#1652,(#1656,#1663),.PCURVE_S1.);
#1652 = LINE('',#1653,#1654);
#1653 = CARTESIAN_POINT('',(-93.65685272216,47.956855773926,20.5));
#1654 = VECTOR('',#1655,1.);
#1655 = DIRECTION('',(-1.,0.,0.));
#1656 = PCURVE('',#1561,#1657);
#1657 = DEFINITIONAL_REPRESENTATION('',(#1658),#1662);
#1658 = LINE('',#1659,#1660);
#1659 = CARTESIAN_POINT('',(0.,-0.));
#1660 = VECTOR('',#1661,1.);
#1661 = DIRECTION('',(1.,0.));
#1662 = ( GEOMETRIC_REPRESENTATION_CONTEXT(2) 
PARAMETRIC_REPRESENTATION_CONTEXT() REPRESENTATION_CONTEXT('2D SPACE',''
  ) );
#1663 = PCURVE('',#1533,#1664);
#1664 = DEFINITIONAL_REPRESENTATION('',(#1665),#1669);
#1665 = LINE('',#1666,#1667);
#1666 = CARTESIAN_POINT('',(93.657646727386,5.409403943638));
#1667 = VECTOR('',#1668,1.);
#1668 = DIRECTION('',(1.,0.));
#1669 = ( GEOMETRIC_REPRESENTATION_CONTEXT(2) 
PARAMETRIC_REPRESENTATION_CONTEXT() REPRESENTATION_CONTEXT('2D SPACE',''
  ) );
#1670 = ADVANCED_FACE('',(#1671),#1616,.T.);
#1671 = FACE_BOUND('',#1672,.T.);
#1672 = EDGE_LOOP('',(#1673,#1703,#1729,#1730));
#1673 = ORIENTED_EDGE('',*,*,#1674,.T.);
#1674 = EDGE_CURVE('',#1675,#1677,#1679,.T.);
#1675 = VERTEX_POINT('',#1676);
#1676 = CARTESIAN_POINT('',(-90.5,48.687656402588,20.5));
#1677 = VERTEX_POINT('',#1678);
#1678 = CARTESIAN_POINT('',(-90.5,48.687656402588,79.5));
#1679 = SURFACE_CURVE('',#1680,(#1684,#1691),.PCURVE_S1.);
#1680 = LINE('',#1681,#1682);
#1681 = CARTESIAN_POINT('',(-90.5,48.687656402588,20.5));
#1682 = VECTOR('',#1683,1.);
#1683 = DIRECTION('',(0.,0.,1.));
#1684 = PCURVE('',#1616,#1685);
#1685 = DEFINITIONAL_REPRESENTATION('',(#1686),#1690);
#1686 = LINE('',#1687,#1688);
#1687 = CARTESIAN_POINT('',(0.,0.));
#1688 = VECTOR('',#1689,1.);
#1689 = DIRECTION('',(0.,-1.));
#1690 = ( GEOMETRIC_REPRESENTATION_CONTEXT(2) 
PARAMETRIC_REPRESENTATION_CONTEXT() REPRESENTATION_CONTEXT('2D SPACE',''
  ) );
#1691 = PCURVE('',#1692,#1697);
#1692 = PLANE('',#1693);
#1693 = AXIS2_PLACEMENT_3D('',#1694,#1695,#1696);
#1694 = CARTESIAN_POINT('',(-88.,48.687656402588,20.5));
#1695 = DIRECTION('',(0.,-1.,0.));
#1696 = DIRECTION('',(-1.,0.,0.));
#1697 = DEFINITIONAL_REPRESENTATION('',(#1698),#1702);
#1698 = LINE('',#1699,#1700);
#1699 = CARTESIAN_POINT('',(2.5,0.));
#1700 = VECTOR('',#1701,1.);
#1701 = DIRECTION('',(0.,-1.));
#1702 = ( GEOMETRIC_REPRESENTATION_CONTEXT(2) 
PARAMETRIC_REPRESENTATION_CONTEXT() REPRESENTATION_CONTEXT('2D SPACE',''
  ) );
#1703 = ORIENTED_EDGE('',*,*,#1704,.T.);
#1704 = EDGE_CURVE('',#1677,#1601,#1705,.T.);
#1705 = SURFACE_CURVE('',#1706,(#1711,#1718),.PCURVE_S1.);
#1706 = CIRCLE('',#1707,7.199951713292);
#1707 = AXIS2_PLACEMENT_3D('',#1708,#1709,#1710);
#1708 = CARTESIAN_POINT('',(-93.66060145297,55.156806511309,79.5));
#1709 = DIRECTION('',(0.,0.,-1.));
#1710 = DIRECTION('',(0.438975368007,-0.898499096428,0.));
#1711 = PCURVE('',#1616,#1712);
#1712 = DEFINITIONAL_REPRESENTATION('',(#1713),#1717);
#1713 = LINE('',#1714,#1715);
#1714 = CARTESIAN_POINT('',(0.,-59.));
#1715 = VECTOR('',#1716,1.);
#1716 = DIRECTION('',(1.,0.));
#1717 = ( GEOMETRIC_REPRESENTATION_CONTEXT(2) 
PARAMETRIC_REPRESENTATION_CONTEXT() REPRESENTATION_CONTEXT('2D SPACE',''
  ) );
#1718 = PCURVE('',#1127,#1719);
#1719 = DEFINITIONAL_REPRESENTATION('',(#1720),#1728);
#1720 = ( BOUNDED_CURVE() B_SPLINE_CURVE(2,(#1721,#1722,#1723,#1724,
#1725,#1726,#1727),.UNSPECIFIED.,.T.,.F.) B_SPLINE_CURVE_WITH_KNOTS((1,2
    ,2,2,2,1),(-2.094395102393,0.,2.094395102393,4.188790204786,
6.28318530718,8.377580409573),.UNSPECIFIED.) CURVE() 
GEOMETRIC_REPRESENTATION_ITEM() RATIONAL_B_SPLINE_CURVE((1.,0.5,1.,0.5,
1.,0.5,1.)) REPRESENTATION_ITEM('') );
#1721 = CARTESIAN_POINT('',(-90.5,45.060125947347));
#1722 = CARTESIAN_POINT('',(-101.70489667,39.585803648314));
#1723 = CARTESIAN_POINT('',(-100.8433505145,52.026689960913));
#1724 = CARTESIAN_POINT('',(-99.98180435893,64.467576273511));
#1725 = CARTESIAN_POINT('',(-89.63845384441,57.501012259945));
#1726 = CARTESIAN_POINT('',(-79.2951033299,50.534448246379));
#1727 = CARTESIAN_POINT('',(-90.5,45.060125947347));
#1728 = ( GEOMETRIC_REPRESENTATION_CONTEXT(2) 
PARAMETRIC_REPRESENTATION_CONTEXT() REPRESENTATION_CONTEXT('2D SPACE',''
  ) );
#1729 = ORIENTED_EDGE('',*,*,#1598,.F.);
#1730 = ORIENTED_EDGE('',*,*,#1731,.F.);
#1731 = EDGE_CURVE('',#1675,#1599,#1732,.T.);
#1732 = SURFACE_CURVE('',#1733,(#1738,#1745),.PCURVE_S1.);
#1733 = CIRCLE('',#1734,7.199951713292);
#1734 = AXIS2_PLACEMENT_3D('',#1735,#1736,#1737);
#1735 = CARTESIAN_POINT('',(-93.66060145297,55.156806511309,20.5));
#1736 = DIRECTION('',(0.,0.,-1.));
#1737 = DIRECTION('',(0.438975368007,-0.898499096428,0.));
#1738 = PCURVE('',#1616,#1739);
#1739 = DEFINITIONAL_REPRESENTATION('',(#1740),#1744);
#1740 = LINE('',#1741,#1742);
#1741 = CARTESIAN_POINT('',(0.,0.));
#1742 = VECTOR('',#1743,1.);
#1743 = DIRECTION('',(1.,0.));
#1744 = ( GEOMETRIC_REPRESENTATION_CONTEXT(2) 
PARAMETRIC_REPRESENTATION_CONTEXT() REPRESENTATION_CONTEXT('2D SPACE',''
  ) );
#1745 = PCURVE('',#1533,#1746);
#1746 = DEFINITIONAL_REPRESENTATION('',(#1747),#1751);
#1747 = CIRCLE('',#1748,7.199951713292);
#1748 = AXIS2_PLACEMENT_2D('',#1749,#1750);
#1749 = CARTESIAN_POINT('',(93.661395458195,12.609354681021));
#1750 = DIRECTION('',(-0.438975368007,-0.898499096428));
#1751 = ( GEOMETRIC_REPRESENTATION_CONTEXT(2) 
PARAMETRIC_REPRESENTATION_CONTEXT() REPRESENTATION_CONTEXT('2D SPACE',''
  ) );
#1752 = ADVANCED_FACE('',(#1753),#1692,.T.);
#1753 = FACE_BOUND('',#1754,.T.);
#1754 = EDGE_LOOP('',(#1755,#1785,#1806,#1807));
#1755 = ORIENTED_EDGE('',*,*,#1756,.T.);
#1756 = EDGE_CURVE('',#1757,#1759,#1761,.T.);
#1757 = VERTEX_POINT('',#1758);
#1758 = CARTESIAN_POINT('',(-88.,48.687656402588,20.5));
#1759 = VERTEX_POINT('',#1760);
#1760 = CARTESIAN_POINT('',(-88.,48.687656402588,79.5));
#1761 = SURFACE_CURVE('',#1762,(#1766,#1773),.PCURVE_S1.);
#1762 = LINE('',#1763,#1764);
#1763 = CARTESIAN_POINT('',(-88.,48.687656402588,20.5));
#1764 = VECTOR('',#1765,1.);
#1765 = DIRECTION('',(0.,0.,1.));
#1766 = PCURVE('',#1692,#1767);
#1767 = DEFINITIONAL_REPRESENTATION('',(#1768),#1772);
#1768 = LINE('',#1769,#1770);
#1769 = CARTESIAN_POINT('',(0.,-0.));
#1770 = VECTOR('',#1771,1.);
#1771 = DIRECTION('',(0.,-1.));
#1772 = ( GEOMETRIC_REPRESENTATION_CONTEXT(2) 
PARAMETRIC_REPRESENTATION_CONTEXT() REPRESENTATION_CONTEXT('2D SPACE',''
  ) );
#1773 = PCURVE('',#1774,#1779);
#1774 = CYLINDRICAL_SURFACE('',#1775,7.199278552716);
#1775 = AXIS2_PLACEMENT_3D('',#1776,#1777,#1778);
#1776 = CARTESIAN_POINT('',(-91.15613419332,55.15823818735,20.5));
#1777 = DIRECTION('',(0.,0.,-1.));
#1778 = DIRECTION('',(0.999999981482,-1.924450029295E-04,0.));
#1779 = DEFINITIONAL_REPRESENTATION('',(#1780),#1784);
#1780 = LINE('',#1781,#1782);
#1781 = CARTESIAN_POINT('',(1.11679073672,0.));
#1782 = VECTOR('',#1783,1.);
#1783 = DIRECTION('',(0.,-1.));
#1784 = ( GEOMETRIC_REPRESENTATION_CONTEXT(2) 
PARAMETRIC_REPRESENTATION_CONTEXT() REPRESENTATION_CONTEXT('2D SPACE',''
  ) );
#1785 = ORIENTED_EDGE('',*,*,#1786,.T.);
#1786 = EDGE_CURVE('',#1759,#1677,#1787,.T.);
#1787 = SURFACE_CURVE('',#1788,(#1792,#1799),.PCURVE_S1.);
#1788 = LINE('',#1789,#1790);
#1789 = CARTESIAN_POINT('',(-88.,48.687656402588,79.5));
#1790 = VECTOR('',#1791,1.);
#1791 = DIRECTION('',(-1.,0.,0.));
#1792 = PCURVE('',#1692,#1793);
#1793 = DEFINITIONAL_REPRESENTATION('',(#1794),#1798);
#1794 = LINE('',#1795,#1796);
#1795 = CARTESIAN_POINT('',(0.,-59.));
#1796 = VECTOR('',#1797,1.);
#1797 = DIRECTION('',(1.,0.));
#1798 = ( GEOMETRIC_REPRESENTATION_CONTEXT(2) 
PARAMETRIC_REPRESENTATION_CONTEXT() REPRESENTATION_CONTEXT('2D SPACE',''
  ) );
#1799 = PCURVE('',#1127,#1800);
#1800 = DEFINITIONAL_REPRESENTATION('',(#1801),#1805);
#1801 = LINE('',#1802,#1803);
#1802 = CARTESIAN_POINT('',(-88.,45.060125947347));
#1803 = VECTOR('',#1804,1.);
#1804 = DIRECTION('',(-1.,0.));
#1805 = ( GEOMETRIC_REPRESENTATION_CONTEXT(2) 
PARAMETRIC_REPRESENTATION_CONTEXT() REPRESENTATION_CONTEXT('2D SPACE',''
  ) );
#1806 = ORIENTED_EDGE('',*,*,#1674,.F.);
#1807 = ORIENTED_EDGE('',*,*,#1808,.F.);
#1808 = EDGE_CURVE('',#1757,#1675,#1809,.T.);
#1809 = SURFACE_CURVE('',#1810,(#1814,#1821),.PCURVE_S1.);
#1810 = LINE('',#1811,#1812);
#1811 = CARTESIAN_POINT('',(-88.,48.687656402588,20.5));
#1812 = VECTOR('',#1813,1.);
#1813 = DIRECTION('',(-1.,0.,0.));
#1814 = PCURVE('',#1692,#1815);
#1815 = DEFINITIONAL_REPRESENTATION('',(#1816),#1820);
#1816 = LINE('',#1817,#1818);
#1817 = CARTESIAN_POINT('',(0.,-0.));
#1818 = VECTOR('',#1819,1.);
#1819 = DIRECTION('',(1.,0.));
#1820 = ( GEOMETRIC_REPRESENTATION_CONTEXT(2) 
PARAMETRIC_REPRESENTATION_CONTEXT() REPRESENTATION_CONTEXT('2D SPACE',''
  ) );
#1821 = PCURVE('',#1533,#1822);
#1822 = DEFINITIONAL_REPRESENTATION('',(#1823),#1827);
#1823 = LINE('',#1824,#1825);
#1824 = CARTESIAN_POINT('',(88.000794005218,6.1402045723));
#1825 = VECTOR('',#1826,1.);
#1826 = DIRECTION('',(1.,0.));
#1827 = ( GEOMETRIC_REPRESENTATION_CONTEXT(2) 
PARAMETRIC_REPRESENTATION_CONTEXT() REPRESENTATION_CONTEXT('2D SPACE',''
  ) );
#1828 = ADVANCED_FACE('',(#1829),#1774,.T.);
#1829 = FACE_BOUND('',#1830,.T.);
#1830 = EDGE_LOOP('',(#1831,#1861,#1887,#1888));
#1831 = ORIENTED_EDGE('',*,*,#1832,.T.);
#1832 = EDGE_CURVE('',#1833,#1835,#1837,.T.);
#1833 = VERTEX_POINT('',#1834);
#1834 = CARTESIAN_POINT('',(-83.95685577392,55.156852722168,20.5));
#1835 = VERTEX_POINT('',#1836);
#1836 = CARTESIAN_POINT('',(-83.95685577392,55.156852722168,79.5));
#1837 = SURFACE_CURVE('',#1838,(#1842,#1849),.PCURVE_S1.);
#1838 = LINE('',#1839,#1840);
#1839 = CARTESIAN_POINT('',(-83.95685577392,55.156852722168,20.5));
#1840 = VECTOR('',#1841,1.);
#1841 = DIRECTION('',(0.,0.,1.));
#1842 = PCURVE('',#1774,#1843);
#1843 = DEFINITIONAL_REPRESENTATION('',(#1844),#1848);
#1844 = LINE('',#1845,#1846);
#1845 = CARTESIAN_POINT('',(0.,0.));
#1846 = VECTOR('',#1847,1.);
#1847 = DIRECTION('',(0.,-1.));
#1848 = ( GEOMETRIC_REPRESENTATION_CONTEXT(2) 
PARAMETRIC_REPRESENTATION_CONTEXT() REPRESENTATION_CONTEXT('2D SPACE',''
  ) );
#1849 = PCURVE('',#1850,#1855);
#1850 = PLANE('',#1851);
#1851 = AXIS2_PLACEMENT_3D('',#1852,#1853,#1854);
#1852 = CARTESIAN_POINT('',(-83.95685577392,57.5,20.5));
#1853 = DIRECTION('',(1.,0.,-0.));
#1854 = DIRECTION('',(0.,-1.,0.));
#1855 = DEFINITIONAL_REPRESENTATION('',(#1856),#1860);
#1856 = LINE('',#1857,#1858);
#1857 = CARTESIAN_POINT('',(2.343147277832,0.));
#1858 = VECTOR('',#1859,1.);
#1859 = DIRECTION('',(0.,-1.));
#1860 = ( GEOMETRIC_REPRESENTATION_CONTEXT(2) 
PARAMETRIC_REPRESENTATION_CONTEXT() REPRESENTATION_CONTEXT('2D SPACE',''
  ) );
#1861 = ORIENTED_EDGE('',*,*,#1862,.T.);
#1862 = EDGE_CURVE('',#1835,#1759,#1863,.T.);
#1863 = SURFACE_CURVE('',#1864,(#1869,#1876),.PCURVE_S1.);
#1864 = CIRCLE('',#1865,7.199278552716);
#1865 = AXIS2_PLACEMENT_3D('',#1866,#1867,#1868);
#1866 = CARTESIAN_POINT('',(-91.15613419332,55.15823818735,79.5));
#1867 = DIRECTION('',(0.,0.,-1.));
#1868 = DIRECTION('',(0.999999981482,-1.924450029295E-04,0.));
#1869 = PCURVE('',#1774,#1870);
#1870 = DEFINITIONAL_REPRESENTATION('',(#1871),#1875);
#1871 = LINE('',#1872,#1873);
#1872 = CARTESIAN_POINT('',(0.,-59.));
#1873 = VECTOR('',#1874,1.);
#1874 = DIRECTION('',(1.,0.));
#1875 = ( GEOMETRIC_REPRESENTATION_CONTEXT(2) 
PARAMETRIC_REPRESENTATION_CONTEXT() REPRESENTATION_CONTEXT('2D SPACE',''
  ) );
#1876 = PCURVE('',#1127,#1877);
#1877 = DEFINITIONAL_REPRESENTATION('',(#1878),#1886);
#1878 = ( BOUNDED_CURVE() B_SPLINE_CURVE(2,(#1879,#1880,#1881,#1882,
#1883,#1884,#1885),.UNSPECIFIED.,.T.,.F.) B_SPLINE_CURVE_WITH_KNOTS((1,2
    ,2,2,2,1),(-2.094395102393,0.,2.094395102393,4.188790204786,
6.28318530718,8.377580409573),.UNSPECIFIED.) CURVE() 
GEOMETRIC_REPRESENTATION_ITEM() RATIONAL_B_SPLINE_CURVE((1.,0.5,1.,0.5,
1.,0.5,1.)) REPRESENTATION_ITEM('') );
#1879 = CARTESIAN_POINT('',(-83.95685577392,51.529322266927));
#1880 = CARTESIAN_POINT('',(-83.95925547001,39.059806266687));
#1881 = CARTESIAN_POINT('',(-94.75697325107,45.29664246458));
#1882 = CARTESIAN_POINT('',(-105.5546910321,51.533478662473));
#1883 = CARTESIAN_POINT('',(-94.75457355498,57.76615846482));
#1884 = CARTESIAN_POINT('',(-83.95445607783,63.998838267167));
#1885 = CARTESIAN_POINT('',(-83.95685577392,51.529322266927));
#1886 = ( GEOMETRIC_REPRESENTATION_CONTEXT(2) 
PARAMETRIC_REPRESENTATION_CONTEXT() REPRESENTATION_CONTEXT('2D SPACE',''
  ) );
#1887 = ORIENTED_EDGE('',*,*,#1756,.F.);
#1888 = ORIENTED_EDGE('',*,*,#1889,.F.);
#1889 = EDGE_CURVE('',#1833,#1757,#1890,.T.);
#1890 = SURFACE_CURVE('',#1891,(#1896,#1903),.PCURVE_S1.);
#1891 = CIRCLE('',#1892,7.199278552716);
#1892 = AXIS2_PLACEMENT_3D('',#1893,#1894,#1895);
#1893 = CARTESIAN_POINT('',(-91.15613419332,55.15823818735,20.5));
#1894 = DIRECTION('',(0.,0.,-1.));
#1895 = DIRECTION('',(0.999999981482,-1.924450029295E-04,0.));
#1896 = PCURVE('',#1774,#1897);
#1897 = DEFINITIONAL_REPRESENTATION('',(#1898),#1902);
#1898 = LINE('',#1899,#1900);
#1899 = CARTESIAN_POINT('',(0.,0.));
#1900 = VECTOR('',#1901,1.);
#1901 = DIRECTION('',(1.,0.));
#1902 = ( GEOMETRIC_REPRESENTATION_CONTEXT(2) 
PARAMETRIC_REPRESENTATION_CONTEXT() REPRESENTATION_CONTEXT('2D SPACE',''
  ) );
#1903 = PCURVE('',#1533,#1904);
#1904 = DEFINITIONAL_REPRESENTATION('',(#1905),#1909);
#1905 = CIRCLE('',#1906,7.199278552716);
#1906 = AXIS2_PLACEMENT_2D('',#1907,#1908);
#1907 = CARTESIAN_POINT('',(91.156928198547,12.610786357062));
#1908 = DIRECTION('',(-0.999999981482,-1.924450029295E-04));
#1909 = ( GEOMETRIC_REPRESENTATION_CONTEXT(2) 
PARAMETRIC_REPRESENTATION_CONTEXT() REPRESENTATION_CONTEXT('2D SPACE',''
  ) );
#1910 = ADVANCED_FACE('',(#1911),#1850,.T.);
#1911 = FACE_BOUND('',#1912,.T.);
#1912 = EDGE_LOOP('',(#1913,#1943,#1964,#1965));
#1913 = ORIENTED_EDGE('',*,*,#1914,.T.);
#1914 = EDGE_CURVE('',#1915,#1917,#1919,.T.);
#1915 = VERTEX_POINT('',#1916);
#1916 = CARTESIAN_POINT('',(-83.95685577392,57.5,20.5));
#1917 = VERTEX_POINT('',#1918);
#1918 = CARTESIAN_POINT('',(-83.95685577392,57.5,79.5));
#1919 = SURFACE_CURVE('',#1920,(#1924,#1931),.PCURVE_S1.);
#1920 = LINE('',#1921,#1922);
#1921 = CARTESIAN_POINT('',(-83.95685577392,57.5,20.5));
#1922 = VECTOR('',#1923,1.);
#1923 = DIRECTION('',(0.,0.,1.));
#1924 = PCURVE('',#1850,#1925);
#1925 = DEFINITIONAL_REPRESENTATION('',(#1926),#1930);
#1926 = LINE('',#1927,#1928);
#1927 = CARTESIAN_POINT('',(0.,0.));
#1928 = VECTOR('',#1929,1.);
#1929 = DIRECTION('',(0.,-1.));
#1930 = ( GEOMETRIC_REPRESENTATION_CONTEXT(2) 
PARAMETRIC_REPRESENTATION_CONTEXT() REPRESENTATION_CONTEXT('2D SPACE',''
  ) );
#1931 = PCURVE('',#1932,#1937);
#1932 = PLANE('',#1933);
#1933 = AXIS2_PLACEMENT_3D('',#1934,#1935,#1936);
#1934 = CARTESIAN_POINT('',(85.5,57.5,15.5));
#1935 = DIRECTION('',(0.,-1.,0.));
#1936 = DIRECTION('',(-1.,0.,0.));
#1937 = DEFINITIONAL_REPRESENTATION('',(#1938),#1942);
#1938 = LINE('',#1939,#1940);
#1939 = CARTESIAN_POINT('',(169.45685577392,-5.));
#1940 = VECTOR('',#1941,1.);
#1941 = DIRECTION('',(0.,-1.));
#1942 = ( GEOMETRIC_REPRESENTATION_CONTEXT(2) 
PARAMETRIC_REPRESENTATION_CONTEXT() REPRESENTATION_CONTEXT('2D SPACE',''
  ) );
#1943 = ORIENTED_EDGE('',*,*,#1944,.T.);
#1944 = EDGE_CURVE('',#1917,#1835,#1945,.T.);
#1945 = SURFACE_CURVE('',#1946,(#1950,#1957),.PCURVE_S1.);
#1946 = LINE('',#1947,#1948);
#1947 = CARTESIAN_POINT('',(-83.95685577392,57.5,79.5));
#1948 = VECTOR('',#1949,1.);
#1949 = DIRECTION('',(0.,-1.,0.));
#1950 = PCURVE('',#1850,#1951);
#1951 = DEFINITIONAL_REPRESENTATION('',(#1952),#1956);
#1952 = LINE('',#1953,#1954);
#1953 = CARTESIAN_POINT('',(0.,-59.));
#1954 = VECTOR('',#1955,1.);
#1955 = DIRECTION('',(1.,0.));
#1956 = ( GEOMETRIC_REPRESENTATION_CONTEXT(2) 
PARAMETRIC_REPRESENTATION_CONTEXT() REPRESENTATION_CONTEXT('2D SPACE',''
  ) );
#1957 = PCURVE('',#1127,#1958);
#1958 = DEFINITIONAL_REPRESENTATION('',(#1959),#1963);
#1959 = LINE('',#1960,#1961);
#1960 = CARTESIAN_POINT('',(-83.95685577392,53.872469544759));
#1961 = VECTOR('',#1962,1.);
#1962 = DIRECTION('',(0.,-1.));
#1963 = ( GEOMETRIC_REPRESENTATION_CONTEXT(2) 
PARAMETRIC_REPRESENTATION_CONTEXT() REPRESENTATION_CONTEXT('2D SPACE',''
  ) );
#1964 = ORIENTED_EDGE('',*,*,#1832,.F.);
#1965 = ORIENTED_EDGE('',*,*,#1966,.F.);
#1966 = EDGE_CURVE('',#1915,#1833,#1967,.T.);
#1967 = SURFACE_CURVE('',#1968,(#1972,#1979),.PCURVE_S1.);
#1968 = LINE('',#1969,#1970);
#1969 = CARTESIAN_POINT('',(-83.95685577392,57.5,20.5));
#1970 = VECTOR('',#1971,1.);
#1971 = DIRECTION('',(0.,-1.,0.));
#1972 = PCURVE('',#1850,#1973);
#1973 = DEFINITIONAL_REPRESENTATION('',(#1974),#1978);
#1974 = LINE('',#1975,#1976);
#1975 = CARTESIAN_POINT('',(0.,0.));
#1976 = VECTOR('',#1977,1.);
#1977 = DIRECTION('',(1.,0.));
#1978 = ( GEOMETRIC_REPRESENTATION_CONTEXT(2) 
PARAMETRIC_REPRESENTATION_CONTEXT() REPRESENTATION_CONTEXT('2D SPACE',''
  ) );
#1979 = PCURVE('',#1533,#1980);
#1980 = DEFINITIONAL_REPRESENTATION('',(#1981),#1985);
#1981 = LINE('',#1982,#1983);
#1982 = CARTESIAN_POINT('',(83.957649779144,14.952548169712));
#1983 = VECTOR('',#1984,1.);
#1984 = DIRECTION('',(0.,-1.));
#1985 = ( GEOMETRIC_REPRESENTATION_CONTEXT(2) 
PARAMETRIC_REPRESENTATION_CONTEXT() REPRESENTATION_CONTEXT('2D SPACE',''
  ) );
#1986 = ADVANCED_FACE('',(#1987),#1932,.T.);
#1987 = FACE_BOUND('',#1988,.T.);
#1988 = EDGE_LOOP('',(#1989,#2014,#2042,#2070,#2098,#2119,#2120,#2143,
    #2171,#2194,#2227,#2255,#2281,#2310,#2336,#2365));
#1989 = ORIENTED_EDGE('',*,*,#1990,.F.);
#1990 = EDGE_CURVE('',#1991,#1993,#1995,.T.);
#1991 = VERTEX_POINT('',#1992);
#1992 = CARTESIAN_POINT('',(85.5,57.5,15.5));
#1993 = VERTEX_POINT('',#1994);
#1994 = CARTESIAN_POINT('',(66.284,57.5,15.5));
#1995 = SURFACE_CURVE('',#1996,(#2000,#2007),.PCURVE_S1.);
#1996 = LINE('',#1997,#1998);
#1997 = CARTESIAN_POINT('',(85.5,57.5,15.5));
#1998 = VECTOR('',#1999,1.);
#1999 = DIRECTION('',(-1.,0.,0.));
#2000 = PCURVE('',#1932,#2001);
#2001 = DEFINITIONAL_REPRESENTATION('',(#2002),#2006);
#2002 = LINE('',#2003,#2004);
#2003 = CARTESIAN_POINT('',(0.,-0.));
#2004 = VECTOR('',#2005,1.);
#2005 = DIRECTION('',(1.,0.));
#2006 = ( GEOMETRIC_REPRESENTATION_CONTEXT(2) 
PARAMETRIC_REPRESENTATION_CONTEXT() REPRESENTATION_CONTEXT('2D SPACE',''
  ) );
#2007 = PCURVE('',#786,#2008);
#2008 = DEFINITIONAL_REPRESENTATION('',(#2009),#2013);
#2009 = LINE('',#2010,#2011);
#2010 = CARTESIAN_POINT('',(195.5,122.5));
#2011 = VECTOR('',#2012,1.);
#2012 = DIRECTION('',(-1.,0.));
#2013 = ( GEOMETRIC_REPRESENTATION_CONTEXT(2) 
PARAMETRIC_REPRESENTATION_CONTEXT() REPRESENTATION_CONTEXT('2D SPACE',''
  ) );
#2014 = ORIENTED_EDGE('',*,*,#2015,.T.);
#2015 = EDGE_CURVE('',#1991,#2016,#2018,.T.);
#2016 = VERTEX_POINT('',#2017);
#2017 = CARTESIAN_POINT('',(85.5,57.5,20.5));
#2018 = SURFACE_CURVE('',#2019,(#2023,#2030),.PCURVE_S1.);
#2019 = LINE('',#2020,#2021);
#2020 = CARTESIAN_POINT('',(85.5,57.5,15.5));
#2021 = VECTOR('',#2022,1.);
#2022 = DIRECTION('',(0.,0.,1.));
#2023 = PCURVE('',#1932,#2024);
#2024 = DEFINITIONAL_REPRESENTATION('',(#2025),#2029);
#2025 = LINE('',#2026,#2027);
#2026 = CARTESIAN_POINT('',(0.,-0.));
#2027 = VECTOR('',#2028,1.);
#2028 = DIRECTION('',(0.,-1.));
#2029 = ( GEOMETRIC_REPRESENTATION_CONTEXT(2) 
PARAMETRIC_REPRESENTATION_CONTEXT() REPRESENTATION_CONTEXT('2D SPACE',''
  ) );
#2030 = PCURVE('',#2031,#2036);
#2031 = CYLINDRICAL_SURFACE('',#2032,8.013742691767);
#2032 = AXIS2_PLACEMENT_3D('',#2033,#2034,#2035);
#2033 = CARTESIAN_POINT('',(85.492827498277,49.486260518019,15.5));
#2034 = DIRECTION('',(-0.,-0.,-1.));
#2035 = DIRECTION('',(0.312859121906,0.949799541925,-0.));
#2036 = DEFINITIONAL_REPRESENTATION('',(#2037),#2041);
#2037 = LINE('',#2038,#2039);
#2038 = CARTESIAN_POINT('',(-0.317306757908,0.));
#2039 = VECTOR('',#2040,1.);
#2040 = DIRECTION('',(-0.,-1.));
#2041 = ( GEOMETRIC_REPRESENTATION_CONTEXT(2) 
PARAMETRIC_REPRESENTATION_CONTEXT() REPRESENTATION_CONTEXT('2D SPACE',''
  ) );
#2042 = ORIENTED_EDGE('',*,*,#2043,.T.);
#2043 = EDGE_CURVE('',#2016,#2044,#2046,.T.);
#2044 = VERTEX_POINT('',#2045);
#2045 = CARTESIAN_POINT('',(83.956855773926,57.5,20.5));
#2046 = SURFACE_CURVE('',#2047,(#2051,#2058),.PCURVE_S1.);
#2047 = LINE('',#2048,#2049);
#2048 = CARTESIAN_POINT('',(85.5,57.5,20.5));
#2049 = VECTOR('',#2050,1.);
#2050 = DIRECTION('',(-1.,0.,0.));
#2051 = PCURVE('',#1932,#2052);
#2052 = DEFINITIONAL_REPRESENTATION('',(#2053),#2057);
#2053 = LINE('',#2054,#2055);
#2054 = CARTESIAN_POINT('',(0.,-5.));
#2055 = VECTOR('',#2056,1.);
#2056 = DIRECTION('',(1.,0.));
#2057 = ( GEOMETRIC_REPRESENTATION_CONTEXT(2) 
PARAMETRIC_REPRESENTATION_CONTEXT() REPRESENTATION_CONTEXT('2D SPACE',''
  ) );
#2058 = PCURVE('',#2059,#2064);
#2059 = PLANE('',#2060);
#2060 = AXIS2_PLACEMENT_3D('',#2061,#2062,#2063);
#2061 = CARTESIAN_POINT('',(7.940052182528E-04,42.547451830288,20.5));
#2062 = DIRECTION('',(-0.,-0.,-1.));
#2063 = DIRECTION('',(-1.,0.,0.));
#2064 = DEFINITIONAL_REPRESENTATION('',(#2065),#2069);
#2065 = LINE('',#2066,#2067);
#2066 = CARTESIAN_POINT('',(-85.49920599478,14.952548169712));
#2067 = VECTOR('',#2068,1.);
#2068 = DIRECTION('',(1.,0.));
#2069 = ( GEOMETRIC_REPRESENTATION_CONTEXT(2) 
PARAMETRIC_REPRESENTATION_CONTEXT() REPRESENTATION_CONTEXT('2D SPACE',''
  ) );
#2070 = ORIENTED_EDGE('',*,*,#2071,.T.);
#2071 = EDGE_CURVE('',#2044,#2072,#2074,.T.);
#2072 = VERTEX_POINT('',#2073);
#2073 = CARTESIAN_POINT('',(83.956855773926,57.5,79.5));
#2074 = SURFACE_CURVE('',#2075,(#2079,#2086),.PCURVE_S1.);
#2075 = LINE('',#2076,#2077);
#2076 = CARTESIAN_POINT('',(83.956855773926,57.5,20.5));
#2077 = VECTOR('',#2078,1.);
#2078 = DIRECTION('',(0.,0.,1.));
#2079 = PCURVE('',#1932,#2080);
#2080 = DEFINITIONAL_REPRESENTATION('',(#2081),#2085);
#2081 = LINE('',#2082,#2083);
#2082 = CARTESIAN_POINT('',(1.543144226074,-5.));
#2083 = VECTOR('',#2084,1.);
#2084 = DIRECTION('',(0.,-1.));
#2085 = ( GEOMETRIC_REPRESENTATION_CONTEXT(2) 
PARAMETRIC_REPRESENTATION_CONTEXT() REPRESENTATION_CONTEXT('2D SPACE',''
  ) );
#2086 = PCURVE('',#2087,#2092);
#2087 = PLANE('',#2088);
#2088 = AXIS2_PLACEMENT_3D('',#2089,#2090,#2091);
#2089 = CARTESIAN_POINT('',(83.956855773926,55.156852722168,20.5));
#2090 = DIRECTION('',(-1.,0.,0.));
#2091 = DIRECTION('',(0.,1.,0.));
#2092 = DEFINITIONAL_REPRESENTATION('',(#2093),#2097);
#2093 = LINE('',#2094,#2095);
#2094 = CARTESIAN_POINT('',(2.343147277832,0.));
#2095 = VECTOR('',#2096,1.);
#2096 = DIRECTION('',(0.,-1.));
#2097 = ( GEOMETRIC_REPRESENTATION_CONTEXT(2) 
PARAMETRIC_REPRESENTATION_CONTEXT() REPRESENTATION_CONTEXT('2D SPACE',''
  ) );
#2098 = ORIENTED_EDGE('',*,*,#2099,.T.);
#2099 = EDGE_CURVE('',#2072,#1917,#2100,.T.);
#2100 = SURFACE_CURVE('',#2101,(#2105,#2112),.PCURVE_S1.);
#2101 = LINE('',#2102,#2103);
#2102 = CARTESIAN_POINT('',(83.956855773926,57.5,79.5));
#2103 = VECTOR('',#2104,1.);
#2104 = DIRECTION('',(-1.,0.,0.));
#2105 = PCURVE('',#1932,#2106);
#2106 = DEFINITIONAL_REPRESENTATION('',(#2107),#2111);
#2107 = LINE('',#2108,#2109);
#2108 = CARTESIAN_POINT('',(1.543144226074,-64.));
#2109 = VECTOR('',#2110,1.);
#2110 = DIRECTION('',(1.,0.));
#2111 = ( GEOMETRIC_REPRESENTATION_CONTEXT(2) 
PARAMETRIC_REPRESENTATION_CONTEXT() REPRESENTATION_CONTEXT('2D SPACE',''
  ) );
#2112 = PCURVE('',#1127,#2113);
#2113 = DEFINITIONAL_REPRESENTATION('',(#2114),#2118);
#2114 = LINE('',#2115,#2116);
#2115 = CARTESIAN_POINT('',(83.956855773926,53.872469544759));
#2116 = VECTOR('',#2117,1.);
#2117 = DIRECTION('',(-1.,0.));
#2118 = ( GEOMETRIC_REPRESENTATION_CONTEXT(2) 
PARAMETRIC_REPRESENTATION_CONTEXT() REPRESENTATION_CONTEXT('2D SPACE',''
  ) );
#2119 = ORIENTED_EDGE('',*,*,#1914,.F.);
#2120 = ORIENTED_EDGE('',*,*,#2121,.T.);
#2121 = EDGE_CURVE('',#1915,#2122,#2124,.T.);
#2122 = VERTEX_POINT('',#2123);
#2123 = CARTESIAN_POINT('',(-85.5,57.5,20.5));
#2124 = SURFACE_CURVE('',#2125,(#2129,#2136),.PCURVE_S1.);
#2125 = LINE('',#2126,#2127);
#2126 = CARTESIAN_POINT('',(85.5,57.5,20.5));
#2127 = VECTOR('',#2128,1.);
#2128 = DIRECTION('',(-1.,0.,0.));
#2129 = PCURVE('',#1932,#2130);
#2130 = DEFINITIONAL_REPRESENTATION('',(#2131),#2135);
#2131 = LINE('',#2132,#2133);
#2132 = CARTESIAN_POINT('',(0.,-5.));
#2133 = VECTOR('',#2134,1.);
#2134 = DIRECTION('',(1.,0.));
#2135 = ( GEOMETRIC_REPRESENTATION_CONTEXT(2) 
PARAMETRIC_REPRESENTATION_CONTEXT() REPRESENTATION_CONTEXT('2D SPACE',''
  ) );
#2136 = PCURVE('',#1533,#2137);
#2137 = DEFINITIONAL_REPRESENTATION('',(#2138),#2142);
#2138 = LINE('',#2139,#2140);
#2139 = CARTESIAN_POINT('',(-85.49920599478,14.952548169712));
#2140 = VECTOR('',#2141,1.);
#2141 = DIRECTION('',(1.,0.));
#2142 = ( GEOMETRIC_REPRESENTATION_CONTEXT(2) 
PARAMETRIC_REPRESENTATION_CONTEXT() REPRESENTATION_CONTEXT('2D SPACE',''
  ) );
#2143 = ORIENTED_EDGE('',*,*,#2144,.F.);
#2144 = EDGE_CURVE('',#2145,#2122,#2147,.T.);
#2145 = VERTEX_POINT('',#2146);
#2146 = CARTESIAN_POINT('',(-85.5,57.5,15.5));
#2147 = SURFACE_CURVE('',#2148,(#2152,#2159),.PCURVE_S1.);
#2148 = LINE('',#2149,#2150);
#2149 = CARTESIAN_POINT('',(-85.5,57.5,15.5));
#2150 = VECTOR('',#2151,1.);
#2151 = DIRECTION('',(0.,0.,1.));
#2152 = PCURVE('',#1932,#2153);
#2153 = DEFINITIONAL_REPRESENTATION('',(#2154),#2158);
#2154 = LINE('',#2155,#2156);
#2155 = CARTESIAN_POINT('',(171.,0.));
#2156 = VECTOR('',#2157,1.);
#2157 = DIRECTION('',(0.,-1.));
#2158 = ( GEOMETRIC_REPRESENTATION_CONTEXT(2) 
PARAMETRIC_REPRESENTATION_CONTEXT() REPRESENTATION_CONTEXT('2D SPACE',''
  ) );
#2159 = PCURVE('',#2160,#2165);
#2160 = CYLINDRICAL_SURFACE('',#2161,8.013742691767);
#2161 = AXIS2_PLACEMENT_3D('',#2162,#2163,#2164);
#2162 = CARTESIAN_POINT('',(-85.49282749827,49.486260518018,15.5));
#2163 = DIRECTION('',(-0.,-0.,-1.));
#2164 = DIRECTION('',(-8.950252084834E-04,0.999999599465,0.));
#2165 = DEFINITIONAL_REPRESENTATION('',(#2166),#2170);
#2166 = LINE('',#2167,#2168);
#2167 = CARTESIAN_POINT('',(-0.,0.));
#2168 = VECTOR('',#2169,1.);
#2169 = DIRECTION('',(-0.,-1.));
#2170 = ( GEOMETRIC_REPRESENTATION_CONTEXT(2) 
PARAMETRIC_REPRESENTATION_CONTEXT() REPRESENTATION_CONTEXT('2D SPACE',''
  ) );
#2171 = ORIENTED_EDGE('',*,*,#2172,.F.);
#2172 = EDGE_CURVE('',#2173,#2145,#2175,.T.);
#2173 = VERTEX_POINT('',#2174);
#2174 = CARTESIAN_POINT('',(12.341790055232,57.5,15.5));
#2175 = SURFACE_CURVE('',#2176,(#2180,#2187),.PCURVE_S1.);
#2176 = LINE('',#2177,#2178);
#2177 = CARTESIAN_POINT('',(85.5,57.5,15.5));
#2178 = VECTOR('',#2179,1.);
#2179 = DIRECTION('',(-1.,0.,0.));
#2180 = PCURVE('',#1932,#2181);
#2181 = DEFINITIONAL_REPRESENTATION('',(#2182),#2186);
#2182 = LINE('',#2183,#2184);
#2183 = CARTESIAN_POINT('',(0.,-0.));
#2184 = VECTOR('',#2185,1.);
#2185 = DIRECTION('',(1.,0.));
#2186 = ( GEOMETRIC_REPRESENTATION_CONTEXT(2) 
PARAMETRIC_REPRESENTATION_CONTEXT() REPRESENTATION_CONTEXT('2D SPACE',''
  ) );
#2187 = PCURVE('',#467,#2188);
#2188 = DEFINITIONAL_REPRESENTATION('',(#2189),#2193);
#2189 = LINE('',#2190,#2191);
#2190 = CARTESIAN_POINT('',(195.5,122.5));
#2191 = VECTOR('',#2192,1.);
#2192 = DIRECTION('',(-1.,0.));
#2193 = ( GEOMETRIC_REPRESENTATION_CONTEXT(2) 
PARAMETRIC_REPRESENTATION_CONTEXT() REPRESENTATION_CONTEXT('2D SPACE',''
  ) );
#2194 = ORIENTED_EDGE('',*,*,#2195,.T.);
#2195 = EDGE_CURVE('',#2173,#2196,#2198,.T.);
#2196 = VERTEX_POINT('',#2197);
#2197 = CARTESIAN_POINT('',(19.658209944768,57.5,15.5));
#2198 = SURFACE_CURVE('',#2199,(#2204,#2215),.PCURVE_S1.);
#2199 = CIRCLE('',#2200,3.85);
#2200 = AXIS2_PLACEMENT_3D('',#2201,#2202,#2203);
#2201 = CARTESIAN_POINT('',(16.,57.5,16.7));
#2202 = DIRECTION('',(0.,1.,0.));
#2203 = DIRECTION('',(-0.950184401238,0.,-0.311688311688));
#2204 = PCURVE('',#1932,#2205);
#2205 = DEFINITIONAL_REPRESENTATION('',(#2206),#2214);
#2206 = ( BOUNDED_CURVE() B_SPLINE_CURVE(2,(#2207,#2208,#2209,#2210,
#2211,#2212,#2213),.UNSPECIFIED.,.T.,.F.) B_SPLINE_CURVE_WITH_KNOTS((1,2
    ,2,2,2,1),(-2.094395102393,0.,2.094395102393,4.188790204786,
6.28318530718,8.377580409573),.UNSPECIFIED.) CURVE() 
GEOMETRIC_REPRESENTATION_ITEM() RATIONAL_B_SPLINE_CURVE((1.,0.5,1.,0.5,
1.,0.5,1.)) REPRESENTATION_ITEM('') );
#2207 = CARTESIAN_POINT('',(73.158209944768,1.110223024625E-14));
#2208 = CARTESIAN_POINT('',(75.236670913851,-6.336205489092));
#2209 = CARTESIAN_POINT('',(68.710125512157,-4.968102744546));
#2210 = CARTESIAN_POINT('',(62.183580110464,-3.6));
#2211 = CARTESIAN_POINT('',(66.631664543075,1.368102744546));
#2212 = CARTESIAN_POINT('',(71.079748975685,6.336205489092));
#2213 = CARTESIAN_POINT('',(73.158209944768,1.110223024625E-14));
#2214 = ( GEOMETRIC_REPRESENTATION_CONTEXT(2) 
PARAMETRIC_REPRESENTATION_CONTEXT() REPRESENTATION_CONTEXT('2D SPACE',''
  ) );
#2215 = PCURVE('',#2216,#2221);
#2216 = CYLINDRICAL_SURFACE('',#2217,3.85);
#2217 = AXIS2_PLACEMENT_3D('',#2218,#2219,#2220);
#2218 = CARTESIAN_POINT('',(16.,54.,16.7));
#2219 = DIRECTION('',(-0.,-1.,-0.));
#2220 = DIRECTION('',(0.,-0.,1.));
#2221 = DEFINITIONAL_REPRESENTATION('',(#2222),#2226);
#2222 = LINE('',#2223,#2224);
#2223 = CARTESIAN_POINT('',(-4.395419639216,-3.5));
#2224 = VECTOR('',#2225,1.);
#2225 = DIRECTION('',(-1.,-0.));
#2226 = ( GEOMETRIC_REPRESENTATION_CONTEXT(2) 
PARAMETRIC_REPRESENTATION_CONTEXT() REPRESENTATION_CONTEXT('2D SPACE',''
  ) );
#2227 = ORIENTED_EDGE('',*,*,#2228,.F.);
#2228 = EDGE_CURVE('',#2229,#2196,#2231,.T.);
#2229 = VERTEX_POINT('',#2230);
#2230 = CARTESIAN_POINT('',(51.344,57.5,15.5));
#2231 = SURFACE_CURVE('',#2232,(#2236,#2243),.PCURVE_S1.);
#2232 = LINE('',#2233,#2234);
#2233 = CARTESIAN_POINT('',(85.5,57.5,15.5));
#2234 = VECTOR('',#2235,1.);
#2235 = DIRECTION('',(-1.,0.,0.));
#2236 = PCURVE('',#1932,#2237);
#2237 = DEFINITIONAL_REPRESENTATION('',(#2238),#2242);
#2238 = LINE('',#2239,#2240);
#2239 = CARTESIAN_POINT('',(0.,-0.));
#2240 = VECTOR('',#2241,1.);
#2241 = DIRECTION('',(1.,0.));
#2242 = ( GEOMETRIC_REPRESENTATION_CONTEXT(2) 
PARAMETRIC_REPRESENTATION_CONTEXT() REPRESENTATION_CONTEXT('2D SPACE',''
  ) );
#2243 = PCURVE('',#2244,#2249);
#2244 = PLANE('',#2245);
#2245 = AXIS2_PLACEMENT_3D('',#2246,#2247,#2248);
#2246 = CARTESIAN_POINT('',(-3.622896038673E-15,42.750828988848,15.5));
#2247 = DIRECTION('',(-0.,-0.,-1.));
#2248 = DIRECTION('',(-1.,0.,0.));
#2249 = DEFINITIONAL_REPRESENTATION('',(#2250),#2254);
#2250 = LINE('',#2251,#2252);
#2251 = CARTESIAN_POINT('',(-85.5,14.749171011152));
#2252 = VECTOR('',#2253,1.);
#2253 = DIRECTION('',(1.,0.));
#2254 = ( GEOMETRIC_REPRESENTATION_CONTEXT(2) 
PARAMETRIC_REPRESENTATION_CONTEXT() REPRESENTATION_CONTEXT('2D SPACE',''
  ) );
#2255 = ORIENTED_EDGE('',*,*,#2256,.F.);
#2256 = EDGE_CURVE('',#2257,#2229,#2259,.T.);
#2257 = VERTEX_POINT('',#2258);
#2258 = CARTESIAN_POINT('',(51.344,57.5,17.));
#2259 = SURFACE_CURVE('',#2260,(#2264,#2270),.PCURVE_S1.);
#2260 = LINE('',#2261,#2262);
#2261 = CARTESIAN_POINT('',(51.344,57.5,16.25));
#2262 = VECTOR('',#2263,1.);
#2263 = DIRECTION('',(0.,0.,-1.));
#2264 = PCURVE('',#1932,#2265);
#2265 = DEFINITIONAL_REPRESENTATION('',(#2266),#2269);
#2266 = B_SPLINE_CURVE_WITH_KNOTS('',1,(#2267,#2268),.UNSPECIFIED.,.F.,
  .F.,(2,2),(-0.75,0.75),.PIECEWISE_BEZIER_KNOTS.);
#2267 = CARTESIAN_POINT('',(34.156,-1.5));
#2268 = CARTESIAN_POINT('',(34.156,0.));
#2269 = ( GEOMETRIC_REPRESENTATION_CONTEXT(2) 
PARAMETRIC_REPRESENTATION_CONTEXT() REPRESENTATION_CONTEXT('2D SPACE',''
  ) );
#2270 = PCURVE('',#2271,#2276);
#2271 = PLANE('',#2272);
#2272 = AXIS2_PLACEMENT_3D('',#2273,#2274,#2275);
#2273 = CARTESIAN_POINT('',(51.344,54.,17.));
#2274 = DIRECTION('',(-1.,0.,-0.));
#2275 = DIRECTION('',(0.,-1.110223024625E-16,-1.));
#2276 = DEFINITIONAL_REPRESENTATION('',(#2277),#2280);
#2277 = B_SPLINE_CURVE_WITH_KNOTS('',1,(#2278,#2279),.UNSPECIFIED.,.F.,
  .F.,(2,2),(-0.75,0.75),.PIECEWISE_BEZIER_KNOTS.);
#2278 = CARTESIAN_POINT('',(-6.661338147751E-16,-3.5));
#2279 = CARTESIAN_POINT('',(1.5,-3.5));
#2280 = ( GEOMETRIC_REPRESENTATION_CONTEXT(2) 
PARAMETRIC_REPRESENTATION_CONTEXT() REPRESENTATION_CONTEXT('2D SPACE',''
  ) );
#2281 = ORIENTED_EDGE('',*,*,#2282,.F.);
#2282 = EDGE_CURVE('',#2283,#2257,#2285,.T.);
#2283 = VERTEX_POINT('',#2284);
#2284 = CARTESIAN_POINT('',(53.344,57.5,19.));
#2285 = SURFACE_CURVE('',#2286,(#2291,#2298),.PCURVE_S1.);
#2286 = CIRCLE('',#2287,2.);
#2287 = AXIS2_PLACEMENT_3D('',#2288,#2289,#2290);
#2288 = CARTESIAN_POINT('',(53.344,57.5,17.));
#2289 = DIRECTION('',(0.,-1.,1.110223024625E-16));
#2290 = DIRECTION('',(1.,0.,0.));
#2291 = PCURVE('',#1932,#2292);
#2292 = DEFINITIONAL_REPRESENTATION('',(#2293),#2297);
#2293 = CIRCLE('',#2294,2.);
#2294 = AXIS2_PLACEMENT_2D('',#2295,#2296);
#2295 = CARTESIAN_POINT('',(32.156,-1.5));
#2296 = DIRECTION('',(-1.,-0.));
#2297 = ( GEOMETRIC_REPRESENTATION_CONTEXT(2) 
PARAMETRIC_REPRESENTATION_CONTEXT() REPRESENTATION_CONTEXT('2D SPACE',''
  ) );
#2298 = PCURVE('',#2299,#2304);
#2299 = CYLINDRICAL_SURFACE('',#2300,2.);
#2300 = AXIS2_PLACEMENT_3D('',#2301,#2302,#2303);
#2301 = CARTESIAN_POINT('',(53.344,54.,17.));
#2302 = DIRECTION('',(0.,-1.,1.110223024625E-16));
#2303 = DIRECTION('',(1.,0.,0.));
#2304 = DEFINITIONAL_REPRESENTATION('',(#2305),#2309);
#2305 = LINE('',#2306,#2307);
#2306 = CARTESIAN_POINT('',(0.,-3.5));
#2307 = VECTOR('',#2308,1.);
#2308 = DIRECTION('',(1.,0.));
#2309 = ( GEOMETRIC_REPRESENTATION_CONTEXT(2) 
PARAMETRIC_REPRESENTATION_CONTEXT() REPRESENTATION_CONTEXT('2D SPACE',''
  ) );
#2310 = ORIENTED_EDGE('',*,*,#2311,.F.);
#2311 = EDGE_CURVE('',#2312,#2283,#2314,.T.);
#2312 = VERTEX_POINT('',#2313);
#2313 = CARTESIAN_POINT('',(64.284,57.5,19.));
#2314 = SURFACE_CURVE('',#2315,(#2319,#2325),.PCURVE_S1.);
#2315 = LINE('',#2316,#2317);
#2316 = CARTESIAN_POINT('',(74.892,57.5,19.));
#2317 = VECTOR('',#2318,1.);
#2318 = DIRECTION('',(-1.,0.,0.));
#2319 = PCURVE('',#1932,#2320);
#2320 = DEFINITIONAL_REPRESENTATION('',(#2321),#2324);
#2321 = B_SPLINE_CURVE_WITH_KNOTS('',1,(#2322,#2323),.UNSPECIFIED.,.F.,
  .F.,(2,2),(10.608,21.548),.PIECEWISE_BEZIER_KNOTS.);
#2322 = CARTESIAN_POINT('',(21.216,-3.5));
#2323 = CARTESIAN_POINT('',(32.156,-3.5));
#2324 = ( GEOMETRIC_REPRESENTATION_CONTEXT(2) 
PARAMETRIC_REPRESENTATION_CONTEXT() REPRESENTATION_CONTEXT('2D SPACE',''
  ) );
#2325 = PCURVE('',#2326,#2331);
#2326 = PLANE('',#2327);
#2327 = AXIS2_PLACEMENT_3D('',#2328,#2329,#2330);
#2328 = CARTESIAN_POINT('',(64.284,54.,19.));
#2329 = DIRECTION('',(0.,-0.,1.));
#2330 = DIRECTION('',(-1.,0.,0.));
#2331 = DEFINITIONAL_REPRESENTATION('',(#2332),#2335);
#2332 = B_SPLINE_CURVE_WITH_KNOTS('',1,(#2333,#2334),.UNSPECIFIED.,.F.,
  .F.,(2,2),(10.608,21.548),.PIECEWISE_BEZIER_KNOTS.);
#2333 = CARTESIAN_POINT('',(0.,-3.5));
#2334 = CARTESIAN_POINT('',(10.94,-3.5));
#2335 = ( GEOMETRIC_REPRESENTATION_CONTEXT(2) 
PARAMETRIC_REPRESENTATION_CONTEXT() REPRESENTATION_CONTEXT('2D SPACE',''
  ) );
#2336 = ORIENTED_EDGE('',*,*,#2337,.F.);
#2337 = EDGE_CURVE('',#2338,#2312,#2340,.T.);
#2338 = VERTEX_POINT('',#2339);
#2339 = CARTESIAN_POINT('',(66.284,57.5,17.));
#2340 = SURFACE_CURVE('',#2341,(#2346,#2353),.PCURVE_S1.);
#2341 = CIRCLE('',#2342,2.);
#2342 = AXIS2_PLACEMENT_3D('',#2343,#2344,#2345);
#2343 = CARTESIAN_POINT('',(64.284,57.5,17.));
#2344 = DIRECTION('',(0.,-1.,1.110223024625E-16));
#2345 = DIRECTION('',(1.,0.,0.));
#2346 = PCURVE('',#1932,#2347);
#2347 = DEFINITIONAL_REPRESENTATION('',(#2348),#2352);
#2348 = CIRCLE('',#2349,2.);
#2349 = AXIS2_PLACEMENT_2D('',#2350,#2351);
#2350 = CARTESIAN_POINT('',(21.216,-1.5));
#2351 = DIRECTION('',(-1.,-0.));
#2352 = ( GEOMETRIC_REPRESENTATION_CONTEXT(2) 
PARAMETRIC_REPRESENTATION_CONTEXT() REPRESENTATION_CONTEXT('2D SPACE',''
  ) );
#2353 = PCURVE('',#2354,#2359);
#2354 = CYLINDRICAL_SURFACE('',#2355,2.);
#2355 = AXIS2_PLACEMENT_3D('',#2356,#2357,#2358);
#2356 = CARTESIAN_POINT('',(64.284,54.,17.));
#2357 = DIRECTION('',(0.,-1.,1.110223024625E-16));
#2358 = DIRECTION('',(1.,0.,0.));
#2359 = DEFINITIONAL_REPRESENTATION('',(#2360),#2364);
#2360 = LINE('',#2361,#2362);
#2361 = CARTESIAN_POINT('',(0.,-3.5));
#2362 = VECTOR('',#2363,1.);
#2363 = DIRECTION('',(1.,0.));
#2364 = ( GEOMETRIC_REPRESENTATION_CONTEXT(2) 
PARAMETRIC_REPRESENTATION_CONTEXT() REPRESENTATION_CONTEXT('2D SPACE',''
  ) );
#2365 = ORIENTED_EDGE('',*,*,#2366,.F.);
#2366 = EDGE_CURVE('',#1993,#2338,#2367,.T.);
#2367 = SURFACE_CURVE('',#2368,(#2372,#2378),.PCURVE_S1.);
#2368 = LINE('',#2369,#2370);
#2369 = CARTESIAN_POINT('',(66.284,57.5,14.75));
#2370 = VECTOR('',#2371,1.);
#2371 = DIRECTION('',(-0.,0.,1.));
#2372 = PCURVE('',#1932,#2373);
#2373 = DEFINITIONAL_REPRESENTATION('',(#2374),#2377);
#2374 = B_SPLINE_CURVE_WITH_KNOTS('',1,(#2375,#2376),.UNSPECIFIED.,.F.,
  .F.,(2,2),(0.75,2.25),.PIECEWISE_BEZIER_KNOTS.);
#2375 = CARTESIAN_POINT('',(19.216,0.));
#2376 = CARTESIAN_POINT('',(19.216,-1.5));
#2377 = ( GEOMETRIC_REPRESENTATION_CONTEXT(2) 
PARAMETRIC_REPRESENTATION_CONTEXT() REPRESENTATION_CONTEXT('2D SPACE',''
  ) );
#2378 = PCURVE('',#2379,#2384);
#2379 = PLANE('',#2380);
#2380 = AXIS2_PLACEMENT_3D('',#2381,#2382,#2383);
#2381 = CARTESIAN_POINT('',(66.284,54.,14.));
#2382 = DIRECTION('',(1.,0.,0.));
#2383 = DIRECTION('',(-0.,1.110223024625E-16,1.));
#2384 = DEFINITIONAL_REPRESENTATION('',(#2385),#2388);
#2385 = B_SPLINE_CURVE_WITH_KNOTS('',1,(#2386,#2387),.UNSPECIFIED.,.F.,
  .F.,(2,2),(0.75,2.25),.PIECEWISE_BEZIER_KNOTS.);
#2386 = CARTESIAN_POINT('',(1.5,-3.5));
#2387 = CARTESIAN_POINT('',(3.,-3.5));
#2388 = ( GEOMETRIC_REPRESENTATION_CONTEXT(2) 
PARAMETRIC_REPRESENTATION_CONTEXT() REPRESENTATION_CONTEXT('2D SPACE',''
  ) );
#2389 = ADVANCED_FACE('',(#2390),#2379,.F.);
#2390 = FACE_BOUND('',#2391,.F.);
#2391 = EDGE_LOOP('',(#2392,#2414,#2509,#2530));
#2392 = ORIENTED_EDGE('',*,*,#2393,.F.);
#2393 = EDGE_CURVE('',#2394,#1993,#2396,.T.);
#2394 = VERTEX_POINT('',#2395);
#2395 = CARTESIAN_POINT('',(66.284,58.,15.5));
#2396 = SURFACE_CURVE('',#2397,(#2401,#2407),.PCURVE_S1.);
#2397 = LINE('',#2398,#2399);
#2398 = CARTESIAN_POINT('',(66.284,48.375414494424,15.5));
#2399 = VECTOR('',#2400,1.);
#2400 = DIRECTION('',(0.,-1.,0.));
#2401 = PCURVE('',#2379,#2402);
#2402 = DEFINITIONAL_REPRESENTATION('',(#2403),#2406);
#2403 = B_SPLINE_CURVE_WITH_KNOTS('',1,(#2404,#2405),.UNSPECIFIED.,.F.,
  .F.,(2,2),(-9.624585505576,-5.624585505576),.PIECEWISE_BEZIER_KNOTS.);
#2404 = CARTESIAN_POINT('',(1.5,-4.));
#2405 = CARTESIAN_POINT('',(1.5,0.));
#2406 = ( GEOMETRIC_REPRESENTATION_CONTEXT(2) 
PARAMETRIC_REPRESENTATION_CONTEXT() REPRESENTATION_CONTEXT('2D SPACE',''
  ) );
#2407 = PCURVE('',#786,#2408);
#2408 = DEFINITIONAL_REPRESENTATION('',(#2409),#2413);
#2409 = LINE('',#2410,#2411);
#2410 = CARTESIAN_POINT('',(176.284,113.37541449442));
#2411 = VECTOR('',#2412,1.);
#2412 = DIRECTION('',(0.,-1.));
#2413 = ( GEOMETRIC_REPRESENTATION_CONTEXT(2) 
PARAMETRIC_REPRESENTATION_CONTEXT() REPRESENTATION_CONTEXT('2D SPACE',''
  ) );
#2414 = ORIENTED_EDGE('',*,*,#2415,.T.);
#2415 = EDGE_CURVE('',#2394,#2416,#2418,.T.);
#2416 = VERTEX_POINT('',#2417);
#2417 = CARTESIAN_POINT('',(66.284,58.,17.));
#2418 = SURFACE_CURVE('',#2419,(#2423,#2430),.PCURVE_S1.);
#2419 = LINE('',#2420,#2421);
#2420 = CARTESIAN_POINT('',(66.284,58.,12.));
#2421 = VECTOR('',#2422,1.);
#2422 = DIRECTION('',(0.,1.110223024625E-16,1.));
#2423 = PCURVE('',#2379,#2424);
#2424 = DEFINITIONAL_REPRESENTATION('',(#2425),#2429);
#2425 = LINE('',#2426,#2427);
#2426 = CARTESIAN_POINT('',(-2.,-4.));
#2427 = VECTOR('',#2428,1.);
#2428 = DIRECTION('',(1.,0.));
#2429 = ( GEOMETRIC_REPRESENTATION_CONTEXT(2) 
PARAMETRIC_REPRESENTATION_CONTEXT() REPRESENTATION_CONTEXT('2D SPACE',''
  ) );
#2430 = PCURVE('',#2431,#2504);
#2431 = ( BOUNDED_SURFACE() B_SPLINE_SURFACE(8,7,(
    (#2432,#2433,#2434,#2435,#2436,#2437,#2438,#2439)
    ,(#2440,#2441,#2442,#2443,#2444,#2445,#2446,#2447)
    ,(#2448,#2449,#2450,#2451,#2452,#2453,#2454,#2455)
    ,(#2456,#2457,#2458,#2459,#2460,#2461,#2462,#2463)
    ,(#2464,#2465,#2466,#2467,#2468,#2469,#2470,#2471)
    ,(#2472,#2473,#2474,#2475,#2476,#2477,#2478,#2479)
    ,(#2480,#2481,#2482,#2483,#2484,#2485,#2486,#2487)
    ,(#2488,#2489,#2490,#2491,#2492,#2493,#2494,#2495)
    ,(#2496,#2497,#2498,#2499,#2500,#2501,#2502,#2503
)),.UNSPECIFIED.,.F.,.F.,.F.) B_SPLINE_SURFACE_WITH_KNOTS((9,9),(8,8),(
    2.,3.),(0.,1.),.PIECEWISE_BEZIER_KNOTS.) 
GEOMETRIC_REPRESENTATION_ITEM() RATIONAL_B_SPLINE_SURFACE((
    (1.,1.,1.,1.,1.,1.,1.,1.)
    ,(1.,1.,1.,1.,1.,1.,1.,1.)
    ,(1.,1.,1.,1.,1.,1.,1.,1.)
    ,(1.,1.,1.,1.,1.,1.,1.,1.)
    ,(1.,1.,1.,1.,1.,1.,1.,1.)
    ,(1.,1.,1.,1.,1.,1.,1.,1.)
    ,(1.,1.,1.,1.,1.,1.,1.,1.)
    ,(1.,1.,1.,1.,1.,1.,1.,1.)
,(1.,1.,1.,1.,1.,1.,1.,1.))) REPRESENTATION_ITEM('') SURFACE() );
#2432 = CARTESIAN_POINT('',(66.284,58.,14.));
#2433 = CARTESIAN_POINT('',(66.284006646551,58.452101798714,
    13.999999999999));
#2434 = CARTESIAN_POINT('',(66.403192404176,58.904146430418,
    14.000000000005));
#2435 = CARTESIAN_POINT('',(66.641773582159,59.317581368424,
    13.999999999992));
#2436 = CARTESIAN_POINT('',(66.982533672429,59.652624521676,
    14.000000000006));
#2437 = CARTESIAN_POINT('',(67.392829117766,59.884173237503,
    13.999999999997));
#2438 = CARTESIAN_POINT('',(67.838445366176,60.000004073565,
    14.000000000001));
#2439 = CARTESIAN_POINT('',(68.284,60.,14.));
#2440 = CARTESIAN_POINT('',(66.284,58.,14.375));
#2441 = CARTESIAN_POINT('',(66.284006646551,58.452101798714,
    14.374999999999));
#2442 = CARTESIAN_POINT('',(66.403192404176,58.904146430418,
    14.375000000002));
#2443 = CARTESIAN_POINT('',(66.641773582159,59.317581368424,
    14.374999999996));
#2444 = CARTESIAN_POINT('',(66.982533672429,59.652624521676,
    14.375000000003));
#2445 = CARTESIAN_POINT('',(67.392829117766,59.884173237503,
    14.374999999999));
#2446 = CARTESIAN_POINT('',(67.838445366176,60.000004073565,14.375));
#2447 = CARTESIAN_POINT('',(68.284,60.,14.375));
#2448 = CARTESIAN_POINT('',(66.284,58.,14.75));
#2449 = CARTESIAN_POINT('',(66.284006646551,58.452101798714,
    14.749999999999));
#2450 = CARTESIAN_POINT('',(66.403192404176,58.904146430418,
    14.750000000004));
#2451 = CARTESIAN_POINT('',(66.641773582159,59.317581368424,
    14.749999999993));
#2452 = CARTESIAN_POINT('',(66.982533672429,59.652624521676,
    14.750000000006));
#2453 = CARTESIAN_POINT('',(67.392829117766,59.884173237503,
    14.749999999997));
#2454 = CARTESIAN_POINT('',(67.838445366176,60.000004073565,
    14.750000000001));
#2455 = CARTESIAN_POINT('',(68.284,60.,14.75));
#2456 = CARTESIAN_POINT('',(66.284,58.,15.125));
#2457 = CARTESIAN_POINT('',(66.284006646551,58.452101798714,15.125));
#2458 = CARTESIAN_POINT('',(66.403192404176,58.904146430418,15.125));
#2459 = CARTESIAN_POINT('',(66.641773582159,59.317581368424,
    15.125000000001));
#2460 = CARTESIAN_POINT('',(66.982533672429,59.652624521676,
    15.124999999998));
#2461 = CARTESIAN_POINT('',(67.392829117766,59.884173237503,
    15.125000000002));
#2462 = CARTESIAN_POINT('',(67.838445366176,60.000004073565,
    15.124999999999));
#2463 = CARTESIAN_POINT('',(68.284,60.,15.125));
#2464 = CARTESIAN_POINT('',(66.284,58.,15.5));
#2465 = CARTESIAN_POINT('',(66.284006646551,58.452101798714,
    15.499999999998));
#2466 = CARTESIAN_POINT('',(66.403192404176,58.904146430418,
    15.500000000006));
#2467 = CARTESIAN_POINT('',(66.641773582159,59.317581368424,
    15.499999999989));
#2468 = CARTESIAN_POINT('',(66.982533672429,59.652624521676,
    15.50000000001));
#2469 = CARTESIAN_POINT('',(67.392829117766,59.884173237503,
    15.499999999995));
#2470 = CARTESIAN_POINT('',(67.838445366176,60.000004073565,
    15.500000000001));
#2471 = CARTESIAN_POINT('',(68.284,60.,15.5));
#2472 = CARTESIAN_POINT('',(66.284,58.,15.875));
#2473 = CARTESIAN_POINT('',(66.284006646551,58.452101798714,
    15.874999999998));
#2474 = CARTESIAN_POINT('',(66.403192404176,58.904146430418,
    15.875000000008));
#2475 = CARTESIAN_POINT('',(66.641773582159,59.317581368424,
    15.874999999987));
#2476 = CARTESIAN_POINT('',(66.982533672429,59.652624521676,
    15.875000000013));
#2477 = CARTESIAN_POINT('',(67.392829117766,59.884173237503,
    15.874999999993));
#2478 = CARTESIAN_POINT('',(67.838445366176,60.000004073565,
    15.875000000002));
#2479 = CARTESIAN_POINT('',(68.284,60.,15.875));
#2480 = CARTESIAN_POINT('',(66.284,58.,16.25));
#2481 = CARTESIAN_POINT('',(66.284006646551,58.452101798714,16.25));
#2482 = CARTESIAN_POINT('',(66.403192404176,58.904146430418,16.25));
#2483 = CARTESIAN_POINT('',(66.641773582159,59.317581368424,
    16.250000000001));
#2484 = CARTESIAN_POINT('',(66.982533672429,59.652624521676,
    16.249999999998));
#2485 = CARTESIAN_POINT('',(67.392829117766,59.884173237503,
    16.250000000001));
#2486 = CARTESIAN_POINT('',(67.838445366176,60.000004073565,
    16.249999999999));
#2487 = CARTESIAN_POINT('',(68.284,60.,16.25));
#2488 = CARTESIAN_POINT('',(66.284,58.,16.625));
#2489 = CARTESIAN_POINT('',(66.284006646551,58.452101798714,
    16.624999999999));
#2490 = CARTESIAN_POINT('',(66.403192404176,58.904146430418,
    16.625000000002));
#2491 = CARTESIAN_POINT('',(66.641773582159,59.317581368424,
    16.624999999997));
#2492 = CARTESIAN_POINT('',(66.982533672429,59.652624521676,
    16.625000000002));
#2493 = CARTESIAN_POINT('',(67.392829117766,59.884173237503,
    16.624999999999));
#2494 = CARTESIAN_POINT('',(67.838445366176,60.000004073565,16.625));
#2495 = CARTESIAN_POINT('',(68.284,60.,16.625));
#2496 = CARTESIAN_POINT('',(66.284,58.,17.));
#2497 = CARTESIAN_POINT('',(66.284006646551,58.45210179871,
    16.999999999999));
#2498 = CARTESIAN_POINT('',(66.403192404177,58.904146430431,
    17.000000000004));
#2499 = CARTESIAN_POINT('',(66.641773582158,59.3175813684,
    16.999999999995));
#2500 = CARTESIAN_POINT('',(66.98253367243,59.652624521698,
    17.000000000004));
#2501 = CARTESIAN_POINT('',(67.392829117765,59.884173237491,
    16.999999999999));
#2502 = CARTESIAN_POINT('',(67.838445366177,60.000004073568,17.));
#2503 = CARTESIAN_POINT('',(68.284,60.,17.));
#2504 = DEFINITIONAL_REPRESENTATION('',(#2505),#2508);
#2505 = B_SPLINE_CURVE_WITH_KNOTS('',1,(#2506,#2507),.UNSPECIFIED.,.F.,
  .F.,(2,2),(2.,5.),.PIECEWISE_BEZIER_KNOTS.);
#2506 = CARTESIAN_POINT('',(2.,0.));
#2507 = CARTESIAN_POINT('',(3.,0.));
#2508 = ( GEOMETRIC_REPRESENTATION_CONTEXT(2) 
PARAMETRIC_REPRESENTATION_CONTEXT() REPRESENTATION_CONTEXT('2D SPACE',''
  ) );
#2509 = ORIENTED_EDGE('',*,*,#2510,.F.);
#2510 = EDGE_CURVE('',#2338,#2416,#2511,.T.);
#2511 = SURFACE_CURVE('',#2512,(#2516,#2523),.PCURVE_S1.);
#2512 = LINE('',#2513,#2514);
#2513 = CARTESIAN_POINT('',(66.284,54.,17.));
#2514 = VECTOR('',#2515,1.);
#2515 = DIRECTION('',(0.,1.,0.));
#2516 = PCURVE('',#2379,#2517);
#2517 = DEFINITIONAL_REPRESENTATION('',(#2518),#2522);
#2518 = LINE('',#2519,#2520);
#2519 = CARTESIAN_POINT('',(3.,3.330669073875E-16));
#2520 = VECTOR('',#2521,1.);
#2521 = DIRECTION('',(1.110223024625E-16,-1.));
#2522 = ( GEOMETRIC_REPRESENTATION_CONTEXT(2) 
PARAMETRIC_REPRESENTATION_CONTEXT() REPRESENTATION_CONTEXT('2D SPACE',''
  ) );
#2523 = PCURVE('',#2354,#2524);
#2524 = DEFINITIONAL_REPRESENTATION('',(#2525),#2529);
#2525 = LINE('',#2526,#2527);
#2526 = CARTESIAN_POINT('',(0.,0.));
#2527 = VECTOR('',#2528,1.);
#2528 = DIRECTION('',(0.,-1.));
#2529 = ( GEOMETRIC_REPRESENTATION_CONTEXT(2) 
PARAMETRIC_REPRESENTATION_CONTEXT() REPRESENTATION_CONTEXT('2D SPACE',''
  ) );
#2530 = ORIENTED_EDGE('',*,*,#2366,.F.);
#2531 = ADVANCED_FACE('',(#2532),#2431,.T.);
#2532 = FACE_BOUND('',#2533,.T.);
#2533 = EDGE_LOOP('',(#2534,#2644,#2645,#2746));
#2534 = ORIENTED_EDGE('',*,*,#2535,.F.);
#2535 = EDGE_CURVE('',#2394,#2536,#2538,.T.);
#2536 = VERTEX_POINT('',#2537);
#2537 = CARTESIAN_POINT('',(68.284,60.,15.5));
#2538 = SURFACE_CURVE('',#2539,(#2572,#2608),.PCURVE_S1.);
#2539 = B_SPLINE_CURVE_WITH_KNOTS('',6,(#2540,#2541,#2542,#2543,#2544,
    #2545,#2546,#2547,#2548,#2549,#2550,#2551,#2552,#2553,#2554,#2555,
    #2556,#2557,#2558,#2559,#2560,#2561,#2562,#2563,#2564,#2565,#2566,
    #2567,#2568,#2569,#2570,#2571),.UNSPECIFIED.,.F.,.F.,(7,5,5,5,5,5,7)
  ,(0.,9.059264064283E-02,0.335831257956,0.502102960895,0.663829456547,
    0.921511336013,1.),.UNSPECIFIED.);
#2540 = CARTESIAN_POINT('',(66.284,58.,15.5));
#2541 = CARTESIAN_POINT('',(66.284000697814,58.047465689926,15.5));
#2542 = CARTESIAN_POINT('',(66.285352617077,58.094931355895,15.5));
#2543 = CARTESIAN_POINT('',(66.288056050194,58.142348693831,15.5));
#2544 = CARTESIAN_POINT('',(66.292108887987,58.189669541456,15.5));
#2545 = CARTESIAN_POINT('',(66.2975066197,58.236845878286,15.5));
#2546 = CARTESIAN_POINT('',(66.322476231509,58.411017621473,15.5));
#2547 = CARTESIAN_POINT('',(66.3505160626,58.536802312298,15.5));
#2548 = CARTESIAN_POINT('',(66.38822526188,58.660222283646,15.5));
#2549 = CARTESIAN_POINT('',(66.435339192437,58.78035766406,15.5));
#2550 = CARTESIAN_POINT('',(66.491488665141,58.896326425481,15.5));
#2551 = CARTESIAN_POINT('',(66.600042440231,59.082529677443,15.5));
#2552 = CARTESIAN_POINT('',(66.64783296406,59.155469890593,15.5));
#2553 = CARTESIAN_POINT('',(66.6994005827,59.225856081116,15.5));
#2554 = CARTESIAN_POINT('',(66.754572913851,59.293446015675,15.5));
#2555 = CARTESIAN_POINT('',(66.813157216379,59.35801360592,15.5));
#2556 = CARTESIAN_POINT('',(66.935034657918,59.479007547734,15.5));
#2557 = CARTESIAN_POINT('',(66.998156590685,59.535609429888,15.5));
#2558 = CARTESIAN_POINT('',(67.064110060578,59.588961663923,15.5));
#2559 = CARTESIAN_POINT('',(67.132685110878,59.638889833489,15.5));
#2560 = CARTESIAN_POINT('',(67.203657956184,59.685237996903,15.5));
#2561 = CARTESIAN_POINT('',(67.393315214103,59.795792970947,15.5));
#2562 = CARTESIAN_POINT('',(67.515332039363,59.854284934329,15.5));
#2563 = CARTESIAN_POINT('',(67.641872951773,59.902781894516,15.5));
#2564 = CARTESIAN_POINT('',(67.771916080313,59.94087133885,15.5));
#2565 = CARTESIAN_POINT('',(67.904398072664,59.968268684274,15.5));
#2566 = CARTESIAN_POINT('',(68.078967353693,59.989886745527,15.5));
#2567 = CARTESIAN_POINT('',(68.119849629224,59.993929713234,15.5));
#2568 = CARTESIAN_POINT('',(68.160825067717,59.996964489225,15.5));
#2569 = CARTESIAN_POINT('',(68.201862677622,59.998988494899,15.5));
#2570 = CARTESIAN_POINT('',(68.242931378294,60.000000375477,15.5));
#2571 = CARTESIAN_POINT('',(68.284,60.,15.5));
#2572 = PCURVE('',#2431,#2573);
#2573 = DEFINITIONAL_REPRESENTATION('',(#2574),#2607);
#2574 = B_SPLINE_CURVE_WITH_KNOTS('',6,(#2575,#2576,#2577,#2578,#2579,
    #2580,#2581,#2582,#2583,#2584,#2585,#2586,#2587,#2588,#2589,#2590,
    #2591,#2592,#2593,#2594,#2595,#2596,#2597,#2598,#2599,#2600,#2601,
    #2602,#2603,#2604,#2605,#2606),.UNSPECIFIED.,.F.,.F.,(7,5,5,5,5,5,7)
  ,(0.,9.059264064283E-02,0.335831257956,0.502102960895,0.663829456547,
    0.921511336013,1.),.UNSPECIFIED.);
#2575 = CARTESIAN_POINT('',(2.5,0.));
#2576 = CARTESIAN_POINT('',(2.5,1.499842041297E-02));
#2577 = CARTESIAN_POINT('',(2.5,2.999702149204E-02));
#2578 = CARTESIAN_POINT('',(2.5,4.499612649313E-02));
#2579 = CARTESIAN_POINT('',(2.5,5.999607883297E-02));
#2580 = CARTESIAN_POINT('',(2.5,7.499724208913E-02));
#2581 = CARTESIAN_POINT('',(2.5,0.130613184248));
#2582 = CARTESIAN_POINT('',(2.5,0.171240068293));
#2583 = CARTESIAN_POINT('',(2.5,0.211883791054));
#2584 = CARTESIAN_POINT('',(2.5,0.252554423412));
#2585 = CARTESIAN_POINT('',(2.5,0.293260007527));
#2586 = CARTESIAN_POINT('',(2.5,0.361621701673));
#2587 = CARTESIAN_POINT('',(2.5,0.38926025843));
#2588 = CARTESIAN_POINT('',(2.5,0.416916834126));
#2589 = CARTESIAN_POINT('',(2.5,0.444592171724));
#2590 = CARTESIAN_POINT('',(2.5,0.47228659329));
#2591 = CARTESIAN_POINT('',(2.5,0.526955832355));
#2592 = CARTESIAN_POINT('',(2.5,0.553929804914));
#2593 = CARTESIAN_POINT('',(2.5,0.580921839687));
#2594 = CARTESIAN_POINT('',(2.5,0.607931489524));
#2595 = CARTESIAN_POINT('',(2.5,0.634957938118));
#2596 = CARTESIAN_POINT('',(2.5,0.705086627842));
#2597 = CARTESIAN_POINT('',(2.5,0.74821560649));
#2598 = CARTESIAN_POINT('',(2.5,0.79137693151));
#2599 = CARTESIAN_POINT('',(2.5,0.834566832106));
#2600 = CARTESIAN_POINT('',(2.5,0.877779154248));
#2601 = CARTESIAN_POINT('',(2.5,0.934164862219));
#2602 = CARTESIAN_POINT('',(2.5,0.947330755437));
#2603 = CARTESIAN_POINT('',(2.5,0.960497436246));
#2604 = CARTESIAN_POINT('',(2.5,0.973664676563));
#2605 = CARTESIAN_POINT('',(2.5,0.986832263627));
#2606 = CARTESIAN_POINT('',(2.5,1.));
#2607 = ( GEOMETRIC_REPRESENTATION_CONTEXT(2) 
PARAMETRIC_REPRESENTATION_CONTEXT() REPRESENTATION_CONTEXT('2D SPACE',''
  ) );
#2608 = PCURVE('',#786,#2609);
#2609 = DEFINITIONAL_REPRESENTATION('',(#2610),#2643);
#2610 = B_SPLINE_CURVE_WITH_KNOTS('',6,(#2611,#2612,#2613,#2614,#2615,
    #2616,#2617,#2618,#2619,#2620,#2621,#2622,#2623,#2624,#2625,#2626,
    #2627,#2628,#2629,#2630,#2631,#2632,#2633,#2634,#2635,#2636,#2637,
    #2638,#2639,#2640,#2641,#2642),.UNSPECIFIED.,.F.,.F.,(7,5,5,5,5,5,7)
  ,(0.,9.059264064283E-02,0.335831257956,0.502102960895,0.663829456547,
    0.921511336013,1.),.UNSPECIFIED.);
#2611 = CARTESIAN_POINT('',(176.284,123.));
#2612 = CARTESIAN_POINT('',(176.28400069781,123.04746568992));
#2613 = CARTESIAN_POINT('',(176.28535261707,123.09493135589));
#2614 = CARTESIAN_POINT('',(176.28805605019,123.14234869383));
#2615 = CARTESIAN_POINT('',(176.29210888798,123.18966954145));
#2616 = CARTESIAN_POINT('',(176.2975066197,123.23684587828));
#2617 = CARTESIAN_POINT('',(176.3224762315,123.41101762147));
#2618 = CARTESIAN_POINT('',(176.3505160626,123.53680231229));
#2619 = CARTESIAN_POINT('',(176.38822526188,123.66022228364));
#2620 = CARTESIAN_POINT('',(176.43533919243,123.78035766406));
#2621 = CARTESIAN_POINT('',(176.49148866514,123.89632642548));
#2622 = CARTESIAN_POINT('',(176.60004244023,124.08252967744));
#2623 = CARTESIAN_POINT('',(176.64783296406,124.15546989059));
#2624 = CARTESIAN_POINT('',(176.6994005827,124.22585608111));
#2625 = CARTESIAN_POINT('',(176.75457291385,124.29344601567));
#2626 = CARTESIAN_POINT('',(176.81315721637,124.35801360592));
#2627 = CARTESIAN_POINT('',(176.93503465791,124.47900754773));
#2628 = CARTESIAN_POINT('',(176.99815659068,124.53560942988));
#2629 = CARTESIAN_POINT('',(177.06411006057,124.58896166392));
#2630 = CARTESIAN_POINT('',(177.13268511087,124.63888983348));
#2631 = CARTESIAN_POINT('',(177.20365795618,124.6852379969));
#2632 = CARTESIAN_POINT('',(177.3933152141,124.79579297094));
#2633 = CARTESIAN_POINT('',(177.51533203936,124.85428493432));
#2634 = CARTESIAN_POINT('',(177.64187295177,124.90278189451));
#2635 = CARTESIAN_POINT('',(177.77191608031,124.94087133885));
#2636 = CARTESIAN_POINT('',(177.90439807266,124.96826868427));
#2637 = CARTESIAN_POINT('',(178.07896735369,124.98988674552));
#2638 = CARTESIAN_POINT('',(178.11984962922,124.99392971323));
#2639 = CARTESIAN_POINT('',(178.16082506771,124.99696448922));
#2640 = CARTESIAN_POINT('',(178.20186267762,124.99898849489));
#2641 = CARTESIAN_POINT('',(178.24293137829,125.00000037547));
#2642 = CARTESIAN_POINT('',(178.284,125.));
#2643 = ( GEOMETRIC_REPRESENTATION_CONTEXT(2) 
PARAMETRIC_REPRESENTATION_CONTEXT() REPRESENTATION_CONTEXT('2D SPACE',''
  ) );
#2644 = ORIENTED_EDGE('',*,*,#2415,.T.);
#2645 = ORIENTED_EDGE('',*,*,#2646,.T.);
#2646 = EDGE_CURVE('',#2416,#2647,#2649,.T.);
#2647 = VERTEX_POINT('',#2648);
#2648 = CARTESIAN_POINT('',(68.284,60.,17.));
#2649 = SURFACE_CURVE('',#2650,(#2659,#2666),.PCURVE_S1.);
#2650 = ( BOUNDED_CURVE() B_SPLINE_CURVE(7,(#2651,#2652,#2653,#2654,
    #2655,#2656,#2657,#2658),.UNSPECIFIED.,.F.,.F.) 
B_SPLINE_CURVE_WITH_KNOTS((8,8),(0.,1.),.PIECEWISE_BEZIER_KNOTS.) CURVE(
) GEOMETRIC_REPRESENTATION_ITEM() RATIONAL_B_SPLINE_CURVE((1.,1.,1.,1.,
1.,1.,1.,1.)) REPRESENTATION_ITEM('') );
#2651 = CARTESIAN_POINT('',(66.284,58.,17.));
#2652 = CARTESIAN_POINT('',(66.284006646551,58.45210179871,
    16.999999999999));
#2653 = CARTESIAN_POINT('',(66.403192404177,58.904146430431,
    17.000000000004));
#2654 = CARTESIAN_POINT('',(66.641773582158,59.3175813684,
    16.999999999995));
#2655 = CARTESIAN_POINT('',(66.98253367243,59.652624521698,
    17.000000000004));
#2656 = CARTESIAN_POINT('',(67.392829117765,59.884173237491,
    16.999999999999));
#2657 = CARTESIAN_POINT('',(67.838445366177,60.000004073568,17.));
#2658 = CARTESIAN_POINT('',(68.284,60.,17.));
#2659 = PCURVE('',#2431,#2660);
#2660 = DEFINITIONAL_REPRESENTATION('',(#2661),#2665);
#2661 = LINE('',#2662,#2663);
#2662 = CARTESIAN_POINT('',(3.,0.));
#2663 = VECTOR('',#2664,1.);
#2664 = DIRECTION('',(0.,1.));
#2665 = ( GEOMETRIC_REPRESENTATION_CONTEXT(2) 
PARAMETRIC_REPRESENTATION_CONTEXT() REPRESENTATION_CONTEXT('2D SPACE',''
  ) );
#2666 = PCURVE('',#2667,#2740);
#2667 = ( BOUNDED_SURFACE() B_SPLINE_SURFACE(8,7,(
    (#2668,#2669,#2670,#2671,#2672,#2673,#2674,#2675)
    ,(#2676,#2677,#2678,#2679,#2680,#2681,#2682,#2683)
    ,(#2684,#2685,#2686,#2687,#2688,#2689,#2690,#2691)
    ,(#2692,#2693,#2694,#2695,#2696,#2697,#2698,#2699)
    ,(#2700,#2701,#2702,#2703,#2704,#2705,#2706,#2707)
    ,(#2708,#2709,#2710,#2711,#2712,#2713,#2714,#2715)
    ,(#2716,#2717,#2718,#2719,#2720,#2721,#2722,#2723)
    ,(#2724,#2725,#2726,#2727,#2728,#2729,#2730,#2731)
    ,(#2732,#2733,#2734,#2735,#2736,#2737,#2738,#2739
)),.UNSPECIFIED.,.F.,.F.,.F.) B_SPLINE_SURFACE_WITH_KNOTS((9,9),(8,8),(
    3.,4.),(0.,1.),.PIECEWISE_BEZIER_KNOTS.) 
GEOMETRIC_REPRESENTATION_ITEM() RATIONAL_B_SPLINE_SURFACE((
    (1.,1.,1.,1.,1.,1.,1.,1.)
    ,(1.,1.,1.,1.,1.,1.,1.,1.)
    ,(1.,1.,1.,1.,1.,1.,1.,1.)
    ,(1.,1.,1.,1.,1.,1.,1.,1.)
    ,(1.,1.,1.,1.,1.,1.,1.,1.)
    ,(1.,1.,1.,1.,1.,1.,1.,1.)
    ,(1.,1.,1.,1.,1.,1.,1.,1.)
    ,(1.,1.,1.,1.,1.,1.,1.,1.)
,(1.,1.,1.,1.,1.,1.,1.,1.))) REPRESENTATION_ITEM('') SURFACE() );
#2668 = CARTESIAN_POINT('',(66.284,58.,17.));
#2669 = CARTESIAN_POINT('',(66.284006646551,58.45210179871,
    16.999999999999));
#2670 = CARTESIAN_POINT('',(66.403192404177,58.904146430431,
    17.000000000004));
#2671 = CARTESIAN_POINT('',(66.641773582158,59.3175813684,
    16.999999999995));
#2672 = CARTESIAN_POINT('',(66.98253367243,59.652624521698,
    17.000000000004));
#2673 = CARTESIAN_POINT('',(67.392829117765,59.884173237491,
    16.999999999999));
#2674 = CARTESIAN_POINT('',(67.838445366177,60.000004073568,17.));
#2675 = CARTESIAN_POINT('',(68.284,60.,17.));
#2676 = CARTESIAN_POINT('',(66.284,58.,17.392699081699));
#2677 = CARTESIAN_POINT('',(66.284006646558,58.45210179871,
    17.392700386745));
#2678 = CARTESIAN_POINT('',(66.403192404149,58.904146430436,
    17.416102455535));
#2679 = CARTESIAN_POINT('',(66.641773582207,59.31758136839,
    17.462947760279));
#2680 = CARTESIAN_POINT('',(66.982533672382,59.652624521709,
    17.529855847551));
#2681 = CARTESIAN_POINT('',(67.39282911779,59.884173237485,
    17.610417169851));
#2682 = CARTESIAN_POINT('',(67.838445366171,60.00000407357,
    17.697913715623));
#2683 = CARTESIAN_POINT('',(68.284,60.,17.785398163398));
#2684 = CARTESIAN_POINT('',(66.195878422078,58.,17.785398287008));
#2685 = CARTESIAN_POINT('',(66.195884775764,58.452101798713,
    17.785400897103));
#2686 = CARTESIAN_POINT('',(66.309819114932,58.904146430414,
    17.832205042041));
#2687 = CARTESIAN_POINT('',(66.537888217859,59.317581368428,
    17.925895666286));
#2688 = CARTESIAN_POINT('',(66.86363414986,59.652624521675,
    18.059711861888));
#2689 = CARTESIAN_POINT('',(67.255851654051,59.884173237502,
    18.220834531842));
#2690 = CARTESIAN_POINT('',(67.681833699033,60.000004073565,
    18.395827650932));
#2691 = CARTESIAN_POINT('',(68.107756844155,60.,18.570796574017));
#2692 = CARTESIAN_POINT('',(66.019636131743,58.,18.15502646867));
#2693 = CARTESIAN_POINT('',(66.019641899748,58.452101798717,
    18.155030307144));
#2694 = CARTESIAN_POINT('',(66.123073453379,58.904146430419,
    18.223861659505));
#2695 = CARTESIAN_POINT('',(66.330118509869,59.317581368415,
    18.361645447284));
#2696 = CARTESIAN_POINT('',(66.625836272264,59.652624521684,
    18.558438909102));
#2697 = CARTESIAN_POINT('',(66.981898072116,59.884173237498,
    18.795389958811));
#2698 = CARTESIAN_POINT('',(67.36861190292,60.000004073567,
    19.052739239684));
#2699 = CARTESIAN_POINT('',(67.755272263487,60.000000000001,
    19.310052937341));
#2700 = CARTESIAN_POINT('',(65.762517511559,58.,18.47851751156));
#2701 = CARTESIAN_POINT('',(65.762522425079,58.452101798707,
    18.478522425086));
#2702 = CARTESIAN_POINT('',(65.850631539971,58.904146430429,
    18.566631539951));
#2703 = CARTESIAN_POINT('',(66.027004764753,59.317581368406,
    18.743004764783));
#2704 = CARTESIAN_POINT('',(66.278914645116,59.652624521697,
    18.994914645093));
#2705 = CARTESIAN_POINT('',(66.582229145532,59.884173237489,
    19.298229145537));
#2706 = CARTESIAN_POINT('',(66.911654858885,60.000004073569,
    19.627654858887));
#2707 = CARTESIAN_POINT('',(67.241035023118,59.999999999999,
    19.957035023119));
#2708 = CARTESIAN_POINT('',(65.439026468671,58.,18.735636131743));
#2709 = CARTESIAN_POINT('',(65.439030307136,58.452101798717,
    18.735641899742));
#2710 = CARTESIAN_POINT('',(65.507861659532,58.904146430419,
    18.839073453392));
#2711 = CARTESIAN_POINT('',(65.645645447236,59.317581368416,
    19.046118509853));
#2712 = CARTESIAN_POINT('',(65.842438909148,59.652624521683,
    19.341836272272));
#2713 = CARTESIAN_POINT('',(66.079389958782,59.8841732375,19.69789807212
    ));
#2714 = CARTESIAN_POINT('',(66.336739239692,60.000004073566,
    20.084611902916));
#2715 = CARTESIAN_POINT('',(66.594052937341,60.000000000001,
    20.471272263486));
#2716 = CARTESIAN_POINT('',(65.069398287008,58.,18.911878422078));
#2717 = CARTESIAN_POINT('',(65.069400897106,58.452101798709,
    18.911884775781));
#2718 = CARTESIAN_POINT('',(65.116205042032,58.90414643043,
    19.025819114869));
#2719 = CARTESIAN_POINT('',(65.209895666302,59.317581368399,
    19.253888217967));
#2720 = CARTESIAN_POINT('',(65.343711861872,59.652624521705,
    19.579634149758));
#2721 = CARTESIAN_POINT('',(65.504834531853,59.884173237484,
    19.971851654102));
#2722 = CARTESIAN_POINT('',(65.679827650928,60.000004073571,
    20.397833699021));
#2723 = CARTESIAN_POINT('',(65.854796574016,60.,20.823756844155));
#2724 = CARTESIAN_POINT('',(64.676699081699,58.,19.));
#2725 = CARTESIAN_POINT('',(64.676700386749,58.452101798712,
    19.000006646555));
#2726 = CARTESIAN_POINT('',(64.700102455519,58.904146430428,
    19.119192404161));
#2727 = CARTESIAN_POINT('',(64.746947760309,59.317581368403,
    19.357773582185));
#2728 = CARTESIAN_POINT('',(64.813855847521,59.652624521698,
    19.698533672405));
#2729 = CARTESIAN_POINT('',(64.894417169868,59.884173237491,
    20.108829117778));
#2730 = CARTESIAN_POINT('',(64.981913715619,60.000004073568,
    20.554445366173));
#2731 = CARTESIAN_POINT('',(65.069398163398,60.,21.));
#2732 = CARTESIAN_POINT('',(64.284,58.,19.));
#2733 = CARTESIAN_POINT('',(64.283999999997,58.452101798714,
    19.000006646554));
#2734 = CARTESIAN_POINT('',(64.284000000007,58.904146430418,
    19.119192404165));
#2735 = CARTESIAN_POINT('',(64.283999999991,59.317581368424,
    19.357773582178));
#2736 = CARTESIAN_POINT('',(64.284000000005,59.652624521676,
    19.698533672413));
#2737 = CARTESIAN_POINT('',(64.283999999999,59.884173237503,
    20.108829117773));
#2738 = CARTESIAN_POINT('',(64.284,60.000004073565,20.554445366175));
#2739 = CARTESIAN_POINT('',(64.284,60.,21.));
#2740 = DEFINITIONAL_REPRESENTATION('',(#2741),#2745);
#2741 = LINE('',#2742,#2743);
#2742 = CARTESIAN_POINT('',(3.,0.));
#2743 = VECTOR('',#2744,1.);
#2744 = DIRECTION('',(0.,1.));
#2745 = ( GEOMETRIC_REPRESENTATION_CONTEXT(2) 
PARAMETRIC_REPRESENTATION_CONTEXT() REPRESENTATION_CONTEXT('2D SPACE',''
  ) );
#2746 = ORIENTED_EDGE('',*,*,#2747,.F.);
#2747 = EDGE_CURVE('',#2536,#2647,#2748,.T.);
#2748 = SURFACE_CURVE('',#2749,(#2759,#2766),.PCURVE_S1.);
#2749 = B_SPLINE_CURVE_WITH_KNOTS('',8,(#2750,#2751,#2752,#2753,#2754,
    #2755,#2756,#2757,#2758),.UNSPECIFIED.,.F.,.F.,(9,9),(2.,3.),
  .PIECEWISE_BEZIER_KNOTS.);
#2750 = CARTESIAN_POINT('',(68.284,60.,14.));
#2751 = CARTESIAN_POINT('',(68.284,60.,14.375));
#2752 = CARTESIAN_POINT('',(68.284,60.,14.75));
#2753 = CARTESIAN_POINT('',(68.284,60.,15.125));
#2754 = CARTESIAN_POINT('',(68.284,60.,15.5));
#2755 = CARTESIAN_POINT('',(68.284,60.,15.875));
#2756 = CARTESIAN_POINT('',(68.284,60.,16.25));
#2757 = CARTESIAN_POINT('',(68.284,60.,16.625));
#2758 = CARTESIAN_POINT('',(68.284,60.,17.));
#2759 = PCURVE('',#2431,#2760);
#2760 = DEFINITIONAL_REPRESENTATION('',(#2761),#2765);
#2761 = LINE('',#2762,#2763);
#2762 = CARTESIAN_POINT('',(0.,1.));
#2763 = VECTOR('',#2764,1.);
#2764 = DIRECTION('',(1.,0.));
#2765 = ( GEOMETRIC_REPRESENTATION_CONTEXT(2) 
PARAMETRIC_REPRESENTATION_CONTEXT() REPRESENTATION_CONTEXT('2D SPACE',''
  ) );
#2766 = PCURVE('',#2767,#2772);
#2767 = PLANE('',#2768);
#2768 = AXIS2_PLACEMENT_3D('',#2769,#2770,#2771);
#2769 = CARTESIAN_POINT('',(-90.5,60.,15.5));
#2770 = DIRECTION('',(0.,1.,0.));
#2771 = DIRECTION('',(1.,0.,0.));
#2772 = DEFINITIONAL_REPRESENTATION('',(#2773),#2783);
#2773 = B_SPLINE_CURVE_WITH_KNOTS('',8,(#2774,#2775,#2776,#2777,#2778,
    #2779,#2780,#2781,#2782),.UNSPECIFIED.,.F.,.F.,(9,9),(2.,3.),
  .PIECEWISE_BEZIER_KNOTS.);
#2774 = CARTESIAN_POINT('',(158.784,1.5));
#2775 = CARTESIAN_POINT('',(158.784,1.125));
#2776 = CARTESIAN_POINT('',(158.784,0.75));
#2777 = CARTESIAN_POINT('',(158.784,0.375));
#2778 = CARTESIAN_POINT('',(158.784,1.7763568394E-15));
#2779 = CARTESIAN_POINT('',(158.784,-0.375));
#2780 = CARTESIAN_POINT('',(158.784,-0.75));
#2781 = CARTESIAN_POINT('',(158.784,-1.125));
#2782 = CARTESIAN_POINT('',(158.784,-1.5));
#2783 = ( GEOMETRIC_REPRESENTATION_CONTEXT(2) 
PARAMETRIC_REPRESENTATION_CONTEXT() REPRESENTATION_CONTEXT('2D SPACE',''
  ) );
#2784 = ADVANCED_FACE('',(#2785),#2667,.T.);
#2785 = FACE_BOUND('',#2786,.T.);
#2786 = EDGE_LOOP('',(#2787,#2810,#2911,#2944));
#2787 = ORIENTED_EDGE('',*,*,#2788,.T.);
#2788 = EDGE_CURVE('',#2416,#2789,#2791,.T.);
#2789 = VERTEX_POINT('',#2790);
#2790 = CARTESIAN_POINT('',(64.284,58.,19.));
#2791 = SURFACE_CURVE('',#2792,(#2797,#2803),.PCURVE_S1.);
#2792 = CIRCLE('',#2793,2.);
#2793 = AXIS2_PLACEMENT_3D('',#2794,#2795,#2796);
#2794 = CARTESIAN_POINT('',(64.284,58.,17.));
#2795 = DIRECTION('',(0.,-1.,1.110223024625E-16));
#2796 = DIRECTION('',(1.,0.,0.));
#2797 = PCURVE('',#2667,#2798);
#2798 = DEFINITIONAL_REPRESENTATION('',(#2799),#2802);
#2799 = B_SPLINE_CURVE_WITH_KNOTS('',1,(#2800,#2801),.UNSPECIFIED.,.F.,
  .F.,(2,2),(0.,1.570796326795),.PIECEWISE_BEZIER_KNOTS.);
#2800 = CARTESIAN_POINT('',(3.,0.));
#2801 = CARTESIAN_POINT('',(4.,0.));
#2802 = ( GEOMETRIC_REPRESENTATION_CONTEXT(2) 
PARAMETRIC_REPRESENTATION_CONTEXT() REPRESENTATION_CONTEXT('2D SPACE',''
  ) );
#2803 = PCURVE('',#2354,#2804);
#2804 = DEFINITIONAL_REPRESENTATION('',(#2805),#2809);
#2805 = LINE('',#2806,#2807);
#2806 = CARTESIAN_POINT('',(0.,-4.));
#2807 = VECTOR('',#2808,1.);
#2808 = DIRECTION('',(1.,0.));
#2809 = ( GEOMETRIC_REPRESENTATION_CONTEXT(2) 
PARAMETRIC_REPRESENTATION_CONTEXT() REPRESENTATION_CONTEXT('2D SPACE',''
  ) );
#2810 = ORIENTED_EDGE('',*,*,#2811,.T.);
#2811 = EDGE_CURVE('',#2789,#2812,#2814,.T.);
#2812 = VERTEX_POINT('',#2813);
#2813 = CARTESIAN_POINT('',(64.284,60.,21.));
#2814 = SURFACE_CURVE('',#2815,(#2824,#2831),.PCURVE_S1.);
#2815 = ( BOUNDED_CURVE() B_SPLINE_CURVE(7,(#2816,#2817,#2818,#2819,
    #2820,#2821,#2822,#2823),.UNSPECIFIED.,.F.,.F.) 
B_SPLINE_CURVE_WITH_KNOTS((8,8),(0.,1.),.PIECEWISE_BEZIER_KNOTS.) CURVE(
) GEOMETRIC_REPRESENTATION_ITEM() RATIONAL_B_SPLINE_CURVE((1.,1.,1.,1.,
1.,1.,1.,1.)) REPRESENTATION_ITEM('') );
#2816 = CARTESIAN_POINT('',(64.284,58.,19.));
#2817 = CARTESIAN_POINT('',(64.283999999997,58.452101798714,
    19.000006646554));
#2818 = CARTESIAN_POINT('',(64.284000000007,58.904146430418,
    19.119192404165));
#2819 = CARTESIAN_POINT('',(64.283999999991,59.317581368424,
    19.357773582178));
#2820 = CARTESIAN_POINT('',(64.284000000005,59.652624521676,
    19.698533672413));
#2821 = CARTESIAN_POINT('',(64.283999999999,59.884173237503,
    20.108829117773));
#2822 = CARTESIAN_POINT('',(64.284,60.000004073565,20.554445366175));
#2823 = CARTESIAN_POINT('',(64.284,60.,21.));
#2824 = PCURVE('',#2667,#2825);
#2825 = DEFINITIONAL_REPRESENTATION('',(#2826),#2830);
#2826 = LINE('',#2827,#2828);
#2827 = CARTESIAN_POINT('',(4.,0.));
#2828 = VECTOR('',#2829,1.);
#2829 = DIRECTION('',(0.,1.));
#2830 = ( GEOMETRIC_REPRESENTATION_CONTEXT(2) 
PARAMETRIC_REPRESENTATION_CONTEXT() REPRESENTATION_CONTEXT('2D SPACE',''
  ) );
#2831 = PCURVE('',#2832,#2905);
#2832 = ( BOUNDED_SURFACE() B_SPLINE_SURFACE(8,7,(
    (#2833,#2834,#2835,#2836,#2837,#2838,#2839,#2840)
    ,(#2841,#2842,#2843,#2844,#2845,#2846,#2847,#2848)
    ,(#2849,#2850,#2851,#2852,#2853,#2854,#2855,#2856)
    ,(#2857,#2858,#2859,#2860,#2861,#2862,#2863,#2864)
    ,(#2865,#2866,#2867,#2868,#2869,#2870,#2871,#2872)
    ,(#2873,#2874,#2875,#2876,#2877,#2878,#2879,#2880)
    ,(#2881,#2882,#2883,#2884,#2885,#2886,#2887,#2888)
    ,(#2889,#2890,#2891,#2892,#2893,#2894,#2895,#2896)
    ,(#2897,#2898,#2899,#2900,#2901,#2902,#2903,#2904
)),.UNSPECIFIED.,.F.,.F.,.F.) B_SPLINE_SURFACE_WITH_KNOTS((9,9),(8,8),(
    4.,5.),(0.,1.),.PIECEWISE_BEZIER_KNOTS.) 
GEOMETRIC_REPRESENTATION_ITEM() RATIONAL_B_SPLINE_SURFACE((
    (1.,1.,1.,1.,1.,1.,1.,1.)
    ,(1.,1.,1.,1.,1.,1.,1.,1.)
    ,(1.,1.,1.,1.,1.,1.,1.,1.)
    ,(1.,1.,1.,1.,1.,1.,1.,1.)
    ,(1.,1.,1.,1.,1.,1.,1.,1.)
    ,(1.,1.,1.,1.,1.,1.,1.,1.)
    ,(1.,1.,1.,1.,1.,1.,1.,1.)
    ,(1.,1.,1.,1.,1.,1.,1.,1.)
,(1.,1.,1.,1.,1.,1.,1.,1.))) REPRESENTATION_ITEM('') SURFACE() );
#2833 = CARTESIAN_POINT('',(64.284,58.,19.));
#2834 = CARTESIAN_POINT('',(64.283999999997,58.452101798714,
    19.000006646554));
#2835 = CARTESIAN_POINT('',(64.284000000007,58.904146430418,
    19.119192404165));
#2836 = CARTESIAN_POINT('',(64.283999999991,59.317581368424,
    19.357773582178));
#2837 = CARTESIAN_POINT('',(64.284000000005,59.652624521676,
    19.698533672413));
#2838 = CARTESIAN_POINT('',(64.283999999999,59.884173237503,
    20.108829117773));
#2839 = CARTESIAN_POINT('',(64.284,60.000004073565,20.554445366175));
#2840 = CARTESIAN_POINT('',(64.284,60.,21.));
#2841 = CARTESIAN_POINT('',(62.9165,58.,19.));
#2842 = CARTESIAN_POINT('',(62.916499999992,58.452101798714,
    19.000006646554));
#2843 = CARTESIAN_POINT('',(62.916500000027,58.904146430418,
    19.119192404165));
#2844 = CARTESIAN_POINT('',(62.916499999954,59.317581368424,
    19.357773582178));
#2845 = CARTESIAN_POINT('',(62.916500000043,59.652624521676,
    19.698533672413));
#2846 = CARTESIAN_POINT('',(62.916499999978,59.884173237503,
    20.108829117773));
#2847 = CARTESIAN_POINT('',(62.916500000005,60.000004073565,
    20.554445366175));
#2848 = CARTESIAN_POINT('',(62.9165,60.,21.));
#2849 = CARTESIAN_POINT('',(61.549,58.,19.));
#2850 = CARTESIAN_POINT('',(61.548999999997,58.452101798714,
    19.000006646554));
#2851 = CARTESIAN_POINT('',(61.54900000001,58.904146430418,
    19.119192404165));
#2852 = CARTESIAN_POINT('',(61.548999999986,59.317581368424,
    19.357773582178));
#2853 = CARTESIAN_POINT('',(61.549000000011,59.652624521676,
    19.698533672413));
#2854 = CARTESIAN_POINT('',(61.548999999995,59.884173237503,
    20.108829117773));
#2855 = CARTESIAN_POINT('',(61.549000000001,60.000004073565,
    20.554445366175));
#2856 = CARTESIAN_POINT('',(61.549,60.,21.));
#2857 = CARTESIAN_POINT('',(60.1815,58.,19.));
#2858 = CARTESIAN_POINT('',(60.181499999994,58.452101798714,
    19.000006646554));
#2859 = CARTESIAN_POINT('',(60.181500000022,58.904146430418,
    19.119192404165));
#2860 = CARTESIAN_POINT('',(60.181499999967,59.317581368424,
    19.357773582178));
#2861 = CARTESIAN_POINT('',(60.181500000027,59.652624521676,
    19.698533672413));
#2862 = CARTESIAN_POINT('',(60.181499999988,59.884173237503,
    20.108829117773));
#2863 = CARTESIAN_POINT('',(60.181500000002,60.000004073565,
    20.554445366175));
#2864 = CARTESIAN_POINT('',(60.1815,60.,21.));
#2865 = CARTESIAN_POINT('',(58.814,58.,19.));
#2866 = CARTESIAN_POINT('',(58.813999999996,58.452101798714,
    19.000006646554));
#2867 = CARTESIAN_POINT('',(58.814000000012,58.904146430418,
    19.119192404165));
#2868 = CARTESIAN_POINT('',(58.813999999983,59.317581368424,
    19.357773582178));
#2869 = CARTESIAN_POINT('',(58.814000000013,59.652624521676,
    19.698533672413));
#2870 = CARTESIAN_POINT('',(58.813999999994,59.884173237503,
    20.108829117773));
#2871 = CARTESIAN_POINT('',(58.814000000001,60.000004073565,
    20.554445366175));
#2872 = CARTESIAN_POINT('',(58.814,60.,21.));
#2873 = CARTESIAN_POINT('',(57.4465,58.,19.));
#2874 = CARTESIAN_POINT('',(57.446499999994,58.452101798714,
    19.000006646554));
#2875 = CARTESIAN_POINT('',(57.446500000023,58.904146430418,
    19.119192404165));
#2876 = CARTESIAN_POINT('',(57.446499999963,59.317581368424,
    19.357773582178));
#2877 = CARTESIAN_POINT('',(57.446500000033,59.652624521676,
    19.698533672413));
#2878 = CARTESIAN_POINT('',(57.446499999984,59.884173237503,
    20.108829117773));
#2879 = CARTESIAN_POINT('',(57.446500000003,60.000004073565,
    20.554445366175));
#2880 = CARTESIAN_POINT('',(57.4465,60.,21.));
#2881 = CARTESIAN_POINT('',(56.079,58.,19.));
#2882 = CARTESIAN_POINT('',(56.078999999993,58.452101798714,
    19.000006646554));
#2883 = CARTESIAN_POINT('',(56.079000000024,58.904146430418,
    19.119192404165));
#2884 = CARTESIAN_POINT('',(56.07899999996,59.317581368424,
    19.357773582178));
#2885 = CARTESIAN_POINT('',(56.079000000036,59.652624521676,
    19.698533672413));
#2886 = CARTESIAN_POINT('',(56.078999999982,59.884173237503,
    20.108829117773));
#2887 = CARTESIAN_POINT('',(56.079000000004,60.000004073565,
    20.554445366175));
#2888 = CARTESIAN_POINT('',(56.079,60.,21.));
#2889 = CARTESIAN_POINT('',(54.7115,58.,19.));
#2890 = CARTESIAN_POINT('',(54.711499999998,58.452101798714,
    19.000006646554));
#2891 = CARTESIAN_POINT('',(54.711500000006,58.904146430418,
    19.119192404165));
#2892 = CARTESIAN_POINT('',(54.711499999992,59.317581368424,
    19.357773582178));
#2893 = CARTESIAN_POINT('',(54.711500000005,59.652624521676,
    19.698533672413));
#2894 = CARTESIAN_POINT('',(54.711499999999,59.884173237503,
    20.108829117773));
#2895 = CARTESIAN_POINT('',(54.7115,60.000004073565,20.554445366175));
#2896 = CARTESIAN_POINT('',(54.7115,60.,21.));
#2897 = CARTESIAN_POINT('',(53.344,58.,19.));
#2898 = CARTESIAN_POINT('',(53.343999999995,58.45210179871,
    19.000006646557));
#2899 = CARTESIAN_POINT('',(53.344000000017,58.904146430431,
    19.119192404156));
#2900 = CARTESIAN_POINT('',(53.343999999973,59.3175813684,
    19.357773582193));
#2901 = CARTESIAN_POINT('',(53.344000000024,59.652624521698,
    19.698533672397));
#2902 = CARTESIAN_POINT('',(53.343999999989,59.884173237491,
    20.108829117782));
#2903 = CARTESIAN_POINT('',(53.344000000002,60.000004073568,
    20.554445366173));
#2904 = CARTESIAN_POINT('',(53.344,60.,21.));
#2905 = DEFINITIONAL_REPRESENTATION('',(#2906),#2910);
#2906 = LINE('',#2907,#2908);
#2907 = CARTESIAN_POINT('',(4.,0.));
#2908 = VECTOR('',#2909,1.);
#2909 = DIRECTION('',(0.,1.));
#2910 = ( GEOMETRIC_REPRESENTATION_CONTEXT(2) 
PARAMETRIC_REPRESENTATION_CONTEXT() REPRESENTATION_CONTEXT('2D SPACE',''
  ) );
#2911 = ORIENTED_EDGE('',*,*,#2912,.F.);
#2912 = EDGE_CURVE('',#2647,#2812,#2913,.T.);
#2913 = SURFACE_CURVE('',#2914,(#2924,#2931),.PCURVE_S1.);
#2914 = B_SPLINE_CURVE_WITH_KNOTS('',8,(#2915,#2916,#2917,#2918,#2919,
    #2920,#2921,#2922,#2923),.UNSPECIFIED.,.F.,.F.,(9,9),(3.,4.),
  .PIECEWISE_BEZIER_KNOTS.);
#2915 = CARTESIAN_POINT('',(68.284,60.,17.));
#2916 = CARTESIAN_POINT('',(68.284,60.,17.785398163398));
#2917 = CARTESIAN_POINT('',(68.107756844155,60.,18.570796574017));
#2918 = CARTESIAN_POINT('',(67.755272263487,60.000000000001,
    19.310052937341));
#2919 = CARTESIAN_POINT('',(67.241035023118,59.999999999999,
    19.957035023119));
#2920 = CARTESIAN_POINT('',(66.594052937341,60.000000000001,
    20.471272263486));
#2921 = CARTESIAN_POINT('',(65.854796574016,60.,20.823756844155));
#2922 = CARTESIAN_POINT('',(65.069398163398,60.,21.));
#2923 = CARTESIAN_POINT('',(64.284,60.,21.));
#2924 = PCURVE('',#2667,#2925);
#2925 = DEFINITIONAL_REPRESENTATION('',(#2926),#2930);
#2926 = LINE('',#2927,#2928);
#2927 = CARTESIAN_POINT('',(0.,1.));
#2928 = VECTOR('',#2929,1.);
#2929 = DIRECTION('',(1.,0.));
#2930 = ( GEOMETRIC_REPRESENTATION_CONTEXT(2) 
PARAMETRIC_REPRESENTATION_CONTEXT() REPRESENTATION_CONTEXT('2D SPACE',''
  ) );
#2931 = PCURVE('',#2767,#2932);
#2932 = DEFINITIONAL_REPRESENTATION('',(#2933),#2943);
#2933 = B_SPLINE_CURVE_WITH_KNOTS('',8,(#2934,#2935,#2936,#2937,#2938,
    #2939,#2940,#2941,#2942),.UNSPECIFIED.,.F.,.F.,(9,9),(3.,4.),
  .PIECEWISE_BEZIER_KNOTS.);
#2934 = CARTESIAN_POINT('',(158.784,-1.5));
#2935 = CARTESIAN_POINT('',(158.784,-2.285398163398));
#2936 = CARTESIAN_POINT('',(158.60775684415,-3.070796574017));
#2937 = CARTESIAN_POINT('',(158.25527226348,-3.810052937341));
#2938 = CARTESIAN_POINT('',(157.74103502311,-4.457035023119));
#2939 = CARTESIAN_POINT('',(157.09405293734,-4.971272263486));
#2940 = CARTESIAN_POINT('',(156.35479657401,-5.323756844155));
#2941 = CARTESIAN_POINT('',(155.56939816339,-5.5));
#2942 = CARTESIAN_POINT('',(154.784,-5.5));
#2943 = ( GEOMETRIC_REPRESENTATION_CONTEXT(2) 
PARAMETRIC_REPRESENTATION_CONTEXT() REPRESENTATION_CONTEXT('2D SPACE',''
  ) );
#2944 = ORIENTED_EDGE('',*,*,#2646,.F.);
#2945 = ADVANCED_FACE('',(#2946),#2832,.T.);
#2946 = FACE_BOUND('',#2947,.T.);
#2947 = EDGE_LOOP('',(#2948,#2970,#3071,#3104));
#2948 = ORIENTED_EDGE('',*,*,#2949,.T.);
#2949 = EDGE_CURVE('',#2789,#2950,#2952,.T.);
#2950 = VERTEX_POINT('',#2951);
#2951 = CARTESIAN_POINT('',(53.344,58.,19.));
#2952 = SURFACE_CURVE('',#2953,(#2957,#2963),.PCURVE_S1.);
#2953 = LINE('',#2954,#2955);
#2954 = CARTESIAN_POINT('',(66.284,58.,19.));
#2955 = VECTOR('',#2956,1.);
#2956 = DIRECTION('',(-1.,0.,0.));
#2957 = PCURVE('',#2832,#2958);
#2958 = DEFINITIONAL_REPRESENTATION('',(#2959),#2962);
#2959 = B_SPLINE_CURVE_WITH_KNOTS('',1,(#2960,#2961),.UNSPECIFIED.,.F.,
  .F.,(2,2),(2.,12.94),.PIECEWISE_BEZIER_KNOTS.);
#2960 = CARTESIAN_POINT('',(4.,0.));
#2961 = CARTESIAN_POINT('',(5.,0.));
#2962 = ( GEOMETRIC_REPRESENTATION_CONTEXT(2) 
PARAMETRIC_REPRESENTATION_CONTEXT() REPRESENTATION_CONTEXT('2D SPACE',''
  ) );
#2963 = PCURVE('',#2326,#2964);
#2964 = DEFINITIONAL_REPRESENTATION('',(#2965),#2969);
#2965 = LINE('',#2966,#2967);
#2966 = CARTESIAN_POINT('',(-2.,-4.));
#2967 = VECTOR('',#2968,1.);
#2968 = DIRECTION('',(1.,0.));
#2969 = ( GEOMETRIC_REPRESENTATION_CONTEXT(2) 
PARAMETRIC_REPRESENTATION_CONTEXT() REPRESENTATION_CONTEXT('2D SPACE',''
  ) );
#2970 = ORIENTED_EDGE('',*,*,#2971,.T.);
#2971 = EDGE_CURVE('',#2950,#2972,#2974,.T.);
#2972 = VERTEX_POINT('',#2973);
#2973 = CARTESIAN_POINT('',(53.344,60.,21.));
#2974 = SURFACE_CURVE('',#2975,(#2984,#2991),.PCURVE_S1.);
#2975 = ( BOUNDED_CURVE() B_SPLINE_CURVE(7,(#2976,#2977,#2978,#2979,
    #2980,#2981,#2982,#2983),.UNSPECIFIED.,.F.,.F.) 
B_SPLINE_CURVE_WITH_KNOTS((8,8),(0.,1.),.PIECEWISE_BEZIER_KNOTS.) CURVE(
) GEOMETRIC_REPRESENTATION_ITEM() RATIONAL_B_SPLINE_CURVE((1.,1.,1.,1.,
1.,1.,1.,1.)) REPRESENTATION_ITEM('') );
#2976 = CARTESIAN_POINT('',(53.344,58.,19.));
#2977 = CARTESIAN_POINT('',(53.343999999995,58.45210179871,
    19.000006646557));
#2978 = CARTESIAN_POINT('',(53.344000000017,58.904146430431,
    19.119192404156));
#2979 = CARTESIAN_POINT('',(53.343999999973,59.3175813684,
    19.357773582193));
#2980 = CARTESIAN_POINT('',(53.344000000024,59.652624521698,
    19.698533672397));
#2981 = CARTESIAN_POINT('',(53.343999999989,59.884173237491,
    20.108829117782));
#2982 = CARTESIAN_POINT('',(53.344000000002,60.000004073568,
    20.554445366173));
#2983 = CARTESIAN_POINT('',(53.344,60.,21.));
#2984 = PCURVE('',#2832,#2985);
#2985 = DEFINITIONAL_REPRESENTATION('',(#2986),#2990);
#2986 = LINE('',#2987,#2988);
#2987 = CARTESIAN_POINT('',(5.,0.));
#2988 = VECTOR('',#2989,1.);
#2989 = DIRECTION('',(0.,1.));
#2990 = ( GEOMETRIC_REPRESENTATION_CONTEXT(2) 
PARAMETRIC_REPRESENTATION_CONTEXT() REPRESENTATION_CONTEXT('2D SPACE',''
  ) );
#2991 = PCURVE('',#2992,#3065);
#2992 = ( BOUNDED_SURFACE() B_SPLINE_SURFACE(8,7,(
    (#2993,#2994,#2995,#2996,#2997,#2998,#2999,#3000)
    ,(#3001,#3002,#3003,#3004,#3005,#3006,#3007,#3008)
    ,(#3009,#3010,#3011,#3012,#3013,#3014,#3015,#3016)
    ,(#3017,#3018,#3019,#3020,#3021,#3022,#3023,#3024)
    ,(#3025,#3026,#3027,#3028,#3029,#3030,#3031,#3032)
    ,(#3033,#3034,#3035,#3036,#3037,#3038,#3039,#3040)
    ,(#3041,#3042,#3043,#3044,#3045,#3046,#3047,#3048)
    ,(#3049,#3050,#3051,#3052,#3053,#3054,#3055,#3056)
    ,(#3057,#3058,#3059,#3060,#3061,#3062,#3063,#3064
)),.UNSPECIFIED.,.F.,.F.,.F.) B_SPLINE_SURFACE_WITH_KNOTS((9,9),(8,8),(
    5.,6.),(0.,1.),.PIECEWISE_BEZIER_KNOTS.) 
GEOMETRIC_REPRESENTATION_ITEM() RATIONAL_B_SPLINE_SURFACE((
    (1.,1.,1.,1.,1.,1.,1.,1.)
    ,(1.,1.,1.,1.,1.,1.,1.,1.)
    ,(1.,1.,1.,1.,1.,1.,1.,1.)
    ,(1.,1.,1.,1.,1.,1.,1.,1.)
    ,(1.,1.,1.,1.,1.,1.,1.,1.)
    ,(1.,1.,1.,1.,1.,1.,1.,1.)
    ,(1.,1.,1.,1.,1.,1.,1.,1.)
    ,(1.,1.,1.,1.,1.,1.,1.,1.)
,(1.,1.,1.,1.,1.,1.,1.,1.))) REPRESENTATION_ITEM('') SURFACE() );
#2993 = CARTESIAN_POINT('',(53.344,58.,19.));
#2994 = CARTESIAN_POINT('',(53.343999999995,58.45210179871,
    19.000006646557));
#2995 = CARTESIAN_POINT('',(53.344000000017,58.904146430431,
    19.119192404156));
#2996 = CARTESIAN_POINT('',(53.343999999973,59.3175813684,
    19.357773582193));
#2997 = CARTESIAN_POINT('',(53.344000000024,59.652624521698,
    19.698533672397));
#2998 = CARTESIAN_POINT('',(53.343999999989,59.884173237491,
    20.108829117782));
#2999 = CARTESIAN_POINT('',(53.344000000002,60.000004073568,
    20.554445366173));
#3000 = CARTESIAN_POINT('',(53.344,60.,21.));
#3001 = CARTESIAN_POINT('',(52.951300918301,58.,19.));
#3002 = CARTESIAN_POINT('',(52.951299613249,58.452101798711,
    19.000006646555));
#3003 = CARTESIAN_POINT('',(52.927897544484,58.904146430431,
    19.11919240416));
#3004 = CARTESIAN_POINT('',(52.88105223969,59.317581368396,
    19.357773582186));
#3005 = CARTESIAN_POINT('',(52.814144152474,59.652624521703,
    19.698533672404));
#3006 = CARTESIAN_POINT('',(52.733582830136,59.884173237487,
    20.108829117778));
#3007 = CARTESIAN_POINT('',(52.646086284379,60.000004073569,
    20.554445366174));
#3008 = CARTESIAN_POINT('',(52.558601836602,60.,21.));
#3009 = CARTESIAN_POINT('',(52.558601712992,58.000000000002,
    18.911878422078));
#3010 = CARTESIAN_POINT('',(52.558599102895,58.452101798707,
    18.911884775783));
#3011 = CARTESIAN_POINT('',(52.511794957971,58.90414643044,
    19.025819114865));
#3012 = CARTESIAN_POINT('',(52.418104333688,59.31758136839,
    19.253888217975));
#3013 = CARTESIAN_POINT('',(52.284288138144,59.652624521716,
    19.579634149748));
#3014 = CARTESIAN_POINT('',(52.123165468141,59.88417323748,
    19.971851654111));
#3015 = CARTESIAN_POINT('',(51.948172349074,60.000004073573,
    20.397833699018));
#3016 = CARTESIAN_POINT('',(51.773203425984,60.000000000001,
    20.823756844155));
#3017 = CARTESIAN_POINT('',(52.188973531329,57.999999999997,
    18.735636131742));
#3018 = CARTESIAN_POINT('',(52.188969692848,58.452101798719,
    18.735641899741));
#3019 = CARTESIAN_POINT('',(52.120138340513,58.904146430412,
    18.839073453393));
#3020 = CARTESIAN_POINT('',(51.982354552693,59.317581368418,
    19.046118509846));
#3021 = CARTESIAN_POINT('',(51.785561090907,59.652624521672,
    19.341836272283));
#3022 = CARTESIAN_POINT('',(51.548610041185,59.884173237505,
    19.697898072108));
#3023 = CARTESIAN_POINT('',(51.291260760315,60.000004073562,
    20.08461190292));
#3024 = CARTESIAN_POINT('',(51.033947062658,59.999999999998,
    20.471272263485));
#3025 = CARTESIAN_POINT('',(51.865482488441,58.000000000003,
    18.47851751156));
#3026 = CARTESIAN_POINT('',(51.865477574919,58.452101798701,
    18.478522425087));
#3027 = CARTESIAN_POINT('',(51.777368460047,58.90414643045,
    18.566631539951));
#3028 = CARTESIAN_POINT('',(51.600995235215,59.31758136838,
    18.74300476479));
#3029 = CARTESIAN_POINT('',(51.34908535492,59.652624521734,
    18.99491464508));
#3030 = CARTESIAN_POINT('',(51.045770854456,59.884173237467,
    19.29822914555));
#3031 = CARTESIAN_POINT('',(50.716345141117,60.000004073578,
    19.627654858883));
#3032 = CARTESIAN_POINT('',(50.386964976883,60.000000000002,
    19.95703502312));
#3033 = CARTESIAN_POINT('',(51.608363868256,57.999999999997,
    18.15502646867));
#3034 = CARTESIAN_POINT('',(51.608358100249,58.452101798719,
    18.155030307142));
#3035 = CARTESIAN_POINT('',(51.504926546626,58.904146430414,
    18.223861659511));
#3036 = CARTESIAN_POINT('',(51.297881490124,59.317581368415,
    18.361645447266));
#3037 = CARTESIAN_POINT('',(51.002163727739,59.652624521677,
    18.558438909123));
#3038 = CARTESIAN_POINT('',(50.646101927877,59.884173237505,
    18.795389958795));
#3039 = CARTESIAN_POINT('',(50.259388097083,60.000004073562,
    19.052739239688));
#3040 = CARTESIAN_POINT('',(49.872727736513,59.999999999999,
    19.31005293734));
#3041 = CARTESIAN_POINT('',(51.432121577923,58.000000000001,
    17.785398287009));
#3042 = CARTESIAN_POINT('',(51.432115224217,58.452101798706,
    17.785400897104));
#3043 = CARTESIAN_POINT('',(51.318180885141,58.90414643044,
    17.832205042038));
#3044 = CARTESIAN_POINT('',(51.090111782016,59.317581368389,
    17.925895666296));
#3045 = CARTESIAN_POINT('',(50.764365850258,59.652624521717,
    18.059711861875));
#3046 = CARTESIAN_POINT('',(50.372148345891,59.884173237477,
    18.220834531851));
#3047 = CARTESIAN_POINT('',(49.94616630098,60.000004073573,
    18.395827650929));
#3048 = CARTESIAN_POINT('',(49.520243155846,60.,18.570796574017));
#3049 = CARTESIAN_POINT('',(51.344,58.,17.392699081699));
#3050 = CARTESIAN_POINT('',(51.343993353436,58.452101798714,
    17.392700386746));
#3051 = CARTESIAN_POINT('',(51.224807595871,58.904146430422,
    17.416102455529));
#3052 = CARTESIAN_POINT('',(50.986226417762,59.317581368413,
    17.462947760288));
#3053 = CARTESIAN_POINT('',(50.645466327645,59.652624521686,
    17.529855847543));
#3054 = CARTESIAN_POINT('',(50.235170882196,59.884173237497,
    17.610417169855));
#3055 = CARTESIAN_POINT('',(49.789554633833,60.000004073566,
    17.697913715622));
#3056 = CARTESIAN_POINT('',(49.344,60.,17.785398163397));
#3057 = CARTESIAN_POINT('',(51.344,58.,17.));
#3058 = CARTESIAN_POINT('',(51.343993353438,58.452101798714,
    16.999999999999));
#3059 = CARTESIAN_POINT('',(51.224807595862,58.904146430418,
    17.000000000005));
#3060 = CARTESIAN_POINT('',(50.986226417777,59.317581368424,
    16.999999999992));
#3061 = CARTESIAN_POINT('',(50.64546632763,59.652624521676,
    17.000000000007));
#3062 = CARTESIAN_POINT('',(50.235170882205,59.884173237503,
    16.999999999997));
#3063 = CARTESIAN_POINT('',(49.789554633831,60.000004073565,
    17.000000000001));
#3064 = CARTESIAN_POINT('',(49.344,60.,17.));
#3065 = DEFINITIONAL_REPRESENTATION('',(#3066),#3070);
#3066 = LINE('',#3067,#3068);
#3067 = CARTESIAN_POINT('',(5.,0.));
#3068 = VECTOR('',#3069,1.);
#3069 = DIRECTION('',(0.,1.));
#3070 = ( GEOMETRIC_REPRESENTATION_CONTEXT(2) 
PARAMETRIC_REPRESENTATION_CONTEXT() REPRESENTATION_CONTEXT('2D SPACE',''
  ) );
#3071 = ORIENTED_EDGE('',*,*,#3072,.F.);
#3072 = EDGE_CURVE('',#2812,#2972,#3073,.T.);
#3073 = SURFACE_CURVE('',#3074,(#3084,#3091),.PCURVE_S1.);
#3074 = B_SPLINE_CURVE_WITH_KNOTS('',8,(#3075,#3076,#3077,#3078,#3079,
    #3080,#3081,#3082,#3083),.UNSPECIFIED.,.F.,.F.,(9,9),(4.,5.),
  .PIECEWISE_BEZIER_KNOTS.);
#3075 = CARTESIAN_POINT('',(64.284,60.,21.));
#3076 = CARTESIAN_POINT('',(62.9165,60.,21.));
#3077 = CARTESIAN_POINT('',(61.549,60.,21.));
#3078 = CARTESIAN_POINT('',(60.1815,60.,21.));
#3079 = CARTESIAN_POINT('',(58.814,60.,21.));
#3080 = CARTESIAN_POINT('',(57.4465,60.,21.));
#3081 = CARTESIAN_POINT('',(56.079,60.,21.));
#3082 = CARTESIAN_POINT('',(54.7115,60.,21.));
#3083 = CARTESIAN_POINT('',(53.344,60.,21.));
#3084 = PCURVE('',#2832,#3085);
#3085 = DEFINITIONAL_REPRESENTATION('',(#3086),#3090);
#3086 = LINE('',#3087,#3088);
#3087 = CARTESIAN_POINT('',(0.,1.));
#3088 = VECTOR('',#3089,1.);
#3089 = DIRECTION('',(1.,0.));
#3090 = ( GEOMETRIC_REPRESENTATION_CONTEXT(2) 
PARAMETRIC_REPRESENTATION_CONTEXT() REPRESENTATION_CONTEXT('2D SPACE',''
  ) );
#3091 = PCURVE('',#2767,#3092);
#3092 = DEFINITIONAL_REPRESENTATION('',(#3093),#3103);
#3093 = B_SPLINE_CURVE_WITH_KNOTS('',8,(#3094,#3095,#3096,#3097,#3098,
    #3099,#3100,#3101,#3102),.UNSPECIFIED.,.F.,.F.,(9,9),(4.,5.),
  .PIECEWISE_BEZIER_KNOTS.);
#3094 = CARTESIAN_POINT('',(154.784,-5.5));
#3095 = CARTESIAN_POINT('',(153.4165,-5.5));
#3096 = CARTESIAN_POINT('',(152.049,-5.5));
#3097 = CARTESIAN_POINT('',(150.6815,-5.5));
#3098 = CARTESIAN_POINT('',(149.314,-5.5));
#3099 = CARTESIAN_POINT('',(147.9465,-5.5));
#3100 = CARTESIAN_POINT('',(146.579,-5.5));
#3101 = CARTESIAN_POINT('',(145.2115,-5.5));
#3102 = CARTESIAN_POINT('',(143.844,-5.5));
#3103 = ( GEOMETRIC_REPRESENTATION_CONTEXT(2) 
PARAMETRIC_REPRESENTATION_CONTEXT() REPRESENTATION_CONTEXT('2D SPACE',''
  ) );
#3104 = ORIENTED_EDGE('',*,*,#2811,.F.);
#3105 = ADVANCED_FACE('',(#3106),#2992,.T.);
#3106 = FACE_BOUND('',#3107,.T.);
#3107 = EDGE_LOOP('',(#3108,#3131,#3232,#3265));
#3108 = ORIENTED_EDGE('',*,*,#3109,.T.);
#3109 = EDGE_CURVE('',#2950,#3110,#3112,.T.);
#3110 = VERTEX_POINT('',#3111);
#3111 = CARTESIAN_POINT('',(51.344,58.,17.));
#3112 = SURFACE_CURVE('',#3113,(#3118,#3124),.PCURVE_S1.);
#3113 = CIRCLE('',#3114,2.);
#3114 = AXIS2_PLACEMENT_3D('',#3115,#3116,#3117);
#3115 = CARTESIAN_POINT('',(53.344,58.,17.));
#3116 = DIRECTION('',(0.,-1.,1.110223024625E-16));
#3117 = DIRECTION('',(1.,0.,0.));
#3118 = PCURVE('',#2992,#3119);
#3119 = DEFINITIONAL_REPRESENTATION('',(#3120),#3123);
#3120 = B_SPLINE_CURVE_WITH_KNOTS('',1,(#3121,#3122),.UNSPECIFIED.,.F.,
  .F.,(2,2),(1.570796326795,3.14159265359),.PIECEWISE_BEZIER_KNOTS.);
#3121 = CARTESIAN_POINT('',(5.,0.));
#3122 = CARTESIAN_POINT('',(6.,0.));
#3123 = ( GEOMETRIC_REPRESENTATION_CONTEXT(2) 
PARAMETRIC_REPRESENTATION_CONTEXT() REPRESENTATION_CONTEXT('2D SPACE',''
  ) );
#3124 = PCURVE('',#2299,#3125);
#3125 = DEFINITIONAL_REPRESENTATION('',(#3126),#3130);
#3126 = LINE('',#3127,#3128);
#3127 = CARTESIAN_POINT('',(0.,-4.));
#3128 = VECTOR('',#3129,1.);
#3129 = DIRECTION('',(1.,0.));
#3130 = ( GEOMETRIC_REPRESENTATION_CONTEXT(2) 
PARAMETRIC_REPRESENTATION_CONTEXT() REPRESENTATION_CONTEXT('2D SPACE',''
  ) );
#3131 = ORIENTED_EDGE('',*,*,#3132,.T.);
#3132 = EDGE_CURVE('',#3110,#3133,#3135,.T.);
#3133 = VERTEX_POINT('',#3134);
#3134 = CARTESIAN_POINT('',(49.344,60.,17.));
#3135 = SURFACE_CURVE('',#3136,(#3145,#3152),.PCURVE_S1.);
#3136 = ( BOUNDED_CURVE() B_SPLINE_CURVE(7,(#3137,#3138,#3139,#3140,
    #3141,#3142,#3143,#3144),.UNSPECIFIED.,.F.,.F.) 
B_SPLINE_CURVE_WITH_KNOTS((8,8),(0.,1.),.PIECEWISE_BEZIER_KNOTS.) CURVE(
) GEOMETRIC_REPRESENTATION_ITEM() RATIONAL_B_SPLINE_CURVE((1.,1.,1.,1.,
1.,1.,1.,1.)) REPRESENTATION_ITEM('') );
#3137 = CARTESIAN_POINT('',(51.344,58.,17.));
#3138 = CARTESIAN_POINT('',(51.343993353438,58.452101798714,
    16.999999999999));
#3139 = CARTESIAN_POINT('',(51.224807595862,58.904146430418,
    17.000000000005));
#3140 = CARTESIAN_POINT('',(50.986226417777,59.317581368424,
    16.999999999992));
#3141 = CARTESIAN_POINT('',(50.64546632763,59.652624521676,
    17.000000000007));
#3142 = CARTESIAN_POINT('',(50.235170882205,59.884173237503,
    16.999999999997));
#3143 = CARTESIAN_POINT('',(49.789554633831,60.000004073565,
    17.000000000001));
#3144 = CARTESIAN_POINT('',(49.344,60.,17.));
#3145 = PCURVE('',#2992,#3146);
#3146 = DEFINITIONAL_REPRESENTATION('',(#3147),#3151);
#3147 = LINE('',#3148,#3149);
#3148 = CARTESIAN_POINT('',(6.,0.));
#3149 = VECTOR('',#3150,1.);
#3150 = DIRECTION('',(0.,1.));
#3151 = ( GEOMETRIC_REPRESENTATION_CONTEXT(2) 
PARAMETRIC_REPRESENTATION_CONTEXT() REPRESENTATION_CONTEXT('2D SPACE',''
  ) );
#3152 = PCURVE('',#3153,#3226);
#3153 = ( BOUNDED_SURFACE() B_SPLINE_SURFACE(8,7,(
    (#3154,#3155,#3156,#3157,#3158,#3159,#3160,#3161)
    ,(#3162,#3163,#3164,#3165,#3166,#3167,#3168,#3169)
    ,(#3170,#3171,#3172,#3173,#3174,#3175,#3176,#3177)
    ,(#3178,#3179,#3180,#3181,#3182,#3183,#3184,#3185)
    ,(#3186,#3187,#3188,#3189,#3190,#3191,#3192,#3193)
    ,(#3194,#3195,#3196,#3197,#3198,#3199,#3200,#3201)
    ,(#3202,#3203,#3204,#3205,#3206,#3207,#3208,#3209)
    ,(#3210,#3211,#3212,#3213,#3214,#3215,#3216,#3217)
    ,(#3218,#3219,#3220,#3221,#3222,#3223,#3224,#3225
)),.UNSPECIFIED.,.F.,.F.,.F.) B_SPLINE_SURFACE_WITH_KNOTS((9,9),(8,8),(
    6.,7.),(0.,1.),.PIECEWISE_BEZIER_KNOTS.) 
GEOMETRIC_REPRESENTATION_ITEM() RATIONAL_B_SPLINE_SURFACE((
    (1.,1.,1.,1.,1.,1.,1.,1.)
    ,(1.,1.,1.,1.,1.,1.,1.,1.)
    ,(1.,1.,1.,1.,1.,1.,1.,1.)
    ,(1.,1.,1.,1.,1.,1.,1.,1.)
    ,(1.,1.,1.,1.,1.,1.,1.,1.)
    ,(1.,1.,1.,1.,1.,1.,1.,1.)
    ,(1.,1.,1.,1.,1.,1.,1.,1.)
    ,(1.,1.,1.,1.,1.,1.,1.,1.)
,(1.,1.,1.,1.,1.,1.,1.,1.))) REPRESENTATION_ITEM('') SURFACE() );
#3154 = CARTESIAN_POINT('',(51.344,58.,17.));
#3155 = CARTESIAN_POINT('',(51.343993353438,58.452101798714,
    16.999999999999));
#3156 = CARTESIAN_POINT('',(51.224807595862,58.904146430418,
    17.000000000005));
#3157 = CARTESIAN_POINT('',(50.986226417777,59.317581368424,
    16.999999999992));
#3158 = CARTESIAN_POINT('',(50.64546632763,59.652624521676,
    17.000000000007));
#3159 = CARTESIAN_POINT('',(50.235170882205,59.884173237503,
    16.999999999997));
#3160 = CARTESIAN_POINT('',(49.789554633831,60.000004073565,
    17.000000000001));
#3161 = CARTESIAN_POINT('',(49.344,60.,17.));
#3162 = CARTESIAN_POINT('',(51.344,58.,16.625));
#3163 = CARTESIAN_POINT('',(51.343993353438,58.452101798714,
    16.624999999999));
#3164 = CARTESIAN_POINT('',(51.224807595862,58.904146430418,
    16.625000000002));
#3165 = CARTESIAN_POINT('',(50.986226417777,59.317581368424,
    16.624999999997));
#3166 = CARTESIAN_POINT('',(50.64546632763,59.652624521676,
    16.625000000002));
#3167 = CARTESIAN_POINT('',(50.235170882205,59.884173237503,
    16.624999999999));
#3168 = CARTESIAN_POINT('',(49.789554633831,60.000004073565,16.625));
#3169 = CARTESIAN_POINT('',(49.344,60.,16.625));
#3170 = CARTESIAN_POINT('',(51.344,58.,16.25));
#3171 = CARTESIAN_POINT('',(51.343993353438,58.452101798714,16.25));
#3172 = CARTESIAN_POINT('',(51.224807595862,58.904146430418,16.25));
#3173 = CARTESIAN_POINT('',(50.986226417777,59.317581368424,
    16.250000000001));
#3174 = CARTESIAN_POINT('',(50.64546632763,59.652624521676,
    16.249999999998));
#3175 = CARTESIAN_POINT('',(50.235170882205,59.884173237503,
    16.250000000001));
#3176 = CARTESIAN_POINT('',(49.789554633831,60.000004073565,
    16.249999999999));
#3177 = CARTESIAN_POINT('',(49.344,60.,16.25));
#3178 = CARTESIAN_POINT('',(51.344,58.,15.875));
#3179 = CARTESIAN_POINT('',(51.343993353438,58.452101798714,
    15.874999999999));
#3180 = CARTESIAN_POINT('',(51.224807595862,58.904146430418,
    15.875000000005));
#3181 = CARTESIAN_POINT('',(50.986226417777,59.317581368424,
    15.874999999992));
#3182 = CARTESIAN_POINT('',(50.64546632763,59.652624521676,
    15.875000000007));
#3183 = CARTESIAN_POINT('',(50.235170882205,59.884173237503,
    15.874999999997));
#3184 = CARTESIAN_POINT('',(49.789554633831,60.000004073565,
    15.875000000001));
#3185 = CARTESIAN_POINT('',(49.344,60.,15.875));
#3186 = CARTESIAN_POINT('',(51.344,58.,15.5));
#3187 = CARTESIAN_POINT('',(51.343993353438,58.452101798714,
    15.499999999998));
#3188 = CARTESIAN_POINT('',(51.224807595862,58.904146430418,
    15.500000000008));
#3189 = CARTESIAN_POINT('',(50.986226417777,59.317581368424,
    15.499999999986));
#3190 = CARTESIAN_POINT('',(50.64546632763,59.652624521676,
    15.500000000013));
#3191 = CARTESIAN_POINT('',(50.235170882205,59.884173237503,
    15.499999999993));
#3192 = CARTESIAN_POINT('',(49.789554633831,60.000004073565,
    15.500000000002));
#3193 = CARTESIAN_POINT('',(49.344,60.,15.5));
#3194 = CARTESIAN_POINT('',(51.344,58.,15.125));
#3195 = CARTESIAN_POINT('',(51.343993353438,58.452101798714,15.125));
#3196 = CARTESIAN_POINT('',(51.224807595862,58.904146430418,15.125));
#3197 = CARTESIAN_POINT('',(50.986226417777,59.317581368424,
    15.125000000001));
#3198 = CARTESIAN_POINT('',(50.64546632763,59.652624521676,
    15.124999999998));
#3199 = CARTESIAN_POINT('',(50.235170882205,59.884173237503,
    15.125000000002));
#3200 = CARTESIAN_POINT('',(49.789554633831,60.000004073565,
    15.124999999999));
#3201 = CARTESIAN_POINT('',(49.344,60.,15.125));
#3202 = CARTESIAN_POINT('',(51.344,58.,14.75));
#3203 = CARTESIAN_POINT('',(51.343993353438,58.452101798714,
    14.749999999998));
#3204 = CARTESIAN_POINT('',(51.224807595862,58.904146430418,
    14.750000000005));
#3205 = CARTESIAN_POINT('',(50.986226417777,59.317581368424,
    14.749999999991));
#3206 = CARTESIAN_POINT('',(50.64546632763,59.652624521676,
    14.750000000008));
#3207 = CARTESIAN_POINT('',(50.235170882205,59.884173237503,
    14.749999999996));
#3208 = CARTESIAN_POINT('',(49.789554633831,60.000004073565,
    14.750000000001));
#3209 = CARTESIAN_POINT('',(49.344,60.,14.75));
#3210 = CARTESIAN_POINT('',(51.344,58.,14.375));
#3211 = CARTESIAN_POINT('',(51.343993353438,58.452101798714,
    14.374999999999));
#3212 = CARTESIAN_POINT('',(51.224807595862,58.904146430418,
    14.375000000005));
#3213 = CARTESIAN_POINT('',(50.986226417777,59.317581368424,
    14.374999999992));
#3214 = CARTESIAN_POINT('',(50.64546632763,59.652624521676,
    14.375000000008));
#3215 = CARTESIAN_POINT('',(50.235170882205,59.884173237503,
    14.374999999996));
#3216 = CARTESIAN_POINT('',(49.789554633831,60.000004073565,
    14.375000000001));
#3217 = CARTESIAN_POINT('',(49.344,60.,14.375));
#3218 = CARTESIAN_POINT('',(51.344,58.,14.));
#3219 = CARTESIAN_POINT('',(51.343993353438,58.45210179871,
    13.999999999999));
#3220 = CARTESIAN_POINT('',(51.224807595862,58.904146430431,
    14.000000000005));
#3221 = CARTESIAN_POINT('',(50.986226417778,59.3175813684,
    13.999999999992));
#3222 = CARTESIAN_POINT('',(50.645466327628,59.652624521698,
    14.000000000007));
#3223 = CARTESIAN_POINT('',(50.235170882206,59.884173237491,
    13.999999999997));
#3224 = CARTESIAN_POINT('',(49.78955463383,60.000004073568,
    14.000000000001));
#3225 = CARTESIAN_POINT('',(49.344,60.,14.));
#3226 = DEFINITIONAL_REPRESENTATION('',(#3227),#3231);
#3227 = LINE('',#3228,#3229);
#3228 = CARTESIAN_POINT('',(6.,0.));
#3229 = VECTOR('',#3230,1.);
#3230 = DIRECTION('',(0.,1.));
#3231 = ( GEOMETRIC_REPRESENTATION_CONTEXT(2) 
PARAMETRIC_REPRESENTATION_CONTEXT() REPRESENTATION_CONTEXT('2D SPACE',''
  ) );
#3232 = ORIENTED_EDGE('',*,*,#3233,.F.);
#3233 = EDGE_CURVE('',#2972,#3133,#3234,.T.);
#3234 = SURFACE_CURVE('',#3235,(#3245,#3252),.PCURVE_S1.);
#3235 = B_SPLINE_CURVE_WITH_KNOTS('',8,(#3236,#3237,#3238,#3239,#3240,
    #3241,#3242,#3243,#3244),.UNSPECIFIED.,.F.,.F.,(9,9),(5.,6.),
  .PIECEWISE_BEZIER_KNOTS.);
#3236 = CARTESIAN_POINT('',(53.344,60.,21.));
#3237 = CARTESIAN_POINT('',(52.558601836602,60.,21.));
#3238 = CARTESIAN_POINT('',(51.773203425984,60.000000000001,
    20.823756844155));
#3239 = CARTESIAN_POINT('',(51.033947062658,59.999999999998,
    20.471272263485));
#3240 = CARTESIAN_POINT('',(50.386964976883,60.000000000002,
    19.95703502312));
#3241 = CARTESIAN_POINT('',(49.872727736513,59.999999999999,
    19.31005293734));
#3242 = CARTESIAN_POINT('',(49.520243155846,60.,18.570796574017));
#3243 = CARTESIAN_POINT('',(49.344,60.,17.785398163397));
#3244 = CARTESIAN_POINT('',(49.344,60.,17.));
#3245 = PCURVE('',#2992,#3246);
#3246 = DEFINITIONAL_REPRESENTATION('',(#3247),#3251);
#3247 = LINE('',#3248,#3249);
#3248 = CARTESIAN_POINT('',(0.,1.));
#3249 = VECTOR('',#3250,1.);
#3250 = DIRECTION('',(1.,0.));
#3251 = ( GEOMETRIC_REPRESENTATION_CONTEXT(2) 
PARAMETRIC_REPRESENTATION_CONTEXT() REPRESENTATION_CONTEXT('2D SPACE',''
  ) );
#3252 = PCURVE('',#2767,#3253);
#3253 = DEFINITIONAL_REPRESENTATION('',(#3254),#3264);
#3254 = B_SPLINE_CURVE_WITH_KNOTS('',8,(#3255,#3256,#3257,#3258,#3259,
    #3260,#3261,#3262,#3263),.UNSPECIFIED.,.F.,.F.,(9,9),(5.,6.),
  .PIECEWISE_BEZIER_KNOTS.);
#3255 = CARTESIAN_POINT('',(143.844,-5.5));
#3256 = CARTESIAN_POINT('',(143.0586018366,-5.5));
#3257 = CARTESIAN_POINT('',(142.27320342598,-5.323756844155));
#3258 = CARTESIAN_POINT('',(141.53394706265,-4.971272263485));
#3259 = CARTESIAN_POINT('',(140.88696497688,-4.45703502312));
#3260 = CARTESIAN_POINT('',(140.37272773651,-3.81005293734));
#3261 = CARTESIAN_POINT('',(140.02024315584,-3.070796574017));
#3262 = CARTESIAN_POINT('',(139.844,-2.285398163397));
#3263 = CARTESIAN_POINT('',(139.844,-1.5));
#3264 = ( GEOMETRIC_REPRESENTATION_CONTEXT(2) 
PARAMETRIC_REPRESENTATION_CONTEXT() REPRESENTATION_CONTEXT('2D SPACE',''
  ) );
#3265 = ORIENTED_EDGE('',*,*,#2971,.F.);
#3266 = ADVANCED_FACE('',(#3267),#3153,.T.);
#3267 = FACE_BOUND('',#3268,.T.);
#3268 = EDGE_LOOP('',(#3269,#3270,#3292,#3402));
#3269 = ORIENTED_EDGE('',*,*,#3132,.F.);
#3270 = ORIENTED_EDGE('',*,*,#3271,.T.);
#3271 = EDGE_CURVE('',#3110,#3272,#3274,.T.);
#3272 = VERTEX_POINT('',#3273);
#3273 = CARTESIAN_POINT('',(51.344,58.,15.5));
#3274 = SURFACE_CURVE('',#3275,(#3279,#3285),.PCURVE_S1.);
#3275 = LINE('',#3276,#3277);
#3276 = CARTESIAN_POINT('',(51.344,58.,19.));
#3277 = VECTOR('',#3278,1.);
#3278 = DIRECTION('',(0.,-1.110223024625E-16,-1.));
#3279 = PCURVE('',#3153,#3280);
#3280 = DEFINITIONAL_REPRESENTATION('',(#3281),#3284);
#3281 = B_SPLINE_CURVE_WITH_KNOTS('',1,(#3282,#3283),.UNSPECIFIED.,.F.,
  .F.,(2,2),(2.,5.),.PIECEWISE_BEZIER_KNOTS.);
#3282 = CARTESIAN_POINT('',(6.,0.));
#3283 = CARTESIAN_POINT('',(7.,0.));
#3284 = ( GEOMETRIC_REPRESENTATION_CONTEXT(2) 
PARAMETRIC_REPRESENTATION_CONTEXT() REPRESENTATION_CONTEXT('2D SPACE',''
  ) );
#3285 = PCURVE('',#2271,#3286);
#3286 = DEFINITIONAL_REPRESENTATION('',(#3287),#3291);
#3287 = LINE('',#3288,#3289);
#3288 = CARTESIAN_POINT('',(-2.,-4.));
#3289 = VECTOR('',#3290,1.);
#3290 = DIRECTION('',(1.,0.));
#3291 = ( GEOMETRIC_REPRESENTATION_CONTEXT(2) 
PARAMETRIC_REPRESENTATION_CONTEXT() REPRESENTATION_CONTEXT('2D SPACE',''
  ) );
#3292 = ORIENTED_EDGE('',*,*,#3293,.T.);
#3293 = EDGE_CURVE('',#3272,#3294,#3296,.T.);
#3294 = VERTEX_POINT('',#3295);
#3295 = CARTESIAN_POINT('',(49.344,60.,15.5));
#3296 = SURFACE_CURVE('',#3297,(#3330,#3366),.PCURVE_S1.);
#3297 = B_SPLINE_CURVE_WITH_KNOTS('',6,(#3298,#3299,#3300,#3301,#3302,
    #3303,#3304,#3305,#3306,#3307,#3308,#3309,#3310,#3311,#3312,#3313,
    #3314,#3315,#3316,#3317,#3318,#3319,#3320,#3321,#3322,#3323,#3324,
    #3325,#3326,#3327,#3328,#3329),.UNSPECIFIED.,.F.,.F.,(7,5,5,5,5,5,7)
  ,(0.,9.059264064297E-02,0.335831257956,0.502102960895,0.663829456548,
    0.921511336013,1.),.UNSPECIFIED.);
#3298 = CARTESIAN_POINT('',(51.344,58.,15.5));
#3299 = CARTESIAN_POINT('',(51.343999302185,58.047465689926,15.5));
#3300 = CARTESIAN_POINT('',(51.342647382921,58.094931355894,15.5));
#3301 = CARTESIAN_POINT('',(51.339943949805,58.142348693831,15.5));
#3302 = CARTESIAN_POINT('',(51.335891112012,58.189669541456,15.5));
#3303 = CARTESIAN_POINT('',(51.330493380298,58.236845878286,15.5));
#3304 = CARTESIAN_POINT('',(51.305523768491,58.411017621473,15.5));
#3305 = CARTESIAN_POINT('',(51.277483937401,58.536802312298,15.5));
#3306 = CARTESIAN_POINT('',(51.239774738121,58.660222283646,15.5));
#3307 = CARTESIAN_POINT('',(51.192660807564,58.780357664061,15.5));
#3308 = CARTESIAN_POINT('',(51.136511334859,58.896326425481,15.5));
#3309 = CARTESIAN_POINT('',(51.027957559769,59.082529677443,15.5));
#3310 = CARTESIAN_POINT('',(50.98016703594,59.155469890593,15.5));
#3311 = CARTESIAN_POINT('',(50.928599417299,59.225856081116,15.5));
#3312 = CARTESIAN_POINT('',(50.873427086148,59.293446015675,15.5));
#3313 = CARTESIAN_POINT('',(50.814842783621,59.358013605919,15.5));
#3314 = CARTESIAN_POINT('',(50.692965342082,59.479007547734,15.5));
#3315 = CARTESIAN_POINT('',(50.629843409315,59.535609429888,15.5));
#3316 = CARTESIAN_POINT('',(50.563889939422,59.588961663923,15.5));
#3317 = CARTESIAN_POINT('',(50.495314889122,59.638889833489,15.5));
#3318 = CARTESIAN_POINT('',(50.424342043817,59.685237996903,15.5));
#3319 = CARTESIAN_POINT('',(50.234684785898,59.795792970947,15.5));
#3320 = CARTESIAN_POINT('',(50.112667960637,59.854284934329,15.5));
#3321 = CARTESIAN_POINT('',(49.986127048228,59.902781894515,15.5));
#3322 = CARTESIAN_POINT('',(49.856083919687,59.94087133885,15.5));
#3323 = CARTESIAN_POINT('',(49.723601927336,59.968268684274,15.5));
#3324 = CARTESIAN_POINT('',(49.549032646307,59.989886745527,15.5));
#3325 = CARTESIAN_POINT('',(49.508150370777,59.993929713234,15.5));
#3326 = CARTESIAN_POINT('',(49.467174932283,59.996964489225,15.5));
#3327 = CARTESIAN_POINT('',(49.426137322379,59.998988494899,15.5));
#3328 = CARTESIAN_POINT('',(49.385068621706,60.000000375477,15.5));
#3329 = CARTESIAN_POINT('',(49.344,60.,15.5));
#3330 = PCURVE('',#3153,#3331);
#3331 = DEFINITIONAL_REPRESENTATION('',(#3332),#3365);
#3332 = B_SPLINE_CURVE_WITH_KNOTS('',6,(#3333,#3334,#3335,#3336,#3337,
    #3338,#3339,#3340,#3341,#3342,#3343,#3344,#3345,#3346,#3347,#3348,
    #3349,#3350,#3351,#3352,#3353,#3354,#3355,#3356,#3357,#3358,#3359,
    #3360,#3361,#3362,#3363,#3364),.UNSPECIFIED.,.F.,.F.,(7,5,5,5,5,5,7)
  ,(0.,9.059264064297E-02,0.335831257956,0.502102960895,0.663829456548,
    0.921511336013,1.),.UNSPECIFIED.);
#3333 = CARTESIAN_POINT('',(6.5,0.));
#3334 = CARTESIAN_POINT('',(6.5,1.499842041297E-02));
#3335 = CARTESIAN_POINT('',(6.5,2.999702149203E-02));
#3336 = CARTESIAN_POINT('',(6.5,4.499612649311E-02));
#3337 = CARTESIAN_POINT('',(6.5,5.999607883295E-02));
#3338 = CARTESIAN_POINT('',(6.5,7.499724208911E-02));
#3339 = CARTESIAN_POINT('',(6.5,0.130613184248));
#3340 = CARTESIAN_POINT('',(6.5,0.171240068293));
#3341 = CARTESIAN_POINT('',(6.5,0.211883791054));
#3342 = CARTESIAN_POINT('',(6.5,0.252554423412));
#3343 = CARTESIAN_POINT('',(6.5,0.293260007527));
#3344 = CARTESIAN_POINT('',(6.5,0.361621701673));
#3345 = CARTESIAN_POINT('',(6.5,0.38926025843));
#3346 = CARTESIAN_POINT('',(6.5,0.416916834126));
#3347 = CARTESIAN_POINT('',(6.5,0.444592171724));
#3348 = CARTESIAN_POINT('',(6.5,0.47228659329));
#3349 = CARTESIAN_POINT('',(6.5,0.526955832355));
#3350 = CARTESIAN_POINT('',(6.5,0.553929804914));
#3351 = CARTESIAN_POINT('',(6.5,0.580921839687));
#3352 = CARTESIAN_POINT('',(6.5,0.607931489524));
#3353 = CARTESIAN_POINT('',(6.5,0.634957938118));
#3354 = CARTESIAN_POINT('',(6.5,0.705086627842));
#3355 = CARTESIAN_POINT('',(6.5,0.74821560649));
#3356 = CARTESIAN_POINT('',(6.5,0.791376931509));
#3357 = CARTESIAN_POINT('',(6.5,0.834566832106));
#3358 = CARTESIAN_POINT('',(6.5,0.877779154247));
#3359 = CARTESIAN_POINT('',(6.5,0.934164862219));
#3360 = CARTESIAN_POINT('',(6.5,0.947330755437));
#3361 = CARTESIAN_POINT('',(6.5,0.960497436246));
#3362 = CARTESIAN_POINT('',(6.5,0.973664676563));
#3363 = CARTESIAN_POINT('',(6.5,0.986832263627));
#3364 = CARTESIAN_POINT('',(6.5,1.));
#3365 = ( GEOMETRIC_REPRESENTATION_CONTEXT(2) 
PARAMETRIC_REPRESENTATION_CONTEXT() REPRESENTATION_CONTEXT('2D SPACE',''
  ) );
#3366 = PCURVE('',#2244,#3367);
#3367 = DEFINITIONAL_REPRESENTATION('',(#3368),#3401);
#3368 = B_SPLINE_CURVE_WITH_KNOTS('',6,(#3369,#3370,#3371,#3372,#3373,
    #3374,#3375,#3376,#3377,#3378,#3379,#3380,#3381,#3382,#3383,#3384,
    #3385,#3386,#3387,#3388,#3389,#3390,#3391,#3392,#3393,#3394,#3395,
    #3396,#3397,#3398,#3399,#3400),.UNSPECIFIED.,.F.,.F.,(7,5,5,5,5,5,7)
  ,(0.,9.059264064297E-02,0.335831257956,0.502102960895,0.663829456548,
    0.921511336013,1.),.UNSPECIFIED.);
#3369 = CARTESIAN_POINT('',(-51.344,15.249171011152));
#3370 = CARTESIAN_POINT('',(-51.34399930218,15.296636701078));
#3371 = CARTESIAN_POINT('',(-51.34264738292,15.344102367046));
#3372 = CARTESIAN_POINT('',(-51.3399439498,15.391519704983));
#3373 = CARTESIAN_POINT('',(-51.33589111201,15.438840552608));
#3374 = CARTESIAN_POINT('',(-51.33049338029,15.486016889438));
#3375 = CARTESIAN_POINT('',(-51.30552376849,15.660188632625));
#3376 = CARTESIAN_POINT('',(-51.2774839374,15.78597332345));
#3377 = CARTESIAN_POINT('',(-51.23977473812,15.909393294798));
#3378 = CARTESIAN_POINT('',(-51.19266080756,16.029528675213));
#3379 = CARTESIAN_POINT('',(-51.13651133485,16.145497436633));
#3380 = CARTESIAN_POINT('',(-51.02795755976,16.331700688594));
#3381 = CARTESIAN_POINT('',(-50.98016703594,16.404640901745));
#3382 = CARTESIAN_POINT('',(-50.92859941729,16.475027092268));
#3383 = CARTESIAN_POINT('',(-50.87342708614,16.542617026827));
#3384 = CARTESIAN_POINT('',(-50.81484278362,16.607184617071));
#3385 = CARTESIAN_POINT('',(-50.69296534208,16.728178558885));
#3386 = CARTESIAN_POINT('',(-50.62984340931,16.78478044104));
#3387 = CARTESIAN_POINT('',(-50.56388993942,16.838132675075));
#3388 = CARTESIAN_POINT('',(-50.49531488912,16.888060844641));
#3389 = CARTESIAN_POINT('',(-50.42434204381,16.934409008055));
#3390 = CARTESIAN_POINT('',(-50.23468478589,17.044963982099));
#3391 = CARTESIAN_POINT('',(-50.11266796063,17.103455945481));
#3392 = CARTESIAN_POINT('',(-49.98612704822,17.151952905667));
#3393 = CARTESIAN_POINT('',(-49.85608391968,17.190042350002));
#3394 = CARTESIAN_POINT('',(-49.72360192733,17.217439695426));
#3395 = CARTESIAN_POINT('',(-49.5490326463,17.239057756679));
#3396 = CARTESIAN_POINT('',(-49.50815037077,17.243100724386));
#3397 = CARTESIAN_POINT('',(-49.46717493228,17.246135500377));
#3398 = CARTESIAN_POINT('',(-49.42613732237,17.248159506051));
#3399 = CARTESIAN_POINT('',(-49.3850686217,17.249171386629));
#3400 = CARTESIAN_POINT('',(-49.344,17.249171011152));
#3401 = ( GEOMETRIC_REPRESENTATION_CONTEXT(2) 
PARAMETRIC_REPRESENTATION_CONTEXT() REPRESENTATION_CONTEXT('2D SPACE',''
  ) );
#3402 = ORIENTED_EDGE('',*,*,#3403,.F.);
#3403 = EDGE_CURVE('',#3133,#3294,#3404,.T.);
#3404 = SURFACE_CURVE('',#3405,(#3415,#3422),.PCURVE_S1.);
#3405 = B_SPLINE_CURVE_WITH_KNOTS('',8,(#3406,#3407,#3408,#3409,#3410,
    #3411,#3412,#3413,#3414),.UNSPECIFIED.,.F.,.F.,(9,9),(6.,7.),
  .PIECEWISE_BEZIER_KNOTS.);
#3406 = CARTESIAN_POINT('',(49.344,60.,17.));
#3407 = CARTESIAN_POINT('',(49.344,60.,16.625));
#3408 = CARTESIAN_POINT('',(49.344,60.,16.25));
#3409 = CARTESIAN_POINT('',(49.344,60.,15.875));
#3410 = CARTESIAN_POINT('',(49.344,60.,15.5));
#3411 = CARTESIAN_POINT('',(49.344,60.,15.125));
#3412 = CARTESIAN_POINT('',(49.344,60.,14.75));
#3413 = CARTESIAN_POINT('',(49.344,60.,14.375));
#3414 = CARTESIAN_POINT('',(49.344,60.,14.));
#3415 = PCURVE('',#3153,#3416);
#3416 = DEFINITIONAL_REPRESENTATION('',(#3417),#3421);
#3417 = LINE('',#3418,#3419);
#3418 = CARTESIAN_POINT('',(0.,1.));
#3419 = VECTOR('',#3420,1.);
#3420 = DIRECTION('',(1.,0.));
#3421 = ( GEOMETRIC_REPRESENTATION_CONTEXT(2) 
PARAMETRIC_REPRESENTATION_CONTEXT() REPRESENTATION_CONTEXT('2D SPACE',''
  ) );
#3422 = PCURVE('',#2767,#3423);
#3423 = DEFINITIONAL_REPRESENTATION('',(#3424),#3434);
#3424 = B_SPLINE_CURVE_WITH_KNOTS('',8,(#3425,#3426,#3427,#3428,#3429,
    #3430,#3431,#3432,#3433),.UNSPECIFIED.,.F.,.F.,(9,9),(6.,7.),
  .PIECEWISE_BEZIER_KNOTS.);
#3425 = CARTESIAN_POINT('',(139.844,-1.5));
#3426 = CARTESIAN_POINT('',(139.844,-1.125));
#3427 = CARTESIAN_POINT('',(139.844,-0.75));
#3428 = CARTESIAN_POINT('',(139.844,-0.375));
#3429 = CARTESIAN_POINT('',(139.844,-1.7763568394E-15));
#3430 = CARTESIAN_POINT('',(139.844,0.375));
#3431 = CARTESIAN_POINT('',(139.844,0.75));
#3432 = CARTESIAN_POINT('',(139.844,1.125));
#3433 = CARTESIAN_POINT('',(139.844,1.5));
#3434 = ( GEOMETRIC_REPRESENTATION_CONTEXT(2) 
PARAMETRIC_REPRESENTATION_CONTEXT() REPRESENTATION_CONTEXT('2D SPACE',''
  ) );
#3435 = ADVANCED_FACE('',(#3436),#2767,.T.);
#3436 = FACE_BOUND('',#3437,.T.);
#3437 = EDGE_LOOP('',(#3438,#3468,#3496,#3524,#3552,#3580,#3601,#3602,
    #3603,#3604,#3605,#3606,#3629,#3992,#4355));
#3438 = ORIENTED_EDGE('',*,*,#3439,.T.);
#3439 = EDGE_CURVE('',#3440,#3442,#3444,.T.);
#3440 = VERTEX_POINT('',#3441);
#3441 = CARTESIAN_POINT('',(-90.72969543147,60.,15.5));
#3442 = VERTEX_POINT('',#3443);
#3443 = CARTESIAN_POINT('',(-90.72969543147,60.,79.));
#3444 = SURFACE_CURVE('',#3445,(#3448,#3454),.PCURVE_S1.);
#3445 = B_SPLINE_CURVE_WITH_KNOTS('',1,(#3446,#3447),.UNSPECIFIED.,.F.,
  .F.,(2,2),(0.,63.5),.PIECEWISE_BEZIER_KNOTS.);
#3446 = CARTESIAN_POINT('',(-90.72969543147,60.,15.5));
#3447 = CARTESIAN_POINT('',(-90.72969543147,60.,79.));
#3448 = PCURVE('',#2767,#3449);
#3449 = DEFINITIONAL_REPRESENTATION('',(#3450),#3453);
#3450 = B_SPLINE_CURVE_WITH_KNOTS('',1,(#3451,#3452),.UNSPECIFIED.,.F.,
  .F.,(2,2),(0.,63.5),.PIECEWISE_BEZIER_KNOTS.);
#3451 = CARTESIAN_POINT('',(-0.229695431472,0.));
#3452 = CARTESIAN_POINT('',(-0.229695431472,-63.5));
#3453 = ( GEOMETRIC_REPRESENTATION_CONTEXT(2) 
PARAMETRIC_REPRESENTATION_CONTEXT() REPRESENTATION_CONTEXT('2D SPACE',''
  ) );
#3454 = PCURVE('',#3455,#3462);
#3455 = ( BOUNDED_SURFACE() B_SPLINE_SURFACE(2,1,(
    (#3456,#3457)
    ,(#3458,#3459)
    ,(#3460,#3461
)),.UNSPECIFIED.,.F.,.F.,.F.) B_SPLINE_SURFACE_WITH_KNOTS((3,3),(2,2),(
    0.,1.570211665735),(-63.57623904971,0.),.PIECEWISE_BEZIER_KNOTS.) 
GEOMETRIC_REPRESENTATION_ITEM() RATIONAL_B_SPLINE_SURFACE((
    (1.,1.)
    ,(0.70731345987,0.70731345987)
,(1.,1.))) REPRESENTATION_ITEM('') SURFACE() );
#3456 = CARTESIAN_POINT('',(-98.75,52.,79.076239049715));
#3457 = CARTESIAN_POINT('',(-98.75,52.,15.5));
#3458 = CARTESIAN_POINT('',(-98.74765610524,59.997662039152,
    79.076239049715));
#3459 = CARTESIAN_POINT('',(-98.74765610524,59.997662039152,15.5));
#3460 = CARTESIAN_POINT('',(-90.72969543147,60.,79.076239049715));
#3461 = CARTESIAN_POINT('',(-90.72969543147,60.,15.5));
#3462 = DEFINITIONAL_REPRESENTATION('',(#3463),#3467);
#3463 = B_SPLINE_CURVE_WITH_KNOTS('',2,(#3464,#3465,#3466),
  .UNSPECIFIED.,.F.,.F.,(3,3),(0.,63.5),.PIECEWISE_BEZIER_KNOTS.);
#3464 = CARTESIAN_POINT('',(1.570211665735,7.105427357601E-15));
#3465 = CARTESIAN_POINT('',(1.570211665735,-31.75));
#3466 = CARTESIAN_POINT('',(1.570211665735,-63.5));
#3467 = ( GEOMETRIC_REPRESENTATION_CONTEXT(2) 
PARAMETRIC_REPRESENTATION_CONTEXT() REPRESENTATION_CONTEXT('2D SPACE',''
  ) );
#3468 = ORIENTED_EDGE('',*,*,#3469,.F.);
#3469 = EDGE_CURVE('',#3470,#3442,#3472,.T.);
#3470 = VERTEX_POINT('',#3471);
#3471 = CARTESIAN_POINT('',(-90.5,60.,79.));
#3472 = SURFACE_CURVE('',#3473,(#3476,#3482),.PCURVE_S1.);
#3473 = B_SPLINE_CURVE_WITH_KNOTS('',1,(#3474,#3475),.UNSPECIFIED.,.F.,
  .F.,(2,2),(0.,181.),.PIECEWISE_BEZIER_KNOTS.);
#3474 = CARTESIAN_POINT('',(90.729695431472,60.,79.));
#3475 = CARTESIAN_POINT('',(-90.72969543147,60.,79.));
#3476 = PCURVE('',#2767,#3477);
#3477 = DEFINITIONAL_REPRESENTATION('',(#3478),#3481);
#3478 = B_SPLINE_CURVE_WITH_KNOTS('',1,(#3479,#3480),.UNSPECIFIED.,.F.,
  .F.,(2,2),(0.,181.),.PIECEWISE_BEZIER_KNOTS.);
#3479 = CARTESIAN_POINT('',(181.22969543147,-63.5));
#3480 = CARTESIAN_POINT('',(-0.229695431472,-63.5));
#3481 = ( GEOMETRIC_REPRESENTATION_CONTEXT(2) 
PARAMETRIC_REPRESENTATION_CONTEXT() REPRESENTATION_CONTEXT('2D SPACE',''
  ) );
#3482 = PCURVE('',#3483,#3490);
#3483 = ( BOUNDED_SURFACE() B_SPLINE_SURFACE(2,1,(
    (#3484,#3485)
    ,(#3486,#3487)
    ,(#3488,#3489
)),.UNSPECIFIED.,.F.,.F.,.F.) B_SPLINE_SURFACE_WITH_KNOTS((3,3),(2,2),(
    0.,0.16744807922),(0.,181.),.PIECEWISE_BEZIER_KNOTS.) 
GEOMETRIC_REPRESENTATION_ITEM() RATIONAL_B_SPLINE_SURFACE((
    (1.,1.)
    ,(0.996497189455,0.996497189455)
,(1.,1.))) REPRESENTATION_ITEM('') SURFACE() );
#3484 = CARTESIAN_POINT('',(90.729695431472,60.,79.));
#3485 = CARTESIAN_POINT('',(-90.72969543147,60.,79.));
#3486 = CARTESIAN_POINT('',(90.729695431472,60.,79.251760650701));
#3487 = CARTESIAN_POINT('',(-90.72969543147,60.,79.251760650701));
#3488 = CARTESIAN_POINT('',(90.729695431472,59.95803989155,79.5));
#3489 = CARTESIAN_POINT('',(-90.72969543147,59.95803989155,79.5));
#3490 = DEFINITIONAL_REPRESENTATION('',(#3491),#3495);
#3491 = B_SPLINE_CURVE_WITH_KNOTS('',2,(#3492,#3493,#3494),
  .UNSPECIFIED.,.F.,.F.,(3,3),(0.,181.),.PIECEWISE_BEZIER_KNOTS.);
#3492 = CARTESIAN_POINT('',(0.,0.));
#3493 = CARTESIAN_POINT('',(0.,90.5));
#3494 = CARTESIAN_POINT('',(0.,181.));
#3495 = ( GEOMETRIC_REPRESENTATION_CONTEXT(2) 
PARAMETRIC_REPRESENTATION_CONTEXT() REPRESENTATION_CONTEXT('2D SPACE',''
  ) );
#3496 = ORIENTED_EDGE('',*,*,#3497,.T.);
#3497 = EDGE_CURVE('',#3470,#3498,#3500,.T.);
#3498 = VERTEX_POINT('',#3499);
#3499 = CARTESIAN_POINT('',(90.5,60.,79.));
#3500 = SURFACE_CURVE('',#3501,(#3505,#3512),.PCURVE_S1.);
#3501 = LINE('',#3502,#3503);
#3502 = CARTESIAN_POINT('',(-90.5,60.,79.));
#3503 = VECTOR('',#3504,1.);
#3504 = DIRECTION('',(1.,0.,0.));
#3505 = PCURVE('',#2767,#3506);
#3506 = DEFINITIONAL_REPRESENTATION('',(#3507),#3511);
#3507 = LINE('',#3508,#3509);
#3508 = CARTESIAN_POINT('',(0.,-63.5));
#3509 = VECTOR('',#3510,1.);
#3510 = DIRECTION('',(1.,0.));
#3511 = ( GEOMETRIC_REPRESENTATION_CONTEXT(2) 
PARAMETRIC_REPRESENTATION_CONTEXT() REPRESENTATION_CONTEXT('2D SPACE',''
  ) );
#3512 = PCURVE('',#3513,#3518);
#3513 = CYLINDRICAL_SURFACE('',#3514,3.);
#3514 = AXIS2_PLACEMENT_3D('',#3515,#3516,#3517);
#3515 = CARTESIAN_POINT('',(90.5,57.,79.));
#3516 = DIRECTION('',(-1.,0.,0.));
#3517 = DIRECTION('',(0.,1.,-0.));
#3518 = DEFINITIONAL_REPRESENTATION('',(#3519),#3523);
#3519 = LINE('',#3520,#3521);
#3520 = CARTESIAN_POINT('',(-0.,181.));
#3521 = VECTOR('',#3522,1.);
#3522 = DIRECTION('',(-0.,-1.));
#3523 = ( GEOMETRIC_REPRESENTATION_CONTEXT(2) 
PARAMETRIC_REPRESENTATION_CONTEXT() REPRESENTATION_CONTEXT('2D SPACE',''
  ) );
#3524 = ORIENTED_EDGE('',*,*,#3525,.F.);
#3525 = EDGE_CURVE('',#3526,#3498,#3528,.T.);
#3526 = VERTEX_POINT('',#3527);
#3527 = CARTESIAN_POINT('',(90.729695431472,60.,79.));
#3528 = SURFACE_CURVE('',#3529,(#3532,#3538),.PCURVE_S1.);
#3529 = B_SPLINE_CURVE_WITH_KNOTS('',1,(#3530,#3531),.UNSPECIFIED.,.F.,
  .F.,(2,2),(0.,181.),.PIECEWISE_BEZIER_KNOTS.);
#3530 = CARTESIAN_POINT('',(90.729695431472,60.,79.));
#3531 = CARTESIAN_POINT('',(-90.72969543147,60.,79.));
#3532 = PCURVE('',#2767,#3533);
#3533 = DEFINITIONAL_REPRESENTATION('',(#3534),#3537);
#3534 = B_SPLINE_CURVE_WITH_KNOTS('',1,(#3535,#3536),.UNSPECIFIED.,.F.,
  .F.,(2,2),(0.,181.),.PIECEWISE_BEZIER_KNOTS.);
#3535 = CARTESIAN_POINT('',(181.22969543147,-63.5));
#3536 = CARTESIAN_POINT('',(-0.229695431472,-63.5));
#3537 = ( GEOMETRIC_REPRESENTATION_CONTEXT(2) 
PARAMETRIC_REPRESENTATION_CONTEXT() REPRESENTATION_CONTEXT('2D SPACE',''
  ) );
#3538 = PCURVE('',#3539,#3546);
#3539 = ( BOUNDED_SURFACE() B_SPLINE_SURFACE(2,1,(
    (#3540,#3541)
    ,(#3542,#3543)
    ,(#3544,#3545
)),.UNSPECIFIED.,.F.,.F.,.F.) B_SPLINE_SURFACE_WITH_KNOTS((3,3),(2,2),(
    0.,0.16744807922),(0.,181.),.PIECEWISE_BEZIER_KNOTS.) 
GEOMETRIC_REPRESENTATION_ITEM() RATIONAL_B_SPLINE_SURFACE((
    (1.,1.)
    ,(0.996497189455,0.996497189455)
,(1.,1.))) REPRESENTATION_ITEM('') SURFACE() );
#3540 = CARTESIAN_POINT('',(90.729695431472,60.,79.));
#3541 = CARTESIAN_POINT('',(-90.72969543147,60.,79.));
#3542 = CARTESIAN_POINT('',(90.729695431472,60.,79.251760650701));
#3543 = CARTESIAN_POINT('',(-90.72969543147,60.,79.251760650701));
#3544 = CARTESIAN_POINT('',(90.729695431472,59.95803989155,79.5));
#3545 = CARTESIAN_POINT('',(-90.72969543147,59.95803989155,79.5));
#3546 = DEFINITIONAL_REPRESENTATION('',(#3547),#3551);
#3547 = B_SPLINE_CURVE_WITH_KNOTS('',2,(#3548,#3549,#3550),
  .UNSPECIFIED.,.F.,.F.,(3,3),(0.,181.),.PIECEWISE_BEZIER_KNOTS.);
#3548 = CARTESIAN_POINT('',(0.,0.));
#3549 = CARTESIAN_POINT('',(0.,90.5));
#3550 = CARTESIAN_POINT('',(0.,181.));
#3551 = ( GEOMETRIC_REPRESENTATION_CONTEXT(2) 
PARAMETRIC_REPRESENTATION_CONTEXT() REPRESENTATION_CONTEXT('2D SPACE',''
  ) );
#3552 = ORIENTED_EDGE('',*,*,#3553,.T.);
#3553 = EDGE_CURVE('',#3526,#3554,#3556,.T.);
#3554 = VERTEX_POINT('',#3555);
#3555 = CARTESIAN_POINT('',(90.729695431472,60.,15.5));
#3556 = SURFACE_CURVE('',#3557,(#3560,#3566),.PCURVE_S1.);
#3557 = B_SPLINE_CURVE_WITH_KNOTS('',1,(#3558,#3559),.UNSPECIFIED.,.F.,
  .F.,(2,2),(0.5,64.),.PIECEWISE_BEZIER_KNOTS.);
#3558 = CARTESIAN_POINT('',(90.729695431472,60.,79.));
#3559 = CARTESIAN_POINT('',(90.729695431472,60.,15.5));
#3560 = PCURVE('',#2767,#3561);
#3561 = DEFINITIONAL_REPRESENTATION('',(#3562),#3565);
#3562 = B_SPLINE_CURVE_WITH_KNOTS('',1,(#3563,#3564),.UNSPECIFIED.,.F.,
  .F.,(2,2),(0.5,64.),.PIECEWISE_BEZIER_KNOTS.);
#3563 = CARTESIAN_POINT('',(181.22969543147,-63.5));
#3564 = CARTESIAN_POINT('',(181.22969543147,0.));
#3565 = ( GEOMETRIC_REPRESENTATION_CONTEXT(2) 
PARAMETRIC_REPRESENTATION_CONTEXT() REPRESENTATION_CONTEXT('2D SPACE',''
  ) );
#3566 = PCURVE('',#3567,#3574);
#3567 = ( BOUNDED_SURFACE() B_SPLINE_SURFACE(2,1,(
    (#3568,#3569)
    ,(#3570,#3571)
    ,(#3572,#3573
)),.UNSPECIFIED.,.F.,.F.,.F.) B_SPLINE_SURFACE_WITH_KNOTS((3,3),(2,2),(
    0.,1.570211665735),(-63.57623904971,0.),.PIECEWISE_BEZIER_KNOTS.) 
GEOMETRIC_REPRESENTATION_ITEM() RATIONAL_B_SPLINE_SURFACE((
    (1.,1.)
    ,(0.70731345987,0.70731345987)
,(1.,1.))) REPRESENTATION_ITEM('') SURFACE() );
#3568 = CARTESIAN_POINT('',(90.729695431472,60.,79.076239049711));
#3569 = CARTESIAN_POINT('',(90.729695431472,60.,15.5));
#3570 = CARTESIAN_POINT('',(98.747656105241,59.997662039152,
    79.076239049711));
#3571 = CARTESIAN_POINT('',(98.747656105241,59.997662039152,15.5));
#3572 = CARTESIAN_POINT('',(98.75,52.,79.076239049711));
#3573 = CARTESIAN_POINT('',(98.75,52.,15.5));
#3574 = DEFINITIONAL_REPRESENTATION('',(#3575),#3579);
#3575 = B_SPLINE_CURVE_WITH_KNOTS('',2,(#3576,#3577,#3578),
  .UNSPECIFIED.,.F.,.F.,(3,3),(0.5,64.),.PIECEWISE_BEZIER_KNOTS.);
#3576 = CARTESIAN_POINT('',(-3.215092212193E-46,-63.5));
#3577 = CARTESIAN_POINT('',(3.233410349021E-46,-31.75));
#3578 = CARTESIAN_POINT('',(-4.026407024009E-47,7.105427357601E-15));
#3579 = ( GEOMETRIC_REPRESENTATION_CONTEXT(2) 
PARAMETRIC_REPRESENTATION_CONTEXT() REPRESENTATION_CONTEXT('2D SPACE',''
  ) );
#3580 = ORIENTED_EDGE('',*,*,#3581,.T.);
#3581 = EDGE_CURVE('',#3554,#2536,#3582,.T.);
#3582 = SURFACE_CURVE('',#3583,(#3587,#3594),.PCURVE_S1.);
#3583 = LINE('',#3584,#3585);
#3584 = CARTESIAN_POINT('',(90.729695431472,60.,15.5));
#3585 = VECTOR('',#3586,1.);
#3586 = DIRECTION('',(-1.,0.,3.640449228311E-15));
#3587 = PCURVE('',#2767,#3588);
#3588 = DEFINITIONAL_REPRESENTATION('',(#3589),#3593);
#3589 = LINE('',#3590,#3591);
#3590 = CARTESIAN_POINT('',(181.22969543147,0.));
#3591 = VECTOR('',#3592,1.);
#3592 = DIRECTION('',(-1.,-3.640449228311E-15));
#3593 = ( GEOMETRIC_REPRESENTATION_CONTEXT(2) 
PARAMETRIC_REPRESENTATION_CONTEXT() REPRESENTATION_CONTEXT('2D SPACE',''
  ) );
#3594 = PCURVE('',#786,#3595);
#3595 = DEFINITIONAL_REPRESENTATION('',(#3596),#3600);
#3596 = LINE('',#3597,#3598);
#3597 = CARTESIAN_POINT('',(200.72969543147,125.));
#3598 = VECTOR('',#3599,1.);
#3599 = DIRECTION('',(-1.,0.));
#3600 = ( GEOMETRIC_REPRESENTATION_CONTEXT(2) 
PARAMETRIC_REPRESENTATION_CONTEXT() REPRESENTATION_CONTEXT('2D SPACE',''
  ) );
#3601 = ORIENTED_EDGE('',*,*,#2747,.T.);
#3602 = ORIENTED_EDGE('',*,*,#2912,.T.);
#3603 = ORIENTED_EDGE('',*,*,#3072,.T.);
#3604 = ORIENTED_EDGE('',*,*,#3233,.T.);
#3605 = ORIENTED_EDGE('',*,*,#3403,.T.);
#3606 = ORIENTED_EDGE('',*,*,#3607,.F.);
#3607 = EDGE_CURVE('',#3608,#3294,#3610,.T.);
#3608 = VERTEX_POINT('',#3609);
#3609 = CARTESIAN_POINT('',(21.725600401476,60.,15.5));
#3610 = SURFACE_CURVE('',#3611,(#3615,#3622),.PCURVE_S1.);
#3611 = LINE('',#3612,#3613);
#3612 = CARTESIAN_POINT('',(-90.5,60.,15.5));
#3613 = VECTOR('',#3614,1.);
#3614 = DIRECTION('',(1.,0.,0.));
#3615 = PCURVE('',#2767,#3616);
#3616 = DEFINITIONAL_REPRESENTATION('',(#3617),#3621);
#3617 = LINE('',#3618,#3619);
#3618 = CARTESIAN_POINT('',(0.,0.));
#3619 = VECTOR('',#3620,1.);
#3620 = DIRECTION('',(1.,0.));
#3621 = ( GEOMETRIC_REPRESENTATION_CONTEXT(2) 
PARAMETRIC_REPRESENTATION_CONTEXT() REPRESENTATION_CONTEXT('2D SPACE',''
  ) );
#3622 = PCURVE('',#2244,#3623);
#3623 = DEFINITIONAL_REPRESENTATION('',(#3624),#3628);
#3624 = LINE('',#3625,#3626);
#3625 = CARTESIAN_POINT('',(90.5,17.249171011152));
#3626 = VECTOR('',#3627,1.);
#3627 = DIRECTION('',(-1.,0.));
#3628 = ( GEOMETRIC_REPRESENTATION_CONTEXT(2) 
PARAMETRIC_REPRESENTATION_CONTEXT() REPRESENTATION_CONTEXT('2D SPACE',''
  ) );
#3629 = ORIENTED_EDGE('',*,*,#3630,.F.);
#3630 = EDGE_CURVE('',#3631,#3608,#3633,.T.);
#3631 = VERTEX_POINT('',#3632);
#3632 = CARTESIAN_POINT('',(16.,60.,22.55));
#3633 = SURFACE_CURVE('',#3634,(#3650,#3669),.PCURVE_S1.);
#3634 = B_SPLINE_CURVE_WITH_KNOTS('',14,(#3635,#3636,#3637,#3638,#3639,
    #3640,#3641,#3642,#3643,#3644,#3645,#3646,#3647,#3648,#3649),
  .UNSPECIFIED.,.T.,.F.,(15,15),(0.,1.),.PIECEWISE_BEZIER_KNOTS.);
#3635 = CARTESIAN_POINT('',(16.,60.,22.55));
#3636 = CARTESIAN_POINT('',(18.625473860504,60.000000000006,
    22.550000000002));
#3637 = CARTESIAN_POINT('',(21.250948690114,59.999999999977,
    21.281050986978));
#3638 = CARTESIAN_POINT('',(23.211993177471,60.000000000045,
    18.743151338726));
#3639 = CARTESIAN_POINT('',(23.844250935555,59.999999999953,
    15.315827903784));
#3640 = CARTESIAN_POINT('',(22.721514636938,59.999999999997,
    11.758062386613));
#3641 = CARTESIAN_POINT('',(19.89542868478,60.000000000106,
    9.042106045356));
#3642 = CARTESIAN_POINT('',(16.000000000076,59.999999999787,
    8.019602677932));
#3643 = CARTESIAN_POINT('',(12.104571315076,60.000000000266,
    9.042106045386));
#3644 = CARTESIAN_POINT('',(9.278485363181,59.999999999758,
    11.758062386568));
#3645 = CARTESIAN_POINT('',(8.155749064364,60.000000000168,
    15.315827903826));
#3646 = CARTESIAN_POINT('',(8.788006822573,59.999999999912,18.7431513387
    ));
#3647 = CARTESIAN_POINT('',(10.749051309868,60.000000000033,
    21.281050986989));
#3648 = CARTESIAN_POINT('',(13.3745261395,59.999999999993,
    22.549999999999));
#3649 = CARTESIAN_POINT('',(16.,60.,22.55));
#3650 = PCURVE('',#2767,#3651);
#3651 = DEFINITIONAL_REPRESENTATION('',(#3652),#3668);
#3652 = B_SPLINE_CURVE_WITH_KNOTS('',14,(#3653,#3654,#3655,#3656,#3657,
    #3658,#3659,#3660,#3661,#3662,#3663,#3664,#3665,#3666,#3667),
  .UNSPECIFIED.,.F.,.F.,(15,15),(0.,1.),.PIECEWISE_BEZIER_KNOTS.);
#3653 = CARTESIAN_POINT('',(106.5,-7.05));
#3654 = CARTESIAN_POINT('',(109.1254738605,-7.050000000002));
#3655 = CARTESIAN_POINT('',(111.75094869011,-5.781050986978));
#3656 = CARTESIAN_POINT('',(113.71199317747,-3.243151338726));
#3657 = CARTESIAN_POINT('',(114.34425093555,0.184172096216));
#3658 = CARTESIAN_POINT('',(113.22151463693,3.741937613387));
#3659 = CARTESIAN_POINT('',(110.39542868478,6.457893954644));
#3660 = CARTESIAN_POINT('',(106.50000000007,7.480397322068));
#3661 = CARTESIAN_POINT('',(102.60457131507,6.457893954614));
#3662 = CARTESIAN_POINT('',(99.778485363181,3.741937613432));
#3663 = CARTESIAN_POINT('',(98.655749064364,0.184172096174));
#3664 = CARTESIAN_POINT('',(99.288006822573,-3.2431513387));
#3665 = CARTESIAN_POINT('',(101.24905130986,-5.781050986989));
#3666 = CARTESIAN_POINT('',(103.8745261395,-7.049999999999));
#3667 = CARTESIAN_POINT('',(106.5,-7.05));
#3668 = ( GEOMETRIC_REPRESENTATION_CONTEXT(2) 
PARAMETRIC_REPRESENTATION_CONTEXT() REPRESENTATION_CONTEXT('2D SPACE',''
  ) );
#3669 = PCURVE('',#3670,#3986);
#3670 = ( BOUNDED_SURFACE() B_SPLINE_SURFACE(14,8,(
    (#3671,#3672,#3673,#3674,#3675,#3676,#3677,#3678,#3679,#3680,#3681
      ,#3682,#3683,#3684,#3685,#3686,#3687,#3688,#3689,#3690,#3691)
    ,(#3692,#3693,#3694,#3695,#3696,#3697,#3698,#3699,#3700,#3701,#3702
      ,#3703,#3704,#3705,#3706,#3707,#3708,#3709,#3710,#3711,#3712)
    ,(#3713,#3714,#3715,#3716,#3717,#3718,#3719,#3720,#3721,#3722,#3723
      ,#3724,#3725,#3726,#3727,#3728,#3729,#3730,#3731,#3732,#3733)
    ,(#3734,#3735,#3736,#3737,#3738,#3739,#3740,#3741,#3742,#3743,#3744
      ,#3745,#3746,#3747,#3748,#3749,#3750,#3751,#3752,#3753,#3754)
    ,(#3755,#3756,#3757,#3758,#3759,#3760,#3761,#3762,#3763,#3764,#3765
      ,#3766,#3767,#3768,#3769,#3770,#3771,#3772,#3773,#3774,#3775)
    ,(#3776,#3777,#3778,#3779,#3780,#3781,#3782,#3783,#3784,#3785,#3786
      ,#3787,#3788,#3789,#3790,#3791,#3792,#3793,#3794,#3795,#3796)
    ,(#3797,#3798,#3799,#3800,#3801,#3802,#3803,#3804,#3805,#3806,#3807
      ,#3808,#3809,#3810,#3811,#3812,#3813,#3814,#3815,#3816,#3817)
    ,(#3818,#3819,#3820,#3821,#3822,#3823,#3824,#3825,#3826,#3827,#3828
      ,#3829,#3830,#3831,#3832,#3833,#3834,#3835,#3836,#3837,#3838)
    ,(#3839,#3840,#3841,#3842,#3843,#3844,#3845,#3846,#3847,#3848,#3849
      ,#3850,#3851,#3852,#3853,#3854,#3855,#3856,#3857,#3858,#3859)
    ,(#3860,#3861,#3862,#3863,#3864,#3865,#3866,#3867,#3868,#3869,#3870
      ,#3871,#3872,#3873,#3874,#3875,#3876,#3877,#3878,#3879,#3880)
    ,(#3881,#3882,#3883,#3884,#3885,#3886,#3887,#3888,#3889,#3890,#3891
      ,#3892,#3893,#3894,#3895,#3896,#3897,#3898,#3899,#3900,#3901)
    ,(#3902,#3903,#3904,#3905,#3906,#3907,#3908,#3909,#3910,#3911,#3912
      ,#3913,#3914,#3915,#3916,#3917,#3918,#3919,#3920,#3921,#3922)
    ,(#3923,#3924,#3925,#3926,#3927,#3928,#3929,#3930,#3931,#3932,#3933
      ,#3934,#3935,#3936,#3937,#3938,#3939,#3940,#3941,#3942,#3943)
    ,(#3944,#3945,#3946,#3947,#3948,#3949,#3950,#3951,#3952,#3953,#3954
      ,#3955,#3956,#3957,#3958,#3959,#3960,#3961,#3962,#3963,#3964)
    ,(#3965,#3966,#3967,#3968,#3969,#3970,#3971,#3972,#3973,#3974,#3975
      ,#3976,#3977,#3978,#3979,#3980,#3981,#3982,#3983,#3984,#3985
)),.UNSPECIFIED.,.T.,.F.,.F.) B_SPLINE_SURFACE_WITH_KNOTS((15,15),(9,6,6
    ,9),(0.,1.),(0.,0.29855097099,0.63294588431,1.),.UNSPECIFIED.) 
GEOMETRIC_REPRESENTATION_ITEM() RATIONAL_B_SPLINE_SURFACE((
    (1.,1.,1.,1.,1.,1.,1.,1.,1.,1.,1.,1.,1.,1.,1.,1.000000000001
      ,0.999999999999,1.000000000001,0.999999999999,1.,1.)
    ,(1.,1.,1.,1.,1.,1.,1.,1.,1.,1.,1.,1.,1.,1.,1.,1.000000000001
      ,0.999999999999,1.000000000001,0.999999999999,1.,1.)
    ,(1.,1.,1.,1.,1.,1.,1.,1.,1.,1.,1.,1.,1.,1.,1.,1.000000000001
      ,0.999999999999,1.000000000001,0.999999999999,1.,1.)
    ,(1.,1.,1.,1.,1.,1.,1.,1.,1.,1.,1.,1.,1.,1.,1.,1.000000000001
      ,0.999999999999,1.000000000001,0.999999999999,1.,1.)
    ,(1.,1.,1.,1.,1.,1.,1.,1.,1.,1.,1.,1.,1.,1.,1.,1.000000000001
      ,0.999999999999,1.000000000001,0.999999999999,1.,1.)
    ,(1.,1.,1.,1.,1.,1.,1.,1.,1.,1.,1.,1.,1.,1.,1.,1.000000000001
      ,0.999999999999,1.000000000001,0.999999999999,1.,1.)
    ,(1.,1.,1.,1.,1.,1.,1.,1.,1.,1.,1.,1.,1.,1.,1.,1.000000000001
      ,0.999999999999,1.000000000001,0.999999999999,1.,1.)
    ,(1.,1.,1.,1.,1.,1.,1.,1.,1.,1.,1.,1.,1.,1.,1.,1.000000000001
      ,0.999999999999,1.000000000001,0.999999999999,1.,1.)
    ,(1.,1.,1.,1.,1.,1.,1.,1.,1.,1.,1.,1.,1.,1.,1.,1.000000000001
      ,0.999999999999,1.000000000001,0.999999999999,1.,1.)
    ,(1.,1.,1.,1.,1.,1.,1.,1.,1.,1.,1.,1.,1.,1.,1.,1.000000000001
      ,0.999999999999,1.000000000001,0.999999999999,1.,1.)
    ,(1.,1.,1.,1.,1.,1.,1.,1.,1.,1.,1.,1.,1.,1.,1.,1.000000000001
      ,0.999999999999,1.000000000001,0.999999999999,1.,1.)
    ,(1.,1.,1.,1.,1.,1.,1.,1.,1.,1.,1.,1.,1.,1.,1.,1.000000000001
      ,0.999999999999,1.000000000001,0.999999999999,1.,1.)
    ,(1.,1.,1.,1.,1.,1.,1.,1.,1.,1.,1.,1.,1.,1.,1.,1.000000000001
      ,0.999999999999,1.000000000001,0.999999999999,1.,1.)
    ,(1.,1.,1.,1.,1.,1.,1.,1.,1.,1.,1.,1.,1.,1.,1.,1.000000000001
      ,0.999999999999,1.000000000001,0.999999999999,1.,1.)
    ,(1.,1.,1.,1.,1.,1.,1.,1.,1.,1.,1.,1.,1.,1.,1.,1.000000000001
      ,0.999999999999,1.000000000001,0.999999999999,1.,1.
))) REPRESENTATION_ITEM('') SURFACE() );
#3671 = CARTESIAN_POINT('',(16.,58.,20.55));
#3672 = CARTESIAN_POINT('',(15.999999999997,58.134568624454,
    20.549999903587));
#3673 = CARTESIAN_POINT('',(16.00000000001,58.269132805087,
    20.560348155067));
#3674 = CARTESIAN_POINT('',(15.999999999983,58.402168590621,
    20.581041683723));
#3675 = CARTESIAN_POINT('',(16.000000000018,58.532120233738,
    20.611726784709));
#3676 = CARTESIAN_POINT('',(15.999999999987,58.657683988157,
    20.651661401922));
#3677 = CARTESIAN_POINT('',(16.000000000005,58.777943796885,
    20.699962327433));
#3678 = CARTESIAN_POINT('',(15.999999999993,59.020337250786,
    20.818196367417));
#3679 = CARTESIAN_POINT('',(16.000000000007,59.234308620332,
    20.96615863282));
#3680 = CARTESIAN_POINT('',(15.99999999998,59.338860852372,
    21.051426990056));
#3681 = CARTESIAN_POINT('',(16.000000000027,59.434716423639,
    21.142662273522));
#3682 = CARTESIAN_POINT('',(15.999999999981,59.521878678862,
    21.238911547709));
#3683 = CARTESIAN_POINT('',(16.000000000006,59.600428241328,
    21.339365910013));
#3684 = CARTESIAN_POINT('',(15.999999999993,59.747387293045,
    21.557460269433));
#3685 = CARTESIAN_POINT('',(16.000000000006,59.857537005374,
    21.788390748332));
#3686 = CARTESIAN_POINT('',(15.999999999987,59.905264413742,
    21.911955468122));
#3687 = CARTESIAN_POINT('',(16.000000000017,59.943255653016,
    22.037584873969));
#3688 = CARTESIAN_POINT('',(15.999999999985,59.971652384037,
    22.16470991591));
#3689 = CARTESIAN_POINT('',(16.000000000009,59.990550615475,
    22.29281352544));
#3690 = CARTESIAN_POINT('',(15.999999999997,60.000000042334,
    22.421406807131));
#3691 = CARTESIAN_POINT('',(16.,60.,22.55));
#3692 = CARTESIAN_POINT('',(17.727875959471,57.999999999992,20.55));
#3693 = CARTESIAN_POINT('',(17.727875916215,58.134568624491,
    20.549999903603));
#3694 = CARTESIAN_POINT('',(17.73252020057,58.269132804934,
    20.560348155011));
#3695 = CARTESIAN_POINT('',(17.741807434594,58.402168590922,
    20.581041683823));
#3696 = CARTESIAN_POINT('',(17.755578875641,58.532120233485,
    20.61172678462));
#3697 = CARTESIAN_POINT('',(17.773501489999,58.657683988261,
    20.651661401961));
#3698 = CARTESIAN_POINT('',(17.795178894616,58.777943796865,
    20.69996232743));
#3699 = CARTESIAN_POINT('',(17.848242207743,59.020337250823,
    20.818196367416));
#3700 = CARTESIAN_POINT('',(17.914647517091,59.23430862031,
    20.966158632831));
#3701 = CARTESIAN_POINT('',(17.952915866488,59.33886085247,
    21.051426990035));
#3702 = CARTESIAN_POINT('',(17.993862165699,59.434716423382,
    21.142662273561));
#3703 = CARTESIAN_POINT('',(18.037058739164,59.521878679163,
    21.23891154767));
#3704 = CARTESIAN_POINT('',(18.082142551443,59.600428241186,
    21.33936591003));
#3705 = CARTESIAN_POINT('',(18.180023071094,59.747387293217,
    21.557460269415));
#3706 = CARTESIAN_POINT('',(18.283664427646,59.857537005223,
    21.788390748352));
#3707 = CARTESIAN_POINT('',(18.339120144194,59.905264414239,
    21.911955468053));
#3708 = CARTESIAN_POINT('',(18.395502489818,59.943255652025,
    22.03758487414));
#3709 = CARTESIAN_POINT('',(18.452556074948,59.971652385282,
    22.164709915646));
#3710 = CARTESIAN_POINT('',(18.510048840779,59.99055061455,
    22.292813525674));
#3711 = CARTESIAN_POINT('',(18.567761370437,60.000000042684,
    22.421406807035));
#3712 = CARTESIAN_POINT('',(18.625473860504,60.000000000006,
    22.550000000002));
#3713 = CARTESIAN_POINT('',(19.455752556765,58.000000000032,
    19.714875045053));
#3714 = CARTESIAN_POINT('',(19.455752470117,58.134568624082,
    19.714853694911));
#3715 = CARTESIAN_POINT('',(19.465041041029,58.269132806324,
    19.72302143149));
#3716 = CARTESIAN_POINT('',(19.483615511691,58.402168588538,
    19.739157520892));
#3717 = CARTESIAN_POINT('',(19.511158399648,58.532120235443,
    19.763232181079));
#3718 = CARTESIAN_POINT('',(19.547003634335,58.657683987471,
    19.794485093606));
#3719 = CARTESIAN_POINT('',(19.590358452086,58.777943797003,
    19.8323133784));
#3720 = CARTESIAN_POINT('',(19.696485097416,59.020337250616,
    19.924900236197));
#3721 = CARTESIAN_POINT('',(19.829295741236,59.23430862042,
    20.040767661957));
#3722 = CARTESIAN_POINT('',(19.905832452959,59.338860852027,
    20.107539856583));
#3723 = CARTESIAN_POINT('',(19.987725068466,59.43471642463,
    20.17898513093));
#3724 = CARTESIAN_POINT('',(20.074118229608,59.521878677664,
    20.254356391063));
#3725 = CARTESIAN_POINT('',(20.164285871603,59.600428241898,
    20.333020833895));
#3726 = CARTESIAN_POINT('',(20.360046946747,59.747387292371,
    20.5038073599));
#3727 = CARTESIAN_POINT('',(20.567329698327,59.85753700595,
    20.684645735033));
#3728 = CARTESIAN_POINT('',(20.678241151806,59.905264411972,
    20.781407439391));
#3729 = CARTESIAN_POINT('',(20.791005863407,59.943255656537,
    20.879786116149));
#3730 = CARTESIAN_POINT('',(20.905113056057,59.971652379568,
    20.979335801587));
#3731 = CARTESIAN_POINT('',(21.020098607285,59.990550618825,
    21.079651986162));
#3732 = CARTESIAN_POINT('',(21.135523689039,60.000000041067,
    21.180351492679));
#3733 = CARTESIAN_POINT('',(21.250948690114,59.999999999977,
    21.281050986978));
#3734 = CARTESIAN_POINT('',(20.746354484264,57.999999999924,
    18.044670710831));
#3735 = CARTESIAN_POINT('',(20.746354365671,58.134568625363,
    18.044819598804));
#3736 = CARTESIAN_POINT('',(20.759111889379,58.269132802089,
    18.047984611545));
#3737 = CARTESIAN_POINT('',(20.784623273245,58.402168595645,
    18.055692967099));
#3738 = CARTESIAN_POINT('',(20.822452458191,58.532120229649,
    18.066090762004));
#3739 = CARTESIAN_POINT('',(20.871684627885,58.657683989719,
    18.08017337591));
#3740 = CARTESIAN_POINT('',(20.931230942416,58.777943796602,
    18.097011130977));
#3741 = CARTESIAN_POINT('',(21.07699215529,59.020337251181,
    18.138308800389));
#3742 = CARTESIAN_POINT('',(21.259402897483,59.234308620126,
    18.189983499777));
#3743 = CARTESIAN_POINT('',(21.364523380201,59.338860853196,
    18.219765658759));
#3744 = CARTESIAN_POINT('',(21.476999999037,59.434716420976,
    18.251628549207));
#3745 = CARTESIAN_POINT('',(21.595657969578,59.521878682133,
    18.285245396308));
#3746 = CARTESIAN_POINT('',(21.719500049418,59.60042823972,
    18.32032922893));
#3747 = CARTESIAN_POINT('',(21.988370995587,59.74738729491,
    18.396500375126));
#3748 = CARTESIAN_POINT('',(22.273066557336,59.85753700374,
    18.477154143354));
#3749 = CARTESIAN_POINT('',(22.425399534426,59.905264418781,
    18.520310314048));
#3750 = CARTESIAN_POINT('',(22.580277897793,59.943255642836,
    18.564186565387));
#3751 = CARTESIAN_POINT('',(22.737000105678,59.971652396971,
    18.608586596892));
#3752 = CARTESIAN_POINT('',(22.894928717738,59.990550605736,
    18.653327015652));
#3753 = CARTESIAN_POINT('',(23.053461000654,60.000000045998,
    18.698239395365));
#3754 = CARTESIAN_POINT('',(23.211993177471,60.000000000045,
    18.743151338726));
#3755 = CARTESIAN_POINT('',(21.162455744003,58.000000000121,
    15.788933373076));
#3756 = CARTESIAN_POINT('',(21.162455614051,58.13456862219,
    15.788405401628));
#3757 = CARTESIAN_POINT('',(21.176331561847,58.269132812128,
    15.787549449948));
#3758 = CARTESIAN_POINT('',(21.204079461421,58.402168579423,
    15.78094777147));
#3759 = CARTESIAN_POINT('',(21.24522504226,58.532120242786,
    15.774818984083));
#3760 = CARTESIAN_POINT('',(21.29877327235,58.65768398478,
    15.764890746196));
#3761 = CARTESIAN_POINT('',(21.363539869109,58.777943797529,
    15.753574495743));
#3762 = CARTESIAN_POINT('',(21.522079607074,59.020337250008,
    15.725586140509));
#3763 = CARTESIAN_POINT('',(21.720481855441,59.234308620766,
    15.690584158004));
#3764 = CARTESIAN_POINT('',(21.834817985949,59.338860850858,
    15.670403019021));
#3765 = CARTESIAN_POINT('',(21.957155165879,59.434716428931,
    15.648821590287));
#3766 = CARTESIAN_POINT('',(22.086215579571,59.521878672362,
    15.626043915763));
#3767 = CARTESIAN_POINT('',(22.220914595486,59.600428244601,
    15.602277192697));
#3768 = CARTESIAN_POINT('',(22.513356796661,59.747387289353,
    15.550672889606));
#3769 = CARTESIAN_POINT('',(22.823010921342,59.857537008661,
    15.496033119466));
#3770 = CARTESIAN_POINT('',(22.988698557089,59.905264403827,
    15.466795075757));
#3771 = CARTESIAN_POINT('',(23.157154722577,59.943255673299,
    15.437072141085));
#3772 = CARTESIAN_POINT('',(23.327616392431,59.971652358209,
    15.406990284159));
#3773 = CARTESIAN_POINT('',(23.499390206423,59.990550635058,
    15.376681805204));
#3774 = CARTESIAN_POINT('',(23.671820634094,60.000000035013,
    15.346254122632));
#3775 = CARTESIAN_POINT('',(23.844250935555,59.999999999953,
    15.315827903784));
#3776 = CARTESIAN_POINT('',(20.4235609148,57.999999999869,
    13.447878302157));
#3777 = CARTESIAN_POINT('',(20.423560805097,58.134568628642,
    13.44908522711));
#3778 = CARTESIAN_POINT('',(20.435450703146,58.269132792597,
    13.436703153774));
#3779 = CARTESIAN_POINT('',(20.459227093116,58.402168609739,
    13.42311974859));
#3780 = CARTESIAN_POINT('',(20.494483561098,58.532120218262,
    13.394611136913));
#3781 = CARTESIAN_POINT('',(20.540367514574,58.657683993927,
    13.361970846182));
#3782 = CARTESIAN_POINT('',(20.595864157813,58.777943795646,
    13.320910804054));
#3783 = CARTESIAN_POINT('',(20.731712336966,59.020337252141,
    13.221059110551));
#3784 = CARTESIAN_POINT('',(20.901717552526,59.234308619437,
    13.096047138512));
#3785 = CARTESIAN_POINT('',(20.99968892915,59.338860855034,
    13.024027627097));
#3786 = CARTESIAN_POINT('',(21.104516147165,59.434716414654,
    12.94694100509));
#3787 = CARTESIAN_POINT('',(21.215104345997,59.521878689575,
    12.865641274819));
#3788 = CARTESIAN_POINT('',(21.330524079525,59.600428235853,
    12.780775656138));
#3789 = CARTESIAN_POINT('',(21.581109453374,59.747387299058,
    12.596536821664));
#3790 = CARTESIAN_POINT('',(21.846443229317,59.857536999903,
    12.401450470837));
#3791 = CARTESIAN_POINT('',(21.988416232348,59.90526443001,
    12.297069019458));
#3792 = CARTESIAN_POINT('',(22.132761518846,59.943255619432,
    12.190935058949));
#3793 = CARTESIAN_POINT('',(22.278825237329,59.971652426683,
    12.083549144921));
#3794 = CARTESIAN_POINT('',(22.426013335595,59.990550583021,
    11.975325311379));
#3795 = CARTESIAN_POINT('',(22.573764030764,60.000000054381,
    11.866695462828));
#3796 = CARTESIAN_POINT('',(22.721514636938,59.999999999997,
    11.758062386613));
#3797 = CARTESIAN_POINT('',(18.563658194346,58.000000000081,
    11.659764994593));
#3798 = CARTESIAN_POINT('',(18.563658128664,58.1345686181,
    11.657829143046));
#3799 = CARTESIAN_POINT('',(18.570548881248,58.26913282345,
    11.650122211747));
#3800 = CARTESIAN_POINT('',(18.584328391419,58.402168563396,
    11.616780506615));
#3801 = CARTESIAN_POINT('',(18.604761150383,58.532120255878,
    11.580761740014));
#3802 = CARTESIAN_POINT('',(18.631353020565,58.657683979799,
    11.526728295561));
#3803 = CARTESIAN_POINT('',(18.663515897146,58.777943798861,
    11.463911991501));
#3804 = CARTESIAN_POINT('',(18.742246196028,59.020337248773,
    11.309091306597));
#3805 = CARTESIAN_POINT('',(18.840772090101,59.234308621841,
    11.115429884369));
#3806 = CARTESIAN_POINT('',(18.897551021986,59.338860848416,
    11.003789000131));
#3807 = CARTESIAN_POINT('',(18.958303265636,59.434716436157,
    10.884379504898));
#3808 = CARTESIAN_POINT('',(19.022394224919,59.521878664453,
    10.758370250068));
#3809 = CARTESIAN_POINT('',(19.089285307878,59.600428248759,
    10.626878067946));
#3810 = CARTESIAN_POINT('',(19.234511122354,59.7473872851,
    10.341380292976));
#3811 = CARTESIAN_POINT('',(19.388284321723,59.857537012713,
    10.039085718774));
#3812 = CARTESIAN_POINT('',(19.470564247139,59.905264392417,
    9.877329508746));
#3813 = CARTESIAN_POINT('',(19.554219005738,59.943255697293,
    9.712883874235));
#3814 = CARTESIAN_POINT('',(19.638869714161,59.971652327986,
    9.546461901586));
#3815 = CARTESIAN_POINT('',(19.724171996499,59.990550658278,
    9.378776993848));
#3816 = CARTESIAN_POINT('',(19.809800379274,60.000000026551,
    9.210438811002));
#3817 = CARTESIAN_POINT('',(19.89542868478,60.000000000106,
    9.042106045356));
#3818 = CARTESIAN_POINT('',(16.000000000005,58.00000000001,
    10.987755078473));
#3819 = CARTESIAN_POINT('',(16.000000001627,58.134568631891,
    10.990013862385));
#3820 = CARTESIAN_POINT('',(15.999999996764,58.269132783935,
    10.967846242056));
#3821 = CARTESIAN_POINT('',(16.000000001584,58.402168621426,
    10.944435775075));
#3822 = CARTESIAN_POINT('',(15.999999999727,58.532120208433,
    10.894063481994));
#3823 = CARTESIAN_POINT('',(16.000000001001,58.657683997916,
    10.836857614622));
#3824 = CARTESIAN_POINT('',(15.999999998275,58.777943794335,
    10.764707094342));
#3825 = CARTESIAN_POINT('',(16.000000002235,59.020337253324,
    10.589323339523));
#3826 = CARTESIAN_POINT('',(15.99999999739,59.234308618245,
    10.369740785595));
#3827 = CARTESIAN_POINT('',(16.000000006749,59.338860857455,
    10.243241715457));
#3828 = CARTESIAN_POINT('',(15.999999991919,59.434716408963,
    10.10783934708));
#3829 = CARTESIAN_POINT('',(16.000000004227,59.521878695092,
    9.965039353131));
#3830 = CARTESIAN_POINT('',(15.999999999085,59.600428232938,
    9.815974401563));
#3831 = CARTESIAN_POINT('',(16.000000000417,59.747387301827,
    9.492363444262));
#3832 = CARTESIAN_POINT('',(15.99999999995,59.857536997171,
    9.149698632606));
#3833 = CARTESIAN_POINT('',(15.999999997318,59.905264437094,
    8.966355413195));
#3834 = CARTESIAN_POINT('',(16.000000008872,59.943255604446,
    8.779932993586));
#3835 = CARTESIAN_POINT('',(15.999999986445,59.971652445235,
    8.591312878722));
#3836 = CARTESIAN_POINT('',(16.000000011277,59.990550568675,
    8.401219674529));
#3837 = CARTESIAN_POINT('',(15.999999995135,60.000000059493,
    8.210414203345));
#3838 = CARTESIAN_POINT('',(16.000000000076,59.999999999787,
    8.019602677932));
#3839 = CARTESIAN_POINT('',(13.43634180565,57.999999999911,
    11.659764994595));
#3840 = CARTESIAN_POINT('',(13.436341868426,58.134568617505,
    11.657829142603));
#3841 = CARTESIAN_POINT('',(13.42945112455,58.269132824749,
    11.650122212967));
#3842 = CARTESIAN_POINT('',(13.415671605759,58.402168562257,
    11.616780504979));
#3843 = CARTESIAN_POINT('',(13.395238850085,58.532120257316,
    11.580761741459));
#3844 = CARTESIAN_POINT('',(13.368646977609,58.657683978845,
    11.526728294888));
#3845 = CARTESIAN_POINT('',(13.336484105987,58.777943799534,
    11.463911991647));
#3846 = CARTESIAN_POINT('',(13.257753799904,59.020337248152,
    11.309091306559));
#3847 = CARTESIAN_POINT('',(13.159227914633,59.234308622626,
    11.115429884452));
#3848 = CARTESIAN_POINT('',(13.10244896574,59.338860846996,
    11.003789000026));
#3849 = CARTESIAN_POINT('',(13.041696749067,59.434716437886,
    10.884379505233));
#3850 = CARTESIAN_POINT('',(12.977605767375,59.521878663675,
    10.758370249804));
#3851 = CARTESIAN_POINT('',(12.910714693783,59.600428249163,
    10.626878068111));
#3852 = CARTESIAN_POINT('',(12.765488876877,59.747387284976,
    10.341380292854));
#3853 = CARTESIAN_POINT('',(12.61171567837,59.857537012951,
    10.039085718953));
#3854 = CARTESIAN_POINT('',(12.5294357577,59.905264392644,9.877329508491
    ));
#3855 = CARTESIAN_POINT('',(12.445780978201,59.94325569679,
    9.712883874542));
#3856 = CARTESIAN_POINT('',(12.361130310365,59.97165232918,
    9.546461901492));
#3857 = CARTESIAN_POINT('',(12.275827983092,59.990550657432,
    9.378776993932));
#3858 = CARTESIAN_POINT('',(12.190199629522,60.000000027022,
    9.210438810984));
#3859 = CARTESIAN_POINT('',(12.104571315076,60.000000000266,
    9.042106045386));
#3860 = CARTESIAN_POINT('',(11.576439085193,58.000000000117,
    13.447878302153));
#3861 = CARTESIAN_POINT('',(11.576439197041,58.134568629468,
    13.449085227736));
#3862 = CARTESIAN_POINT('',(11.56454929252,58.269132790851,
    13.436703152049));
#3863 = CARTESIAN_POINT('',(11.540772909124,58.402168611111,
    13.4231197509));
#3864 = CARTESIAN_POINT('',(11.505516438384,58.532120216451,
    13.394611134858));
#3865 = CARTESIAN_POINT('',(11.459632486929,58.657683995143,
    13.36197084714));
#3866 = CARTESIAN_POINT('',(11.404135839815,58.777943794704,
    13.320910803842));
#3867 = CARTESIAN_POINT('',(11.268287666126,59.020337252993,
    13.221059110602));
#3868 = CARTESIAN_POINT('',(11.098282443916,59.234308618327,
    13.096047138395));
#3869 = CARTESIAN_POINT('',(11.00031108014,59.33886085702,
    13.024027627234));
#3870 = CARTESIAN_POINT('',(10.895483841687,59.434716412199,
    12.946941004625));
#3871 = CARTESIAN_POINT('',(10.784895659901,59.521878690679,
    12.865641275179));
#3872 = CARTESIAN_POINT('',(10.669475919206,59.600428235253,
    12.780775655907));
#3873 = CARTESIAN_POINT('',(10.418890547258,59.747387299249,
    12.596536821826));
#3874 = CARTESIAN_POINT('',(10.153556770585,59.857536999524,
    12.401450470589));
#3875 = CARTESIAN_POINT('',(10.011583764144,59.905264429825,
    12.297069019803));
#3876 = CARTESIAN_POINT('',(9.867238493017,59.943255619832,
    12.190935058513));
#3877 = CARTESIAN_POINT('',(9.721174744543,59.971652425346,
    12.083549145071));
#3878 = CARTESIAN_POINT('',(9.57398667951,59.990550583948,11.97532531123
    ));
#3879 = CARTESIAN_POINT('',(9.426235962739,60.000000053801,
    11.866695462864));
#3880 = CARTESIAN_POINT('',(9.278485363181,59.999999999758,
    11.758062386568));
#3881 = CARTESIAN_POINT('',(10.837544256009,57.999999999903,
    15.788933373079));
#3882 = CARTESIAN_POINT('',(10.837544384732,58.13456862148,
    15.788405401104));
#3883 = CARTESIAN_POINT('',(10.823668440638,58.269132813603,
    15.787549451393));
#3884 = CARTESIAN_POINT('',(10.79592053731,58.40216857835,
    15.780947769537));
#3885 = CARTESIAN_POINT('',(10.754774958026,58.532120244259,
    15.774818985817));
#3886 = CARTESIAN_POINT('',(10.701226726701,58.657683983767,
    15.764890745389));
#3887 = CARTESIAN_POINT('',(10.636460132337,58.777943798365,
    15.753574495922));
#3888 = CARTESIAN_POINT('',(10.477920391029,59.020337249248,
    15.725586140474));
#3889 = CARTESIAN_POINT('',(10.279518146713,59.234308621776,
    15.690584158099));
#3890 = CARTESIAN_POINT('',(10.165182008365,59.338860848996,
    15.670403018928));
#3891 = CARTESIAN_POINT('',(10.04284484096,59.4347164313,15.648821590659
    ));
#3892 = CARTESIAN_POINT('',(9.913784416772,59.521878671211,
    15.626043915477));
#3893 = CARTESIAN_POINT('',(9.779085405294,59.600428245215,
    15.60227719289));
#3894 = CARTESIAN_POINT('',(9.486643202921,59.747387289087,
    15.55067288948));
#3895 = CARTESIAN_POINT('',(9.176989078731,59.857537009106,
    15.496033119673));
#3896 = CARTESIAN_POINT('',(9.011301444964,59.905264403607,
    15.466795075464));
#3897 = CARTESIAN_POINT('',(8.842845270331,59.943255673682,15.4370721415
    ));
#3898 = CARTESIAN_POINT('',(8.672383618399,59.971652358545,
    15.406990283958));
#3899 = CARTESIAN_POINT('',(8.500609784542,59.990550634846,
    15.376681805402));
#3900 = CARTESIAN_POINT('',(8.328179369779,60.000000035309,
    15.346254122574));
#3901 = CARTESIAN_POINT('',(8.155749064364,60.000000000168,
    15.315827903826));
#3902 = CARTESIAN_POINT('',(11.253645515727,58.000000000057,
    18.044670710829));
#3903 = CARTESIAN_POINT('',(11.253645634879,58.134568625749,
    18.044819599111));
#3904 = CARTESIAN_POINT('',(11.240888109479,58.269132801339,
    18.047984610694));
#3905 = CARTESIAN_POINT('',(11.215376727352,58.402168596027,
    18.055692968239));
#3906 = CARTESIAN_POINT('',(11.177547541657,58.532120229039,
    18.06609076097));
#3907 = CARTESIAN_POINT('',(11.128315372603,58.657683990143,
    18.080173376391));
#3908 = CARTESIAN_POINT('',(11.068769056886,58.777943796157,
    18.097011130868));
#3909 = CARTESIAN_POINT('',(10.923007845631,59.020337251555,
    18.138308800408));
#3910 = CARTESIAN_POINT('',(10.740597101489,59.234308619592,
    18.18998349972));
#3911 = CARTESIAN_POINT('',(10.635476622542,59.338860854106,
    18.219765658806));
#3912 = CARTESIAN_POINT('',(10.522999997659,59.434716419818,
    18.251628548994));
#3913 = CARTESIAN_POINT('',(10.404342032208,59.521878682627,
    18.285245396469));
#3914 = CARTESIAN_POINT('',(10.280499950205,59.600428239411,
    18.320329228818));
#3915 = CARTESIAN_POINT('',(10.011629004633,59.747387294996,
    18.396500375194));
#3916 = CARTESIAN_POINT('',(9.72693344262,59.857537003528,
    18.477154143236));
#3917 = CARTESIAN_POINT('',(9.57460046464,59.905264418755,
    18.520310314209));
#3918 = CARTESIAN_POINT('',(9.419722105528,59.943255642845,
    18.564186565144));
#3919 = CARTESIAN_POINT('',(9.262999889251,59.971652396516,
    18.608586597017));
#3920 = CARTESIAN_POINT('',(9.105071286501,59.990550606024,
    18.65332701552));
#3921 = CARTESIAN_POINT('',(8.946538997535,60.000000045756,
    18.698239395404));
#3922 = CARTESIAN_POINT('',(8.788006822573,59.999999999912,18.7431513387
    ));
#3923 = CARTESIAN_POINT('',(12.544247443239,57.999999999977,
    19.714875045054));
#3924 = CARTESIAN_POINT('',(12.544247529706,58.134568623983,
    19.7148536948));
#3925 = CARTESIAN_POINT('',(12.534958959338,58.269132806457,
    19.7230214318));
#3926 = CARTESIAN_POINT('',(12.516384488129,58.402168588649,
    19.739157520481));
#3927 = CARTESIAN_POINT('',(12.488841600391,58.53212023546,
    19.763232181454));
#3928 = CARTESIAN_POINT('',(12.452996365489,58.657683987415,
    19.794485093437));
#3929 = CARTESIAN_POINT('',(12.409641548162,58.777943797161,
    19.832313378436));
#3930 = CARTESIAN_POINT('',(12.303514902254,59.020337250492,
    19.924900236202));
#3931 = CARTESIAN_POINT('',(12.170704259128,59.234308620617,
    20.040767661968));
#3932 = CARTESIAN_POINT('',(12.09416754606,59.338860851703,
    20.107539856604));
#3933 = CARTESIAN_POINT('',(12.012274932718,59.434716425059,
    20.178985130961));
#3934 = CARTESIAN_POINT('',(11.925881769744,59.521878677483,
    20.254356391043));
#3935 = CARTESIAN_POINT('',(11.835714128533,59.600428242028,
    20.333020833924));
#3936 = CARTESIAN_POINT('',(11.639953053168,59.747387292331,
    20.503807359893));
#3937 = CARTESIAN_POINT('',(11.432670301692,59.857537006051,
    20.684645735063));
#3938 = CARTESIAN_POINT('',(11.32175884851,59.905264411891,
    20.781407439378));
#3939 = CARTESIAN_POINT('',(11.208994135437,59.943255656758,
    20.879786116165));
#3940 = CARTESIAN_POINT('',(11.09488694571,59.971652379465,
    20.979335801621));
#3941 = CARTESIAN_POINT('',(10.979901391236,59.990550618927,
    21.079651986163));
#3942 = CARTESIAN_POINT('',(10.86447631159,60.000000041085,
    21.180351492682));
#3943 = CARTESIAN_POINT('',(10.749051309868,60.000000000033,
    21.281050986989));
#3944 = CARTESIAN_POINT('',(14.272124040528,58.000000000006,20.55));
#3945 = CARTESIAN_POINT('',(14.27212408383,58.134568624457,
    20.54999990363));
#3946 = CARTESIAN_POINT('',(14.26747979933,58.269132805068,
    20.560348154936));
#3947 = CARTESIAN_POINT('',(14.258192565477,58.402168590647,
    20.581041683923));
#3948 = CARTESIAN_POINT('',(14.244421124324,58.532120233711,
    20.611726784529));
#3949 = CARTESIAN_POINT('',(14.226498510052,58.657683988141,
    20.651661402002));
#3950 = CARTESIAN_POINT('',(14.204821105329,58.777943796869,
    20.699962327421));
#3951 = CARTESIAN_POINT('',(14.15175779233,59.0203372508,20.818196367415
    ));
#3952 = CARTESIAN_POINT('',(14.08535248283,59.234308620316,
    20.966158632828));
#3953 = CARTESIAN_POINT('',(14.047084133725,59.3388608524,
    21.051426990033));
#3954 = CARTESIAN_POINT('',(14.006137834043,59.434716423483,
    21.14266227355));
#3955 = CARTESIAN_POINT('',(13.96294126098,59.521878679053,
    21.238911547679));
#3956 = CARTESIAN_POINT('',(13.917857448525,59.600428241211,
    21.339365910022));
#3957 = CARTESIAN_POINT('',(13.819976928928,59.747387293161,
    21.557460269418));
#3958 = CARTESIAN_POINT('',(13.716335572347,59.857537005259,
    21.788390748343));
#3959 = CARTESIAN_POINT('',(13.660879855749,59.905264414076,
    21.911955468065));
#3960 = CARTESIAN_POINT('',(13.604497510413,59.943255652289,
    22.037584874118));
#3961 = CARTESIAN_POINT('',(13.547443924693,59.97165238496,
    22.164709915661));
#3962 = CARTESIAN_POINT('',(13.489951159525,59.990550614763,
    22.292813525657));
#3963 = CARTESIAN_POINT('',(13.432238629433,60.000000042594,
    22.421406807041));
#3964 = CARTESIAN_POINT('',(13.3745261395,59.999999999993,
    22.549999999999));
#3965 = CARTESIAN_POINT('',(16.,58.,20.55));
#3966 = CARTESIAN_POINT('',(15.999999999996,58.134568624426,
    20.549999903571));
#3967 = CARTESIAN_POINT('',(16.000000000012,58.269132805165,
    20.560348155112));
#3968 = CARTESIAN_POINT('',(15.999999999983,58.402168590509,
    20.581041683655));
#3969 = CARTESIAN_POINT('',(16.000000000016,58.532120233833,
    20.611726784771));
#3970 = CARTESIAN_POINT('',(15.999999999991,58.65768398811,
    20.651661401887));
#3971 = CARTESIAN_POINT('',(16.000000000003,58.777943796896,
    20.699962327444));
#3972 = CARTESIAN_POINT('',(15.999999999997,59.020337250774,
    20.818196367403));
#3973 = CARTESIAN_POINT('',(16.000000000003,59.234308620342,
    20.966158632835));
#3974 = CARTESIAN_POINT('',(15.99999999999,59.338860852348,
    21.051426990014));
#3975 = CARTESIAN_POINT('',(16.000000000014,59.434716423666,
    21.142662273581));
#3976 = CARTESIAN_POINT('',(15.999999999989,59.521878678846,
    21.238911547662));
#3977 = CARTESIAN_POINT('',(16.000000000005,59.600428241331,
    21.339365910032));
#3978 = CARTESIAN_POINT('',(15.999999999994,59.747387293043,
    21.55746026941));
#3979 = CARTESIAN_POINT('',(16.000000000006,59.857537005373,
    21.788390748354));
#3980 = CARTESIAN_POINT('',(15.999999999976,59.905264413766,
    21.911955468049));
#3981 = CARTESIAN_POINT('',(16.000000000048,59.943255652953,
    22.037584874102));
#3982 = CARTESIAN_POINT('',(15.999999999943,59.971652384122,
    22.164709915757));
#3983 = CARTESIAN_POINT('',(16.000000000041,59.990550615411,
    22.292813525547));
#3984 = CARTESIAN_POINT('',(15.999999999985,60.000000042358,
    22.421406807092));
#3985 = CARTESIAN_POINT('',(16.,60.,22.55));
#3986 = DEFINITIONAL_REPRESENTATION('',(#3987),#3991);
#3987 = LINE('',#3988,#3989);
#3988 = CARTESIAN_POINT('',(0.,1.));
#3989 = VECTOR('',#3990,1.);
#3990 = DIRECTION('',(1.,0.));
#3991 = ( GEOMETRIC_REPRESENTATION_CONTEXT(2) 
PARAMETRIC_REPRESENTATION_CONTEXT() REPRESENTATION_CONTEXT('2D SPACE',''
  ) );
#3992 = ORIENTED_EDGE('',*,*,#3993,.F.);
#3993 = EDGE_CURVE('',#3994,#3631,#3996,.T.);
#3994 = VERTEX_POINT('',#3995);
#3995 = CARTESIAN_POINT('',(10.274399598524,60.,15.5));
#3996 = SURFACE_CURVE('',#3997,(#4013,#4032),.PCURVE_S1.);
#3997 = B_SPLINE_CURVE_WITH_KNOTS('',14,(#3998,#3999,#4000,#4001,#4002,
    #4003,#4004,#4005,#4006,#4007,#4008,#4009,#4010,#4011,#4012),
  .UNSPECIFIED.,.T.,.F.,(15,15),(0.,1.),.PIECEWISE_BEZIER_KNOTS.);
#3998 = CARTESIAN_POINT('',(16.,60.,22.55));
#3999 = CARTESIAN_POINT('',(18.625473860504,60.000000000006,
    22.550000000002));
#4000 = CARTESIAN_POINT('',(21.250948690114,59.999999999977,
    21.281050986978));
#4001 = CARTESIAN_POINT('',(23.211993177471,60.000000000045,
    18.743151338726));
#4002 = CARTESIAN_POINT('',(23.844250935555,59.999999999953,
    15.315827903784));
#4003 = CARTESIAN_POINT('',(22.721514636938,59.999999999997,
    11.758062386613));
#4004 = CARTESIAN_POINT('',(19.89542868478,60.000000000106,
    9.042106045356));
#4005 = CARTESIAN_POINT('',(16.000000000076,59.999999999787,
    8.019602677932));
#4006 = CARTESIAN_POINT('',(12.104571315076,60.000000000266,
    9.042106045386));
#4007 = CARTESIAN_POINT('',(9.278485363181,59.999999999758,
    11.758062386568));
#4008 = CARTESIAN_POINT('',(8.155749064364,60.000000000168,
    15.315827903826));
#4009 = CARTESIAN_POINT('',(8.788006822573,59.999999999912,18.7431513387
    ));
#4010 = CARTESIAN_POINT('',(10.749051309868,60.000000000033,
    21.281050986989));
#4011 = CARTESIAN_POINT('',(13.3745261395,59.999999999993,
    22.549999999999));
#4012 = CARTESIAN_POINT('',(16.,60.,22.55));
#4013 = PCURVE('',#2767,#4014);
#4014 = DEFINITIONAL_REPRESENTATION('',(#4015),#4031);
#4015 = B_SPLINE_CURVE_WITH_KNOTS('',14,(#4016,#4017,#4018,#4019,#4020,
    #4021,#4022,#4023,#4024,#4025,#4026,#4027,#4028,#4029,#4030),
  .UNSPECIFIED.,.F.,.F.,(15,15),(0.,1.),.PIECEWISE_BEZIER_KNOTS.);
#4016 = CARTESIAN_POINT('',(106.5,-7.05));
#4017 = CARTESIAN_POINT('',(109.1254738605,-7.050000000002));
#4018 = CARTESIAN_POINT('',(111.75094869011,-5.781050986978));
#4019 = CARTESIAN_POINT('',(113.71199317747,-3.243151338726));
#4020 = CARTESIAN_POINT('',(114.34425093555,0.184172096216));
#4021 = CARTESIAN_POINT('',(113.22151463693,3.741937613387));
#4022 = CARTESIAN_POINT('',(110.39542868478,6.457893954644));
#4023 = CARTESIAN_POINT('',(106.50000000007,7.480397322068));
#4024 = CARTESIAN_POINT('',(102.60457131507,6.457893954614));
#4025 = CARTESIAN_POINT('',(99.778485363181,3.741937613432));
#4026 = CARTESIAN_POINT('',(98.655749064364,0.184172096174));
#4027 = CARTESIAN_POINT('',(99.288006822573,-3.2431513387));
#4028 = CARTESIAN_POINT('',(101.24905130986,-5.781050986989));
#4029 = CARTESIAN_POINT('',(103.8745261395,-7.049999999999));
#4030 = CARTESIAN_POINT('',(106.5,-7.05));
#4031 = ( GEOMETRIC_REPRESENTATION_CONTEXT(2) 
PARAMETRIC_REPRESENTATION_CONTEXT() REPRESENTATION_CONTEXT('2D SPACE',''
  ) );
#4032 = PCURVE('',#4033,#4349);
#4033 = ( BOUNDED_SURFACE() B_SPLINE_SURFACE(14,8,(
    (#4034,#4035,#4036,#4037,#4038,#4039,#4040,#4041,#4042,#4043,#4044
      ,#4045,#4046,#4047,#4048,#4049,#4050,#4051,#4052,#4053,#4054)
    ,(#4055,#4056,#4057,#4058,#4059,#4060,#4061,#4062,#4063,#4064,#4065
      ,#4066,#4067,#4068,#4069,#4070,#4071,#4072,#4073,#4074,#4075)
    ,(#4076,#4077,#4078,#4079,#4080,#4081,#4082,#4083,#4084,#4085,#4086
      ,#4087,#4088,#4089,#4090,#4091,#4092,#4093,#4094,#4095,#4096)
    ,(#4097,#4098,#4099,#4100,#4101,#4102,#4103,#4104,#4105,#4106,#4107
      ,#4108,#4109,#4110,#4111,#4112,#4113,#4114,#4115,#4116,#4117)
    ,(#4118,#4119,#4120,#4121,#4122,#4123,#4124,#4125,#4126,#4127,#4128
      ,#4129,#4130,#4131,#4132,#4133,#4134,#4135,#4136,#4137,#4138)
    ,(#4139,#4140,#4141,#4142,#4143,#4144,#4145,#4146,#4147,#4148,#4149
      ,#4150,#4151,#4152,#4153,#4154,#4155,#4156,#4157,#4158,#4159)
    ,(#4160,#4161,#4162,#4163,#4164,#4165,#4166,#4167,#4168,#4169,#4170
      ,#4171,#4172,#4173,#4174,#4175,#4176,#4177,#4178,#4179,#4180)
    ,(#4181,#4182,#4183,#4184,#4185,#4186,#4187,#4188,#4189,#4190,#4191
      ,#4192,#4193,#4194,#4195,#4196,#4197,#4198,#4199,#4200,#4201)
    ,(#4202,#4203,#4204,#4205,#4206,#4207,#4208,#4209,#4210,#4211,#4212
      ,#4213,#4214,#4215,#4216,#4217,#4218,#4219,#4220,#4221,#4222)
    ,(#4223,#4224,#4225,#4226,#4227,#4228,#4229,#4230,#4231,#4232,#4233
      ,#4234,#4235,#4236,#4237,#4238,#4239,#4240,#4241,#4242,#4243)
    ,(#4244,#4245,#4246,#4247,#4248,#4249,#4250,#4251,#4252,#4253,#4254
      ,#4255,#4256,#4257,#4258,#4259,#4260,#4261,#4262,#4263,#4264)
    ,(#4265,#4266,#4267,#4268,#4269,#4270,#4271,#4272,#4273,#4274,#4275
      ,#4276,#4277,#4278,#4279,#4280,#4281,#4282,#4283,#4284,#4285)
    ,(#4286,#4287,#4288,#4289,#4290,#4291,#4292,#4293,#4294,#4295,#4296
      ,#4297,#4298,#4299,#4300,#4301,#4302,#4303,#4304,#4305,#4306)
    ,(#4307,#4308,#4309,#4310,#4311,#4312,#4313,#4314,#4315,#4316,#4317
      ,#4318,#4319,#4320,#4321,#4322,#4323,#4324,#4325,#4326,#4327)
    ,(#4328,#4329,#4330,#4331,#4332,#4333,#4334,#4335,#4336,#4337,#4338
      ,#4339,#4340,#4341,#4342,#4343,#4344,#4345,#4346,#4347,#4348
)),.UNSPECIFIED.,.T.,.F.,.F.) B_SPLINE_SURFACE_WITH_KNOTS((15,15),(9,6,6
    ,9),(0.,1.),(0.,0.29855097099,0.63294588431,1.),.UNSPECIFIED.) 
GEOMETRIC_REPRESENTATION_ITEM() RATIONAL_B_SPLINE_SURFACE((
    (1.,1.,1.,1.,1.,1.,1.,1.,1.,1.,1.,1.,1.,1.,1.,1.000000000001
      ,0.999999999999,1.000000000001,0.999999999999,1.,1.)
    ,(1.,1.,1.,1.,1.,1.,1.,1.,1.,1.,1.,1.,1.,1.,1.,1.000000000001
      ,0.999999999999,1.000000000001,0.999999999999,1.,1.)
    ,(1.,1.,1.,1.,1.,1.,1.,1.,1.,1.,1.,1.,1.,1.,1.,1.000000000001
      ,0.999999999999,1.000000000001,0.999999999999,1.,1.)
    ,(1.,1.,1.,1.,1.,1.,1.,1.,1.,1.,1.,1.,1.,1.,1.,1.000000000001
      ,0.999999999999,1.000000000001,0.999999999999,1.,1.)
    ,(1.,1.,1.,1.,1.,1.,1.,1.,1.,1.,1.,1.,1.,1.,1.,1.000000000001
      ,0.999999999999,1.000000000001,0.999999999999,1.,1.)
    ,(1.,1.,1.,1.,1.,1.,1.,1.,1.,1.,1.,1.,1.,1.,1.,1.000000000001
      ,0.999999999999,1.000000000001,0.999999999999,1.,1.)
    ,(1.,1.,1.,1.,1.,1.,1.,1.,1.,1.,1.,1.,1.,1.,1.,1.000000000001
      ,0.999999999999,1.000000000001,0.999999999999,1.,1.)
    ,(1.,1.,1.,1.,1.,1.,1.,1.,1.,1.,1.,1.,1.,1.,1.,1.000000000001
      ,0.999999999999,1.000000000001,0.999999999999,1.,1.)
    ,(1.,1.,1.,1.,1.,1.,1.,1.,1.,1.,1.,1.,1.,1.,1.,1.000000000001
      ,0.999999999999,1.000000000001,0.999999999999,1.,1.)
    ,(1.,1.,1.,1.,1.,1.,1.,1.,1.,1.,1.,1.,1.,1.,1.,1.000000000001
      ,0.999999999999,1.000000000001,0.999999999999,1.,1.)
    ,(1.,1.,1.,1.,1.,1.,1.,1.,1.,1.,1.,1.,1.,1.,1.,1.000000000001
      ,0.999999999999,1.000000000001,0.999999999999,1.,1.)
    ,(1.,1.,1.,1.,1.,1.,1.,1.,1.,1.,1.,1.,1.,1.,1.,1.000000000001
      ,0.999999999999,1.000000000001,0.999999999999,1.,1.)
    ,(1.,1.,1.,1.,1.,1.,1.,1.,1.,1.,1.,1.,1.,1.,1.,1.000000000001
      ,0.999999999999,1.000000000001,0.999999999999,1.,1.)
    ,(1.,1.,1.,1.,1.,1.,1.,1.,1.,1.,1.,1.,1.,1.,1.,1.000000000001
      ,0.999999999999,1.000000000001,0.999999999999,1.,1.)
    ,(1.,1.,1.,1.,1.,1.,1.,1.,1.,1.,1.,1.,1.,1.,1.,1.000000000001
      ,0.999999999999,1.000000000001,0.999999999999,1.,1.
))) REPRESENTATION_ITEM('') SURFACE() );
#4034 = CARTESIAN_POINT('',(16.,58.,20.55));
#4035 = CARTESIAN_POINT('',(15.999999999997,58.134568624454,
    20.549999903587));
#4036 = CARTESIAN_POINT('',(16.00000000001,58.269132805087,
    20.560348155067));
#4037 = CARTESIAN_POINT('',(15.999999999983,58.402168590621,
    20.581041683723));
#4038 = CARTESIAN_POINT('',(16.000000000018,58.532120233738,
    20.611726784709));
#4039 = CARTESIAN_POINT('',(15.999999999987,58.657683988157,
    20.651661401922));
#4040 = CARTESIAN_POINT('',(16.000000000005,58.777943796885,
    20.699962327433));
#4041 = CARTESIAN_POINT('',(15.999999999993,59.020337250786,
    20.818196367417));
#4042 = CARTESIAN_POINT('',(16.000000000007,59.234308620332,
    20.96615863282));
#4043 = CARTESIAN_POINT('',(15.99999999998,59.338860852372,
    21.051426990056));
#4044 = CARTESIAN_POINT('',(16.000000000027,59.434716423639,
    21.142662273522));
#4045 = CARTESIAN_POINT('',(15.999999999981,59.521878678862,
    21.238911547709));
#4046 = CARTESIAN_POINT('',(16.000000000006,59.600428241328,
    21.339365910013));
#4047 = CARTESIAN_POINT('',(15.999999999993,59.747387293045,
    21.557460269433));
#4048 = CARTESIAN_POINT('',(16.000000000006,59.857537005374,
    21.788390748332));
#4049 = CARTESIAN_POINT('',(15.999999999987,59.905264413742,
    21.911955468122));
#4050 = CARTESIAN_POINT('',(16.000000000017,59.943255653016,
    22.037584873969));
#4051 = CARTESIAN_POINT('',(15.999999999985,59.971652384037,
    22.16470991591));
#4052 = CARTESIAN_POINT('',(16.000000000009,59.990550615475,
    22.29281352544));
#4053 = CARTESIAN_POINT('',(15.999999999997,60.000000042334,
    22.421406807131));
#4054 = CARTESIAN_POINT('',(16.,60.,22.55));
#4055 = CARTESIAN_POINT('',(17.727875959471,57.999999999992,20.55));
#4056 = CARTESIAN_POINT('',(17.727875916215,58.134568624491,
    20.549999903603));
#4057 = CARTESIAN_POINT('',(17.73252020057,58.269132804934,
    20.560348155011));
#4058 = CARTESIAN_POINT('',(17.741807434594,58.402168590922,
    20.581041683823));
#4059 = CARTESIAN_POINT('',(17.755578875641,58.532120233485,
    20.61172678462));
#4060 = CARTESIAN_POINT('',(17.773501489999,58.657683988261,
    20.651661401961));
#4061 = CARTESIAN_POINT('',(17.795178894616,58.777943796865,
    20.69996232743));
#4062 = CARTESIAN_POINT('',(17.848242207743,59.020337250823,
    20.818196367416));
#4063 = CARTESIAN_POINT('',(17.914647517091,59.23430862031,
    20.966158632831));
#4064 = CARTESIAN_POINT('',(17.952915866488,59.33886085247,
    21.051426990035));
#4065 = CARTESIAN_POINT('',(17.993862165699,59.434716423382,
    21.142662273561));
#4066 = CARTESIAN_POINT('',(18.037058739164,59.521878679163,
    21.23891154767));
#4067 = CARTESIAN_POINT('',(18.082142551443,59.600428241186,
    21.33936591003));
#4068 = CARTESIAN_POINT('',(18.180023071094,59.747387293217,
    21.557460269415));
#4069 = CARTESIAN_POINT('',(18.283664427646,59.857537005223,
    21.788390748352));
#4070 = CARTESIAN_POINT('',(18.339120144194,59.905264414239,
    21.911955468053));
#4071 = CARTESIAN_POINT('',(18.395502489818,59.943255652025,
    22.03758487414));
#4072 = CARTESIAN_POINT('',(18.452556074948,59.971652385282,
    22.164709915646));
#4073 = CARTESIAN_POINT('',(18.510048840779,59.99055061455,
    22.292813525674));
#4074 = CARTESIAN_POINT('',(18.567761370437,60.000000042684,
    22.421406807035));
#4075 = CARTESIAN_POINT('',(18.625473860504,60.000000000006,
    22.550000000002));
#4076 = CARTESIAN_POINT('',(19.455752556765,58.000000000032,
    19.714875045053));
#4077 = CARTESIAN_POINT('',(19.455752470117,58.134568624082,
    19.714853694911));
#4078 = CARTESIAN_POINT('',(19.465041041029,58.269132806324,
    19.72302143149));
#4079 = CARTESIAN_POINT('',(19.483615511691,58.402168588538,
    19.739157520892));
#4080 = CARTESIAN_POINT('',(19.511158399648,58.532120235443,
    19.763232181079));
#4081 = CARTESIAN_POINT('',(19.547003634335,58.657683987471,
    19.794485093606));
#4082 = CARTESIAN_POINT('',(19.590358452086,58.777943797003,
    19.8323133784));
#4083 = CARTESIAN_POINT('',(19.696485097416,59.020337250616,
    19.924900236197));
#4084 = CARTESIAN_POINT('',(19.829295741236,59.23430862042,
    20.040767661957));
#4085 = CARTESIAN_POINT('',(19.905832452959,59.338860852027,
    20.107539856583));
#4086 = CARTESIAN_POINT('',(19.987725068466,59.43471642463,
    20.17898513093));
#4087 = CARTESIAN_POINT('',(20.074118229608,59.521878677664,
    20.254356391063));
#4088 = CARTESIAN_POINT('',(20.164285871603,59.600428241898,
    20.333020833895));
#4089 = CARTESIAN_POINT('',(20.360046946747,59.747387292371,
    20.5038073599));
#4090 = CARTESIAN_POINT('',(20.567329698327,59.85753700595,
    20.684645735033));
#4091 = CARTESIAN_POINT('',(20.678241151806,59.905264411972,
    20.781407439391));
#4092 = CARTESIAN_POINT('',(20.791005863407,59.943255656537,
    20.879786116149));
#4093 = CARTESIAN_POINT('',(20.905113056057,59.971652379568,
    20.979335801587));
#4094 = CARTESIAN_POINT('',(21.020098607285,59.990550618825,
    21.079651986162));
#4095 = CARTESIAN_POINT('',(21.135523689039,60.000000041067,
    21.180351492679));
#4096 = CARTESIAN_POINT('',(21.250948690114,59.999999999977,
    21.281050986978));
#4097 = CARTESIAN_POINT('',(20.746354484264,57.999999999924,
    18.044670710831));
#4098 = CARTESIAN_POINT('',(20.746354365671,58.134568625363,
    18.044819598804));
#4099 = CARTESIAN_POINT('',(20.759111889379,58.269132802089,
    18.047984611545));
#4100 = CARTESIAN_POINT('',(20.784623273245,58.402168595645,
    18.055692967099));
#4101 = CARTESIAN_POINT('',(20.822452458191,58.532120229649,
    18.066090762004));
#4102 = CARTESIAN_POINT('',(20.871684627885,58.657683989719,
    18.08017337591));
#4103 = CARTESIAN_POINT('',(20.931230942416,58.777943796602,
    18.097011130977));
#4104 = CARTESIAN_POINT('',(21.07699215529,59.020337251181,
    18.138308800389));
#4105 = CARTESIAN_POINT('',(21.259402897483,59.234308620126,
    18.189983499777));
#4106 = CARTESIAN_POINT('',(21.364523380201,59.338860853196,
    18.219765658759));
#4107 = CARTESIAN_POINT('',(21.476999999037,59.434716420976,
    18.251628549207));
#4108 = CARTESIAN_POINT('',(21.595657969578,59.521878682133,
    18.285245396308));
#4109 = CARTESIAN_POINT('',(21.719500049418,59.60042823972,
    18.32032922893));
#4110 = CARTESIAN_POINT('',(21.988370995587,59.74738729491,
    18.396500375126));
#4111 = CARTESIAN_POINT('',(22.273066557336,59.85753700374,
    18.477154143354));
#4112 = CARTESIAN_POINT('',(22.425399534426,59.905264418781,
    18.520310314048));
#4113 = CARTESIAN_POINT('',(22.580277897793,59.943255642836,
    18.564186565387));
#4114 = CARTESIAN_POINT('',(22.737000105678,59.971652396971,
    18.608586596892));
#4115 = CARTESIAN_POINT('',(22.894928717738,59.990550605736,
    18.653327015652));
#4116 = CARTESIAN_POINT('',(23.053461000654,60.000000045998,
    18.698239395365));
#4117 = CARTESIAN_POINT('',(23.211993177471,60.000000000045,
    18.743151338726));
#4118 = CARTESIAN_POINT('',(21.162455744003,58.000000000121,
    15.788933373076));
#4119 = CARTESIAN_POINT('',(21.162455614051,58.13456862219,
    15.788405401628));
#4120 = CARTESIAN_POINT('',(21.176331561847,58.269132812128,
    15.787549449948));
#4121 = CARTESIAN_POINT('',(21.204079461421,58.402168579423,
    15.78094777147));
#4122 = CARTESIAN_POINT('',(21.24522504226,58.532120242786,
    15.774818984083));
#4123 = CARTESIAN_POINT('',(21.29877327235,58.65768398478,
    15.764890746196));
#4124 = CARTESIAN_POINT('',(21.363539869109,58.777943797529,
    15.753574495743));
#4125 = CARTESIAN_POINT('',(21.522079607074,59.020337250008,
    15.725586140509));
#4126 = CARTESIAN_POINT('',(21.720481855441,59.234308620766,
    15.690584158004));
#4127 = CARTESIAN_POINT('',(21.834817985949,59.338860850858,
    15.670403019021));
#4128 = CARTESIAN_POINT('',(21.957155165879,59.434716428931,
    15.648821590287));
#4129 = CARTESIAN_POINT('',(22.086215579571,59.521878672362,
    15.626043915763));
#4130 = CARTESIAN_POINT('',(22.220914595486,59.600428244601,
    15.602277192697));
#4131 = CARTESIAN_POINT('',(22.513356796661,59.747387289353,
    15.550672889606));
#4132 = CARTESIAN_POINT('',(22.823010921342,59.857537008661,
    15.496033119466));
#4133 = CARTESIAN_POINT('',(22.988698557089,59.905264403827,
    15.466795075757));
#4134 = CARTESIAN_POINT('',(23.157154722577,59.943255673299,
    15.437072141085));
#4135 = CARTESIAN_POINT('',(23.327616392431,59.971652358209,
    15.406990284159));
#4136 = CARTESIAN_POINT('',(23.499390206423,59.990550635058,
    15.376681805204));
#4137 = CARTESIAN_POINT('',(23.671820634094,60.000000035013,
    15.346254122632));
#4138 = CARTESIAN_POINT('',(23.844250935555,59.999999999953,
    15.315827903784));
#4139 = CARTESIAN_POINT('',(20.4235609148,57.999999999869,
    13.447878302157));
#4140 = CARTESIAN_POINT('',(20.423560805097,58.134568628642,
    13.44908522711));
#4141 = CARTESIAN_POINT('',(20.435450703146,58.269132792597,
    13.436703153774));
#4142 = CARTESIAN_POINT('',(20.459227093116,58.402168609739,
    13.42311974859));
#4143 = CARTESIAN_POINT('',(20.494483561098,58.532120218262,
    13.394611136913));
#4144 = CARTESIAN_POINT('',(20.540367514574,58.657683993927,
    13.361970846182));
#4145 = CARTESIAN_POINT('',(20.595864157813,58.777943795646,
    13.320910804054));
#4146 = CARTESIAN_POINT('',(20.731712336966,59.020337252141,
    13.221059110551));
#4147 = CARTESIAN_POINT('',(20.901717552526,59.234308619437,
    13.096047138512));
#4148 = CARTESIAN_POINT('',(20.99968892915,59.338860855034,
    13.024027627097));
#4149 = CARTESIAN_POINT('',(21.104516147165,59.434716414654,
    12.94694100509));
#4150 = CARTESIAN_POINT('',(21.215104345997,59.521878689575,
    12.865641274819));
#4151 = CARTESIAN_POINT('',(21.330524079525,59.600428235853,
    12.780775656138));
#4152 = CARTESIAN_POINT('',(21.581109453374,59.747387299058,
    12.596536821664));
#4153 = CARTESIAN_POINT('',(21.846443229317,59.857536999903,
    12.401450470837));
#4154 = CARTESIAN_POINT('',(21.988416232348,59.90526443001,
    12.297069019458));
#4155 = CARTESIAN_POINT('',(22.132761518846,59.943255619432,
    12.190935058949));
#4156 = CARTESIAN_POINT('',(22.278825237329,59.971652426683,
    12.083549144921));
#4157 = CARTESIAN_POINT('',(22.426013335595,59.990550583021,
    11.975325311379));
#4158 = CARTESIAN_POINT('',(22.573764030764,60.000000054381,
    11.866695462828));
#4159 = CARTESIAN_POINT('',(22.721514636938,59.999999999997,
    11.758062386613));
#4160 = CARTESIAN_POINT('',(18.563658194346,58.000000000081,
    11.659764994593));
#4161 = CARTESIAN_POINT('',(18.563658128664,58.1345686181,
    11.657829143046));
#4162 = CARTESIAN_POINT('',(18.570548881248,58.26913282345,
    11.650122211747));
#4163 = CARTESIAN_POINT('',(18.584328391419,58.402168563396,
    11.616780506615));
#4164 = CARTESIAN_POINT('',(18.604761150383,58.532120255878,
    11.580761740014));
#4165 = CARTESIAN_POINT('',(18.631353020565,58.657683979799,
    11.526728295561));
#4166 = CARTESIAN_POINT('',(18.663515897146,58.777943798861,
    11.463911991501));
#4167 = CARTESIAN_POINT('',(18.742246196028,59.020337248773,
    11.309091306597));
#4168 = CARTESIAN_POINT('',(18.840772090101,59.234308621841,
    11.115429884369));
#4169 = CARTESIAN_POINT('',(18.897551021986,59.338860848416,
    11.003789000131));
#4170 = CARTESIAN_POINT('',(18.958303265636,59.434716436157,
    10.884379504898));
#4171 = CARTESIAN_POINT('',(19.022394224919,59.521878664453,
    10.758370250068));
#4172 = CARTESIAN_POINT('',(19.089285307878,59.600428248759,
    10.626878067946));
#4173 = CARTESIAN_POINT('',(19.234511122354,59.7473872851,
    10.341380292976));
#4174 = CARTESIAN_POINT('',(19.388284321723,59.857537012713,
    10.039085718774));
#4175 = CARTESIAN_POINT('',(19.470564247139,59.905264392417,
    9.877329508746));
#4176 = CARTESIAN_POINT('',(19.554219005738,59.943255697293,
    9.712883874235));
#4177 = CARTESIAN_POINT('',(19.638869714161,59.971652327986,
    9.546461901586));
#4178 = CARTESIAN_POINT('',(19.724171996499,59.990550658278,
    9.378776993848));
#4179 = CARTESIAN_POINT('',(19.809800379274,60.000000026551,
    9.210438811002));
#4180 = CARTESIAN_POINT('',(19.89542868478,60.000000000106,
    9.042106045356));
#4181 = CARTESIAN_POINT('',(16.000000000005,58.00000000001,
    10.987755078473));
#4182 = CARTESIAN_POINT('',(16.000000001627,58.134568631891,
    10.990013862385));
#4183 = CARTESIAN_POINT('',(15.999999996764,58.269132783935,
    10.967846242056));
#4184 = CARTESIAN_POINT('',(16.000000001584,58.402168621426,
    10.944435775075));
#4185 = CARTESIAN_POINT('',(15.999999999727,58.532120208433,
    10.894063481994));
#4186 = CARTESIAN_POINT('',(16.000000001001,58.657683997916,
    10.836857614622));
#4187 = CARTESIAN_POINT('',(15.999999998275,58.777943794335,
    10.764707094342));
#4188 = CARTESIAN_POINT('',(16.000000002235,59.020337253324,
    10.589323339523));
#4189 = CARTESIAN_POINT('',(15.99999999739,59.234308618245,
    10.369740785595));
#4190 = CARTESIAN_POINT('',(16.000000006749,59.338860857455,
    10.243241715457));
#4191 = CARTESIAN_POINT('',(15.999999991919,59.434716408963,
    10.10783934708));
#4192 = CARTESIAN_POINT('',(16.000000004227,59.521878695092,
    9.965039353131));
#4193 = CARTESIAN_POINT('',(15.999999999085,59.600428232938,
    9.815974401563));
#4194 = CARTESIAN_POINT('',(16.000000000417,59.747387301827,
    9.492363444262));
#4195 = CARTESIAN_POINT('',(15.99999999995,59.857536997171,
    9.149698632606));
#4196 = CARTESIAN_POINT('',(15.999999997318,59.905264437094,
    8.966355413195));
#4197 = CARTESIAN_POINT('',(16.000000008872,59.943255604446,
    8.779932993586));
#4198 = CARTESIAN_POINT('',(15.999999986445,59.971652445235,
    8.591312878722));
#4199 = CARTESIAN_POINT('',(16.000000011277,59.990550568675,
    8.401219674529));
#4200 = CARTESIAN_POINT('',(15.999999995135,60.000000059493,
    8.210414203345));
#4201 = CARTESIAN_POINT('',(16.000000000076,59.999999999787,
    8.019602677932));
#4202 = CARTESIAN_POINT('',(13.43634180565,57.999999999911,
    11.659764994595));
#4203 = CARTESIAN_POINT('',(13.436341868426,58.134568617505,
    11.657829142603));
#4204 = CARTESIAN_POINT('',(13.42945112455,58.269132824749,
    11.650122212967));
#4205 = CARTESIAN_POINT('',(13.415671605759,58.402168562257,
    11.616780504979));
#4206 = CARTESIAN_POINT('',(13.395238850085,58.532120257316,
    11.580761741459));
#4207 = CARTESIAN_POINT('',(13.368646977609,58.657683978845,
    11.526728294888));
#4208 = CARTESIAN_POINT('',(13.336484105987,58.777943799534,
    11.463911991647));
#4209 = CARTESIAN_POINT('',(13.257753799904,59.020337248152,
    11.309091306559));
#4210 = CARTESIAN_POINT('',(13.159227914633,59.234308622626,
    11.115429884452));
#4211 = CARTESIAN_POINT('',(13.10244896574,59.338860846996,
    11.003789000026));
#4212 = CARTESIAN_POINT('',(13.041696749067,59.434716437886,
    10.884379505233));
#4213 = CARTESIAN_POINT('',(12.977605767375,59.521878663675,
    10.758370249804));
#4214 = CARTESIAN_POINT('',(12.910714693783,59.600428249163,
    10.626878068111));
#4215 = CARTESIAN_POINT('',(12.765488876877,59.747387284976,
    10.341380292854));
#4216 = CARTESIAN_POINT('',(12.61171567837,59.857537012951,
    10.039085718953));
#4217 = CARTESIAN_POINT('',(12.5294357577,59.905264392644,9.877329508491
    ));
#4218 = CARTESIAN_POINT('',(12.445780978201,59.94325569679,
    9.712883874542));
#4219 = CARTESIAN_POINT('',(12.361130310365,59.97165232918,
    9.546461901492));
#4220 = CARTESIAN_POINT('',(12.275827983092,59.990550657432,
    9.378776993932));
#4221 = CARTESIAN_POINT('',(12.190199629522,60.000000027022,
    9.210438810984));
#4222 = CARTESIAN_POINT('',(12.104571315076,60.000000000266,
    9.042106045386));
#4223 = CARTESIAN_POINT('',(11.576439085193,58.000000000117,
    13.447878302153));
#4224 = CARTESIAN_POINT('',(11.576439197041,58.134568629468,
    13.449085227736));
#4225 = CARTESIAN_POINT('',(11.56454929252,58.269132790851,
    13.436703152049));
#4226 = CARTESIAN_POINT('',(11.540772909124,58.402168611111,
    13.4231197509));
#4227 = CARTESIAN_POINT('',(11.505516438384,58.532120216451,
    13.394611134858));
#4228 = CARTESIAN_POINT('',(11.459632486929,58.657683995143,
    13.36197084714));
#4229 = CARTESIAN_POINT('',(11.404135839815,58.777943794704,
    13.320910803842));
#4230 = CARTESIAN_POINT('',(11.268287666126,59.020337252993,
    13.221059110602));
#4231 = CARTESIAN_POINT('',(11.098282443916,59.234308618327,
    13.096047138395));
#4232 = CARTESIAN_POINT('',(11.00031108014,59.33886085702,
    13.024027627234));
#4233 = CARTESIAN_POINT('',(10.895483841687,59.434716412199,
    12.946941004625));
#4234 = CARTESIAN_POINT('',(10.784895659901,59.521878690679,
    12.865641275179));
#4235 = CARTESIAN_POINT('',(10.669475919206,59.600428235253,
    12.780775655907));
#4236 = CARTESIAN_POINT('',(10.418890547258,59.747387299249,
    12.596536821826));
#4237 = CARTESIAN_POINT('',(10.153556770585,59.857536999524,
    12.401450470589));
#4238 = CARTESIAN_POINT('',(10.011583764144,59.905264429825,
    12.297069019803));
#4239 = CARTESIAN_POINT('',(9.867238493017,59.943255619832,
    12.190935058513));
#4240 = CARTESIAN_POINT('',(9.721174744543,59.971652425346,
    12.083549145071));
#4241 = CARTESIAN_POINT('',(9.57398667951,59.990550583948,11.97532531123
    ));
#4242 = CARTESIAN_POINT('',(9.426235962739,60.000000053801,
    11.866695462864));
#4243 = CARTESIAN_POINT('',(9.278485363181,59.999999999758,
    11.758062386568));
#4244 = CARTESIAN_POINT('',(10.837544256009,57.999999999903,
    15.788933373079));
#4245 = CARTESIAN_POINT('',(10.837544384732,58.13456862148,
    15.788405401104));
#4246 = CARTESIAN_POINT('',(10.823668440638,58.269132813603,
    15.787549451393));
#4247 = CARTESIAN_POINT('',(10.79592053731,58.40216857835,
    15.780947769537));
#4248 = CARTESIAN_POINT('',(10.754774958026,58.532120244259,
    15.774818985817));
#4249 = CARTESIAN_POINT('',(10.701226726701,58.657683983767,
    15.764890745389));
#4250 = CARTESIAN_POINT('',(10.636460132337,58.777943798365,
    15.753574495922));
#4251 = CARTESIAN_POINT('',(10.477920391029,59.020337249248,
    15.725586140474));
#4252 = CARTESIAN_POINT('',(10.279518146713,59.234308621776,
    15.690584158099));
#4253 = CARTESIAN_POINT('',(10.165182008365,59.338860848996,
    15.670403018928));
#4254 = CARTESIAN_POINT('',(10.04284484096,59.4347164313,15.648821590659
    ));
#4255 = CARTESIAN_POINT('',(9.913784416772,59.521878671211,
    15.626043915477));
#4256 = CARTESIAN_POINT('',(9.779085405294,59.600428245215,
    15.60227719289));
#4257 = CARTESIAN_POINT('',(9.486643202921,59.747387289087,
    15.55067288948));
#4258 = CARTESIAN_POINT('',(9.176989078731,59.857537009106,
    15.496033119673));
#4259 = CARTESIAN_POINT('',(9.011301444964,59.905264403607,
    15.466795075464));
#4260 = CARTESIAN_POINT('',(8.842845270331,59.943255673682,15.4370721415
    ));
#4261 = CARTESIAN_POINT('',(8.672383618399,59.971652358545,
    15.406990283958));
#4262 = CARTESIAN_POINT('',(8.500609784542,59.990550634846,
    15.376681805402));
#4263 = CARTESIAN_POINT('',(8.328179369779,60.000000035309,
    15.346254122574));
#4264 = CARTESIAN_POINT('',(8.155749064364,60.000000000168,
    15.315827903826));
#4265 = CARTESIAN_POINT('',(11.253645515727,58.000000000057,
    18.044670710829));
#4266 = CARTESIAN_POINT('',(11.253645634879,58.134568625749,
    18.044819599111));
#4267 = CARTESIAN_POINT('',(11.240888109479,58.269132801339,
    18.047984610694));
#4268 = CARTESIAN_POINT('',(11.215376727352,58.402168596027,
    18.055692968239));
#4269 = CARTESIAN_POINT('',(11.177547541657,58.532120229039,
    18.06609076097));
#4270 = CARTESIAN_POINT('',(11.128315372603,58.657683990143,
    18.080173376391));
#4271 = CARTESIAN_POINT('',(11.068769056886,58.777943796157,
    18.097011130868));
#4272 = CARTESIAN_POINT('',(10.923007845631,59.020337251555,
    18.138308800408));
#4273 = CARTESIAN_POINT('',(10.740597101489,59.234308619592,
    18.18998349972));
#4274 = CARTESIAN_POINT('',(10.635476622542,59.338860854106,
    18.219765658806));
#4275 = CARTESIAN_POINT('',(10.522999997659,59.434716419818,
    18.251628548994));
#4276 = CARTESIAN_POINT('',(10.404342032208,59.521878682627,
    18.285245396469));
#4277 = CARTESIAN_POINT('',(10.280499950205,59.600428239411,
    18.320329228818));
#4278 = CARTESIAN_POINT('',(10.011629004633,59.747387294996,
    18.396500375194));
#4279 = CARTESIAN_POINT('',(9.72693344262,59.857537003528,
    18.477154143236));
#4280 = CARTESIAN_POINT('',(9.57460046464,59.905264418755,
    18.520310314209));
#4281 = CARTESIAN_POINT('',(9.419722105528,59.943255642845,
    18.564186565144));
#4282 = CARTESIAN_POINT('',(9.262999889251,59.971652396516,
    18.608586597017));
#4283 = CARTESIAN_POINT('',(9.105071286501,59.990550606024,
    18.65332701552));
#4284 = CARTESIAN_POINT('',(8.946538997535,60.000000045756,
    18.698239395404));
#4285 = CARTESIAN_POINT('',(8.788006822573,59.999999999912,18.7431513387
    ));
#4286 = CARTESIAN_POINT('',(12.544247443239,57.999999999977,
    19.714875045054));
#4287 = CARTESIAN_POINT('',(12.544247529706,58.134568623983,
    19.7148536948));
#4288 = CARTESIAN_POINT('',(12.534958959338,58.269132806457,
    19.7230214318));
#4289 = CARTESIAN_POINT('',(12.516384488129,58.402168588649,
    19.739157520481));
#4290 = CARTESIAN_POINT('',(12.488841600391,58.53212023546,
    19.763232181454));
#4291 = CARTESIAN_POINT('',(12.452996365489,58.657683987415,
    19.794485093437));
#4292 = CARTESIAN_POINT('',(12.409641548162,58.777943797161,
    19.832313378436));
#4293 = CARTESIAN_POINT('',(12.303514902254,59.020337250492,
    19.924900236202));
#4294 = CARTESIAN_POINT('',(12.170704259128,59.234308620617,
    20.040767661968));
#4295 = CARTESIAN_POINT('',(12.09416754606,59.338860851703,
    20.107539856604));
#4296 = CARTESIAN_POINT('',(12.012274932718,59.434716425059,
    20.178985130961));
#4297 = CARTESIAN_POINT('',(11.925881769744,59.521878677483,
    20.254356391043));
#4298 = CARTESIAN_POINT('',(11.835714128533,59.600428242028,
    20.333020833924));
#4299 = CARTESIAN_POINT('',(11.639953053168,59.747387292331,
    20.503807359893));
#4300 = CARTESIAN_POINT('',(11.432670301692,59.857537006051,
    20.684645735063));
#4301 = CARTESIAN_POINT('',(11.32175884851,59.905264411891,
    20.781407439378));
#4302 = CARTESIAN_POINT('',(11.208994135437,59.943255656758,
    20.879786116165));
#4303 = CARTESIAN_POINT('',(11.09488694571,59.971652379465,
    20.979335801621));
#4304 = CARTESIAN_POINT('',(10.979901391236,59.990550618927,
    21.079651986163));
#4305 = CARTESIAN_POINT('',(10.86447631159,60.000000041085,
    21.180351492682));
#4306 = CARTESIAN_POINT('',(10.749051309868,60.000000000033,
    21.281050986989));
#4307 = CARTESIAN_POINT('',(14.272124040528,58.000000000006,20.55));
#4308 = CARTESIAN_POINT('',(14.27212408383,58.134568624457,
    20.54999990363));
#4309 = CARTESIAN_POINT('',(14.26747979933,58.269132805068,
    20.560348154936));
#4310 = CARTESIAN_POINT('',(14.258192565477,58.402168590647,
    20.581041683923));
#4311 = CARTESIAN_POINT('',(14.244421124324,58.532120233711,
    20.611726784529));
#4312 = CARTESIAN_POINT('',(14.226498510052,58.657683988141,
    20.651661402002));
#4313 = CARTESIAN_POINT('',(14.204821105329,58.777943796869,
    20.699962327421));
#4314 = CARTESIAN_POINT('',(14.15175779233,59.0203372508,20.818196367415
    ));
#4315 = CARTESIAN_POINT('',(14.08535248283,59.234308620316,
    20.966158632828));
#4316 = CARTESIAN_POINT('',(14.047084133725,59.3388608524,
    21.051426990033));
#4317 = CARTESIAN_POINT('',(14.006137834043,59.434716423483,
    21.14266227355));
#4318 = CARTESIAN_POINT('',(13.96294126098,59.521878679053,
    21.238911547679));
#4319 = CARTESIAN_POINT('',(13.917857448525,59.600428241211,
    21.339365910022));
#4320 = CARTESIAN_POINT('',(13.819976928928,59.747387293161,
    21.557460269418));
#4321 = CARTESIAN_POINT('',(13.716335572347,59.857537005259,
    21.788390748343));
#4322 = CARTESIAN_POINT('',(13.660879855749,59.905264414076,
    21.911955468065));
#4323 = CARTESIAN_POINT('',(13.604497510413,59.943255652289,
    22.037584874118));
#4324 = CARTESIAN_POINT('',(13.547443924693,59.97165238496,
    22.164709915661));
#4325 = CARTESIAN_POINT('',(13.489951159525,59.990550614763,
    22.292813525657));
#4326 = CARTESIAN_POINT('',(13.432238629433,60.000000042594,
    22.421406807041));
#4327 = CARTESIAN_POINT('',(13.3745261395,59.999999999993,
    22.549999999999));
#4328 = CARTESIAN_POINT('',(16.,58.,20.55));
#4329 = CARTESIAN_POINT('',(15.999999999996,58.134568624426,
    20.549999903571));
#4330 = CARTESIAN_POINT('',(16.000000000012,58.269132805165,
    20.560348155112));
#4331 = CARTESIAN_POINT('',(15.999999999983,58.402168590509,
    20.581041683655));
#4332 = CARTESIAN_POINT('',(16.000000000016,58.532120233833,
    20.611726784771));
#4333 = CARTESIAN_POINT('',(15.999999999991,58.65768398811,
    20.651661401887));
#4334 = CARTESIAN_POINT('',(16.000000000003,58.777943796896,
    20.699962327444));
#4335 = CARTESIAN_POINT('',(15.999999999997,59.020337250774,
    20.818196367403));
#4336 = CARTESIAN_POINT('',(16.000000000003,59.234308620342,
    20.966158632835));
#4337 = CARTESIAN_POINT('',(15.99999999999,59.338860852348,
    21.051426990014));
#4338 = CARTESIAN_POINT('',(16.000000000014,59.434716423666,
    21.142662273581));
#4339 = CARTESIAN_POINT('',(15.999999999989,59.521878678846,
    21.238911547662));
#4340 = CARTESIAN_POINT('',(16.000000000005,59.600428241331,
    21.339365910032));
#4341 = CARTESIAN_POINT('',(15.999999999994,59.747387293043,
    21.55746026941));
#4342 = CARTESIAN_POINT('',(16.000000000006,59.857537005373,
    21.788390748354));
#4343 = CARTESIAN_POINT('',(15.999999999976,59.905264413766,
    21.911955468049));
#4344 = CARTESIAN_POINT('',(16.000000000048,59.943255652953,
    22.037584874102));
#4345 = CARTESIAN_POINT('',(15.999999999943,59.971652384122,
    22.164709915757));
#4346 = CARTESIAN_POINT('',(16.000000000041,59.990550615411,
    22.292813525547));
#4347 = CARTESIAN_POINT('',(15.999999999985,60.000000042358,
    22.421406807092));
#4348 = CARTESIAN_POINT('',(16.,60.,22.55));
#4349 = DEFINITIONAL_REPRESENTATION('',(#4350),#4354);
#4350 = LINE('',#4351,#4352);
#4351 = CARTESIAN_POINT('',(0.,1.));
#4352 = VECTOR('',#4353,1.);
#4353 = DIRECTION('',(1.,0.));
#4354 = ( GEOMETRIC_REPRESENTATION_CONTEXT(2) 
PARAMETRIC_REPRESENTATION_CONTEXT() REPRESENTATION_CONTEXT('2D SPACE',''
  ) );
#4355 = ORIENTED_EDGE('',*,*,#4356,.T.);
#4356 = EDGE_CURVE('',#3994,#3440,#4357,.T.);
#4357 = SURFACE_CURVE('',#4358,(#4362,#4369),.PCURVE_S1.);
#4358 = LINE('',#4359,#4360);
#4359 = CARTESIAN_POINT('',(10.274399598524,60.,15.5));
#4360 = VECTOR('',#4361,1.);
#4361 = DIRECTION('',(-1.,0.,9.496968345603E-16));
#4362 = PCURVE('',#2767,#4363);
#4363 = DEFINITIONAL_REPRESENTATION('',(#4364),#4368);
#4364 = LINE('',#4365,#4366);
#4365 = CARTESIAN_POINT('',(100.77439959852,9.592326932761E-14));
#4366 = VECTOR('',#4367,1.);
#4367 = DIRECTION('',(-1.,-9.496968345603E-16));
#4368 = ( GEOMETRIC_REPRESENTATION_CONTEXT(2) 
PARAMETRIC_REPRESENTATION_CONTEXT() REPRESENTATION_CONTEXT('2D SPACE',''
  ) );
#4369 = PCURVE('',#467,#4370);
#4370 = DEFINITIONAL_REPRESENTATION('',(#4371),#4375);
#4371 = LINE('',#4372,#4373);
#4372 = CARTESIAN_POINT('',(120.27439959852,125.));
#4373 = VECTOR('',#4374,1.);
#4374 = DIRECTION('',(-1.,0.));
#4375 = ( GEOMETRIC_REPRESENTATION_CONTEXT(2) 
PARAMETRIC_REPRESENTATION_CONTEXT() REPRESENTATION_CONTEXT('2D SPACE',''
  ) );
#4376 = ADVANCED_FACE('',(#4377),#4033,.F.);
#4377 = FACE_BOUND('',#4378,.F.);
#4378 = EDGE_LOOP('',(#4379,#4403,#4442,#4443));
#4379 = ORIENTED_EDGE('',*,*,#4380,.T.);
#4380 = EDGE_CURVE('',#4381,#4383,#4385,.T.);
#4381 = VERTEX_POINT('',#4382);
#4382 = CARTESIAN_POINT('',(12.341790055232,58.,15.5));
#4383 = VERTEX_POINT('',#4384);
#4384 = CARTESIAN_POINT('',(16.,58.,20.55));
#4385 = SURFACE_CURVE('',#4386,(#4391,#4397),.PCURVE_S1.);
#4386 = CIRCLE('',#4387,3.85);
#4387 = AXIS2_PLACEMENT_3D('',#4388,#4389,#4390);
#4388 = CARTESIAN_POINT('',(16.,58.,16.7));
#4389 = DIRECTION('',(0.,1.,0.));
#4390 = DIRECTION('',(0.,-0.,1.));
#4391 = PCURVE('',#4033,#4392);
#4392 = DEFINITIONAL_REPRESENTATION('',(#4393),#4396);
#4393 = B_SPLINE_CURVE_WITH_KNOTS('',1,(#4394,#4395),.UNSPECIFIED.,.F.,
  .F.,(2,2),(0.,6.28318530718),.PIECEWISE_BEZIER_KNOTS.);
#4394 = CARTESIAN_POINT('',(0.,0.));
#4395 = CARTESIAN_POINT('',(1.,0.));
#4396 = ( GEOMETRIC_REPRESENTATION_CONTEXT(2) 
PARAMETRIC_REPRESENTATION_CONTEXT() REPRESENTATION_CONTEXT('2D SPACE',''
  ) );
#4397 = PCURVE('',#2216,#4398);
#4398 = DEFINITIONAL_REPRESENTATION('',(#4399),#4402);
#4399 = B_SPLINE_CURVE_WITH_KNOTS('',1,(#4400,#4401),.UNSPECIFIED.,.F.,
  .F.,(2,2),(4.395419639216,6.28318530718),.PIECEWISE_BEZIER_KNOTS.);
#4400 = CARTESIAN_POINT('',(-4.395419639216,-4.));
#4401 = CARTESIAN_POINT('',(-6.28318530718,-4.));
#4402 = ( GEOMETRIC_REPRESENTATION_CONTEXT(2) 
PARAMETRIC_REPRESENTATION_CONTEXT() REPRESENTATION_CONTEXT('2D SPACE',''
  ) );
#4403 = ORIENTED_EDGE('',*,*,#4404,.T.);
#4404 = EDGE_CURVE('',#4383,#3631,#4405,.T.);
#4405 = SURFACE_CURVE('',#4406,(#4428,#4435),.PCURVE_S1.);
#4406 = ( BOUNDED_CURVE() B_SPLINE_CURVE(8,(#4407,#4408,#4409,#4410,
    #4411,#4412,#4413,#4414,#4415,#4416,#4417,#4418,#4419,#4420,#4421,
    #4422,#4423,#4424,#4425,#4426,#4427),.UNSPECIFIED.,.F.,.F.) 
B_SPLINE_CURVE_WITH_KNOTS((9,6,6,9),(0.,0.29855097099,0.63294588431,1.),
.UNSPECIFIED.) CURVE() GEOMETRIC_REPRESENTATION_ITEM() 
RATIONAL_B_SPLINE_CURVE((1.,1.,1.,1.,1.,1.,1.,1.,1.,1.,1.,1.,1.,1.,1.,
    1.000000000001,0.999999999999,1.000000000001,0.999999999999,1.,1.)) 
REPRESENTATION_ITEM('') );
#4407 = CARTESIAN_POINT('',(16.,58.,20.55));
#4408 = CARTESIAN_POINT('',(15.999999999997,58.134568624454,
    20.549999903587));
#4409 = CARTESIAN_POINT('',(16.00000000001,58.269132805087,
    20.560348155067));
#4410 = CARTESIAN_POINT('',(15.999999999983,58.402168590621,
    20.581041683723));
#4411 = CARTESIAN_POINT('',(16.000000000018,58.532120233738,
    20.611726784709));
#4412 = CARTESIAN_POINT('',(15.999999999987,58.657683988157,
    20.651661401922));
#4413 = CARTESIAN_POINT('',(16.000000000005,58.777943796885,
    20.699962327433));
#4414 = CARTESIAN_POINT('',(15.999999999993,59.020337250786,
    20.818196367417));
#4415 = CARTESIAN_POINT('',(16.000000000007,59.234308620332,
    20.96615863282));
#4416 = CARTESIAN_POINT('',(15.99999999998,59.338860852372,
    21.051426990056));
#4417 = CARTESIAN_POINT('',(16.000000000027,59.434716423639,
    21.142662273522));
#4418 = CARTESIAN_POINT('',(15.999999999981,59.521878678862,
    21.238911547709));
#4419 = CARTESIAN_POINT('',(16.000000000006,59.600428241328,
    21.339365910013));
#4420 = CARTESIAN_POINT('',(15.999999999993,59.747387293045,
    21.557460269433));
#4421 = CARTESIAN_POINT('',(16.000000000006,59.857537005374,
    21.788390748332));
#4422 = CARTESIAN_POINT('',(15.999999999987,59.905264413742,
    21.911955468122));
#4423 = CARTESIAN_POINT('',(16.000000000017,59.943255653016,
    22.037584873969));
#4424 = CARTESIAN_POINT('',(15.999999999985,59.971652384037,
    22.16470991591));
#4425 = CARTESIAN_POINT('',(16.000000000009,59.990550615475,
    22.29281352544));
#4426 = CARTESIAN_POINT('',(15.999999999997,60.000000042334,
    22.421406807131));
#4427 = CARTESIAN_POINT('',(16.,60.,22.55));
#4428 = PCURVE('',#4033,#4429);
#4429 = DEFINITIONAL_REPRESENTATION('',(#4430),#4434);
#4430 = LINE('',#4431,#4432);
#4431 = CARTESIAN_POINT('',(1.,0.));
#4432 = VECTOR('',#4433,1.);
#4433 = DIRECTION('',(0.,1.));
#4434 = ( GEOMETRIC_REPRESENTATION_CONTEXT(2) 
PARAMETRIC_REPRESENTATION_CONTEXT() REPRESENTATION_CONTEXT('2D SPACE',''
  ) );
#4435 = PCURVE('',#3670,#4436);
#4436 = DEFINITIONAL_REPRESENTATION('',(#4437),#4441);
#4437 = LINE('',#4438,#4439);
#4438 = CARTESIAN_POINT('',(0.,0.));
#4439 = VECTOR('',#4440,1.);
#4440 = DIRECTION('',(0.,1.));
#4441 = ( GEOMETRIC_REPRESENTATION_CONTEXT(2) 
PARAMETRIC_REPRESENTATION_CONTEXT() REPRESENTATION_CONTEXT('2D SPACE',''
  ) );
#4442 = ORIENTED_EDGE('',*,*,#3993,.F.);
#4443 = ORIENTED_EDGE('',*,*,#4444,.F.);
#4444 = EDGE_CURVE('',#4381,#3994,#4445,.T.);
#4445 = SURFACE_CURVE('',#4446,(#4479,#4515),.PCURVE_S1.);
#4446 = B_SPLINE_CURVE_WITH_KNOTS('',7,(#4447,#4448,#4449,#4450,#4451,
    #4452,#4453,#4454,#4455,#4456,#4457,#4458,#4459,#4460,#4461,#4462,
    #4463,#4464,#4465,#4466,#4467,#4468,#4469,#4470,#4471,#4472,#4473,
    #4474,#4475,#4476,#4477,#4478),.UNSPECIFIED.,.F.,.F.,(8,6,6,6,6,8),(
    0.,0.35735844573,0.501213938212,0.600405492008,0.855775841578,1.),
  .UNSPECIFIED.);
#4447 = CARTESIAN_POINT('',(12.341790069627,58.,15.5));
#4448 = CARTESIAN_POINT('',(12.341790277385,58.164576120605,15.5));
#4449 = CARTESIAN_POINT('',(12.32516134277,58.329208762048,15.5));
#4450 = CARTESIAN_POINT('',(12.291886268405,58.491665161024,15.5));
#4451 = CARTESIAN_POINT('',(12.242509758576,58.649941708988,15.5));
#4452 = CARTESIAN_POINT('',(12.177933769262,58.802247178727,15.5));
#4453 = CARTESIAN_POINT('',(12.099308482314,58.946981831627,15.5));
#4454 = CARTESIAN_POINT('',(11.971281237523,59.137398128048,15.5));
#4455 = CARTESIAN_POINT('',(11.932474973145,59.190611000044,15.5));
#4456 = CARTESIAN_POINT('',(11.891691700776,59.242299967565,15.5));
#4457 = CARTESIAN_POINT('',(11.8490175942,59.292387070841,15.5));
#4458 = CARTESIAN_POINT('',(11.804540754239,59.340800457412,15.5));
#4459 = CARTESIAN_POINT('',(11.758350587546,59.387473844207,15.5));
#4460 = CARTESIAN_POINT('',(11.677568783769,59.463286312568,15.5));
#4461 = CARTESIAN_POINT('',(11.643828588063,59.493370267392,15.5));
#4462 = CARTESIAN_POINT('',(11.609346146643,59.522577890898,15.5));
#4463 = CARTESIAN_POINT('',(11.574151140735,59.550890284373,15.5));
#4464 = CARTESIAN_POINT('',(11.538273384419,59.578289603588,15.5));
#4465 = CARTESIAN_POINT('',(11.501742824631,59.604759058795,15.5));
#4466 = CARTESIAN_POINT('',(11.368937778246,59.695994517812,15.5));
#4467 = CARTESIAN_POINT('',(11.269159218598,59.755437651002,15.5));
#4468 = CARTESIAN_POINT('',(11.165765504312,59.808344601981,15.5));
#4469 = CARTESIAN_POINT('',(11.059273328619,59.854487429282,15.5));
#4470 = CARTESIAN_POINT('',(10.950204582016,59.893677002833,15.5));
#4471 = CARTESIAN_POINT('',(10.839086498408,59.925762044509,15.5));
#4472 = CARTESIAN_POINT('',(10.662839700477,59.964671677801,15.5));
#4473 = CARTESIAN_POINT('',(10.598743949989,59.976412731463,15.5));
#4474 = CARTESIAN_POINT('',(10.534260707531,59.985830669946,15.5));
#4475 = CARTESIAN_POINT('',(10.469486805871,59.992908888452,15.5));
#4476 = CARTESIAN_POINT('',(10.404519752787,59.997634837108,15.5));
#4477 = CARTESIAN_POINT('',(10.339457731071,60.000000020966,15.5));
#4478 = CARTESIAN_POINT('',(10.274399598524,60.,15.5));
#4479 = PCURVE('',#4033,#4480);
#4480 = DEFINITIONAL_REPRESENTATION('',(#4481),#4514);
#4481 = B_SPLINE_CURVE_WITH_KNOTS('',7,(#4482,#4483,#4484,#4485,#4486,
    #4487,#4488,#4489,#4490,#4491,#4492,#4493,#4494,#4495,#4496,#4497,
    #4498,#4499,#4500,#4501,#4502,#4503,#4504,#4505,#4506,#4507,#4508,
    #4509,#4510,#4511,#4512,#4513),.UNSPECIFIED.,.F.,.F.,(8,6,6,6,6,8),(
    0.,0.35735844573,0.501213938212,0.600405492008,0.855775841578,1.),
  .UNSPECIFIED.);
#4482 = CARTESIAN_POINT('',(0.699552760534,0.));
#4483 = CARTESIAN_POINT('',(0.699552747843,4.564061721448E-02));
#4484 = CARTESIAN_POINT('',(0.699767041758,9.129851311603E-02));
#4485 = CARTESIAN_POINT('',(0.700195752394,0.137185386645));
#4486 = CARTESIAN_POINT('',(0.70082090077,0.183590811287));
#4487 = CARTESIAN_POINT('',(0.701608517087,0.230730463538));
#4488 = CARTESIAN_POINT('',(0.702521827768,0.278736045248));
#4489 = CARTESIAN_POINT('',(0.703929033942,0.347310511826));
#4490 = CARTESIAN_POINT('',(0.704347617042,0.367141287443));
#4491 = CARTESIAN_POINT('',(0.704778637785,0.387125470503));
#4492 = CARTESIAN_POINT('',(0.705219919848,0.407265851507));
#4493 = CARTESIAN_POINT('',(0.705669398604,0.427563623887));
#4494 = CARTESIAN_POINT('',(0.706125151774,0.448018470501));
#4495 = CARTESIAN_POINT('',(0.706902802164,0.482839826269));
#4496 = CARTESIAN_POINT('',(0.707222325396,0.497124882531));
#4497 = CARTESIAN_POINT('',(0.707543424274,0.511483251916));
#4498 = CARTESIAN_POINT('',(0.707865560408,0.525914085505));
#4499 = CARTESIAN_POINT('',(0.708188232502,0.540416252463));
#4500 = CARTESIAN_POINT('',(0.708510976358,0.55498834004));
#4501 = CARTESIAN_POINT('',(0.709663359614,0.607320390837));
#4502 = CARTESIAN_POINT('',(0.710490996855,0.645464096266));
#4503 = CARTESIAN_POINT('',(0.711308972745,0.684031776575));
#4504 = CARTESIAN_POINT('',(0.712111631132,0.722983976371));
#4505 = CARTESIAN_POINT('',(0.712894709363,0.762272039212));
#4506 = CARTESIAN_POINT('',(0.713655084087,0.801840368663));
#4507 = CARTESIAN_POINT('',(0.714805863626,0.864099728273));
#4508 = CARTESIAN_POINT('',(0.715213246759,0.886640956904));
#4509 = CARTESIAN_POINT('',(0.715612276584,0.909241305923));
#4510 = CARTESIAN_POINT('',(0.716002630876,0.931889348309));
#4511 = CARTESIAN_POINT('',(0.716384055048,0.954573299345));
#4512 = CARTESIAN_POINT('',(0.716756362153,0.977281016615));
#4513 = CARTESIAN_POINT('',(0.717119432886,1.));
#4514 = ( GEOMETRIC_REPRESENTATION_CONTEXT(2) 
PARAMETRIC_REPRESENTATION_CONTEXT() REPRESENTATION_CONTEXT('2D SPACE',''
  ) );
#4515 = PCURVE('',#467,#4516);
#4516 = DEFINITIONAL_REPRESENTATION('',(#4517),#4550);
#4517 = B_SPLINE_CURVE_WITH_KNOTS('',7,(#4518,#4519,#4520,#4521,#4522,
    #4523,#4524,#4525,#4526,#4527,#4528,#4529,#4530,#4531,#4532,#4533,
    #4534,#4535,#4536,#4537,#4538,#4539,#4540,#4541,#4542,#4543,#4544,
    #4545,#4546,#4547,#4548,#4549),.UNSPECIFIED.,.F.,.F.,(8,6,6,6,6,8),(
    0.,0.35735844573,0.501213938212,0.600405492008,0.855775841578,1.),
  .UNSPECIFIED.);
#4518 = CARTESIAN_POINT('',(122.34179006962,123.));
#4519 = CARTESIAN_POINT('',(122.34179027738,123.1645761206));
#4520 = CARTESIAN_POINT('',(122.32516134277,123.32920876204));
#4521 = CARTESIAN_POINT('',(122.2918862684,123.49166516102));
#4522 = CARTESIAN_POINT('',(122.24250975857,123.64994170898));
#4523 = CARTESIAN_POINT('',(122.17793376926,123.80224717872));
#4524 = CARTESIAN_POINT('',(122.09930848231,123.94698183162));
#4525 = CARTESIAN_POINT('',(121.97128123752,124.13739812804));
#4526 = CARTESIAN_POINT('',(121.93247497314,124.19061100004));
#4527 = CARTESIAN_POINT('',(121.89169170077,124.24229996756));
#4528 = CARTESIAN_POINT('',(121.8490175942,124.29238707084));
#4529 = CARTESIAN_POINT('',(121.80454075423,124.34080045741));
#4530 = CARTESIAN_POINT('',(121.75835058754,124.3874738442));
#4531 = CARTESIAN_POINT('',(121.67756878376,124.46328631256));
#4532 = CARTESIAN_POINT('',(121.64382858806,124.49337026739));
#4533 = CARTESIAN_POINT('',(121.60934614664,124.52257789089));
#4534 = CARTESIAN_POINT('',(121.57415114073,124.55089028437));
#4535 = CARTESIAN_POINT('',(121.53827338441,124.57828960358));
#4536 = CARTESIAN_POINT('',(121.50174282463,124.60475905879));
#4537 = CARTESIAN_POINT('',(121.36893777824,124.69599451781));
#4538 = CARTESIAN_POINT('',(121.26915921859,124.755437651));
#4539 = CARTESIAN_POINT('',(121.16576550431,124.80834460198));
#4540 = CARTESIAN_POINT('',(121.05927332861,124.85448742928));
#4541 = CARTESIAN_POINT('',(120.95020458201,124.89367700283));
#4542 = CARTESIAN_POINT('',(120.8390864984,124.9257620445));
#4543 = CARTESIAN_POINT('',(120.66283970047,124.9646716778));
#4544 = CARTESIAN_POINT('',(120.59874394998,124.97641273146));
#4545 = CARTESIAN_POINT('',(120.53426070753,124.98583066994));
#4546 = CARTESIAN_POINT('',(120.46948680587,124.99290888845));
#4547 = CARTESIAN_POINT('',(120.40451975278,124.9976348371));
#4548 = CARTESIAN_POINT('',(120.33945773107,125.00000002096));
#4549 = CARTESIAN_POINT('',(120.27439959852,125.));
#4550 = ( GEOMETRIC_REPRESENTATION_CONTEXT(2) 
PARAMETRIC_REPRESENTATION_CONTEXT() REPRESENTATION_CONTEXT('2D SPACE',''
  ) );
#4551 = ADVANCED_FACE('',(#4552),#3670,.F.);
#4552 = FACE_BOUND('',#4553,.F.);
#4553 = EDGE_LOOP('',(#4554,#4555,#4577,#4685));
#4554 = ORIENTED_EDGE('',*,*,#4404,.F.);
#4555 = ORIENTED_EDGE('',*,*,#4556,.T.);
#4556 = EDGE_CURVE('',#4383,#4557,#4559,.T.);
#4557 = VERTEX_POINT('',#4558);
#4558 = CARTESIAN_POINT('',(19.658209944768,58.,15.5));
#4559 = SURFACE_CURVE('',#4560,(#4565,#4571),.PCURVE_S1.);
#4560 = CIRCLE('',#4561,3.85);
#4561 = AXIS2_PLACEMENT_3D('',#4562,#4563,#4564);
#4562 = CARTESIAN_POINT('',(16.,58.,16.7));
#4563 = DIRECTION('',(0.,1.,0.));
#4564 = DIRECTION('',(0.,-0.,1.));
#4565 = PCURVE('',#3670,#4566);
#4566 = DEFINITIONAL_REPRESENTATION('',(#4567),#4570);
#4567 = B_SPLINE_CURVE_WITH_KNOTS('',1,(#4568,#4569),.UNSPECIFIED.,.F.,
  .F.,(2,2),(0.,6.28318530718),.PIECEWISE_BEZIER_KNOTS.);
#4568 = CARTESIAN_POINT('',(0.,0.));
#4569 = CARTESIAN_POINT('',(1.,0.));
#4570 = ( GEOMETRIC_REPRESENTATION_CONTEXT(2) 
PARAMETRIC_REPRESENTATION_CONTEXT() REPRESENTATION_CONTEXT('2D SPACE',''
  ) );
#4571 = PCURVE('',#2216,#4572);
#4572 = DEFINITIONAL_REPRESENTATION('',(#4573),#4576);
#4573 = B_SPLINE_CURVE_WITH_KNOTS('',1,(#4574,#4575),.UNSPECIFIED.,.F.,
  .F.,(2,2),(0.,1.887765667964),.PIECEWISE_BEZIER_KNOTS.);
#4574 = CARTESIAN_POINT('',(-6.28318530718,-4.));
#4575 = CARTESIAN_POINT('',(-8.170950975143,-4.));
#4576 = ( GEOMETRIC_REPRESENTATION_CONTEXT(2) 
PARAMETRIC_REPRESENTATION_CONTEXT() REPRESENTATION_CONTEXT('2D SPACE',''
  ) );
#4577 = ORIENTED_EDGE('',*,*,#4578,.T.);
#4578 = EDGE_CURVE('',#4557,#3608,#4579,.T.);
#4579 = SURFACE_CURVE('',#4580,(#4613,#4649),.PCURVE_S1.);
#4580 = B_SPLINE_CURVE_WITH_KNOTS('',7,(#4581,#4582,#4583,#4584,#4585,
    #4586,#4587,#4588,#4589,#4590,#4591,#4592,#4593,#4594,#4595,#4596,
    #4597,#4598,#4599,#4600,#4601,#4602,#4603,#4604,#4605,#4606,#4607,
    #4608,#4609,#4610,#4611,#4612),.UNSPECIFIED.,.F.,.F.,(8,6,6,6,6,8),(
    0.,0.357358445769,0.501213938247,0.600405492041,0.855775841607,1.),
  .UNSPECIFIED.);
#4581 = CARTESIAN_POINT('',(19.658209930373,58.,15.5));
#4582 = CARTESIAN_POINT('',(19.658209722626,58.164576120634,15.5));
#4583 = CARTESIAN_POINT('',(19.674838657204,58.329208762078,15.5));
#4584 = CARTESIAN_POINT('',(19.708113731646,58.491665161096,15.5));
#4585 = CARTESIAN_POINT('',(19.757490241419,58.64994170905,15.5));
#4586 = CARTESIAN_POINT('',(19.822066230789,58.80224717883,15.5));
#4587 = CARTESIAN_POINT('',(19.900691517744,58.946981831735,15.5));
#4588 = CARTESIAN_POINT('',(20.02871876256,59.137398128161,15.5));
#4589 = CARTESIAN_POINT('',(20.06752502694,59.190611000155,15.5));
#4590 = CARTESIAN_POINT('',(20.108308299312,59.242299967672,15.5));
#4591 = CARTESIAN_POINT('',(20.150982405891,59.292387070944,15.5));
#4592 = CARTESIAN_POINT('',(20.195459245855,59.340800457512,15.5));
#4593 = CARTESIAN_POINT('',(20.241649412551,59.387473844303,15.5));
#4594 = CARTESIAN_POINT('',(20.322431216331,59.463286312658,15.5));
#4595 = CARTESIAN_POINT('',(20.356171412039,59.49337026748,15.5));
#4596 = CARTESIAN_POINT('',(20.390653853459,59.522577890983,15.5));
#4597 = CARTESIAN_POINT('',(20.425848859368,59.550890284456,15.5));
#4598 = CARTESIAN_POINT('',(20.461726615686,59.578289603668,15.5));
#4599 = CARTESIAN_POINT('',(20.498257175475,59.604759058872,15.5));
#4600 = CARTESIAN_POINT('',(20.631062221866,59.695994517878,15.5));
#4601 = CARTESIAN_POINT('',(20.730840781515,59.755437651063,15.5));
#4602 = CARTESIAN_POINT('',(20.834234495802,59.808344602036,15.5));
#4603 = CARTESIAN_POINT('',(20.940726671499,59.854487429329,15.5));
#4604 = CARTESIAN_POINT('',(21.049795418104,59.893677002872,15.5));
#4605 = CARTESIAN_POINT('',(21.160913501712,59.925762044542,15.5));
#4606 = CARTESIAN_POINT('',(21.337160299632,59.964671677823,15.5));
#4607 = CARTESIAN_POINT('',(21.401256050099,59.976412731468,15.5));
#4608 = CARTESIAN_POINT('',(21.465739292536,59.985830669941,15.5));
#4609 = CARTESIAN_POINT('',(21.530513194178,59.992908888452,15.5));
#4610 = CARTESIAN_POINT('',(21.595480247248,59.997634837122,15.5));
#4611 = CARTESIAN_POINT('',(21.66054226895,60.000000020988,15.5));
#4612 = CARTESIAN_POINT('',(21.725600401476,60.,15.5));
#4613 = PCURVE('',#3670,#4614);
#4614 = DEFINITIONAL_REPRESENTATION('',(#4615),#4648);
#4615 = B_SPLINE_CURVE_WITH_KNOTS('',7,(#4616,#4617,#4618,#4619,#4620,
    #4621,#4622,#4623,#4624,#4625,#4626,#4627,#4628,#4629,#4630,#4631,
    #4632,#4633,#4634,#4635,#4636,#4637,#4638,#4639,#4640,#4641,#4642,
    #4643,#4644,#4645,#4646,#4647),.UNSPECIFIED.,.F.,.F.,(8,6,6,6,6,8),(
    0.,0.357358445769,0.501213938247,0.600405492041,0.855775841607,1.),
  .UNSPECIFIED.);
#4616 = CARTESIAN_POINT('',(0.300447239466,0.));
#4617 = CARTESIAN_POINT('',(0.300447252157,4.564061722111E-02));
#4618 = CARTESIAN_POINT('',(0.300232958242,9.129851312801E-02));
#4619 = CARTESIAN_POINT('',(0.299804247605,0.13718538666));
#4620 = CARTESIAN_POINT('',(0.29917909923,0.183590811308));
#4621 = CARTESIAN_POINT('',(0.298391482912,0.230730463569));
#4622 = CARTESIAN_POINT('',(0.297478172231,0.278736045283));
#4623 = CARTESIAN_POINT('',(0.296070966057,0.347310511868));
#4624 = CARTESIAN_POINT('',(0.295652382957,0.367141287485));
#4625 = CARTESIAN_POINT('',(0.295221362214,0.387125470545));
#4626 = CARTESIAN_POINT('',(0.294780080151,0.407265851549));
#4627 = CARTESIAN_POINT('',(0.294330601395,0.427563623929));
#4628 = CARTESIAN_POINT('',(0.293874848225,0.448018470544));
#4629 = CARTESIAN_POINT('',(0.293097197835,0.482839826311));
#4630 = CARTESIAN_POINT('',(0.292777674603,0.497124882573));
#4631 = CARTESIAN_POINT('',(0.292456575725,0.511483251958));
#4632 = CARTESIAN_POINT('',(0.292134439591,0.525914085547));
#4633 = CARTESIAN_POINT('',(0.291811767497,0.540416252505));
#4634 = CARTESIAN_POINT('',(0.291489023642,0.554988340083));
#4635 = CARTESIAN_POINT('',(0.290336640385,0.60732039088));
#4636 = CARTESIAN_POINT('',(0.289509003144,0.645464096308));
#4637 = CARTESIAN_POINT('',(0.288691027254,0.684031776617));
#4638 = CARTESIAN_POINT('',(0.287888368867,0.722983976413));
#4639 = CARTESIAN_POINT('',(0.287105290636,0.762272039255));
#4640 = CARTESIAN_POINT('',(0.286344915912,0.801840368705));
#4641 = CARTESIAN_POINT('',(0.285194136373,0.864099728311));
#4642 = CARTESIAN_POINT('',(0.28478675324,0.886640956935));
#4643 = CARTESIAN_POINT('',(0.284387723415,0.909241305946));
#4644 = CARTESIAN_POINT('',(0.283997369124,0.931889348326));
#4645 = CARTESIAN_POINT('',(0.283615944952,0.954573299358));
#4646 = CARTESIAN_POINT('',(0.283243637847,0.977281016622));
#4647 = CARTESIAN_POINT('',(0.282880567114,1.));
#4648 = ( GEOMETRIC_REPRESENTATION_CONTEXT(2) 
PARAMETRIC_REPRESENTATION_CONTEXT() REPRESENTATION_CONTEXT('2D SPACE',''
  ) );
#4649 = PCURVE('',#2244,#4650);
#4650 = DEFINITIONAL_REPRESENTATION('',(#4651),#4684);
#4651 = B_SPLINE_CURVE_WITH_KNOTS('',7,(#4652,#4653,#4654,#4655,#4656,
    #4657,#4658,#4659,#4660,#4661,#4662,#4663,#4664,#4665,#4666,#4667,
    #4668,#4669,#4670,#4671,#4672,#4673,#4674,#4675,#4676,#4677,#4678,
    #4679,#4680,#4681,#4682,#4683),.UNSPECIFIED.,.F.,.F.,(8,6,6,6,6,8),(
    0.,0.357358445769,0.501213938247,0.600405492041,0.855775841607,1.),
  .UNSPECIFIED.);
#4652 = CARTESIAN_POINT('',(-19.65820993037,15.249171011152));
#4653 = CARTESIAN_POINT('',(-19.65820972262,15.413747131785));
#4654 = CARTESIAN_POINT('',(-19.6748386572,15.57837977323));
#4655 = CARTESIAN_POINT('',(-19.70811373164,15.740836172248));
#4656 = CARTESIAN_POINT('',(-19.75749024141,15.899112720202));
#4657 = CARTESIAN_POINT('',(-19.82206623078,16.051418189982));
#4658 = CARTESIAN_POINT('',(-19.90069151774,16.196152842887));
#4659 = CARTESIAN_POINT('',(-20.02871876256,16.386569139313));
#4660 = CARTESIAN_POINT('',(-20.06752502694,16.439782011307));
#4661 = CARTESIAN_POINT('',(-20.10830829931,16.491470978824));
#4662 = CARTESIAN_POINT('',(-20.15098240589,16.541558082096));
#4663 = CARTESIAN_POINT('',(-20.19545924585,16.589971468664));
#4664 = CARTESIAN_POINT('',(-20.24164941255,16.636644855454));
#4665 = CARTESIAN_POINT('',(-20.32243121633,16.71245732381));
#4666 = CARTESIAN_POINT('',(-20.35617141203,16.742541278631));
#4667 = CARTESIAN_POINT('',(-20.39065385345,16.771748902135));
#4668 = CARTESIAN_POINT('',(-20.42584885936,16.800061295608));
#4669 = CARTESIAN_POINT('',(-20.46172661568,16.827460614819));
#4670 = CARTESIAN_POINT('',(-20.49825717547,16.853930070023));
#4671 = CARTESIAN_POINT('',(-20.63106222186,16.94516552903));
#4672 = CARTESIAN_POINT('',(-20.73084078151,17.004608662215));
#4673 = CARTESIAN_POINT('',(-20.8342344958,17.057515613188));
#4674 = CARTESIAN_POINT('',(-20.94072667149,17.103658440481));
#4675 = CARTESIAN_POINT('',(-21.0497954181,17.142848014023));
#4676 = CARTESIAN_POINT('',(-21.16091350171,17.174933055694));
#4677 = CARTESIAN_POINT('',(-21.33716029963,17.213842688974));
#4678 = CARTESIAN_POINT('',(-21.40125605009,17.225583742619));
#4679 = CARTESIAN_POINT('',(-21.46573929253,17.235001681093));
#4680 = CARTESIAN_POINT('',(-21.53051319417,17.242079899604));
#4681 = CARTESIAN_POINT('',(-21.59548024724,17.246805848274));
#4682 = CARTESIAN_POINT('',(-21.66054226895,17.24917103214));
#4683 = CARTESIAN_POINT('',(-21.72560040147,17.249171011152));
#4684 = ( GEOMETRIC_REPRESENTATION_CONTEXT(2) 
PARAMETRIC_REPRESENTATION_CONTEXT() REPRESENTATION_CONTEXT('2D SPACE',''
  ) );
#4685 = ORIENTED_EDGE('',*,*,#3630,.F.);
#4686 = ADVANCED_FACE('',(#4687),#3567,.T.);
#4687 = FACE_BOUND('',#4688,.T.);
#4688 = EDGE_LOOP('',(#4689,#4690,#5210,#5240,#5266));
#4689 = ORIENTED_EDGE('',*,*,#3553,.F.);
#4690 = ORIENTED_EDGE('',*,*,#4691,.F.);
#4691 = EDGE_CURVE('',#4692,#3526,#4694,.T.);
#4692 = VERTEX_POINT('',#4693);
#4693 = CARTESIAN_POINT('',(98.749999997583,52.,79.000120266151));
#4694 = SURFACE_CURVE('',#4695,(#4894,#5043),.PCURVE_S1.);
#4695 = B_SPLINE_CURVE_WITH_KNOTS('',8,(#4696,#4697,#4698,#4699,#4700,
    #4701,#4702,#4703,#4704,#4705,#4706,#4707,#4708,#4709,#4710,#4711,
    #4712,#4713,#4714,#4715,#4716,#4717,#4718,#4719,#4720,#4721,#4722,
    #4723,#4724,#4725,#4726,#4727,#4728,#4729,#4730,#4731,#4732,#4733,
    #4734,#4735,#4736,#4737,#4738,#4739,#4740,#4741,#4742,#4743,#4744,
    #4745,#4746,#4747,#4748,#4749,#4750,#4751,#4752,#4753,#4754,#4755,
    #4756,#4757,#4758,#4759,#4760,#4761,#4762,#4763,#4764,#4765,#4766,
    #4767,#4768,#4769,#4770,#4771,#4772,#4773,#4774,#4775,#4776,#4777,
    #4778,#4779,#4780,#4781,#4782,#4783,#4784,#4785,#4786,#4787,#4788,
    #4789,#4790,#4791,#4792,#4793,#4794,#4795,#4796,#4797,#4798,#4799,
    #4800,#4801,#4802,#4803,#4804,#4805,#4806,#4807,#4808,#4809,#4810,
    #4811,#4812,#4813,#4814,#4815,#4816,#4817,#4818,#4819,#4820,#4821,
    #4822,#4823,#4824,#4825,#4826,#4827,#4828,#4829,#4830,#4831,#4832,
    #4833,#4834,#4835,#4836,#4837,#4838,#4839,#4840,#4841,#4842,#4843,
    #4844,#4845,#4846,#4847,#4848,#4849,#4850,#4851,#4852,#4853,#4854,
    #4855,#4856,#4857,#4858,#4859,#4860,#4861,#4862,#4863,#4864,#4865,
    #4866,#4867,#4868,#4869,#4870,#4871,#4872,#4873,#4874,#4875,#4876,
    #4877,#4878,#4879,#4880,#4881,#4882,#4883,#4884,#4885,#4886,#4887,
    #4888,#4889,#4890,#4891,#4892,#4893),.UNSPECIFIED.,.F.,.F.,(9,7,7,7,
    7,7,7,7,7,7,7,7,7,7,7,7,7,7,7,7,7,7,7,7,7,7,7,7,9),(0.,
    2.176825959057E-04,3.939774857888E-03,8.944512236614E-03,
    1.994228266422E-02,4.192535718073E-02,6.689276931337E-02,
    8.486568823832E-02,0.106830269198,0.133784578066,0.166726534565,
    0.205655616775,0.248575390229,0.29348979709,0.50155106561,
    0.663430528873,0.707345615451,0.752259951862,0.795179625593,
    0.834108570429,0.867050346688,0.894004596003,0.915969188157,
    0.933942121449,0.958909573164,0.985893536732,0.997939343563,
    0.99983591332,1.),.UNSPECIFIED.);
#4696 = CARTESIAN_POINT('',(98.749999997583,52.,79.000120266151));
#4697 = CARTESIAN_POINT('',(98.749999991431,52.000020992716,
    79.000273346926));
#4698 = CARTESIAN_POINT('',(98.749999975128,52.000081124587,
    79.000427320125));
#4699 = CARTESIAN_POINT('',(98.749999950457,52.000168128817,
    79.000576195058));
#4700 = CARTESIAN_POINT('',(98.749999918516,52.000273264749,
    79.00071637457));
#4701 = CARTESIAN_POINT('',(98.749999879718,52.000391317872,
    79.000846655044));
#4702 = CARTESIAN_POINT('',(98.749999833796,52.000520599816,
    79.000968226395));
#4703 = CARTESIAN_POINT('',(98.749999779797,52.000662948357,
    79.001084672074));
#4704 = CARTESIAN_POINT('',(98.749998626694,52.003572842324,
    79.003207596689));
#4705 = CARTESIAN_POINT('',(98.749992524313,52.008385337519,
    79.004377043813));
#4706 = CARTESIAN_POINT('',(98.749984670984,52.013600650386,
    79.005063538266));
#4707 = CARTESIAN_POINT('',(98.749976640347,52.018228863253,
    79.005536892605));
#4708 = CARTESIAN_POINT('',(98.74996831764,52.021950703384,
    79.005983504113));
#4709 = CARTESIAN_POINT('',(98.749957899695,52.025117542983,
    79.006506354804));
#4710 = CARTESIAN_POINT('',(98.749941894942,52.028751399188,
    79.007125011418));
#4711 = CARTESIAN_POINT('',(98.74987912632,52.042334939957,
    79.008650443136));
#4712 = CARTESIAN_POINT('',(98.749834314904,52.050147727199,
    79.00942284487));
#4713 = CARTESIAN_POINT('',(98.749780675004,52.057975525643,
    79.010120077335));
#4714 = CARTESIAN_POINT('',(98.749718193468,52.065812512363,
    79.010763462449));
#4715 = CARTESIAN_POINT('',(98.74964685816,52.073654811669,
    79.011368397343));
#4716 = CARTESIAN_POINT('',(98.749566657951,52.081500495103,
    79.011944354358));
#4717 = CARTESIAN_POINT('',(98.749477582725,52.089349581445,
    79.012494881044));
#4718 = CARTESIAN_POINT('',(98.749164360452,52.114463982484,
    79.014166260816));
#4719 = CARTESIAN_POINT('',(98.748906354846,52.131730198899,
    79.015197120454));
#4720 = CARTESIAN_POINT('',(98.748605602846,52.148998668984,
    79.016149104268));
#4721 = CARTESIAN_POINT('',(98.74826211037,52.166267856757,
    79.017040353977));
#4722 = CARTESIAN_POINT('',(98.747875885392,52.183537207193,
    79.01788044192));
#4723 = CARTESIAN_POINT('',(98.747446932529,52.200806331181,
    79.018677216778));
#4724 = CARTESIAN_POINT('',(98.74697524981,52.218074875458,
    79.019438280936));
#4725 = CARTESIAN_POINT('',(98.745432566342,52.269859907595,
    79.021623910389));
#4726 = CARTESIAN_POINT('',(98.744233326156,52.304382385349,
    79.02295356657));
#4727 = CARTESIAN_POINT('',(98.742863059794,52.338906020696,
    79.024191201295));
#4728 = CARTESIAN_POINT('',(98.741321767345,52.37342781619,
    79.025355378834));
#4729 = CARTESIAN_POINT('',(98.739609476292,52.407945575485,
    79.026457123241));
#4730 = CARTESIAN_POINT('',(98.73772622445,52.442457510949,
    79.027505147958));
#4731 = CARTESIAN_POINT('',(98.735672045815,52.476962150465,
    79.028507286186));
#4732 = CARTESIAN_POINT('',(98.73091980364,52.550638033916,
    79.030559397319));
#4733 = CARTESIAN_POINT('',(98.728172218095,52.589806373546,
    79.031597685994));
#4734 = CARTESIAN_POINT('',(98.725204273434,52.628961570989,
    79.032590517163));
#4735 = CARTESIAN_POINT('',(98.722016058508,52.668101765706,
    79.033543599715));
#4736 = CARTESIAN_POINT('',(98.718607677884,52.707225205923,
    79.03446123469));
#4737 = CARTESIAN_POINT('',(98.714979249454,52.746330226644,
    79.035346727618));
#4738 = CARTESIAN_POINT('',(98.711130902049,52.785415227658,
    79.036202800854));
#4739 = CARTESIAN_POINT('',(98.704134309651,52.852598656403,
    79.037628913422));
#4740 = CARTESIAN_POINT('',(98.701091958897,52.880707465217,
    79.038211885891));
#4741 = CARTESIAN_POINT('',(98.697935773782,52.908804490723,
    79.038781772384));
#4742 = CARTESIAN_POINT('',(98.69466581053,52.936889151579,
    79.039339343532));
#4743 = CARTESIAN_POINT('',(98.691282128596,52.964960872365,
    79.039885291554));
#4744 = CARTESIAN_POINT('',(98.687784790668,52.993019083582,
    79.04042023025));
#4745 = CARTESIAN_POINT('',(98.684173862666,53.021063221652,
    79.040944695002));
#4746 = CARTESIAN_POINT('',(98.675897790254,53.08334739752,
    79.042087845873));
#4747 = CARTESIAN_POINT('',(98.671176621948,53.117580211034,
    79.042701628063));
#4748 = CARTESIAN_POINT('',(98.666286035117,53.151790149255,
    79.043301341071));
#4749 = CARTESIAN_POINT('',(98.66122616301,53.185976197777,
    79.043887760051));
#4750 = CARTESIAN_POINT('',(98.655997145833,53.220137347997,
    79.044461583583));
#4751 = CARTESIAN_POINT('',(98.650599130748,53.254272597111,
    79.045023433676));
#4752 = CARTESIAN_POINT('',(98.645032271875,53.288380948116,
    79.045573855767));
#4753 = CARTESIAN_POINT('',(98.632258236826,53.364283982819,
    79.046775332309));
#4754 = CARTESIAN_POINT('',(98.624965715586,53.406064552921,
    79.047420880275));
#4755 = CARTESIAN_POINT('',(98.617419464341,53.447801286326,
    79.048050844871));
#4756 = CARTESIAN_POINT('',(98.609619796299,53.489492356432,
    79.048666030335));
#4757 = CARTESIAN_POINT('',(98.601567040096,53.531135943823,
    79.049267162894));
#4758 = CARTESIAN_POINT('',(98.593261539801,53.572730236272,
    79.04985489076));
#4759 = CARTESIAN_POINT('',(98.584703654914,53.614273428739,
    79.050429784135));
#4760 = CARTESIAN_POINT('',(98.565126830133,53.706470698926,
    79.05167985174));
#4761 = CARTESIAN_POINT('',(98.553983491079,53.75709866285,
    79.052348971377));
#4762 = CARTESIAN_POINT('',(98.54246442777,53.807644331398,
    79.053000607685));
#4763 = CARTESIAN_POINT('',(98.530570358592,53.858104432722,
    79.053635594418));
#4764 = CARTESIAN_POINT('',(98.518302035745,53.908475706866,
    79.054254685514));
#4765 = CARTESIAN_POINT('',(98.505660245244,53.958754905768,
    79.054858555098));
#4766 = CARTESIAN_POINT('',(98.492645806921,54.008938793261,
    79.055447797482));
#4767 = CARTESIAN_POINT('',(98.463440424599,54.118212395715,
    79.056702585357));
#4768 = CARTESIAN_POINT('',(98.447102053302,54.177263038509,
    79.057362569131));
#4769 = CARTESIAN_POINT('',(98.430245869621,54.236170750378,
    79.058003742471));
#4770 = CARTESIAN_POINT('',(98.41287334735,54.294930230672,
    79.05862689577));
#4771 = CARTESIAN_POINT('',(98.394986024989,54.353536201167,
    79.059232745833));
#4772 = CARTESIAN_POINT('',(98.376585505742,54.411983406059,
    79.059821935874));
#4773 = CARTESIAN_POINT('',(98.357673457518,54.47026661197,
    79.060395035519));
#4774 = CARTESIAN_POINT('',(98.316838799621,54.592451975681,
    79.061567196966));
#4775 = CARTESIAN_POINT('',(98.294806310998,54.65631766582,
    79.062162922388));
#4776 = CARTESIAN_POINT('',(98.272156469335,54.719970693491,
    79.062740394225));
#4777 = CARTESIAN_POINT('',(98.248891690295,54.783404110389,
    79.063300235087));
#4778 = CARTESIAN_POINT('',(98.225014482922,54.846611004779,
    79.063843013035));
#4779 = CARTESIAN_POINT('',(98.200527449652,54.909584501491,
    79.064369241585));
#4780 = CARTESIAN_POINT('',(98.175433286302,54.972317761921,
    79.064879379704));
#4781 = CARTESIAN_POINT('',(98.122841977631,55.10019416151,
    79.06589126286));
#4782 = CARTESIAN_POINT('',(98.095287353146,55.165313810211,
    79.066391530479));
#4783 = CARTESIAN_POINT('',(98.067074105341,55.230155134236,
    79.066875105595));
#4784 = CARTESIAN_POINT('',(98.038205539691,55.294710387845,
    79.06734242338));
#4785 = CARTESIAN_POINT('',(98.008685070427,55.358971875456,
    79.067793883259));
#4786 = CARTESIAN_POINT('',(97.978516220537,55.422931951648,
    79.068229848905));
#4787 = CARTESIAN_POINT('',(97.947702621765,55.486583021161,
    79.06865064824));
#4788 = CARTESIAN_POINT('',(97.770537853389,55.843308034765,
    79.070936979247));
#4789 = CARTESIAN_POINT('',(97.611069370748,56.129911386397,
    79.072498413395));
#4790 = CARTESIAN_POINT('',(97.438217432705,56.408969128074,
    79.073770375016));
#4791 = CARTESIAN_POINT('',(97.252404355537,56.679756354836,
    79.074771070202));
#4792 = CARTESIAN_POINT('',(97.054096911072,56.941579852538,
    79.075511852702));
#4793 = CARTESIAN_POINT('',(96.843805210179,57.193777591191,
    79.075999889279));
#4794 = CARTESIAN_POINT('',(96.622083464468,57.435719581595,
    79.076239049711));
#4795 = CARTESIAN_POINT('',(96.208599359978,57.846607174183,
    79.076221219079));
#4796 = CARTESIAN_POINT('',(96.021106706779,58.01983929072,
    79.076062665182));
#4797 = CARTESIAN_POINT('',(95.827336145035,58.186226930132,
    79.075753115717));
#4798 = CARTESIAN_POINT('',(95.627581600501,58.345506380859,
    79.075291310286));
#4799 = CARTESIAN_POINT('',(95.422149380923,58.497429794841,
    79.07467461931));
#4800 = CARTESIAN_POINT('',(95.211358110733,58.641765247853,
    79.073898691218));
#4801 = CARTESIAN_POINT('',(94.995538665739,58.778296799832,
    79.072957099632));
#4802 = CARTESIAN_POINT('',(94.715215051363,58.941691902747,
    79.071538209544));
#4803 = CARTESIAN_POINT('',(94.65505108677,58.975970290965,
    79.071222576796));
#4804 = CARTESIAN_POINT('',(94.594549023964,59.009655755025,
    79.070893914211));
#4805 = CARTESIAN_POINT('',(94.53371572512,59.042744425831,
    79.070552023872));
#4806 = CARTESIAN_POINT('',(94.472558104659,59.075232530026,
    79.070196688047));
#4807 = CARTESIAN_POINT('',(94.411083129253,59.107116389993,
    79.069827669184));
#4808 = CARTESIAN_POINT('',(94.34929781782,59.138392423854,
    79.069444709914));
#4809 = CARTESIAN_POINT('',(94.223707893356,59.200419616324,
    79.06864131877));
#4810 = CARTESIAN_POINT('',(94.159889317199,59.231142641319,
    79.068220225355));
#4811 = CARTESIAN_POINT('',(94.09576107802,59.261222490929,
    79.067783960272));
#4812 = CARTESIAN_POINT('',(94.03133079105,59.290655544114,
    79.067332195185));
#4813 = CARTESIAN_POINT('',(93.966606121787,59.319438288327,
    79.06686456595));
#4814 = CARTESIAN_POINT('',(93.901594785998,59.347567319509,
    79.066380672619));
#4815 = CARTESIAN_POINT('',(93.836304549719,59.375039342093,
    79.065880079438));
#4816 = CARTESIAN_POINT('',(93.708093511846,59.427472272527,
    79.064867544379));
#4817 = CARTESIAN_POINT('',(93.645196249309,59.452490519376,
    79.064357080603));
#4818 = CARTESIAN_POINT('',(93.582058261463,59.476903128758,
    79.063830518565));
#4819 = CARTESIAN_POINT('',(93.518686404774,59.500707413043,
    79.063287398658));
#4820 = CARTESIAN_POINT('',(93.455087572352,59.523900777756,
    79.062727206624));
#4821 = CARTESIAN_POINT('',(93.391268693956,59.546480721578,
    79.062149373555));
#4822 = CARTESIAN_POINT('',(93.327236735989,59.568444836346,
    79.061553275894));
#4823 = CARTESIAN_POINT('',(93.20473360572,59.60915200074,
    79.060380382252));
#4824 = CARTESIAN_POINT('',(93.146298972221,59.628004659026,
    79.059806924771));
#4825 = CARTESIAN_POINT('',(93.0877000255,59.646347054723,
    79.059217366202));
#4826 = CARTESIAN_POINT('',(93.028942012528,59.664177525192,
    79.058611135999));
#4827 = CARTESIAN_POINT('',(92.970030202755,59.681494472336,
    79.057987589853));
#4828 = CARTESIAN_POINT('',(92.910969888104,59.698296362603,
    79.057346009695));
#4829 = CARTESIAN_POINT('',(92.851766382976,59.714581726985,
    79.056685603692));
#4830 = CARTESIAN_POINT('',(92.742210209275,59.743691605476,
    79.055430005996));
#4831 = CARTESIAN_POINT('',(92.691896683036,59.756663181722,
    79.054840380821));
#4832 = CARTESIAN_POINT('',(92.641487678147,59.769263038919,
    79.054236115301));
#4833 = CARTESIAN_POINT('',(92.590986439149,59.781490359961,
    79.053616613964));
#4834 = CARTESIAN_POINT('',(92.540396222518,59.793344361471,
    79.052981201291));
#4835 = CARTESIAN_POINT('',(92.489720296657,59.804824293804,
    79.05232912172));
#4836 = CARTESIAN_POINT('',(92.438961941901,59.815929441048,
    79.05165953964));
#4837 = CARTESIAN_POINT('',(92.346527227384,59.835438564694,
    79.050408590699));
#4838 = CARTESIAN_POINT('',(92.304877022397,59.843966627442,
    79.049833285269));
#4839 = CARTESIAN_POINT('',(92.263175638087,59.852242935641,
    79.049245129822));
#4840 = CARTESIAN_POINT('',(92.221424884205,59.860267131057,
    79.048643552775));
#4841 = CARTESIAN_POINT('',(92.179626577724,59.868038870852,
    79.048027904246));
#4842 = CARTESIAN_POINT('',(92.137782542839,59.875557827577,
    79.047397456054));
#4843 = CARTESIAN_POINT('',(92.095894610964,59.88282368918,
    79.046751401722));
#4844 = CARTESIAN_POINT('',(92.019796533782,59.895550509929,
    79.04554895881));
#4845 = CARTESIAN_POINT('',(91.985600520566,59.90109659955,
    79.044998085015));
#4846 = CARTESIAN_POINT('',(91.951377574909,59.906474267392,
    79.044435764921));
#4847 = CARTESIAN_POINT('',(91.917128696474,59.911683359921,
    79.043861451433));
#4848 = CARTESIAN_POINT('',(91.882854890764,59.916723730543,
    79.04327452053));
#4849 = CARTESIAN_POINT('',(91.848557169119,59.921595239606,
    79.042674271265));
#4850 = CARTESIAN_POINT('',(91.81423654872,59.926297754395,
    79.042059925763));
#4851 = CARTESIAN_POINT('',(91.751792670706,59.93454068313,
    79.040915695702));
#4852 = CARTESIAN_POINT('',(91.723676644214,59.938136980548,
    79.040390724842));
#4853 = CARTESIAN_POINT('',(91.6955465323,59.941619972521,
    79.039855258086));
#4854 = CARTESIAN_POINT('',(91.667402900119,59.944989593407,
    79.039308757998));
#4855 = CARTESIAN_POINT('',(91.639246318803,59.948245780788,
    79.038750608265));
#4856 = CARTESIAN_POINT('',(91.611077365458,59.951388475472,
    79.038180113695));
#4857 = CARTESIAN_POINT('',(91.582896623163,59.954417621491,
    79.037596500219));
#4858 = CARTESIAN_POINT('',(91.515541293224,59.961383351909,
    79.036168767544));
#4859 = CARTESIAN_POINT('',(91.47635632129,59.965214307568,
    79.035311681412));
#4860 = CARTESIAN_POINT('',(91.437151327148,59.9688258964,79.03442509148
    ));
#4861 = CARTESIAN_POINT('',(91.397927915975,59.97221799022,
    79.033506262452));
#4862 = CARTESIAN_POINT('',(91.358687758471,59.975390471746,
    79.032551871903));
#4863 = CARTESIAN_POINT('',(91.319432613186,59.978343237003,
    79.031557593439));
#4864 = CARTESIAN_POINT('',(91.280164348836,59.981076197724,
    79.030517679846));
#4865 = CARTESIAN_POINT('',(91.198433160571,59.986305340761,
    79.028243125028));
#4866 = CARTESIAN_POINT('',(91.155970359844,59.988764441662,
    79.027000040025));
#4867 = CARTESIAN_POINT('',(91.113497538591,59.990966662662,
    79.025682232748));
#4868 = CARTESIAN_POINT('',(91.071015856633,59.99291197496,
    79.024283881842));
#4869 = CARTESIAN_POINT('',(91.028529546738,59.994600297964,
    79.02277808747));
#4870 = CARTESIAN_POINT('',(90.986043921998,59.996031554974,
    79.021138518535));
#4871 = CARTESIAN_POINT('',(90.943565528375,59.99720575839,
    79.019334719882));
#4872 = CARTESIAN_POINT('',(90.882159714365,59.998532681364,
    79.016282885001));
#4873 = CARTESIAN_POINT('',(90.86328452878,59.99888957695,
    79.015267711004));
#4874 = CARTESIAN_POINT('',(90.844391793489,59.999195893298,
    79.014275983488));
#4875 = CARTESIAN_POINT('',(90.825567340247,59.999451801402,
    79.012904360413));
#4876 = CARTESIAN_POINT('',(90.806584747622,59.999657184949,
    79.011930931225));
#4877 = CARTESIAN_POINT('',(90.787777879731,59.999811655308,
    79.010117153764));
#4878 = CARTESIAN_POINT('',(90.768861639628,59.999914579307,
    79.008697740557));
#4879 = CARTESIAN_POINT('',(90.747405835021,59.999975866516,
    79.00557958089));
#4880 = CARTESIAN_POINT('',(90.745028808549,59.999982150676,
    79.005112897902));
#4881 = CARTESIAN_POINT('',(90.742725161056,59.99998707083,
    79.004670598772));
#4882 = CARTESIAN_POINT('',(90.740233689119,59.999991093437,
    79.004261761954));
#4883 = CARTESIAN_POINT('',(90.737500195491,59.999994462727,
    79.003837638146));
#4884 = CARTESIAN_POINT('',(90.734677489099,59.999997200706,
    79.003291650288));
#4885 = CARTESIAN_POINT('',(90.732125385045,59.999999107155,
    79.002459393563));
#4886 = CARTESIAN_POINT('',(90.730262354555,59.999999816079,
    79.001002636208));
#4887 = CARTESIAN_POINT('',(90.730121417529,59.999999866203,
    79.000879658341));
#4888 = CARTESIAN_POINT('',(90.729992971162,59.999999909304,
    79.000749008987));
#4889 = CARTESIAN_POINT('',(90.729881801874,59.999999944752,
    79.000610619266));
#4890 = CARTESIAN_POINT('',(90.729792404874,59.999999971994,
    79.00046504423));
#4891 = CARTESIAN_POINT('',(90.729728984155,59.999999990545,
    79.000313462864));
#4892 = CARTESIAN_POINT('',(90.729695452499,59.999999999994,
    79.000157678084));
#4893 = CARTESIAN_POINT('',(90.729695431472,60.,79.000000116738));
#4894 = PCURVE('',#3567,#4895);
#4895 = DEFINITIONAL_REPRESENTATION('',(#4896),#5042);
#4896 = B_SPLINE_CURVE_WITH_KNOTS('',8,(#4897,#4898,#4899,#4900,#4901,
    #4902,#4903,#4904,#4905,#4906,#4907,#4908,#4909,#4910,#4911,#4912,
    #4913,#4914,#4915,#4916,#4917,#4918,#4919,#4920,#4921,#4922,#4923,
    #4924,#4925,#4926,#4927,#4928,#4929,#4930,#4931,#4932,#4933,#4934,
    #4935,#4936,#4937,#4938,#4939,#4940,#4941,#4942,#4943,#4944,#4945,
    #4946,#4947,#4948,#4949,#4950,#4951,#4952,#4953,#4954,#4955,#4956,
    #4957,#4958,#4959,#4960,#4961,#4962,#4963,#4964,#4965,#4966,#4967,
    #4968,#4969,#4970,#4971,#4972,#4973,#4974,#4975,#4976,#4977,#4978,
    #4979,#4980,#4981,#4982,#4983,#4984,#4985,#4986,#4987,#4988,#4989,
    #4990,#4991,#4992,#4993,#4994,#4995,#4996,#4997,#4998,#4999,#5000,
    #5001,#5002,#5003,#5004,#5005,#5006,#5007,#5008,#5009,#5010,#5011,
    #5012,#5013,#5014,#5015,#5016,#5017,#5018,#5019,#5020,#5021,#5022,
    #5023,#5024,#5025,#5026,#5027,#5028,#5029,#5030,#5031,#5032,#5033,
    #5034,#5035,#5036,#5037,#5038,#5039,#5040,#5041),.UNSPECIFIED.,.F.,
  .F.,(9,8,8,8,8,8,8,8,8,8,8,8,8,8,8,8,8,8,9),(0.,9.765625E-04,
    2.927780151367E-03,3.901483491063E-03,1.168350315129E-02,
    7.345328420433E-02,0.305089963153,0.652544981577,0.826272490788,
    0.913136245394,0.956568122697,0.978284061349,0.989142030674,
    0.994571015337,0.997285507669,0.997964130751,0.998982065376,
    0.999491032688,1.),.UNSPECIFIED.);
#4897 = CARTESIAN_POINT('',(1.570211665735,-63.50012026615));
#4898 = CARTESIAN_POINT('',(1.570196511294,-63.50081554181));
#4899 = CARTESIAN_POINT('',(1.570090378048,-63.50147572733));
#4900 = CARTESIAN_POINT('',(1.569975613988,-63.50161196323));
#4901 = CARTESIAN_POINT('',(1.569850878889,-63.50255016257));
#4902 = CARTESIAN_POINT('',(1.569712045703,-63.5025469614));
#4903 = CARTESIAN_POINT('',(1.569557929395,-63.50310011312));
#4904 = CARTESIAN_POINT('',(1.569401966611,-63.50336319038));
#4905 = CARTESIAN_POINT('',(1.569239990197,-63.50365760969));
#4906 = CARTESIAN_POINT('',(1.568916822882,-63.50423207787));
#4907 = CARTESIAN_POINT('',(1.56857654869,-63.5046812079));
#4908 = CARTESIAN_POINT('',(1.568238682771,-63.50504363664));
#4909 = CARTESIAN_POINT('',(1.567915715407,-63.50535170123));
#4910 = CARTESIAN_POINT('',(1.567613112018,-63.50563143912));
#4911 = CARTESIAN_POINT('',(1.567329313158,-63.50590258805));
#4912 = CARTESIAN_POINT('',(1.567055734513,-63.50617858608));
#4913 = CARTESIAN_POINT('',(1.566776766908,-63.50646657156));
#4914 = CARTESIAN_POINT('',(1.566636785415,-63.50660958813));
#4915 = CARTESIAN_POINT('',(1.566496770811,-63.50675676508));
#4916 = CARTESIAN_POINT('',(1.566353699593,-63.50690801282));
#4917 = CARTESIAN_POINT('',(1.566204548257,-63.50706324177));
#4918 = CARTESIAN_POINT('',(1.566046293302,-63.50722236234));
#4919 = CARTESIAN_POINT('',(1.565875911225,-63.50738528495));
#4920 = CARTESIAN_POINT('',(1.565690378523,-63.50755192001));
#4921 = CARTESIAN_POINT('',(1.565486671693,-63.50772217794));
#4922 = CARTESIAN_POINT('',(1.563811353897,-63.50909175154));
#4923 = CARTESIAN_POINT('',(1.562124954755,-63.51020463228));
#4924 = CARTESIAN_POINT('',(1.560437143812,-63.51118074167));
#4925 = CARTESIAN_POINT('',(1.558750925026,-63.51207945027));
#4926 = CARTESIAN_POINT('',(1.557065475285,-63.51292032576));
#4927 = CARTESIAN_POINT('',(1.555378982912,-63.51370388097));
#4928 = CARTESIAN_POINT('',(1.553691486176,-63.51443232195));
#4929 = CARTESIAN_POINT('',(1.552007711804,-63.51513029606));
#4930 = CARTESIAN_POINT('',(1.538635274771,-63.52065001754));
#4931 = CARTESIAN_POINT('',(1.525336125682,-63.52389897777));
#4932 = CARTESIAN_POINT('',(1.512094284648,-63.52746529961));
#4933 = CARTESIAN_POINT('',(1.498918049967,-63.5298170343));
#4934 = CARTESIAN_POINT('',(1.485819988384,-63.53253949222));
#4935 = CARTESIAN_POINT('',(1.472775753988,-63.53468121483));
#4936 = CARTESIAN_POINT('',(1.459800932445,-63.53679198268));
#4937 = CARTESIAN_POINT('',(1.446886208529,-63.53872530882));
#4938 = CARTESIAN_POINT('',(1.398456680163,-63.54598361351));
#4939 = CARTESIAN_POINT('',(1.350896325662,-63.55125463034));
#4940 = CARTESIAN_POINT('',(1.304109908097,-63.55579488302));
#4941 = CARTESIAN_POINT('',(1.258001735083,-63.55959272959));
#4942 = CARTESIAN_POINT('',(1.212483713459,-63.56278351713));
#4943 = CARTESIAN_POINT('',(1.16747464343,-63.56558263331));
#4944 = CARTESIAN_POINT('',(1.122896556271,-63.56790853137));
#4945 = CARTESIAN_POINT('',(1.078673899717,-63.56986780513));
#4946 = CARTESIAN_POINT('',(1.012339614364,-63.57280111256));
#4947 = CARTESIAN_POINT('',(0.94680622883,-63.57488027833));
#4948 = CARTESIAN_POINT('',(0.88182143594,-63.57620582617));
#4949 = CARTESIAN_POINT('',(0.81714881294,-63.57683734376));
#4950 = CARTESIAN_POINT('',(0.752560707256,-63.57679772125));
#4951 = CARTESIAN_POINT('',(0.687831122256,-63.57607738986));
#4952 = CARTESIAN_POINT('',(0.62272860301,-63.57463856039));
#4953 = CARTESIAN_POINT('',(0.557009122053,-63.57241946183));
#4954 = CARTESIAN_POINT('',(0.524149639059,-63.57131147407));
#4955 = CARTESIAN_POINT('',(0.491135694709,-63.56999986944));
#4956 = CARTESIAN_POINT('',(0.457937363223,-63.56848318641));
#4957 = CARTESIAN_POINT('',(0.424523464194,-63.56675005338));
#4958 = CARTESIAN_POINT('',(0.390861562595,-63.5647791887));
#4959 = CARTESIAN_POINT('',(0.356917968771,-63.56253940066));
#4960 = CARTESIAN_POINT('',(0.322657738445,-63.55998958752));
#4961 = CARTESIAN_POINT('',(0.288044672715,-63.5570787375));
#4962 = CARTESIAN_POINT('',(0.27073806338,-63.55562330048));
#4963 = CARTESIAN_POINT('',(0.253343174548,-63.55407019392));
#4964 = CARTESIAN_POINT('',(0.235855388534,-63.55241671726));
#4965 = CARTESIAN_POINT('',(0.218269994479,-63.55065336744));
#4966 = CARTESIAN_POINT('',(0.200582188345,-63.54876383892));
#4967 = CARTESIAN_POINT('',(0.182787072917,-63.54672502366));
#4968 = CARTESIAN_POINT('',(0.164879657805,-63.54450701111));
#4969 = CARTESIAN_POINT('',(0.146854859443,-63.54207308824));
#4970 = CARTESIAN_POINT('',(0.137842453449,-63.5408561255));
#4971 = CARTESIAN_POINT('',(0.128800752839,-63.53957992838));
#4972 = CARTESIAN_POINT('',(0.119729085213,-63.53824252898));
#4973 = CARTESIAN_POINT('',(0.110626818071,-63.53683714903));
#4974 = CARTESIAN_POINT('',(0.101493358811,-63.53535219988));
#4975 = CARTESIAN_POINT('',(9.23281547332E-02,-63.53377128248));
#4976 = CARTESIAN_POINT('',(8.31306930349E-02,-63.53207318739));
#4977 = CARTESIAN_POINT('',(7.390050081446E-02,-63.53023189481));
#4978 = CARTESIAN_POINT('',(6.928533770494E-02,-63.5293112712));
#4979 = CARTESIAN_POINT('',(6.466221727628E-02,-63.52835105221));
#4980 = CARTESIAN_POINT('',(6.003095006519E-02,-63.52734992066));
#4981 = CARTESIAN_POINT('',(5.539142596304E-02,-63.52630308639));
#4982 = CARTESIAN_POINT('',(5.07436142159E-02,-63.52520228631));
#4983 = CARTESIAN_POINT('',(4.608756342455E-02,-63.52403578437));
#4984 = CARTESIAN_POINT('',(4.142340154441E-02,-63.52278837155));
#4985 = CARTESIAN_POINT('',(3.675133588564E-02,-63.5214413659));
#4986 = CARTESIAN_POINT('',(3.441535606589E-02,-63.52076782694));
#4987 = CARTESIAN_POINT('',(3.207768275873E-02,-63.52006709624));
#4988 = CARTESIAN_POINT('',(2.973764687456E-02,-63.51933755415));
#4989 = CARTESIAN_POINT('',(2.739521728801E-02,-63.51857550868));
#4990 = CARTESIAN_POINT('',(2.505100083795E-02,-63.51777519557));
#4991 = CARTESIAN_POINT('',(2.27062423275E-02,-63.51692877822));
#4992 = CARTESIAN_POINT('',(2.036282452401E-02,-63.51602634772));
#4993 = CARTESIAN_POINT('',(1.802326815909E-02,-63.51505592284));
#4994 = CARTESIAN_POINT('',(1.685256840276E-02,-63.51456941565));
#4995 = CARTESIAN_POINT('',(1.56816261733E-02,-63.51406303078));
#4996 = CARTESIAN_POINT('',(1.451010351077E-02,-63.51353647527));
#4997 = CARTESIAN_POINT('',(1.333786731931E-02,-63.51298731314));
#4998 = CARTESIAN_POINT('',(1.216498936711E-02,-63.51241096538));
#4999 = CARTESIAN_POINT('',(1.099174628645E-02,-63.51180070996));
#5000 = CARTESIAN_POINT('',(9.818619573697E-03,-63.51114768181));
#5001 = CARTESIAN_POINT('',(8.646295589274E-03,-63.51044087284));
#5002 = CARTESIAN_POINT('',(8.060120990134E-03,-63.510087877));
#5003 = CARTESIAN_POINT('',(7.474201991948E-03,-63.50971997204));
#5004 = CARTESIAN_POINT('',(6.888571560946E-03,-63.50933731453));
#5005 = CARTESIAN_POINT('',(6.303335796071E-03,-63.50893825413));
#5006 = CARTESIAN_POINT('',(5.718673928983E-03,-63.50851933362));
#5007 = CARTESIAN_POINT('',(5.134838324053E-03,-63.50807528888));
#5008 = CARTESIAN_POINT('',(4.552154478368E-03,-63.50759904887));
#5009 = CARTESIAN_POINT('',(3.971021021728E-03,-63.50708173571));
#5010 = CARTESIAN_POINT('',(3.825626539228E-03,-63.5069530606));
#5011 = CARTESIAN_POINT('',(3.680396027172E-03,-63.50682105918));
#5012 = CARTESIAN_POINT('',(3.53532948556E-03,-63.50668573144));
#5013 = CARTESIAN_POINT('',(3.390426914393E-03,-63.50654707737));
#5014 = CARTESIAN_POINT('',(3.245688313671E-03,-63.50640509699));
#5015 = CARTESIAN_POINT('',(3.101113683392E-03,-63.50625979028));
#5016 = CARTESIAN_POINT('',(2.956703023558E-03,-63.50611115726));
#5017 = CARTESIAN_POINT('',(2.812456334169E-03,-63.50595919791));
#5018 = CARTESIAN_POINT('',(2.599375345259E-03,-63.5057295791));
#5019 = CARTESIAN_POINT('',(2.406412290559E-03,-63.50548917948));
#5020 = CARTESIAN_POINT('',(2.223847126087E-03,-63.50524775951));
#5021 = CARTESIAN_POINT('',(2.044334442211E-03,-63.50501028076));
#5022 = CARTESIAN_POINT('',(1.862903463641E-03,-63.50477690593));
#5023 = CARTESIAN_POINT('',(1.676958049434E-03,-63.50454299882));
#5024 = CARTESIAN_POINT('',(1.486276692993E-03,-63.50429912434));
#5025 = CARTESIAN_POINT('',(1.293012522066E-03,-63.50403104852));
#5026 = CARTESIAN_POINT('',(1.196645411896E-03,-63.50389647707));
#5027 = CARTESIAN_POINT('',(1.099185858251E-03,-63.50375675756));
#5028 = CARTESIAN_POINT('',(1.001275165818E-03,-63.5036093609));
#5029 = CARTESIAN_POINT('',(9.035546392805E-04,-63.50345175802));
#5030 = CARTESIAN_POINT('',(8.066655833237E-04,-63.50328141985));
#5031 = CARTESIAN_POINT('',(7.112493026324E-04,-63.50309581732));
#5032 = CARTESIAN_POINT('',(6.179471018914E-04,-63.50289242135));
#5033 = CARTESIAN_POINT('',(5.274002857855E-04,-63.50266870286));
#5034 = CARTESIAN_POINT('',(4.371023319175E-04,-63.50244680073));
#5035 = CARTESIAN_POINT('',(3.497416358196E-04,-63.50218306329));
#5036 = CARTESIAN_POINT('',(2.699579036887E-04,-63.50197309871));
#5037 = CARTESIAN_POINT('',(1.798938270091E-04,-63.50157193874));
#5038 = CARTESIAN_POINT('',(1.372150293862E-04,-63.50132367315));
#5039 = CARTESIAN_POINT('',(3.89356022778E-05,-63.5009750511));
#5040 = CARTESIAN_POINT('',(7.336907768144E-07,-63.50048623151));
#5041 = CARTESIAN_POINT('',(0.,-63.50000011673));
#5042 = ( GEOMETRIC_REPRESENTATION_CONTEXT(2) 
PARAMETRIC_REPRESENTATION_CONTEXT() REPRESENTATION_CONTEXT('2D SPACE',''
  ) );
#5043 = PCURVE('',#5044,#5054);
#5044 = ( BOUNDED_SURFACE() B_SPLINE_SURFACE(2,2,(
    (#5045,#5046,#5047)
    ,(#5048,#5049,#5050)
    ,(#5051,#5052,#5053
)),.UNSPECIFIED.,.F.,.F.,.F.) B_SPLINE_SURFACE_WITH_KNOTS((3,3),(3,3),(
    0.,1.570796326795),(0.,0.16744807922),.PIECEWISE_BEZIER_KNOTS.) 
GEOMETRIC_REPRESENTATION_ITEM() RATIONAL_B_SPLINE_SURFACE((
    (1.,0.996497189455,1.)
    ,(0.707106781187,0.704629920097,0.707106781187)
,(1.,0.996497189455,1.))) REPRESENTATION_ITEM('') SURFACE() );
#5045 = CARTESIAN_POINT('',(98.75,52.,79.));
#5046 = CARTESIAN_POINT('',(98.75,52.,79.251760650701));
#5047 = CARTESIAN_POINT('',(98.707933393813,52.,79.5));
#5048 = CARTESIAN_POINT('',(98.75,60.,79.));
#5049 = CARTESIAN_POINT('',(98.75,60.,79.251760650701));
#5050 = CARTESIAN_POINT('',(98.707933393813,59.95803989155,79.5));
#5051 = CARTESIAN_POINT('',(90.729695431472,60.,79.));
#5052 = CARTESIAN_POINT('',(90.729695431472,60.,79.251760650701));
#5053 = CARTESIAN_POINT('',(90.729695431472,59.95803989155,79.5));
#5054 = DEFINITIONAL_REPRESENTATION('',(#5055),#5209);
#5055 = B_SPLINE_CURVE_WITH_KNOTS('',8,(#5056,#5057,#5058,#5059,#5060,
    #5061,#5062,#5063,#5064,#5065,#5066,#5067,#5068,#5069,#5070,#5071,
    #5072,#5073,#5074,#5075,#5076,#5077,#5078,#5079,#5080,#5081,#5082,
    #5083,#5084,#5085,#5086,#5087,#5088,#5089,#5090,#5091,#5092,#5093,
    #5094,#5095,#5096,#5097,#5098,#5099,#5100,#5101,#5102,#5103,#5104,
    #5105,#5106,#5107,#5108,#5109,#5110,#5111,#5112,#5113,#5114,#5115,
    #5116,#5117,#5118,#5119,#5120,#5121,#5122,#5123,#5124,#5125,#5126,
    #5127,#5128,#5129,#5130,#5131,#5132,#5133,#5134,#5135,#5136,#5137,
    #5138,#5139,#5140,#5141,#5142,#5143,#5144,#5145,#5146,#5147,#5148,
    #5149,#5150,#5151,#5152,#5153,#5154,#5155,#5156,#5157,#5158,#5159,
    #5160,#5161,#5162,#5163,#5164,#5165,#5166,#5167,#5168,#5169,#5170,
    #5171,#5172,#5173,#5174,#5175,#5176,#5177,#5178,#5179,#5180,#5181,
    #5182,#5183,#5184,#5185,#5186,#5187,#5188,#5189,#5190,#5191,#5192,
    #5193,#5194,#5195,#5196,#5197,#5198,#5199,#5200,#5201,#5202,#5203,
    #5204,#5205,#5206,#5207,#5208),.UNSPECIFIED.,.F.,.F.,(9,8,8,8,8,8,8,
    8,8,8,8,8,8,8,8,8,8,8,8,9),(0.,9.765625E-04,2.927780151367E-03,
    3.901483491063E-03,5.84698840612E-03,2.138062921227E-02,
    8.254433988651E-02,0.311908254915,0.655954127457,0.827977063729,
    0.913988531864,0.956994265932,0.978497132966,0.989248566483,
    0.994624283242,0.997312141621,0.997984106216,0.998992053108,
    0.999496026554,1.),.UNSPECIFIED.);
#5056 = CARTESIAN_POINT('',(-9.865182221075E-16,4.013555673458E-05));
#5057 = CARTESIAN_POINT('',(1.516007589595E-05,2.721647097503E-04));
#5058 = CARTESIAN_POINT('',(1.213328961841E-04,4.924808758011E-04));
#5059 = CARTESIAN_POINT('',(2.361394756476E-04,5.379435844238E-04));
#5060 = CARTESIAN_POINT('',(3.609209691032E-04,8.510406868174E-04));
#5061 = CARTESIAN_POINT('',(4.998057656037E-04,8.499645699565E-04));
#5062 = CARTESIAN_POINT('',(6.539797334191E-04,1.034559053285E-03));
#5063 = CARTESIAN_POINT('',(8.100005201482E-04,1.12234874442E-03));
#5064 = CARTESIAN_POINT('',(9.720372374214E-04,1.220598565473E-03));
#5065 = CARTESIAN_POINT('',(1.2953248507E-03,1.412302412759E-03));
#5066 = CARTESIAN_POINT('',(1.635725732902E-03,1.562178642162E-03));
#5067 = CARTESIAN_POINT('',(1.973717464294E-03,1.683121191859E-03));
#5068 = CARTESIAN_POINT('',(2.296805104566E-03,1.785921592783E-03));
#5069 = CARTESIAN_POINT('',(2.599521192831E-03,1.879268968626E-03));
#5070 = CARTESIAN_POINT('',(2.883425747624E-03,1.969750035838E-03));
#5071 = CARTESIAN_POINT('',(3.157106266903E-03,2.061849103623E-03));
#5072 = CARTESIAN_POINT('',(3.436177728048E-03,2.157948073948E-03));
#5073 = CARTESIAN_POINT('',(3.575439148723E-03,2.205903740115E-03));
#5074 = CARTESIAN_POINT('',(3.716039551598E-03,2.254855494925E-03));
#5075 = CARTESIAN_POINT('',(3.85991832579E-03,2.305099366004E-03));
#5076 = CARTESIAN_POINT('',(4.009448957365E-03,2.356800994108E-03));
#5077 = CARTESIAN_POINT('',(4.167439029336E-03,2.409995633119E-03));
#5078 = CARTESIAN_POINT('',(4.337130221667E-03,2.46458815005E-03));
#5079 = CARTESIAN_POINT('',(4.52219831127E-03,2.520353025043E-03));
#5080 = CARTESIAN_POINT('',(4.726753172007E-03,2.576934351369E-03));
#5081 = CARTESIAN_POINT('',(5.141973369025E-03,2.690673010861E-03));
#5082 = CARTESIAN_POINT('',(5.57178115385E-03,2.800643617887E-03));
#5083 = CARTESIAN_POINT('',(5.981830936008E-03,2.903852449521E-03));
#5084 = CARTESIAN_POINT('',(6.405027689394E-03,3.004191237828E-03));
#5085 = CARTESIAN_POINT('',(6.831941480892E-03,3.101140579485E-03));
#5086 = CARTESIAN_POINT('',(7.246112292994E-03,3.193411278818E-03));
#5087 = CARTESIAN_POINT('',(7.670502565358E-03,3.283733637367E-03));
#5088 = CARTESIAN_POINT('',(8.091354880264E-03,3.371004703095E-03));
#5089 = CARTESIAN_POINT('',(1.145595224515E-02,4.066212851226E-03));
#5090 = CARTESIAN_POINT('',(1.482659701395E-02,4.607276399328E-03));
#5091 = CARTESIAN_POINT('',(1.819649933722E-02,5.094107357122E-03));
#5092 = CARTESIAN_POINT('',(2.15575646063E-02,5.527980829268E-03));
#5093 = CARTESIAN_POINT('',(2.491425916197E-02,5.924056450215E-03));
#5094 = CARTESIAN_POINT('',(2.827019269766E-02,6.300683185025E-03));
#5095 = CARTESIAN_POINT('',(3.161802922734E-02,6.648064801896E-03));
#5096 = CARTESIAN_POINT('',(3.496333848828E-02,6.978863322119E-03));
#5097 = CARTESIAN_POINT('',(4.813488477336E-02,8.277976688268E-03));
#5098 = CARTESIAN_POINT('',(6.124417211934E-02,9.295102786162E-03));
#5099 = CARTESIAN_POINT('',(7.428651361207E-02,1.019218616626E-02));
#5100 = CARTESIAN_POINT('',(8.726288628573E-02,1.100758598699E-02));
#5101 = CARTESIAN_POINT('',(0.100175572441,1.174560925137E-02));
#5102 = CARTESIAN_POINT('',(0.113026058022,1.24212485986E-02));
#5103 = CARTESIAN_POINT('',(0.125815188044,1.306012465036E-02));
#5104 = CARTESIAN_POINT('',(0.138545579085,1.36536329121E-02));
#5105 = CARTESIAN_POINT('',(0.186284365793,1.588195371995E-02));
#5106 = CARTESIAN_POINT('',(0.233192360647,1.755409342297E-02));
#5107 = CARTESIAN_POINT('',(0.279362796723,1.898521122454E-02));
#5108 = CARTESIAN_POINT('',(0.324886532712,2.019124328399E-02));
#5109 = CARTESIAN_POINT('',(0.369848306248,2.121083253557E-02));
#5110 = CARTESIAN_POINT('',(0.414326601629,2.20972847893E-02));
#5111 = CARTESIAN_POINT('',(0.458395865639,2.283800963261E-02));
#5112 = CARTESIAN_POINT('',(0.502129805212,2.345890465137E-02));
#5113 = CARTESIAN_POINT('',(0.567730798966,2.438886270667E-02));
#5114 = CARTESIAN_POINT('',(0.63257518059,2.504389549977E-02));
#5115 = CARTESIAN_POINT('',(0.696906627081,2.545447978139E-02));
#5116 = CARTESIAN_POINT('',(0.760953987442,2.563875551095E-02));
#5117 = CARTESIAN_POINT('',(0.82493809366,2.560353854133E-02));
#5118 = CARTESIAN_POINT('',(0.889078571684,2.534533330376E-02));
#5119 = CARTESIAN_POINT('',(0.953600652397,2.485134549259E-02));
#5120 = CARTESIAN_POINT('',(1.018741982592,2.410049475012E-02));
#5121 = CARTESIAN_POINT('',(1.051312508069,2.372462807736E-02));
#5122 = CARTESIAN_POINT('',(1.084037692483,2.328449836252E-02));
#5123 = CARTESIAN_POINT('',(1.116947222618,2.27754829004E-02));
#5124 = CARTESIAN_POINT('',(1.150071498054,2.219349880093E-02));
#5125 = CARTESIAN_POINT('',(1.183441886784,2.153309005555E-02));
#5126 = CARTESIAN_POINT('',(1.217090980831,2.078551460356E-02));
#5127 = CARTESIAN_POINT('',(1.251052851864,1.993683139842E-02));
#5128 = CARTESIAN_POINT('',(1.285363306817,1.896598747418E-02));
#5129 = CARTESIAN_POINT('',(1.302518540656,1.848105188687E-02));
#5130 = CARTESIAN_POINT('',(1.319760892002,1.796380168254E-02));
#5131 = CARTESIAN_POINT('',(1.337094857726,1.741333990889E-02));
#5132 = CARTESIAN_POINT('',(1.354525023006,1.682651055249E-02));
#5133 = CARTESIAN_POINT('',(1.372056061323,1.619789853881E-02));
#5134 = CARTESIAN_POINT('',(1.389692734463,1.551982973217E-02));
#5135 = CARTESIAN_POINT('',(1.407439892518,1.478237093578E-02));
#5136 = CARTESIAN_POINT('',(1.425302473885,1.397332989175E-02));
#5137 = CARTESIAN_POINT('',(1.434233771359,1.356881066778E-02));
#5138 = CARTESIAN_POINT('',(1.443193873011,1.314464927646E-02));
#5139 = CARTESIAN_POINT('',(1.452183433131,1.270019342053E-02));
#5140 = CARTESIAN_POINT('',(1.461203065624,1.223319283924E-02));
#5141 = CARTESIAN_POINT('',(1.470253344005,1.173979930834E-02));
#5142 = CARTESIAN_POINT('',(1.479334801402,1.121456664007E-02));
#5143 = CARTESIAN_POINT('',(1.488447930555,1.065045068316E-02));
#5144 = CARTESIAN_POINT('',(1.497593183814,1.003880932286E-02));
#5145 = CARTESIAN_POINT('',(1.502165872982,9.732997638878E-03));
#5146 = CARTESIAN_POINT('',(1.506746361323,9.414044763621E-03));
#5147 = CARTESIAN_POINT('',(1.511334844622,9.081512358028E-03));
#5148 = CARTESIAN_POINT('',(1.515931435158,8.733808964617E-03));
#5149 = CARTESIAN_POINT('',(1.520536161705,8.368190007488E-03));
#5150 = CARTESIAN_POINT('',(1.525148969528,7.980757792323E-03));
#5151 = CARTESIAN_POINT('',(1.529769720391,7.566461506384E-03));
#5152 = CARTESIAN_POINT('',(1.534398192546,7.119097218515E-03));
#5153 = CARTESIAN_POINT('',(1.536712270838,6.895091829153E-03));
#5154 = CARTESIAN_POINT('',(1.539028890203,6.66340242904E-03));
#5155 = CARTESIAN_POINT('',(1.541347115835,6.419200320455E-03));
#5156 = CARTESIAN_POINT('',(1.543664047679,6.168332273494E-03));
#5157 = CARTESIAN_POINT('',(1.545988257383,5.902760917615E-03));
#5158 = CARTESIAN_POINT('',(1.548317084068,5.617554600044E-03));
#5159 = CARTESIAN_POINT('',(1.550629993383,5.322129750872E-03));
#5160 = CARTESIAN_POINT('',(1.552950204297,4.998448794675E-03));
#5161 = CARTESIAN_POINT('',(1.554109888055,4.836831201647E-03));
#5162 = CARTESIAN_POINT('',(1.55526984338,4.668669575846E-03));
#5163 = CARTESIAN_POINT('',(1.556430382041,4.493819095819E-03));
#5164 = CARTESIAN_POINT('',(1.557591617614,4.311440452841E-03));
#5165 = CARTESIAN_POINT('',(1.558753465486,4.119999850916E-03));
#5166 = CARTESIAN_POINT('',(1.559915642851,3.917269006773E-03));
#5167 = CARTESIAN_POINT('',(1.561077668714,3.70032514987E-03));
#5168 = CARTESIAN_POINT('',(1.562238863885,3.465551022392E-03));
#5169 = CARTESIAN_POINT('',(1.562819473727,3.348295984182E-03));
#5170 = CARTESIAN_POINT('',(1.563399821625,3.226099645681E-03));
#5171 = CARTESIAN_POINT('',(1.563979873918,3.099005047789E-03));
#5172 = CARTESIAN_POINT('',(1.564559524527,2.966456036129E-03));
#5173 = CARTESIAN_POINT('',(1.565138594952,2.827297261049E-03));
#5174 = CARTESIAN_POINT('',(1.565716834275,2.67977417762E-03));
#5175 = CARTESIAN_POINT('',(1.566293919155,2.521533045638E-03));
#5176 = CARTESIAN_POINT('',(1.566869453834,2.349620929624E-03));
#5177 = CARTESIAN_POINT('',(1.567013715935,2.306608030182E-03));
#5178 = CARTESIAN_POINT('',(1.567157052178,2.262675594596E-03));
#5179 = CARTESIAN_POINT('',(1.567300295501,2.217793654688E-03));
#5180 = CARTESIAN_POINT('',(1.567443876025,2.171910560559E-03));
#5181 = CARTESIAN_POINT('',(1.567587821056,2.124952980597E-03));
#5182 = CARTESIAN_POINT('',(1.567731755082,2.076825901469E-03));
#5183 = CARTESIAN_POINT('',(1.567874899778,2.027412628129E-03));
#5184 = CARTESIAN_POINT('',(1.568016074,1.976574783812E-03));
#5185 = CARTESIAN_POINT('',(1.568224482966,1.900239931085E-03));
#5186 = CARTESIAN_POINT('',(1.568414268215,1.820744378413E-03));
#5187 = CARTESIAN_POINT('',(1.568594643967,1.741097789594E-03));
#5188 = CARTESIAN_POINT('',(1.568772540692,1.662770331438E-03));
#5189 = CARTESIAN_POINT('',(1.568952605107,1.585692673764E-03));
#5190 = CARTESIAN_POINT('',(1.569137200179,1.508255989399E-03));
#5191 = CARTESIAN_POINT('',(1.569326405122,1.427311954183E-03));
#5192 = CARTESIAN_POINT('',(1.569518015401,1.338172746963E-03));
#5193 = CARTESIAN_POINT('',(1.56961356572,1.293431953432E-03));
#5194 = CARTESIAN_POINT('',(1.569710147015,1.246931841183E-03));
#5195 = CARTESIAN_POINT('',(1.56980712581,1.197845849657E-03));
#5196 = CARTESIAN_POINT('',(1.569903868634,1.145347418293E-03));
#5197 = CARTESIAN_POINT('',(1.569999742012,1.088609986532E-03));
#5198 = CARTESIAN_POINT('',(1.57009411247,1.026806993813E-03));
#5199 = CARTESIAN_POINT('',(1.570186346536,9.591118795754E-04));
#5200 = CARTESIAN_POINT('',(1.570275810734,8.846980832603E-04));
#5201 = CARTESIAN_POINT('',(1.570365063404,8.109082310913E-04));
#5202 = CARTESIAN_POINT('',(1.570451123149,7.230934473531E-04));
#5203 = CARTESIAN_POINT('',(1.570530723325,6.540825242206E-04));
#5204 = CARTESIAN_POINT('',(1.570617981801,5.19058294572E-04));
#5205 = CARTESIAN_POINT('',(1.570662003668,4.397400390687E-04));
#5206 = CARTESIAN_POINT('',(1.570758098346,3.216994635336E-04));
#5207 = CARTESIAN_POINT('',(1.570795603685,1.607463889568E-04));
#5208 = CARTESIAN_POINT('',(1.570796326795,3.89580116413E-08));
#5209 = ( GEOMETRIC_REPRESENTATION_CONTEXT(2) 
PARAMETRIC_REPRESENTATION_CONTEXT() REPRESENTATION_CONTEXT('2D SPACE',''
  ) );
#5210 = ORIENTED_EDGE('',*,*,#5211,.F.);
#5211 = EDGE_CURVE('',#5212,#4692,#5214,.T.);
#5212 = VERTEX_POINT('',#5213);
#5213 = CARTESIAN_POINT('',(98.75,52.,79.));
#5214 = SURFACE_CURVE('',#5215,(#5219,#5226),.PCURVE_S1.);
#5215 = ( BOUNDED_CURVE() B_SPLINE_CURVE(2,(#5216,#5217,#5218),
.UNSPECIFIED.,.F.,.F.) B_SPLINE_CURVE_WITH_KNOTS((3,3),(0.,
4.008871702518E-05),.PIECEWISE_BEZIER_KNOTS.) CURVE() 
GEOMETRIC_REPRESENTATION_ITEM() RATIONAL_B_SPLINE_CURVE((1.,
0.999999999799,1.)) REPRESENTATION_ITEM('') );
#5216 = CARTESIAN_POINT('',(98.75,52.,79.));
#5217 = CARTESIAN_POINT('',(98.75,52.,79.000060133076));
#5218 = CARTESIAN_POINT('',(98.749999997583,52.,79.000120266151));
#5219 = PCURVE('',#3567,#5220);
#5220 = DEFINITIONAL_REPRESENTATION('',(#5221),#5225);
#5221 = B_SPLINE_CURVE_WITH_KNOTS('',2,(#5222,#5223,#5224),
  .UNSPECIFIED.,.F.,.F.,(3,3),(0.,4.008871702518E-05),
  .PIECEWISE_BEZIER_KNOTS.);
#5222 = CARTESIAN_POINT('',(1.570211665735,-63.5));
#5223 = CARTESIAN_POINT('',(1.570211665735,-63.50006013307));
#5224 = CARTESIAN_POINT('',(1.570211665735,-63.50012026615));
#5225 = ( GEOMETRIC_REPRESENTATION_CONTEXT(2) 
PARAMETRIC_REPRESENTATION_CONTEXT() REPRESENTATION_CONTEXT('2D SPACE',''
  ) );
#5226 = PCURVE('',#5227,#5234);
#5227 = ( BOUNDED_SURFACE() B_SPLINE_SURFACE(2,1,(
    (#5228,#5229)
    ,(#5230,#5231)
    ,(#5232,#5233
)),.UNSPECIFIED.,.F.,.F.,.F.) B_SPLINE_SURFACE_WITH_KNOTS((3,3),(2,2),(
    0.,0.16744807922),(39.,104.),.PIECEWISE_BEZIER_KNOTS.) 
GEOMETRIC_REPRESENTATION_ITEM() RATIONAL_B_SPLINE_SURFACE((
    (1.,1.)
    ,(0.996497189455,0.996497189455)
,(1.,1.))) REPRESENTATION_ITEM('') SURFACE() );
#5228 = CARTESIAN_POINT('',(98.75,-13.,79.));
#5229 = CARTESIAN_POINT('',(98.75,52.,79.));
#5230 = CARTESIAN_POINT('',(98.75,-13.,79.251760650701));
#5231 = CARTESIAN_POINT('',(98.75,52.,79.251760650701));
#5232 = CARTESIAN_POINT('',(98.707933393813,-13.,79.5));
#5233 = CARTESIAN_POINT('',(98.707933393813,52.,79.5));
#5234 = DEFINITIONAL_REPRESENTATION('',(#5235),#5239);
#5235 = B_SPLINE_CURVE_WITH_KNOTS('',2,(#5236,#5237,#5238),
  .UNSPECIFIED.,.F.,.F.,(3,3),(0.,4.008871702518E-05),
  .PIECEWISE_BEZIER_KNOTS.);
#5236 = CARTESIAN_POINT('',(0.,104.));
#5237 = CARTESIAN_POINT('',(2.006779521576E-05,104.));
#5238 = CARTESIAN_POINT('',(4.013555674418E-05,104.));
#5239 = ( GEOMETRIC_REPRESENTATION_CONTEXT(2) 
PARAMETRIC_REPRESENTATION_CONTEXT() REPRESENTATION_CONTEXT('2D SPACE',''
  ) );
#5240 = ORIENTED_EDGE('',*,*,#5241,.T.);
#5241 = EDGE_CURVE('',#5212,#5242,#5244,.T.);
#5242 = VERTEX_POINT('',#5243);
#5243 = CARTESIAN_POINT('',(98.75,52.,15.5));
#5244 = SURFACE_CURVE('',#5245,(#5248,#5255),.PCURVE_S1.);
#5245 = B_SPLINE_CURVE_WITH_KNOTS('',1,(#5246,#5247),.UNSPECIFIED.,.F.,
  .F.,(2,2),(0.5,64.),.PIECEWISE_BEZIER_KNOTS.);
#5246 = CARTESIAN_POINT('',(98.75,52.,79.));
#5247 = CARTESIAN_POINT('',(98.75,52.,15.5));
#5248 = PCURVE('',#3567,#5249);
#5249 = DEFINITIONAL_REPRESENTATION('',(#5250),#5254);
#5250 = B_SPLINE_CURVE_WITH_KNOTS('',2,(#5251,#5252,#5253),
  .UNSPECIFIED.,.F.,.F.,(3,3),(0.5,64.),.PIECEWISE_BEZIER_KNOTS.);
#5251 = CARTESIAN_POINT('',(1.570211665735,-63.5));
#5252 = CARTESIAN_POINT('',(1.570211665735,-31.75));
#5253 = CARTESIAN_POINT('',(1.570211665735,7.105427357601E-15));
#5254 = ( GEOMETRIC_REPRESENTATION_CONTEXT(2) 
PARAMETRIC_REPRESENTATION_CONTEXT() REPRESENTATION_CONTEXT('2D SPACE',''
  ) );
#5255 = PCURVE('',#5256,#5261);
#5256 = PLANE('',#5257);
#5257 = AXIS2_PLACEMENT_3D('',#5258,#5259,#5260);
#5258 = CARTESIAN_POINT('',(98.75,-32.5,47.25));
#5259 = DIRECTION('',(-1.,0.,0.));
#5260 = DIRECTION('',(0.,1.,-9.002758767946E-18));
#5261 = DEFINITIONAL_REPRESENTATION('',(#5262),#5265);
#5262 = B_SPLINE_CURVE_WITH_KNOTS('',1,(#5263,#5264),.UNSPECIFIED.,.F.,
  .F.,(2,2),(0.5,64.),.PIECEWISE_BEZIER_KNOTS.);
#5263 = CARTESIAN_POINT('',(84.5,-31.75));
#5264 = CARTESIAN_POINT('',(84.5,31.75));
#5265 = ( GEOMETRIC_REPRESENTATION_CONTEXT(2) 
PARAMETRIC_REPRESENTATION_CONTEXT() REPRESENTATION_CONTEXT('2D SPACE',''
  ) );
#5266 = ORIENTED_EDGE('',*,*,#5267,.F.);
#5267 = EDGE_CURVE('',#3554,#5242,#5268,.T.);
#5268 = SURFACE_CURVE('',#5269,(#5273,#5280),.PCURVE_S1.);
#5269 = ( BOUNDED_CURVE() B_SPLINE_CURVE(2,(#5270,#5271,#5272),
.UNSPECIFIED.,.F.,.F.) B_SPLINE_CURVE_WITH_KNOTS((3,3),(0.,
1.570211665735),.PIECEWISE_BEZIER_KNOTS.) CURVE() 
GEOMETRIC_REPRESENTATION_ITEM() RATIONAL_B_SPLINE_CURVE((1.,
0.70731345987,1.)) REPRESENTATION_ITEM('') );
#5270 = CARTESIAN_POINT('',(90.729695431472,60.,15.5));
#5271 = CARTESIAN_POINT('',(98.747656105241,59.997662039152,15.5));
#5272 = CARTESIAN_POINT('',(98.75,52.,15.5));
#5273 = PCURVE('',#3567,#5274);
#5274 = DEFINITIONAL_REPRESENTATION('',(#5275),#5279);
#5275 = B_SPLINE_CURVE_WITH_KNOTS('',2,(#5276,#5277,#5278),
  .UNSPECIFIED.,.F.,.F.,(3,3),(0.,1.570211665735),
  .PIECEWISE_BEZIER_KNOTS.);
#5276 = CARTESIAN_POINT('',(-4.026407024009E-47,7.105427357601E-15));
#5277 = CARTESIAN_POINT('',(0.785105832868,1.353942740048E-14));
#5278 = CARTESIAN_POINT('',(1.570211665735,0.));
#5279 = ( GEOMETRIC_REPRESENTATION_CONTEXT(2) 
PARAMETRIC_REPRESENTATION_CONTEXT() REPRESENTATION_CONTEXT('2D SPACE',''
  ) );
#5280 = PCURVE('',#786,#5281);
#5281 = DEFINITIONAL_REPRESENTATION('',(#5282),#5286);
#5282 = ( BOUNDED_CURVE() B_SPLINE_CURVE(2,(#5283,#5284,#5285),
.UNSPECIFIED.,.F.,.F.) B_SPLINE_CURVE_WITH_KNOTS((3,3),(0.,
1.570211665735),.PIECEWISE_BEZIER_KNOTS.) CURVE() 
GEOMETRIC_REPRESENTATION_ITEM() RATIONAL_B_SPLINE_CURVE((1.,
0.70731345987,1.)) REPRESENTATION_ITEM('') );
#5283 = CARTESIAN_POINT('',(200.72969543147,125.));
#5284 = CARTESIAN_POINT('',(208.74765610524,124.99766203915));
#5285 = CARTESIAN_POINT('',(208.75,117.));
#5286 = ( GEOMETRIC_REPRESENTATION_CONTEXT(2) 
PARAMETRIC_REPRESENTATION_CONTEXT() REPRESENTATION_CONTEXT('2D SPACE',''
  ) );
#5287 = ADVANCED_FACE('',(#5288),#5044,.T.);
#5288 = FACE_BOUND('',#5289,.T.);
#5289 = EDGE_LOOP('',(#5290,#5325,#5346,#5347));
#5290 = ORIENTED_EDGE('',*,*,#5291,.F.);
#5291 = EDGE_CURVE('',#5292,#5294,#5296,.T.);
#5292 = VERTEX_POINT('',#5293);
#5293 = CARTESIAN_POINT('',(98.707933393813,52.,79.5));
#5294 = VERTEX_POINT('',#5295);
#5295 = CARTESIAN_POINT('',(90.729695431472,59.95803989155,79.5));
#5296 = SURFACE_CURVE('',#5297,(#5301,#5308),.PCURVE_S1.);
#5297 = ( BOUNDED_CURVE() B_SPLINE_CURVE(2,(#5298,#5299,#5300),
.UNSPECIFIED.,.F.,.F.) B_SPLINE_CURVE_WITH_KNOTS((3,3),(0.,
1.570796326795),.PIECEWISE_BEZIER_KNOTS.) CURVE() 
GEOMETRIC_REPRESENTATION_ITEM() RATIONAL_B_SPLINE_CURVE((1.,
0.707106781187,1.)) REPRESENTATION_ITEM('') );
#5298 = CARTESIAN_POINT('',(98.707933393813,52.,79.5));
#5299 = CARTESIAN_POINT('',(98.707933393813,59.95803989155,79.5));
#5300 = CARTESIAN_POINT('',(90.729695431472,59.95803989155,79.5));
#5301 = PCURVE('',#5044,#5302);
#5302 = DEFINITIONAL_REPRESENTATION('',(#5303),#5307);
#5303 = B_SPLINE_CURVE_WITH_KNOTS('',2,(#5304,#5305,#5306),
  .UNSPECIFIED.,.F.,.F.,(3,3),(0.,1.570796326795),
  .PIECEWISE_BEZIER_KNOTS.);
#5304 = CARTESIAN_POINT('',(0.,0.16744807922));
#5305 = CARTESIAN_POINT('',(0.785398163397,0.16744807922));
#5306 = CARTESIAN_POINT('',(1.570796326795,0.16744807922));
#5307 = ( GEOMETRIC_REPRESENTATION_CONTEXT(2) 
PARAMETRIC_REPRESENTATION_CONTEXT() REPRESENTATION_CONTEXT('2D SPACE',''
  ) );
#5308 = PCURVE('',#5309,#5319);
#5309 = ( BOUNDED_SURFACE() B_SPLINE_SURFACE(2,2,(
    (#5310,#5311,#5312)
    ,(#5313,#5314,#5315)
    ,(#5316,#5317,#5318
)),.UNSPECIFIED.,.F.,.F.,.F.) B_SPLINE_SURFACE_WITH_KNOTS((3,3),(3,3),(
    0.,1.570796326795),(0.16744807922,1.570796326795),
.PIECEWISE_BEZIER_KNOTS.) GEOMETRIC_REPRESENTATION_ITEM() 
RATIONAL_B_SPLINE_SURFACE((
    (1.,0.763762615826,1.)
    ,(0.707106781187,0.540061724867,0.707106781187)
,(1.,0.763762615826,1.))) REPRESENTATION_ITEM('') SURFACE() );
#5310 = CARTESIAN_POINT('',(98.707933393813,52.,79.5));
#5311 = CARTESIAN_POINT('',(98.284283735668,52.,82.));
#5312 = CARTESIAN_POINT('',(95.742385786802,52.,82.));
#5313 = CARTESIAN_POINT('',(98.707933393813,59.95803989155,79.5));
#5314 = CARTESIAN_POINT('',(98.284283735668,59.535462764186,82.));
#5315 = CARTESIAN_POINT('',(95.742385786802,57.,82.));
#5316 = CARTESIAN_POINT('',(90.729695431472,59.95803989155,79.5));
#5317 = CARTESIAN_POINT('',(90.729695431472,59.535462764186,82.));
#5318 = CARTESIAN_POINT('',(90.729695431472,57.,82.));
#5319 = DEFINITIONAL_REPRESENTATION('',(#5320),#5324);
#5320 = B_SPLINE_CURVE_WITH_KNOTS('',2,(#5321,#5322,#5323),
  .UNSPECIFIED.,.F.,.F.,(3,3),(0.,1.570796326795),
  .PIECEWISE_BEZIER_KNOTS.);
#5321 = CARTESIAN_POINT('',(-9.917197703712E-16,0.16744807922));
#5322 = CARTESIAN_POINT('',(0.785398163397,0.16744807922));
#5323 = CARTESIAN_POINT('',(1.570796326795,0.16744807922));
#5324 = ( GEOMETRIC_REPRESENTATION_CONTEXT(2) 
PARAMETRIC_REPRESENTATION_CONTEXT() REPRESENTATION_CONTEXT('2D SPACE',''
  ) );
#5325 = ORIENTED_EDGE('',*,*,#5326,.F.);
#5326 = EDGE_CURVE('',#4692,#5292,#5327,.T.);
#5327 = SURFACE_CURVE('',#5328,(#5332,#5339),.PCURVE_S1.);
#5328 = ( BOUNDED_CURVE() B_SPLINE_CURVE(2,(#5329,#5330,#5331),
.UNSPECIFIED.,.F.,.F.) B_SPLINE_CURVE_WITH_KNOTS((3,3),(
4.008871702518E-05,0.16744807922),.PIECEWISE_BEZIER_KNOTS.) CURVE() 
GEOMETRIC_REPRESENTATION_ITEM() RATIONAL_B_SPLINE_CURVE((1.,
0.99649886549,1.)) REPRESENTATION_ITEM('') );
#5329 = CARTESIAN_POINT('',(98.749999997583,52.,79.000120266151));
#5330 = CARTESIAN_POINT('',(98.749989881639,52.,79.251820360183));
#5331 = CARTESIAN_POINT('',(98.707933393813,52.,79.5));
#5332 = PCURVE('',#5044,#5333);
#5333 = DEFINITIONAL_REPRESENTATION('',(#5334),#5338);
#5334 = B_SPLINE_CURVE_WITH_KNOTS('',2,(#5335,#5336,#5337),
  .UNSPECIFIED.,.F.,.F.,(3,3),(4.008871702518E-05,0.16744807922),
  .PIECEWISE_BEZIER_KNOTS.);
#5335 = CARTESIAN_POINT('',(-3.561767196881E-23,4.013555673944E-05));
#5336 = CARTESIAN_POINT('',(-1.507925509185E-15,8.374403712822E-02));
#5337 = CARTESIAN_POINT('',(0.,0.16744807922));
#5338 = ( GEOMETRIC_REPRESENTATION_CONTEXT(2) 
PARAMETRIC_REPRESENTATION_CONTEXT() REPRESENTATION_CONTEXT('2D SPACE',''
  ) );
#5339 = PCURVE('',#5227,#5340);
#5340 = DEFINITIONAL_REPRESENTATION('',(#5341),#5345);
#5341 = B_SPLINE_CURVE_WITH_KNOTS('',2,(#5342,#5343,#5344),
  .UNSPECIFIED.,.F.,.F.,(3,3),(4.008871702518E-05,0.16744807922),
  .PIECEWISE_BEZIER_KNOTS.);
#5342 = CARTESIAN_POINT('',(4.013555674418E-05,104.));
#5343 = CARTESIAN_POINT('',(8.374403712822E-02,104.));
#5344 = CARTESIAN_POINT('',(0.16744807922,104.));
#5345 = ( GEOMETRIC_REPRESENTATION_CONTEXT(2) 
PARAMETRIC_REPRESENTATION_CONTEXT() REPRESENTATION_CONTEXT('2D SPACE',''
  ) );
#5346 = ORIENTED_EDGE('',*,*,#4691,.T.);
#5347 = ORIENTED_EDGE('',*,*,#5348,.T.);
#5348 = EDGE_CURVE('',#3526,#5294,#5349,.T.);
#5349 = SURFACE_CURVE('',#5350,(#5354,#5361),.PCURVE_S1.);
#5350 = ( BOUNDED_CURVE() B_SPLINE_CURVE(2,(#5351,#5352,#5353),
.UNSPECIFIED.,.F.,.F.) B_SPLINE_CURVE_WITH_KNOTS((3,3),(0.,0.16744807922
),.PIECEWISE_BEZIER_KNOTS.) CURVE() GEOMETRIC_REPRESENTATION_ITEM() 
RATIONAL_B_SPLINE_CURVE((1.,0.996497189455,1.)) REPRESENTATION_ITEM('') 
  );
#5351 = CARTESIAN_POINT('',(90.729695431472,60.,79.));
#5352 = CARTESIAN_POINT('',(90.729695431472,60.,79.251760650701));
#5353 = CARTESIAN_POINT('',(90.729695431472,59.95803989155,79.5));
#5354 = PCURVE('',#5044,#5355);
#5355 = DEFINITIONAL_REPRESENTATION('',(#5356),#5360);
#5356 = B_SPLINE_CURVE_WITH_KNOTS('',2,(#5357,#5358,#5359),
  .UNSPECIFIED.,.F.,.F.,(3,3),(0.,0.16744807922),
  .PIECEWISE_BEZIER_KNOTS.);
#5357 = CARTESIAN_POINT('',(1.570796326795,0.));
#5358 = CARTESIAN_POINT('',(1.570796326795,8.372403960985E-02));
#5359 = CARTESIAN_POINT('',(1.570796326795,0.16744807922));
#5360 = ( GEOMETRIC_REPRESENTATION_CONTEXT(2) 
PARAMETRIC_REPRESENTATION_CONTEXT() REPRESENTATION_CONTEXT('2D SPACE',''
  ) );
#5361 = PCURVE('',#3539,#5362);
#5362 = DEFINITIONAL_REPRESENTATION('',(#5363),#5367);
#5363 = B_SPLINE_CURVE_WITH_KNOTS('',2,(#5364,#5365,#5366),
  .UNSPECIFIED.,.F.,.F.,(3,3),(0.,0.16744807922),
  .PIECEWISE_BEZIER_KNOTS.);
#5364 = CARTESIAN_POINT('',(0.,0.));
#5365 = CARTESIAN_POINT('',(8.372403960985E-02,-2.866607448228E-14));
#5366 = CARTESIAN_POINT('',(0.16744807922,0.));
#5367 = ( GEOMETRIC_REPRESENTATION_CONTEXT(2) 
PARAMETRIC_REPRESENTATION_CONTEXT() REPRESENTATION_CONTEXT('2D SPACE',''
  ) );
#5368 = ADVANCED_FACE('',(#5369),#5309,.T.);
#5369 = FACE_BOUND('',#5370,.T.);
#5370 = EDGE_LOOP('',(#5371,#5401,#5402,#5432));
#5371 = ORIENTED_EDGE('',*,*,#5372,.F.);
#5372 = EDGE_CURVE('',#5292,#5373,#5375,.T.);
#5373 = VERTEX_POINT('',#5374);
#5374 = CARTESIAN_POINT('',(95.742385786802,52.,82.));
#5375 = SURFACE_CURVE('',#5376,(#5380,#5387),.PCURVE_S1.);
#5376 = ( BOUNDED_CURVE() B_SPLINE_CURVE(2,(#5377,#5378,#5379),
.UNSPECIFIED.,.F.,.F.) B_SPLINE_CURVE_WITH_KNOTS((3,3),(0.16744807922,
1.570796326795),.PIECEWISE_BEZIER_KNOTS.) CURVE() 
GEOMETRIC_REPRESENTATION_ITEM() RATIONAL_B_SPLINE_CURVE((1.,
0.763762615826,1.)) REPRESENTATION_ITEM('') );
#5377 = CARTESIAN_POINT('',(98.707933393813,52.,79.5));
#5378 = CARTESIAN_POINT('',(98.284283735668,52.,82.));
#5379 = CARTESIAN_POINT('',(95.742385786802,52.,82.));
#5380 = PCURVE('',#5309,#5381);
#5381 = DEFINITIONAL_REPRESENTATION('',(#5382),#5386);
#5382 = B_SPLINE_CURVE_WITH_KNOTS('',2,(#5383,#5384,#5385),
  .UNSPECIFIED.,.F.,.F.,(3,3),(0.16744807922,1.570796326795),
  .PIECEWISE_BEZIER_KNOTS.);
#5383 = CARTESIAN_POINT('',(-1.983439540742E-15,0.16744807922));
#5384 = CARTESIAN_POINT('',(5.208473713052E-16,0.869122203007));
#5385 = CARTESIAN_POINT('',(0.,1.570796326795));
#5386 = ( GEOMETRIC_REPRESENTATION_CONTEXT(2) 
PARAMETRIC_REPRESENTATION_CONTEXT() REPRESENTATION_CONTEXT('2D SPACE',''
  ) );
#5387 = PCURVE('',#5388,#5395);
#5388 = ( BOUNDED_SURFACE() B_SPLINE_SURFACE(2,1,(
    (#5389,#5390)
    ,(#5391,#5392)
    ,(#5393,#5394
)),.UNSPECIFIED.,.F.,.F.,.F.) B_SPLINE_SURFACE_WITH_KNOTS((3,3),(2,2),(
    0.16744807922,1.570796326795),(39.,104.),.PIECEWISE_BEZIER_KNOTS.) 
GEOMETRIC_REPRESENTATION_ITEM() RATIONAL_B_SPLINE_SURFACE((
    (1.,1.)
    ,(0.763762615826,0.763762615826)
,(1.,1.))) REPRESENTATION_ITEM('') SURFACE() );
#5389 = CARTESIAN_POINT('',(98.707933393813,-13.,79.5));
#5390 = CARTESIAN_POINT('',(98.707933393813,52.,79.5));
#5391 = CARTESIAN_POINT('',(98.284283735668,-13.,82.));
#5392 = CARTESIAN_POINT('',(98.284283735668,52.,82.));
#5393 = CARTESIAN_POINT('',(95.742385786802,-13.,82.));
#5394 = CARTESIAN_POINT('',(95.742385786802,52.,82.));
#5395 = DEFINITIONAL_REPRESENTATION('',(#5396),#5400);
#5396 = B_SPLINE_CURVE_WITH_KNOTS('',2,(#5397,#5398,#5399),
  .UNSPECIFIED.,.F.,.F.,(3,3),(0.16744807922,1.570796326795),
  .PIECEWISE_BEZIER_KNOTS.);
#5397 = CARTESIAN_POINT('',(0.16744807922,104.));
#5398 = CARTESIAN_POINT('',(0.869122203007,104.));
#5399 = CARTESIAN_POINT('',(1.570796326795,104.));
#5400 = ( GEOMETRIC_REPRESENTATION_CONTEXT(2) 
PARAMETRIC_REPRESENTATION_CONTEXT() REPRESENTATION_CONTEXT('2D SPACE',''
  ) );
#5401 = ORIENTED_EDGE('',*,*,#5291,.T.);
#5402 = ORIENTED_EDGE('',*,*,#5403,.T.);
#5403 = EDGE_CURVE('',#5294,#5404,#5406,.T.);
#5404 = VERTEX_POINT('',#5405);
#5405 = CARTESIAN_POINT('',(90.729695431472,57.,82.));
#5406 = SURFACE_CURVE('',#5407,(#5411,#5418),.PCURVE_S1.);
#5407 = ( BOUNDED_CURVE() B_SPLINE_CURVE(2,(#5408,#5409,#5410),
.UNSPECIFIED.,.F.,.F.) B_SPLINE_CURVE_WITH_KNOTS((3,3),(0.16744807922,
1.570796326795),.PIECEWISE_BEZIER_KNOTS.) CURVE() 
GEOMETRIC_REPRESENTATION_ITEM() RATIONAL_B_SPLINE_CURVE((1.,
0.763762615826,1.)) REPRESENTATION_ITEM('') );
#5408 = CARTESIAN_POINT('',(90.729695431472,59.95803989155,79.5));
#5409 = CARTESIAN_POINT('',(90.729695431472,59.535462764186,82.));
#5410 = CARTESIAN_POINT('',(90.729695431472,57.,82.));
#5411 = PCURVE('',#5309,#5412);
#5412 = DEFINITIONAL_REPRESENTATION('',(#5413),#5417);
#5413 = B_SPLINE_CURVE_WITH_KNOTS('',2,(#5414,#5415,#5416),
  .UNSPECIFIED.,.F.,.F.,(3,3),(0.16744807922,1.570796326795),
  .PIECEWISE_BEZIER_KNOTS.);
#5414 = CARTESIAN_POINT('',(1.570796326795,0.16744807922));
#5415 = CARTESIAN_POINT('',(1.570796326795,0.869122203007));
#5416 = CARTESIAN_POINT('',(1.570796326795,1.570796326795));
#5417 = ( GEOMETRIC_REPRESENTATION_CONTEXT(2) 
PARAMETRIC_REPRESENTATION_CONTEXT() REPRESENTATION_CONTEXT('2D SPACE',''
  ) );
#5418 = PCURVE('',#5419,#5426);
#5419 = ( BOUNDED_SURFACE() B_SPLINE_SURFACE(2,1,(
    (#5420,#5421)
    ,(#5422,#5423)
    ,(#5424,#5425
)),.UNSPECIFIED.,.F.,.F.,.F.) B_SPLINE_SURFACE_WITH_KNOTS((3,3),(2,2),(
    0.16744807922,1.570796326795),(0.,181.),.PIECEWISE_BEZIER_KNOTS.) 
GEOMETRIC_REPRESENTATION_ITEM() RATIONAL_B_SPLINE_SURFACE((
    (1.,1.)
    ,(0.763762615826,0.763762615826)
,(1.,1.))) REPRESENTATION_ITEM('') SURFACE() );
#5420 = CARTESIAN_POINT('',(90.729695431472,59.95803989155,79.5));
#5421 = CARTESIAN_POINT('',(-90.72969543147,59.95803989155,79.5));
#5422 = CARTESIAN_POINT('',(90.729695431472,59.535462764186,82.));
#5423 = CARTESIAN_POINT('',(-90.72969543147,59.535462764186,82.));
#5424 = CARTESIAN_POINT('',(90.729695431472,57.,82.));
#5425 = CARTESIAN_POINT('',(-90.72969543147,57.,82.));
#5426 = DEFINITIONAL_REPRESENTATION('',(#5427),#5431);
#5427 = B_SPLINE_CURVE_WITH_KNOTS('',2,(#5428,#5429,#5430),
  .UNSPECIFIED.,.F.,.F.,(3,3),(0.16744807922,1.570796326795),
  .PIECEWISE_BEZIER_KNOTS.);
#5428 = CARTESIAN_POINT('',(0.16744807922,0.));
#5429 = CARTESIAN_POINT('',(0.869122203007,-3.720757183817E-14));
#5430 = CARTESIAN_POINT('',(1.570796326795,0.));
#5431 = ( GEOMETRIC_REPRESENTATION_CONTEXT(2) 
PARAMETRIC_REPRESENTATION_CONTEXT() REPRESENTATION_CONTEXT('2D SPACE',''
  ) );
#5432 = ORIENTED_EDGE('',*,*,#5433,.F.);
#5433 = EDGE_CURVE('',#5373,#5404,#5434,.T.);
#5434 = SURFACE_CURVE('',#5435,(#5439,#5446),.PCURVE_S1.);
#5435 = ( BOUNDED_CURVE() B_SPLINE_CURVE(2,(#5436,#5437,#5438),
.UNSPECIFIED.,.F.,.F.) B_SPLINE_CURVE_WITH_KNOTS((3,3),(0.,
1.570796326795),.PIECEWISE_BEZIER_KNOTS.) CURVE() 
GEOMETRIC_REPRESENTATION_ITEM() RATIONAL_B_SPLINE_CURVE((1.,
0.707106781187,1.)) REPRESENTATION_ITEM('') );
#5436 = CARTESIAN_POINT('',(95.742385786802,52.,82.));
#5437 = CARTESIAN_POINT('',(95.742385786802,57.,82.));
#5438 = CARTESIAN_POINT('',(90.729695431472,57.,82.));
#5439 = PCURVE('',#5309,#5440);
#5440 = DEFINITIONAL_REPRESENTATION('',(#5441),#5445);
#5441 = B_SPLINE_CURVE_WITH_KNOTS('',2,(#5442,#5443,#5444),
  .UNSPECIFIED.,.F.,.F.,(3,3),(0.,1.570796326795),
  .PIECEWISE_BEZIER_KNOTS.);
#5442 = CARTESIAN_POINT('',(0.,1.570796326795));
#5443 = CARTESIAN_POINT('',(0.785398163397,1.570796326795));
#5444 = CARTESIAN_POINT('',(1.570796326795,1.570796326795));
#5445 = ( GEOMETRIC_REPRESENTATION_CONTEXT(2) 
PARAMETRIC_REPRESENTATION_CONTEXT() REPRESENTATION_CONTEXT('2D SPACE',''
  ) );
#5446 = PCURVE('',#5447,#5452);
#5447 = PLANE('',#5448);
#5448 = AXIS2_PLACEMENT_3D('',#5449,#5450,#5451);
#5449 = CARTESIAN_POINT('',(0.,0.,82.));
#5450 = DIRECTION('',(0.,0.,1.));
#5451 = DIRECTION('',(1.,0.,-0.));
#5452 = DEFINITIONAL_REPRESENTATION('',(#5453),#5457);
#5453 = ( BOUNDED_CURVE() B_SPLINE_CURVE(2,(#5454,#5455,#5456),
.UNSPECIFIED.,.F.,.F.) B_SPLINE_CURVE_WITH_KNOTS((3,3),(0.,
1.570796326795),.PIECEWISE_BEZIER_KNOTS.) CURVE() 
GEOMETRIC_REPRESENTATION_ITEM() RATIONAL_B_SPLINE_CURVE((1.,
0.707106781187,1.)) REPRESENTATION_ITEM('') );
#5454 = CARTESIAN_POINT('',(95.742385786802,52.));
#5455 = CARTESIAN_POINT('',(95.742385786802,57.));
#5456 = CARTESIAN_POINT('',(90.729695431472,57.));
#5457 = ( GEOMETRIC_REPRESENTATION_CONTEXT(2) 
PARAMETRIC_REPRESENTATION_CONTEXT() REPRESENTATION_CONTEXT('2D SPACE',''
  ) );
#5458 = ADVANCED_FACE('',(#5459),#5419,.F.);
#5459 = FACE_BOUND('',#5460,.F.);
#5460 = EDGE_LOOP('',(#5461,#5483,#5484,#5505));
#5461 = ORIENTED_EDGE('',*,*,#5462,.F.);
#5462 = EDGE_CURVE('',#5294,#5463,#5465,.T.);
#5463 = VERTEX_POINT('',#5464);
#5464 = CARTESIAN_POINT('',(90.5,59.95803989155,79.5));
#5465 = SURFACE_CURVE('',#5466,(#5469,#5476),.PCURVE_S1.);
#5466 = B_SPLINE_CURVE_WITH_KNOTS('',1,(#5467,#5468),.UNSPECIFIED.,.F.,
  .F.,(2,2),(0.,181.),.PIECEWISE_BEZIER_KNOTS.);
#5467 = CARTESIAN_POINT('',(90.729695431472,59.95803989155,79.5));
#5468 = CARTESIAN_POINT('',(-90.72969543147,59.95803989155,79.5));
#5469 = PCURVE('',#5419,#5470);
#5470 = DEFINITIONAL_REPRESENTATION('',(#5471),#5475);
#5471 = B_SPLINE_CURVE_WITH_KNOTS('',2,(#5472,#5473,#5474),
  .UNSPECIFIED.,.F.,.F.,(3,3),(0.,181.),.PIECEWISE_BEZIER_KNOTS.);
#5472 = CARTESIAN_POINT('',(0.16744807922,0.));
#5473 = CARTESIAN_POINT('',(0.16744807922,90.5));
#5474 = CARTESIAN_POINT('',(0.16744807922,181.));
#5475 = ( GEOMETRIC_REPRESENTATION_CONTEXT(2) 
PARAMETRIC_REPRESENTATION_CONTEXT() REPRESENTATION_CONTEXT('2D SPACE',''
  ) );
#5476 = PCURVE('',#3539,#5477);
#5477 = DEFINITIONAL_REPRESENTATION('',(#5478),#5482);
#5478 = B_SPLINE_CURVE_WITH_KNOTS('',2,(#5479,#5480,#5481),
  .UNSPECIFIED.,.F.,.F.,(3,3),(0.,181.),.PIECEWISE_BEZIER_KNOTS.);
#5479 = CARTESIAN_POINT('',(0.16744807922,0.));
#5480 = CARTESIAN_POINT('',(0.16744807922,90.5));
#5481 = CARTESIAN_POINT('',(0.16744807922,181.));
#5482 = ( GEOMETRIC_REPRESENTATION_CONTEXT(2) 
PARAMETRIC_REPRESENTATION_CONTEXT() REPRESENTATION_CONTEXT('2D SPACE',''
  ) );
#5483 = ORIENTED_EDGE('',*,*,#5403,.T.);
#5484 = ORIENTED_EDGE('',*,*,#5485,.T.);
#5485 = EDGE_CURVE('',#5404,#5486,#5488,.T.);
#5486 = VERTEX_POINT('',#5487);
#5487 = CARTESIAN_POINT('',(90.5,57.,82.));
#5488 = SURFACE_CURVE('',#5489,(#5492,#5499),.PCURVE_S1.);
#5489 = B_SPLINE_CURVE_WITH_KNOTS('',1,(#5490,#5491),.UNSPECIFIED.,.F.,
  .F.,(2,2),(0.,181.),.PIECEWISE_BEZIER_KNOTS.);
#5490 = CARTESIAN_POINT('',(90.729695431472,57.,82.));
#5491 = CARTESIAN_POINT('',(-90.72969543147,57.,82.));
#5492 = PCURVE('',#5419,#5493);
#5493 = DEFINITIONAL_REPRESENTATION('',(#5494),#5498);
#5494 = B_SPLINE_CURVE_WITH_KNOTS('',2,(#5495,#5496,#5497),
  .UNSPECIFIED.,.F.,.F.,(3,3),(0.,181.),.PIECEWISE_BEZIER_KNOTS.);
#5495 = CARTESIAN_POINT('',(1.570796326795,0.));
#5496 = CARTESIAN_POINT('',(1.570796326795,90.5));
#5497 = CARTESIAN_POINT('',(1.570796326795,181.));
#5498 = ( GEOMETRIC_REPRESENTATION_CONTEXT(2) 
PARAMETRIC_REPRESENTATION_CONTEXT() REPRESENTATION_CONTEXT('2D SPACE',''
  ) );
#5499 = PCURVE('',#5447,#5500);
#5500 = DEFINITIONAL_REPRESENTATION('',(#5501),#5504);
#5501 = B_SPLINE_CURVE_WITH_KNOTS('',1,(#5502,#5503),.UNSPECIFIED.,.F.,
  .F.,(2,2),(0.,181.),.PIECEWISE_BEZIER_KNOTS.);
#5502 = CARTESIAN_POINT('',(90.729695431472,57.));
#5503 = CARTESIAN_POINT('',(-90.72969543147,57.));
#5504 = ( GEOMETRIC_REPRESENTATION_CONTEXT(2) 
PARAMETRIC_REPRESENTATION_CONTEXT() REPRESENTATION_CONTEXT('2D SPACE',''
  ) );
#5505 = ORIENTED_EDGE('',*,*,#5506,.F.);
#5506 = EDGE_CURVE('',#5463,#5486,#5507,.T.);
#5507 = SURFACE_CURVE('',#5508,(#5513,#5525),.PCURVE_S1.);
#5508 = CIRCLE('',#5509,3.);
#5509 = AXIS2_PLACEMENT_3D('',#5510,#5511,#5512);
#5510 = CARTESIAN_POINT('',(90.5,57.,79.));
#5511 = DIRECTION('',(1.,-6.123233995737E-17,0.));
#5512 = DIRECTION('',(6.123233995737E-17,1.,0.));
#5513 = PCURVE('',#5419,#5514);
#5514 = DEFINITIONAL_REPRESENTATION('',(#5515),#5524);
#5515 = B_SPLINE_CURVE_WITH_KNOTS('',7,(#5516,#5517,#5518,#5519,#5520,
    #5521,#5522,#5523),.UNSPECIFIED.,.F.,.F.,(8,8),(0.16744807922,
    1.570796326795),.PIECEWISE_BEZIER_KNOTS.);
#5516 = CARTESIAN_POINT('',(0.16744807922,0.229113924051));
#5517 = CARTESIAN_POINT('',(0.385373598872,0.229113924051));
#5518 = CARTESIAN_POINT('',(0.584647379833,0.229113924052));
#5519 = CARTESIAN_POINT('',(0.775279069417,0.229113924049));
#5520 = CARTESIAN_POINT('',(0.962965336588,0.229113924052));
#5521 = CARTESIAN_POINT('',(1.153597026183,0.229113924049));
#5522 = CARTESIAN_POINT('',(1.352870807145,0.229113924051));
#5523 = CARTESIAN_POINT('',(1.570796326795,0.229113924051));
#5524 = ( GEOMETRIC_REPRESENTATION_CONTEXT(2) 
PARAMETRIC_REPRESENTATION_CONTEXT() REPRESENTATION_CONTEXT('2D SPACE',''
  ) );
#5525 = PCURVE('',#3513,#5526);
#5526 = DEFINITIONAL_REPRESENTATION('',(#5527),#5530);
#5527 = B_SPLINE_CURVE_WITH_KNOTS('',1,(#5528,#5529),.UNSPECIFIED.,.F.,
  .F.,(2,2),(0.,1.570796326795),.PIECEWISE_BEZIER_KNOTS.);
#5528 = CARTESIAN_POINT('',(0.,0.));
#5529 = CARTESIAN_POINT('',(-1.570796326795,0.));
#5530 = ( GEOMETRIC_REPRESENTATION_CONTEXT(2) 
PARAMETRIC_REPRESENTATION_CONTEXT() REPRESENTATION_CONTEXT('2D SPACE',''
  ) );
#5531 = ADVANCED_FACE('',(#5532,#5854,#6197,#6331,#6453),#5447,.T.);
#5532 = FACE_BOUND('',#5533,.T.);
#5533 = EDGE_LOOP('',(#5534,#5564,#5597,#5618,#5641,#5662,#5695,#5723,
    #5742,#5743,#5744,#5767,#5795,#5828));
#5534 = ORIENTED_EDGE('',*,*,#5535,.T.);
#5535 = EDGE_CURVE('',#5536,#5538,#5540,.T.);
#5536 = VERTEX_POINT('',#5537);
#5537 = CARTESIAN_POINT('',(-95.7423857868,-13.,82.));
#5538 = VERTEX_POINT('',#5539);
#5539 = CARTESIAN_POINT('',(-95.7423857868,-52.,82.));
#5540 = SURFACE_CURVE('',#5541,(#5544,#5550),.PCURVE_S1.);
#5541 = B_SPLINE_CURVE_WITH_KNOTS('',1,(#5542,#5543),.UNSPECIFIED.,.F.,
  .F.,(2,2),(65.,104.),.PIECEWISE_BEZIER_KNOTS.);
#5542 = CARTESIAN_POINT('',(-95.7423857868,-13.,82.));
#5543 = CARTESIAN_POINT('',(-95.7423857868,-52.,82.));
#5544 = PCURVE('',#5447,#5545);
#5545 = DEFINITIONAL_REPRESENTATION('',(#5546),#5549);
#5546 = B_SPLINE_CURVE_WITH_KNOTS('',1,(#5547,#5548),.UNSPECIFIED.,.F.,
  .F.,(2,2),(65.,104.),.PIECEWISE_BEZIER_KNOTS.);
#5547 = CARTESIAN_POINT('',(-95.7423857868,-13.));
#5548 = CARTESIAN_POINT('',(-95.7423857868,-52.));
#5549 = ( GEOMETRIC_REPRESENTATION_CONTEXT(2) 
PARAMETRIC_REPRESENTATION_CONTEXT() REPRESENTATION_CONTEXT('2D SPACE',''
  ) );
#5550 = PCURVE('',#5551,#5558);
#5551 = ( BOUNDED_SURFACE() B_SPLINE_SURFACE(2,1,(
    (#5552,#5553)
    ,(#5554,#5555)
    ,(#5556,#5557
)),.UNSPECIFIED.,.F.,.F.,.F.) B_SPLINE_SURFACE_WITH_KNOTS((3,3),(2,2),(
    0.,1.570796326795),(65.,104.),.PIECEWISE_BEZIER_KNOTS.) 
GEOMETRIC_REPRESENTATION_ITEM() RATIONAL_B_SPLINE_SURFACE((
    (1.,1.)
    ,(0.707106781187,0.707106781187)
,(1.,1.))) REPRESENTATION_ITEM('') SURFACE() );
#5552 = CARTESIAN_POINT('',(-98.75,-13.,79.));
#5553 = CARTESIAN_POINT('',(-98.75,-52.,79.));
#5554 = CARTESIAN_POINT('',(-98.75,-13.,82.));
#5555 = CARTESIAN_POINT('',(-98.75,-52.,82.));
#5556 = CARTESIAN_POINT('',(-95.7423857868,-13.,82.));
#5557 = CARTESIAN_POINT('',(-95.7423857868,-52.,82.));
#5558 = DEFINITIONAL_REPRESENTATION('',(#5559),#5563);
#5559 = B_SPLINE_CURVE_WITH_KNOTS('',2,(#5560,#5561,#5562),
  .UNSPECIFIED.,.F.,.F.,(3,3),(65.,104.),.PIECEWISE_BEZIER_KNOTS.);
#5560 = CARTESIAN_POINT('',(1.570796326795,65.));
#5561 = CARTESIAN_POINT('',(1.570796326795,84.5));
#5562 = CARTESIAN_POINT('',(1.570796326795,104.));
#5563 = ( GEOMETRIC_REPRESENTATION_CONTEXT(2) 
PARAMETRIC_REPRESENTATION_CONTEXT() REPRESENTATION_CONTEXT('2D SPACE',''
  ) );
#5564 = ORIENTED_EDGE('',*,*,#5565,.T.);
#5565 = EDGE_CURVE('',#5538,#5566,#5568,.T.);
#5566 = VERTEX_POINT('',#5567);
#5567 = CARTESIAN_POINT('',(-90.72969543147,-57.,82.));
#5568 = SURFACE_CURVE('',#5569,(#5573,#5580),.PCURVE_S1.);
#5569 = ( BOUNDED_CURVE() B_SPLINE_CURVE(2,(#5570,#5571,#5572),
.UNSPECIFIED.,.F.,.F.) B_SPLINE_CURVE_WITH_KNOTS((3,3),(0.,
1.570796326795),.PIECEWISE_BEZIER_KNOTS.) CURVE() 
GEOMETRIC_REPRESENTATION_ITEM() RATIONAL_B_SPLINE_CURVE((1.,
0.707106781187,1.)) REPRESENTATION_ITEM('') );
#5570 = CARTESIAN_POINT('',(-95.7423857868,-52.,82.));
#5571 = CARTESIAN_POINT('',(-95.7423857868,-57.,82.));
#5572 = CARTESIAN_POINT('',(-90.72969543147,-57.,82.));
#5573 = PCURVE('',#5447,#5574);
#5574 = DEFINITIONAL_REPRESENTATION('',(#5575),#5579);
#5575 = ( BOUNDED_CURVE() B_SPLINE_CURVE(2,(#5576,#5577,#5578),
.UNSPECIFIED.,.F.,.F.) B_SPLINE_CURVE_WITH_KNOTS((3,3),(0.,
1.570796326795),.PIECEWISE_BEZIER_KNOTS.) CURVE() 
GEOMETRIC_REPRESENTATION_ITEM() RATIONAL_B_SPLINE_CURVE((1.,
0.707106781187,1.)) REPRESENTATION_ITEM('') );
#5576 = CARTESIAN_POINT('',(-95.7423857868,-52.));
#5577 = CARTESIAN_POINT('',(-95.7423857868,-57.));
#5578 = CARTESIAN_POINT('',(-90.72969543147,-57.));
#5579 = ( GEOMETRIC_REPRESENTATION_CONTEXT(2) 
PARAMETRIC_REPRESENTATION_CONTEXT() REPRESENTATION_CONTEXT('2D SPACE',''
  ) );
#5580 = PCURVE('',#5581,#5591);
#5581 = ( BOUNDED_SURFACE() B_SPLINE_SURFACE(2,2,(
    (#5582,#5583,#5584)
    ,(#5585,#5586,#5587)
    ,(#5588,#5589,#5590
)),.UNSPECIFIED.,.F.,.F.,.F.) B_SPLINE_SURFACE_WITH_KNOTS((3,3),(3,3),(
    0.,1.570796326795),(0.,1.570796326795),.PIECEWISE_BEZIER_KNOTS.) 
GEOMETRIC_REPRESENTATION_ITEM() RATIONAL_B_SPLINE_SURFACE((
    (1.,0.707106781187,1.)
    ,(0.707106781187,0.5,0.707106781187)
,(1.,0.707106781187,1.))) REPRESENTATION_ITEM('') SURFACE() );
#5582 = CARTESIAN_POINT('',(-98.75,-52.,79.));
#5583 = CARTESIAN_POINT('',(-98.75,-52.,82.));
#5584 = CARTESIAN_POINT('',(-95.7423857868,-52.,82.));
#5585 = CARTESIAN_POINT('',(-98.75,-60.,79.));
#5586 = CARTESIAN_POINT('',(-98.75,-60.,82.));
#5587 = CARTESIAN_POINT('',(-95.7423857868,-57.,82.));
#5588 = CARTESIAN_POINT('',(-90.72969543147,-60.,79.));
#5589 = CARTESIAN_POINT('',(-90.72969543147,-60.,82.));
#5590 = CARTESIAN_POINT('',(-90.72969543147,-57.,82.));
#5591 = DEFINITIONAL_REPRESENTATION('',(#5592),#5596);
#5592 = B_SPLINE_CURVE_WITH_KNOTS('',2,(#5593,#5594,#5595),
  .UNSPECIFIED.,.F.,.F.,(3,3),(0.,1.570796326795),
  .PIECEWISE_BEZIER_KNOTS.);
#5593 = CARTESIAN_POINT('',(0.,1.570796326795));
#5594 = CARTESIAN_POINT('',(0.785398163397,1.570796326795));
#5595 = CARTESIAN_POINT('',(1.570796326795,1.570796326795));
#5596 = ( GEOMETRIC_REPRESENTATION_CONTEXT(2) 
PARAMETRIC_REPRESENTATION_CONTEXT() REPRESENTATION_CONTEXT('2D SPACE',''
  ) );
#5597 = ORIENTED_EDGE('',*,*,#5598,.T.);
#5598 = EDGE_CURVE('',#5566,#5599,#5601,.T.);
#5599 = VERTEX_POINT('',#5600);
#5600 = CARTESIAN_POINT('',(-90.5,-57.,82.));
#5601 = SURFACE_CURVE('',#5602,(#5605,#5611),.PCURVE_S1.);
#5602 = B_SPLINE_CURVE_WITH_KNOTS('',1,(#5603,#5604),.UNSPECIFIED.,.F.,
  .F.,(2,2),(0.,181.),.PIECEWISE_BEZIER_KNOTS.);
#5603 = CARTESIAN_POINT('',(-90.72969543147,-57.,82.));
#5604 = CARTESIAN_POINT('',(90.729695431472,-57.,82.));
#5605 = PCURVE('',#5447,#5606);
#5606 = DEFINITIONAL_REPRESENTATION('',(#5607),#5610);
#5607 = B_SPLINE_CURVE_WITH_KNOTS('',1,(#5608,#5609),.UNSPECIFIED.,.F.,
  .F.,(2,2),(0.,181.),.PIECEWISE_BEZIER_KNOTS.);
#5608 = CARTESIAN_POINT('',(-90.72969543147,-57.));
#5609 = CARTESIAN_POINT('',(90.729695431472,-57.));
#5610 = ( GEOMETRIC_REPRESENTATION_CONTEXT(2) 
PARAMETRIC_REPRESENTATION_CONTEXT() REPRESENTATION_CONTEXT('2D SPACE',''
  ) );
#5611 = PCURVE('',#160,#5612);
#5612 = DEFINITIONAL_REPRESENTATION('',(#5613),#5617);
#5613 = B_SPLINE_CURVE_WITH_KNOTS('',2,(#5614,#5615,#5616),
  .UNSPECIFIED.,.F.,.F.,(3,3),(0.,181.),.PIECEWISE_BEZIER_KNOTS.);
#5614 = CARTESIAN_POINT('',(1.570796326795,0.));
#5615 = CARTESIAN_POINT('',(1.570796326795,90.5));
#5616 = CARTESIAN_POINT('',(1.570796326795,181.));
#5617 = ( GEOMETRIC_REPRESENTATION_CONTEXT(2) 
PARAMETRIC_REPRESENTATION_CONTEXT() REPRESENTATION_CONTEXT('2D SPACE',''
  ) );
#5618 = ORIENTED_EDGE('',*,*,#5619,.F.);
#5619 = EDGE_CURVE('',#5620,#5599,#5622,.T.);
#5620 = VERTEX_POINT('',#5621);
#5621 = CARTESIAN_POINT('',(90.5,-57.,82.));
#5622 = SURFACE_CURVE('',#5623,(#5627,#5634),.PCURVE_S1.);
#5623 = LINE('',#5624,#5625);
#5624 = CARTESIAN_POINT('',(90.5,-57.,82.));
#5625 = VECTOR('',#5626,1.);
#5626 = DIRECTION('',(-1.,0.,0.));
#5627 = PCURVE('',#5447,#5628);
#5628 = DEFINITIONAL_REPRESENTATION('',(#5629),#5633);
#5629 = LINE('',#5630,#5631);
#5630 = CARTESIAN_POINT('',(90.5,-57.));
#5631 = VECTOR('',#5632,1.);
#5632 = DIRECTION('',(-1.,0.));
#5633 = ( GEOMETRIC_REPRESENTATION_CONTEXT(2) 
PARAMETRIC_REPRESENTATION_CONTEXT() REPRESENTATION_CONTEXT('2D SPACE',''
  ) );
#5634 = PCURVE('',#190,#5635);
#5635 = DEFINITIONAL_REPRESENTATION('',(#5636),#5640);
#5636 = LINE('',#5637,#5638);
#5637 = CARTESIAN_POINT('',(-1.570796326795,181.));
#5638 = VECTOR('',#5639,1.);
#5639 = DIRECTION('',(-0.,-1.));
#5640 = ( GEOMETRIC_REPRESENTATION_CONTEXT(2) 
PARAMETRIC_REPRESENTATION_CONTEXT() REPRESENTATION_CONTEXT('2D SPACE',''
  ) );
#5641 = ORIENTED_EDGE('',*,*,#5642,.T.);
#5642 = EDGE_CURVE('',#5620,#5643,#5645,.T.);
#5643 = VERTEX_POINT('',#5644);
#5644 = CARTESIAN_POINT('',(90.729695431472,-57.,82.));
#5645 = SURFACE_CURVE('',#5646,(#5649,#5655),.PCURVE_S1.);
#5646 = B_SPLINE_CURVE_WITH_KNOTS('',1,(#5647,#5648),.UNSPECIFIED.,.F.,
  .F.,(2,2),(0.,181.),.PIECEWISE_BEZIER_KNOTS.);
#5647 = CARTESIAN_POINT('',(-90.72969543147,-57.,82.));
#5648 = CARTESIAN_POINT('',(90.729695431472,-57.,82.));
#5649 = PCURVE('',#5447,#5650);
#5650 = DEFINITIONAL_REPRESENTATION('',(#5651),#5654);
#5651 = B_SPLINE_CURVE_WITH_KNOTS('',1,(#5652,#5653),.UNSPECIFIED.,.F.,
  .F.,(2,2),(0.,181.),.PIECEWISE_BEZIER_KNOTS.);
#5652 = CARTESIAN_POINT('',(-90.72969543147,-57.));
#5653 = CARTESIAN_POINT('',(90.729695431472,-57.));
#5654 = ( GEOMETRIC_REPRESENTATION_CONTEXT(2) 
PARAMETRIC_REPRESENTATION_CONTEXT() REPRESENTATION_CONTEXT('2D SPACE',''
  ) );
#5655 = PCURVE('',#216,#5656);
#5656 = DEFINITIONAL_REPRESENTATION('',(#5657),#5661);
#5657 = B_SPLINE_CURVE_WITH_KNOTS('',2,(#5658,#5659,#5660),
  .UNSPECIFIED.,.F.,.F.,(3,3),(0.,181.),.PIECEWISE_BEZIER_KNOTS.);
#5658 = CARTESIAN_POINT('',(1.570796326795,0.));
#5659 = CARTESIAN_POINT('',(1.570796326795,90.5));
#5660 = CARTESIAN_POINT('',(1.570796326795,181.));
#5661 = ( GEOMETRIC_REPRESENTATION_CONTEXT(2) 
PARAMETRIC_REPRESENTATION_CONTEXT() REPRESENTATION_CONTEXT('2D SPACE',''
  ) );
#5662 = ORIENTED_EDGE('',*,*,#5663,.T.);
#5663 = EDGE_CURVE('',#5643,#5664,#5666,.T.);
#5664 = VERTEX_POINT('',#5665);
#5665 = CARTESIAN_POINT('',(95.742385786802,-52.,82.));
#5666 = SURFACE_CURVE('',#5667,(#5671,#5678),.PCURVE_S1.);
#5667 = ( BOUNDED_CURVE() B_SPLINE_CURVE(2,(#5668,#5669,#5670),
.UNSPECIFIED.,.F.,.F.) B_SPLINE_CURVE_WITH_KNOTS((3,3),(0.,
1.570796326795),.PIECEWISE_BEZIER_KNOTS.) CURVE() 
GEOMETRIC_REPRESENTATION_ITEM() RATIONAL_B_SPLINE_CURVE((1.,
0.707106781187,1.)) REPRESENTATION_ITEM('') );
#5668 = CARTESIAN_POINT('',(90.729695431472,-57.,82.));
#5669 = CARTESIAN_POINT('',(95.742385786802,-57.,82.));
#5670 = CARTESIAN_POINT('',(95.742385786802,-52.,82.));
#5671 = PCURVE('',#5447,#5672);
#5672 = DEFINITIONAL_REPRESENTATION('',(#5673),#5677);
#5673 = ( BOUNDED_CURVE() B_SPLINE_CURVE(2,(#5674,#5675,#5676),
.UNSPECIFIED.,.F.,.F.) B_SPLINE_CURVE_WITH_KNOTS((3,3),(0.,
1.570796326795),.PIECEWISE_BEZIER_KNOTS.) CURVE() 
GEOMETRIC_REPRESENTATION_ITEM() RATIONAL_B_SPLINE_CURVE((1.,
0.707106781187,1.)) REPRESENTATION_ITEM('') );
#5674 = CARTESIAN_POINT('',(90.729695431472,-57.));
#5675 = CARTESIAN_POINT('',(95.742385786802,-57.));
#5676 = CARTESIAN_POINT('',(95.742385786802,-52.));
#5677 = ( GEOMETRIC_REPRESENTATION_CONTEXT(2) 
PARAMETRIC_REPRESENTATION_CONTEXT() REPRESENTATION_CONTEXT('2D SPACE',''
  ) );
#5678 = PCURVE('',#5679,#5689);
#5679 = ( BOUNDED_SURFACE() B_SPLINE_SURFACE(2,2,(
    (#5680,#5681,#5682)
    ,(#5683,#5684,#5685)
    ,(#5686,#5687,#5688
)),.UNSPECIFIED.,.F.,.F.,.F.) B_SPLINE_SURFACE_WITH_KNOTS((3,3),(3,3),(
    0.,1.570796326795),(0.,1.570796326795),.PIECEWISE_BEZIER_KNOTS.) 
GEOMETRIC_REPRESENTATION_ITEM() RATIONAL_B_SPLINE_SURFACE((
    (1.,0.707106781187,1.)
    ,(0.707106781187,0.5,0.707106781187)
,(1.,0.707106781187,1.))) REPRESENTATION_ITEM('') SURFACE() );
#5680 = CARTESIAN_POINT('',(90.729695431472,-60.,79.));
#5681 = CARTESIAN_POINT('',(90.729695431472,-60.,82.));
#5682 = CARTESIAN_POINT('',(90.729695431472,-57.,82.));
#5683 = CARTESIAN_POINT('',(98.75,-60.,79.));
#5684 = CARTESIAN_POINT('',(98.75,-60.,82.));
#5685 = CARTESIAN_POINT('',(95.742385786802,-57.,82.));
#5686 = CARTESIAN_POINT('',(98.75,-52.,79.));
#5687 = CARTESIAN_POINT('',(98.75,-52.,82.));
#5688 = CARTESIAN_POINT('',(95.742385786802,-52.,82.));
#5689 = DEFINITIONAL_REPRESENTATION('',(#5690),#5694);
#5690 = B_SPLINE_CURVE_WITH_KNOTS('',2,(#5691,#5692,#5693),
  .UNSPECIFIED.,.F.,.F.,(3,3),(0.,1.570796326795),
  .PIECEWISE_BEZIER_KNOTS.);
#5691 = CARTESIAN_POINT('',(0.,1.570796326795));
#5692 = CARTESIAN_POINT('',(0.785398163397,1.570796326795));
#5693 = CARTESIAN_POINT('',(1.570796326795,1.570796326795));
#5694 = ( GEOMETRIC_REPRESENTATION_CONTEXT(2) 
PARAMETRIC_REPRESENTATION_CONTEXT() REPRESENTATION_CONTEXT('2D SPACE',''
  ) );
#5695 = ORIENTED_EDGE('',*,*,#5696,.T.);
#5696 = EDGE_CURVE('',#5664,#5697,#5699,.T.);
#5697 = VERTEX_POINT('',#5698);
#5698 = CARTESIAN_POINT('',(95.742385786802,-13.,82.));
#5699 = SURFACE_CURVE('',#5700,(#5703,#5709),.PCURVE_S1.);
#5700 = B_SPLINE_CURVE_WITH_KNOTS('',1,(#5701,#5702),.UNSPECIFIED.,.F.,
  .F.,(2,2),(0.,39.),.PIECEWISE_BEZIER_KNOTS.);
#5701 = CARTESIAN_POINT('',(95.742385786802,-52.,82.));
#5702 = CARTESIAN_POINT('',(95.742385786802,-13.,82.));
#5703 = PCURVE('',#5447,#5704);
#5704 = DEFINITIONAL_REPRESENTATION('',(#5705),#5708);
#5705 = B_SPLINE_CURVE_WITH_KNOTS('',1,(#5706,#5707),.UNSPECIFIED.,.F.,
  .F.,(2,2),(0.,39.),.PIECEWISE_BEZIER_KNOTS.);
#5706 = CARTESIAN_POINT('',(95.742385786802,-52.));
#5707 = CARTESIAN_POINT('',(95.742385786802,-13.));
#5708 = ( GEOMETRIC_REPRESENTATION_CONTEXT(2) 
PARAMETRIC_REPRESENTATION_CONTEXT() REPRESENTATION_CONTEXT('2D SPACE',''
  ) );
#5709 = PCURVE('',#5710,#5717);
#5710 = ( BOUNDED_SURFACE() B_SPLINE_SURFACE(2,1,(
    (#5711,#5712)
    ,(#5713,#5714)
    ,(#5715,#5716
)),.UNSPECIFIED.,.F.,.F.,.F.) B_SPLINE_SURFACE_WITH_KNOTS((3,3),(2,2),(
    0.,1.570796326795),(0.,39.),.PIECEWISE_BEZIER_KNOTS.) 
GEOMETRIC_REPRESENTATION_ITEM() RATIONAL_B_SPLINE_SURFACE((
    (1.,1.)
    ,(0.707106781187,0.707106781187)
,(1.,1.))) REPRESENTATION_ITEM('') SURFACE() );
#5711 = CARTESIAN_POINT('',(98.75,-52.,79.));
#5712 = CARTESIAN_POINT('',(98.75,-13.,79.));
#5713 = CARTESIAN_POINT('',(98.75,-52.,82.));
#5714 = CARTESIAN_POINT('',(98.75,-13.,82.));
#5715 = CARTESIAN_POINT('',(95.742385786802,-52.,82.));
#5716 = CARTESIAN_POINT('',(95.742385786802,-13.,82.));
#5717 = DEFINITIONAL_REPRESENTATION('',(#5718),#5722);
#5718 = B_SPLINE_CURVE_WITH_KNOTS('',2,(#5719,#5720,#5721),
  .UNSPECIFIED.,.F.,.F.,(3,3),(0.,39.),.PIECEWISE_BEZIER_KNOTS.);
#5719 = CARTESIAN_POINT('',(1.570796326795,0.));
#5720 = CARTESIAN_POINT('',(1.570796326795,19.5));
#5721 = CARTESIAN_POINT('',(1.570796326795,39.));
#5722 = ( GEOMETRIC_REPRESENTATION_CONTEXT(2) 
PARAMETRIC_REPRESENTATION_CONTEXT() REPRESENTATION_CONTEXT('2D SPACE',''
  ) );
#5723 = ORIENTED_EDGE('',*,*,#5724,.T.);
#5724 = EDGE_CURVE('',#5697,#5373,#5725,.T.);
#5725 = SURFACE_CURVE('',#5726,(#5729,#5735),.PCURVE_S1.);
#5726 = B_SPLINE_CURVE_WITH_KNOTS('',1,(#5727,#5728),.UNSPECIFIED.,.F.,
  .F.,(2,2),(39.,104.),.PIECEWISE_BEZIER_KNOTS.);
#5727 = CARTESIAN_POINT('',(95.742385786802,-13.,82.));
#5728 = CARTESIAN_POINT('',(95.742385786802,52.,82.));
#5729 = PCURVE('',#5447,#5730);
#5730 = DEFINITIONAL_REPRESENTATION('',(#5731),#5734);
#5731 = B_SPLINE_CURVE_WITH_KNOTS('',1,(#5732,#5733),.UNSPECIFIED.,.F.,
  .F.,(2,2),(39.,104.),.PIECEWISE_BEZIER_KNOTS.);
#5732 = CARTESIAN_POINT('',(95.742385786802,-13.));
#5733 = CARTESIAN_POINT('',(95.742385786802,52.));
#5734 = ( GEOMETRIC_REPRESENTATION_CONTEXT(2) 
PARAMETRIC_REPRESENTATION_CONTEXT() REPRESENTATION_CONTEXT('2D SPACE',''
  ) );
#5735 = PCURVE('',#5388,#5736);
#5736 = DEFINITIONAL_REPRESENTATION('',(#5737),#5741);
#5737 = B_SPLINE_CURVE_WITH_KNOTS('',2,(#5738,#5739,#5740),
  .UNSPECIFIED.,.F.,.F.,(3,3),(39.,104.),.PIECEWISE_BEZIER_KNOTS.);
#5738 = CARTESIAN_POINT('',(1.570796326795,39.));
#5739 = CARTESIAN_POINT('',(1.570796326795,71.5));
#5740 = CARTESIAN_POINT('',(1.570796326795,104.));
#5741 = ( GEOMETRIC_REPRESENTATION_CONTEXT(2) 
PARAMETRIC_REPRESENTATION_CONTEXT() REPRESENTATION_CONTEXT('2D SPACE',''
  ) );
#5742 = ORIENTED_EDGE('',*,*,#5433,.T.);
#5743 = ORIENTED_EDGE('',*,*,#5485,.T.);
#5744 = ORIENTED_EDGE('',*,*,#5745,.F.);
#5745 = EDGE_CURVE('',#5746,#5486,#5748,.T.);
#5746 = VERTEX_POINT('',#5747);
#5747 = CARTESIAN_POINT('',(-90.5,57.,82.));
#5748 = SURFACE_CURVE('',#5749,(#5753,#5760),.PCURVE_S1.);
#5749 = LINE('',#5750,#5751);
#5750 = CARTESIAN_POINT('',(-90.5,57.,82.));
#5751 = VECTOR('',#5752,1.);
#5752 = DIRECTION('',(1.,0.,0.));
#5753 = PCURVE('',#5447,#5754);
#5754 = DEFINITIONAL_REPRESENTATION('',(#5755),#5759);
#5755 = LINE('',#5756,#5757);
#5756 = CARTESIAN_POINT('',(-90.5,57.));
#5757 = VECTOR('',#5758,1.);
#5758 = DIRECTION('',(1.,0.));
#5759 = ( GEOMETRIC_REPRESENTATION_CONTEXT(2) 
PARAMETRIC_REPRESENTATION_CONTEXT() REPRESENTATION_CONTEXT('2D SPACE',''
  ) );
#5760 = PCURVE('',#3513,#5761);
#5761 = DEFINITIONAL_REPRESENTATION('',(#5762),#5766);
#5762 = LINE('',#5763,#5764);
#5763 = CARTESIAN_POINT('',(-1.570796326795,181.));
#5764 = VECTOR('',#5765,1.);
#5765 = DIRECTION('',(-0.,-1.));
#5766 = ( GEOMETRIC_REPRESENTATION_CONTEXT(2) 
PARAMETRIC_REPRESENTATION_CONTEXT() REPRESENTATION_CONTEXT('2D SPACE',''
  ) );
#5767 = ORIENTED_EDGE('',*,*,#5768,.T.);
#5768 = EDGE_CURVE('',#5746,#5769,#5771,.T.);
#5769 = VERTEX_POINT('',#5770);
#5770 = CARTESIAN_POINT('',(-90.72969543147,57.,82.));
#5771 = SURFACE_CURVE('',#5772,(#5775,#5781),.PCURVE_S1.);
#5772 = B_SPLINE_CURVE_WITH_KNOTS('',1,(#5773,#5774),.UNSPECIFIED.,.F.,
  .F.,(2,2),(0.,181.),.PIECEWISE_BEZIER_KNOTS.);
#5773 = CARTESIAN_POINT('',(90.729695431472,57.,82.));
#5774 = CARTESIAN_POINT('',(-90.72969543147,57.,82.));
#5775 = PCURVE('',#5447,#5776);
#5776 = DEFINITIONAL_REPRESENTATION('',(#5777),#5780);
#5777 = B_SPLINE_CURVE_WITH_KNOTS('',1,(#5778,#5779),.UNSPECIFIED.,.F.,
  .F.,(2,2),(0.,181.),.PIECEWISE_BEZIER_KNOTS.);
#5778 = CARTESIAN_POINT('',(90.729695431472,57.));
#5779 = CARTESIAN_POINT('',(-90.72969543147,57.));
#5780 = ( GEOMETRIC_REPRESENTATION_CONTEXT(2) 
PARAMETRIC_REPRESENTATION_CONTEXT() REPRESENTATION_CONTEXT('2D SPACE',''
  ) );
#5781 = PCURVE('',#5782,#5789);
#5782 = ( BOUNDED_SURFACE() B_SPLINE_SURFACE(2,1,(
    (#5783,#5784)
    ,(#5785,#5786)
    ,(#5787,#5788
)),.UNSPECIFIED.,.F.,.F.,.F.) B_SPLINE_SURFACE_WITH_KNOTS((3,3),(2,2),(
    0.16744807922,1.570796326795),(0.,181.),.PIECEWISE_BEZIER_KNOTS.) 
GEOMETRIC_REPRESENTATION_ITEM() RATIONAL_B_SPLINE_SURFACE((
    (1.,1.)
    ,(0.763762615826,0.763762615826)
,(1.,1.))) REPRESENTATION_ITEM('') SURFACE() );
#5783 = CARTESIAN_POINT('',(90.729695431472,59.95803989155,79.5));
#5784 = CARTESIAN_POINT('',(-90.72969543147,59.95803989155,79.5));
#5785 = CARTESIAN_POINT('',(90.729695431472,59.535462764186,82.));
#5786 = CARTESIAN_POINT('',(-90.72969543147,59.535462764186,82.));
#5787 = CARTESIAN_POINT('',(90.729695431472,57.,82.));
#5788 = CARTESIAN_POINT('',(-90.72969543147,57.,82.));
#5789 = DEFINITIONAL_REPRESENTATION('',(#5790),#5794);
#5790 = B_SPLINE_CURVE_WITH_KNOTS('',2,(#5791,#5792,#5793),
  .UNSPECIFIED.,.F.,.F.,(3,3),(0.,181.),.PIECEWISE_BEZIER_KNOTS.);
#5791 = CARTESIAN_POINT('',(1.570796326795,0.));
#5792 = CARTESIAN_POINT('',(1.570796326795,90.5));
#5793 = CARTESIAN_POINT('',(1.570796326795,181.));
#5794 = ( GEOMETRIC_REPRESENTATION_CONTEXT(2) 
PARAMETRIC_REPRESENTATION_CONTEXT() REPRESENTATION_CONTEXT('2D SPACE',''
  ) );
#5795 = ORIENTED_EDGE('',*,*,#5796,.T.);
#5796 = EDGE_CURVE('',#5769,#5797,#5799,.T.);
#5797 = VERTEX_POINT('',#5798);
#5798 = CARTESIAN_POINT('',(-95.7423857868,52.,82.));
#5799 = SURFACE_CURVE('',#5800,(#5804,#5811),.PCURVE_S1.);
#5800 = ( BOUNDED_CURVE() B_SPLINE_CURVE(2,(#5801,#5802,#5803),
.UNSPECIFIED.,.F.,.F.) B_SPLINE_CURVE_WITH_KNOTS((3,3),(0.,
1.570796326795),.PIECEWISE_BEZIER_KNOTS.) CURVE() 
GEOMETRIC_REPRESENTATION_ITEM() RATIONAL_B_SPLINE_CURVE((1.,
0.707106781187,1.)) REPRESENTATION_ITEM('') );
#5801 = CARTESIAN_POINT('',(-90.72969543147,57.,82.));
#5802 = CARTESIAN_POINT('',(-95.7423857868,57.,82.));
#5803 = CARTESIAN_POINT('',(-95.7423857868,52.,82.));
#5804 = PCURVE('',#5447,#5805);
#5805 = DEFINITIONAL_REPRESENTATION('',(#5806),#5810);
#5806 = ( BOUNDED_CURVE() B_SPLINE_CURVE(2,(#5807,#5808,#5809),
.UNSPECIFIED.,.F.,.F.) B_SPLINE_CURVE_WITH_KNOTS((3,3),(0.,
1.570796326795),.PIECEWISE_BEZIER_KNOTS.) CURVE() 
GEOMETRIC_REPRESENTATION_ITEM() RATIONAL_B_SPLINE_CURVE((1.,
0.707106781187,1.)) REPRESENTATION_ITEM('') );
#5807 = CARTESIAN_POINT('',(-90.72969543147,57.));
#5808 = CARTESIAN_POINT('',(-95.7423857868,57.));
#5809 = CARTESIAN_POINT('',(-95.7423857868,52.));
#5810 = ( GEOMETRIC_REPRESENTATION_CONTEXT(2) 
PARAMETRIC_REPRESENTATION_CONTEXT() REPRESENTATION_CONTEXT('2D SPACE',''
  ) );
#5811 = PCURVE('',#5812,#5822);
#5812 = ( BOUNDED_SURFACE() B_SPLINE_SURFACE(2,2,(
    (#5813,#5814,#5815)
    ,(#5816,#5817,#5818)
    ,(#5819,#5820,#5821
)),.UNSPECIFIED.,.F.,.F.,.F.) B_SPLINE_SURFACE_WITH_KNOTS((3,3),(3,3),(
    0.,1.570796326795),(0.16744807922,1.570796326795),
.PIECEWISE_BEZIER_KNOTS.) GEOMETRIC_REPRESENTATION_ITEM() 
RATIONAL_B_SPLINE_SURFACE((
    (1.,0.763762615826,1.)
    ,(0.707106781187,0.540061724867,0.707106781187)
,(1.,0.763762615826,1.))) REPRESENTATION_ITEM('') SURFACE() );
#5813 = CARTESIAN_POINT('',(-90.72969543147,59.95803989155,79.5));
#5814 = CARTESIAN_POINT('',(-90.72969543147,59.535462764186,82.));
#5815 = CARTESIAN_POINT('',(-90.72969543147,57.,82.));
#5816 = CARTESIAN_POINT('',(-98.70793339381,59.95803989155,79.5));
#5817 = CARTESIAN_POINT('',(-98.28428373566,59.535462764186,82.));
#5818 = CARTESIAN_POINT('',(-95.7423857868,57.,82.));
#5819 = CARTESIAN_POINT('',(-98.70793339381,52.,79.5));
#5820 = CARTESIAN_POINT('',(-98.28428373566,52.,82.));
#5821 = CARTESIAN_POINT('',(-95.7423857868,52.,82.));
#5822 = DEFINITIONAL_REPRESENTATION('',(#5823),#5827);
#5823 = B_SPLINE_CURVE_WITH_KNOTS('',2,(#5824,#5825,#5826),
  .UNSPECIFIED.,.F.,.F.,(3,3),(0.,1.570796326795),
  .PIECEWISE_BEZIER_KNOTS.);
#5824 = CARTESIAN_POINT('',(2.646948825631E-30,1.570796326795));
#5825 = CARTESIAN_POINT('',(0.785398163397,1.570796326795));
#5826 = CARTESIAN_POINT('',(1.570796326795,1.570796326795));
#5827 = ( GEOMETRIC_REPRESENTATION_CONTEXT(2) 
PARAMETRIC_REPRESENTATION_CONTEXT() REPRESENTATION_CONTEXT('2D SPACE',''
  ) );
#5828 = ORIENTED_EDGE('',*,*,#5829,.T.);
#5829 = EDGE_CURVE('',#5797,#5536,#5830,.T.);
#5830 = SURFACE_CURVE('',#5831,(#5834,#5840),.PCURVE_S1.);
#5831 = B_SPLINE_CURVE_WITH_KNOTS('',1,(#5832,#5833),.UNSPECIFIED.,.F.,
  .F.,(2,2),(0.,65.),.PIECEWISE_BEZIER_KNOTS.);
#5832 = CARTESIAN_POINT('',(-95.7423857868,52.,82.));
#5833 = CARTESIAN_POINT('',(-95.7423857868,-13.,82.));
#5834 = PCURVE('',#5447,#5835);
#5835 = DEFINITIONAL_REPRESENTATION('',(#5836),#5839);
#5836 = B_SPLINE_CURVE_WITH_KNOTS('',1,(#5837,#5838),.UNSPECIFIED.,.F.,
  .F.,(2,2),(0.,65.),.PIECEWISE_BEZIER_KNOTS.);
#5837 = CARTESIAN_POINT('',(-95.7423857868,52.));
#5838 = CARTESIAN_POINT('',(-95.7423857868,-13.));
#5839 = ( GEOMETRIC_REPRESENTATION_CONTEXT(2) 
PARAMETRIC_REPRESENTATION_CONTEXT() REPRESENTATION_CONTEXT('2D SPACE',''
  ) );
#5840 = PCURVE('',#5841,#5848);
#5841 = ( BOUNDED_SURFACE() B_SPLINE_SURFACE(2,1,(
    (#5842,#5843)
    ,(#5844,#5845)
    ,(#5846,#5847
)),.UNSPECIFIED.,.F.,.F.,.F.) B_SPLINE_SURFACE_WITH_KNOTS((3,3),(2,2),(
    0.16744807922,1.570796326795),(0.,65.),.PIECEWISE_BEZIER_KNOTS.) 
GEOMETRIC_REPRESENTATION_ITEM() RATIONAL_B_SPLINE_SURFACE((
    (1.,1.)
    ,(0.763762615826,0.763762615826)
,(1.,1.))) REPRESENTATION_ITEM('') SURFACE() );
#5842 = CARTESIAN_POINT('',(-98.70793339381,52.,79.5));
#5843 = CARTESIAN_POINT('',(-98.70793339381,-13.,79.5));
#5844 = CARTESIAN_POINT('',(-98.28428373566,52.,82.));
#5845 = CARTESIAN_POINT('',(-98.28428373566,-13.,82.));
#5846 = CARTESIAN_POINT('',(-95.7423857868,52.,82.));
#5847 = CARTESIAN_POINT('',(-95.7423857868,-13.,82.));
#5848 = DEFINITIONAL_REPRESENTATION('',(#5849),#5853);
#5849 = B_SPLINE_CURVE_WITH_KNOTS('',2,(#5850,#5851,#5852),
  .UNSPECIFIED.,.F.,.F.,(3,3),(0.,65.),.PIECEWISE_BEZIER_KNOTS.);
#5850 = CARTESIAN_POINT('',(1.570796326795,4.318079809732E-29));
#5851 = CARTESIAN_POINT('',(1.570796326795,32.5));
#5852 = CARTESIAN_POINT('',(1.570796326795,65.));
#5853 = ( GEOMETRIC_REPRESENTATION_CONTEXT(2) 
PARAMETRIC_REPRESENTATION_CONTEXT() REPRESENTATION_CONTEXT('2D SPACE',''
  ) );
#5854 = FACE_BOUND('',#5855,.T.);
#5855 = EDGE_LOOP('',(#5856,#5887,#5914,#5947,#5974,#6007,#6029,#6058,
    #6086,#6115,#6142,#6171));
#5856 = ORIENTED_EDGE('',*,*,#5857,.F.);
#5857 = EDGE_CURVE('',#5858,#5860,#5862,.T.);
#5858 = VERTEX_POINT('',#5859);
#5859 = CARTESIAN_POINT('',(75.25,-38.5,82.));
#5860 = VERTEX_POINT('',#5861);
#5861 = CARTESIAN_POINT('',(80.25,-33.5,82.));
#5862 = SURFACE_CURVE('',#5863,(#5868,#5875),.PCURVE_S1.);
#5863 = CIRCLE('',#5864,5.);
#5864 = AXIS2_PLACEMENT_3D('',#5865,#5866,#5867);
#5865 = CARTESIAN_POINT('',(75.25,-33.5,82.));
#5866 = DIRECTION('',(0.,-0.,1.));
#5867 = DIRECTION('',(1.,0.,0.));
#5868 = PCURVE('',#5447,#5869);
#5869 = DEFINITIONAL_REPRESENTATION('',(#5870),#5874);
#5870 = CIRCLE('',#5871,5.);
#5871 = AXIS2_PLACEMENT_2D('',#5872,#5873);
#5872 = CARTESIAN_POINT('',(75.25,-33.5));
#5873 = DIRECTION('',(1.,0.));
#5874 = ( GEOMETRIC_REPRESENTATION_CONTEXT(2) 
PARAMETRIC_REPRESENTATION_CONTEXT() REPRESENTATION_CONTEXT('2D SPACE',''
  ) );
#5875 = PCURVE('',#5876,#5881);
#5876 = TOROIDAL_SURFACE('',#5877,4.75,0.25);
#5877 = AXIS2_PLACEMENT_3D('',#5878,#5879,#5880);
#5878 = CARTESIAN_POINT('',(75.25,-33.5,82.));
#5879 = DIRECTION('',(0.,-0.,1.));
#5880 = DIRECTION('',(1.,0.,0.));
#5881 = DEFINITIONAL_REPRESENTATION('',(#5882),#5886);
#5882 = LINE('',#5883,#5884);
#5883 = CARTESIAN_POINT('',(0.,6.28318530718));
#5884 = VECTOR('',#5885,1.);
#5885 = DIRECTION('',(1.,0.));
#5886 = ( GEOMETRIC_REPRESENTATION_CONTEXT(2) 
PARAMETRIC_REPRESENTATION_CONTEXT() REPRESENTATION_CONTEXT('2D SPACE',''
  ) );
#5887 = ORIENTED_EDGE('',*,*,#5888,.F.);
#5888 = EDGE_CURVE('',#5889,#5858,#5891,.T.);
#5889 = VERTEX_POINT('',#5890);
#5890 = CARTESIAN_POINT('',(56.75,-38.5,82.));
#5891 = SURFACE_CURVE('',#5892,(#5896,#5903),.PCURVE_S1.);
#5892 = LINE('',#5893,#5894);
#5893 = CARTESIAN_POINT('',(25.5,-38.5,82.));
#5894 = VECTOR('',#5895,1.);
#5895 = DIRECTION('',(1.,0.,0.));
#5896 = PCURVE('',#5447,#5897);
#5897 = DEFINITIONAL_REPRESENTATION('',(#5898),#5902);
#5898 = LINE('',#5899,#5900);
#5899 = CARTESIAN_POINT('',(25.5,-38.5));
#5900 = VECTOR('',#5901,1.);
#5901 = DIRECTION('',(1.,0.));
#5902 = ( GEOMETRIC_REPRESENTATION_CONTEXT(2) 
PARAMETRIC_REPRESENTATION_CONTEXT() REPRESENTATION_CONTEXT('2D SPACE',''
  ) );
#5903 = PCURVE('',#5904,#5909);
#5904 = CYLINDRICAL_SURFACE('',#5905,0.25);
#5905 = AXIS2_PLACEMENT_3D('',#5906,#5907,#5908);
#5906 = CARTESIAN_POINT('',(25.5,-38.25,82.));
#5907 = DIRECTION('',(1.,0.,0.));
#5908 = DIRECTION('',(0.,0.,1.));
#5909 = DEFINITIONAL_REPRESENTATION('',(#5910),#5913);
#5910 = B_SPLINE_CURVE_WITH_KNOTS('',1,(#5911,#5912),.UNSPECIFIED.,.F.,
  .F.,(2,2),(4.75,49.75),.PIECEWISE_BEZIER_KNOTS.);
#5911 = CARTESIAN_POINT('',(1.570796326795,4.75));
#5912 = CARTESIAN_POINT('',(1.570796326795,49.75));
#5913 = ( GEOMETRIC_REPRESENTATION_CONTEXT(2) 
PARAMETRIC_REPRESENTATION_CONTEXT() REPRESENTATION_CONTEXT('2D SPACE',''
  ) );
#5914 = ORIENTED_EDGE('',*,*,#5915,.T.);
#5915 = EDGE_CURVE('',#5889,#5916,#5918,.T.);
#5916 = VERTEX_POINT('',#5917);
#5917 = CARTESIAN_POINT('',(56.75,-40.5,82.));
#5918 = SURFACE_CURVE('',#5919,(#5924,#5935),.PCURVE_S1.);
#5919 = CIRCLE('',#5920,1.);
#5920 = AXIS2_PLACEMENT_3D('',#5921,#5922,#5923);
#5921 = CARTESIAN_POINT('',(56.75,-39.5,82.));
#5922 = DIRECTION('',(0.,0.,-1.));
#5923 = DIRECTION('',(0.,1.,0.));
#5924 = PCURVE('',#5447,#5925);
#5925 = DEFINITIONAL_REPRESENTATION('',(#5926),#5934);
#5926 = ( BOUNDED_CURVE() B_SPLINE_CURVE(2,(#5927,#5928,#5929,#5930,
#5931,#5932,#5933),.UNSPECIFIED.,.T.,.F.) B_SPLINE_CURVE_WITH_KNOTS((1,2
    ,2,2,2,1),(-2.094395102393,0.,2.094395102393,4.188790204786,
6.28318530718,8.377580409573),.UNSPECIFIED.) CURVE() 
GEOMETRIC_REPRESENTATION_ITEM() RATIONAL_B_SPLINE_CURVE((1.,0.5,1.,0.5,
1.,0.5,1.)) REPRESENTATION_ITEM('') );
#5927 = CARTESIAN_POINT('',(56.75,-38.5));
#5928 = CARTESIAN_POINT('',(58.482050807569,-38.5));
#5929 = CARTESIAN_POINT('',(57.616025403784,-40.));
#5930 = CARTESIAN_POINT('',(56.75,-41.5));
#5931 = CARTESIAN_POINT('',(55.883974596216,-40.));
#5932 = CARTESIAN_POINT('',(55.017949192431,-38.5));
#5933 = CARTESIAN_POINT('',(56.75,-38.5));
#5934 = ( GEOMETRIC_REPRESENTATION_CONTEXT(2) 
PARAMETRIC_REPRESENTATION_CONTEXT() REPRESENTATION_CONTEXT('2D SPACE',''
  ) );
#5935 = PCURVE('',#5936,#5941);
#5936 = CYLINDRICAL_SURFACE('',#5937,1.);
#5937 = AXIS2_PLACEMENT_3D('',#5938,#5939,#5940);
#5938 = CARTESIAN_POINT('',(56.75,-39.5,79.));
#5939 = DIRECTION('',(0.,0.,-1.));
#5940 = DIRECTION('',(0.,1.,0.));
#5941 = DEFINITIONAL_REPRESENTATION('',(#5942),#5946);
#5942 = LINE('',#5943,#5944);
#5943 = CARTESIAN_POINT('',(0.,-3.));
#5944 = VECTOR('',#5945,1.);
#5945 = DIRECTION('',(1.,0.));
#5946 = ( GEOMETRIC_REPRESENTATION_CONTEXT(2) 
PARAMETRIC_REPRESENTATION_CONTEXT() REPRESENTATION_CONTEXT('2D SPACE',''
  ) );
#5947 = ORIENTED_EDGE('',*,*,#5948,.F.);
#5948 = EDGE_CURVE('',#5949,#5916,#5951,.T.);
#5949 = VERTEX_POINT('',#5950);
#5950 = CARTESIAN_POINT('',(50.75,-40.5,82.));
#5951 = SURFACE_CURVE('',#5952,(#5956,#5963),.PCURVE_S1.);
#5952 = LINE('',#5953,#5954);
#5953 = CARTESIAN_POINT('',(28.375,-40.5,82.));
#5954 = VECTOR('',#5955,1.);
#5955 = DIRECTION('',(1.,0.,-0.));
#5956 = PCURVE('',#5447,#5957);
#5957 = DEFINITIONAL_REPRESENTATION('',(#5958),#5962);
#5958 = LINE('',#5959,#5960);
#5959 = CARTESIAN_POINT('',(28.375,-40.5));
#5960 = VECTOR('',#5961,1.);
#5961 = DIRECTION('',(1.,0.));
#5962 = ( GEOMETRIC_REPRESENTATION_CONTEXT(2) 
PARAMETRIC_REPRESENTATION_CONTEXT() REPRESENTATION_CONTEXT('2D SPACE',''
  ) );
#5963 = PCURVE('',#5964,#5969);
#5964 = PLANE('',#5965);
#5965 = AXIS2_PLACEMENT_3D('',#5966,#5967,#5968);
#5966 = CARTESIAN_POINT('',(56.75,-40.5,79.));
#5967 = DIRECTION('',(0.,-1.,0.));
#5968 = DIRECTION('',(-1.,0.,0.));
#5969 = DEFINITIONAL_REPRESENTATION('',(#5970),#5973);
#5970 = B_SPLINE_CURVE_WITH_KNOTS('',1,(#5971,#5972),.UNSPECIFIED.,.F.,
  .F.,(2,2),(22.375,28.375),.PIECEWISE_BEZIER_KNOTS.);
#5971 = CARTESIAN_POINT('',(6.,-3.));
#5972 = CARTESIAN_POINT('',(0.,-3.));
#5973 = ( GEOMETRIC_REPRESENTATION_CONTEXT(2) 
PARAMETRIC_REPRESENTATION_CONTEXT() REPRESENTATION_CONTEXT('2D SPACE',''
  ) );
#5974 = ORIENTED_EDGE('',*,*,#5975,.T.);
#5975 = EDGE_CURVE('',#5949,#5976,#5978,.T.);
#5976 = VERTEX_POINT('',#5977);
#5977 = CARTESIAN_POINT('',(50.75,-38.5,82.));
#5978 = SURFACE_CURVE('',#5979,(#5984,#5995),.PCURVE_S1.);
#5979 = CIRCLE('',#5980,1.);
#5980 = AXIS2_PLACEMENT_3D('',#5981,#5982,#5983);
#5981 = CARTESIAN_POINT('',(50.75,-39.5,82.));
#5982 = DIRECTION('',(0.,-0.,-1.));
#5983 = DIRECTION('',(0.,-1.,0.));
#5984 = PCURVE('',#5447,#5985);
#5985 = DEFINITIONAL_REPRESENTATION('',(#5986),#5994);
#5986 = ( BOUNDED_CURVE() B_SPLINE_CURVE(2,(#5987,#5988,#5989,#5990,
#5991,#5992,#5993),.UNSPECIFIED.,.T.,.F.) B_SPLINE_CURVE_WITH_KNOTS((1,2
    ,2,2,2,1),(-2.094395102393,0.,2.094395102393,4.188790204786,
6.28318530718,8.377580409573),.UNSPECIFIED.) CURVE() 
GEOMETRIC_REPRESENTATION_ITEM() RATIONAL_B_SPLINE_CURVE((1.,0.5,1.,0.5,
1.,0.5,1.)) REPRESENTATION_ITEM('') );
#5987 = CARTESIAN_POINT('',(50.75,-40.5));
#5988 = CARTESIAN_POINT('',(49.017949192431,-40.5));
#5989 = CARTESIAN_POINT('',(49.883974596216,-39.));
#5990 = CARTESIAN_POINT('',(50.75,-37.5));
#5991 = CARTESIAN_POINT('',(51.616025403784,-39.));
#5992 = CARTESIAN_POINT('',(52.482050807569,-40.5));
#5993 = CARTESIAN_POINT('',(50.75,-40.5));
#5994 = ( GEOMETRIC_REPRESENTATION_CONTEXT(2) 
PARAMETRIC_REPRESENTATION_CONTEXT() REPRESENTATION_CONTEXT('2D SPACE',''
  ) );
#5995 = PCURVE('',#5996,#6001);
#5996 = CYLINDRICAL_SURFACE('',#5997,1.);
#5997 = AXIS2_PLACEMENT_3D('',#5998,#5999,#6000);
#5998 = CARTESIAN_POINT('',(50.75,-39.5,79.));
#5999 = DIRECTION('',(0.,-0.,-1.));
#6000 = DIRECTION('',(0.,-1.,0.));
#6001 = DEFINITIONAL_REPRESENTATION('',(#6002),#6006);
#6002 = LINE('',#6003,#6004);
#6003 = CARTESIAN_POINT('',(0.,-3.));
#6004 = VECTOR('',#6005,1.);
#6005 = DIRECTION('',(1.,0.));
#6006 = ( GEOMETRIC_REPRESENTATION_CONTEXT(2) 
PARAMETRIC_REPRESENTATION_CONTEXT() REPRESENTATION_CONTEXT('2D SPACE',''
  ) );
#6007 = ORIENTED_EDGE('',*,*,#6008,.F.);
#6008 = EDGE_CURVE('',#6009,#5976,#6011,.T.);
#6009 = VERTEX_POINT('',#6010);
#6010 = CARTESIAN_POINT('',(30.25,-38.5,82.));
#6011 = SURFACE_CURVE('',#6012,(#6016,#6023),.PCURVE_S1.);
#6012 = LINE('',#6013,#6014);
#6013 = CARTESIAN_POINT('',(25.5,-38.5,82.));
#6014 = VECTOR('',#6015,1.);
#6015 = DIRECTION('',(1.,0.,0.));
#6016 = PCURVE('',#5447,#6017);
#6017 = DEFINITIONAL_REPRESENTATION('',(#6018),#6022);
#6018 = LINE('',#6019,#6020);
#6019 = CARTESIAN_POINT('',(25.5,-38.5));
#6020 = VECTOR('',#6021,1.);
#6021 = DIRECTION('',(1.,0.));
#6022 = ( GEOMETRIC_REPRESENTATION_CONTEXT(2) 
PARAMETRIC_REPRESENTATION_CONTEXT() REPRESENTATION_CONTEXT('2D SPACE',''
  ) );
#6023 = PCURVE('',#5904,#6024);
#6024 = DEFINITIONAL_REPRESENTATION('',(#6025),#6028);
#6025 = B_SPLINE_CURVE_WITH_KNOTS('',1,(#6026,#6027),.UNSPECIFIED.,.F.,
  .F.,(2,2),(4.75,49.75),.PIECEWISE_BEZIER_KNOTS.);
#6026 = CARTESIAN_POINT('',(1.570796326795,4.75));
#6027 = CARTESIAN_POINT('',(1.570796326795,49.75));
#6028 = ( GEOMETRIC_REPRESENTATION_CONTEXT(2) 
PARAMETRIC_REPRESENTATION_CONTEXT() REPRESENTATION_CONTEXT('2D SPACE',''
  ) );
#6029 = ORIENTED_EDGE('',*,*,#6030,.F.);
#6030 = EDGE_CURVE('',#6031,#6009,#6033,.T.);
#6031 = VERTEX_POINT('',#6032);
#6032 = CARTESIAN_POINT('',(25.25,-33.5,82.));
#6033 = SURFACE_CURVE('',#6034,(#6039,#6046),.PCURVE_S1.);
#6034 = CIRCLE('',#6035,5.);
#6035 = AXIS2_PLACEMENT_3D('',#6036,#6037,#6038);
#6036 = CARTESIAN_POINT('',(30.25,-33.5,82.));
#6037 = DIRECTION('',(0.,-0.,1.));
#6038 = DIRECTION('',(1.,0.,0.));
#6039 = PCURVE('',#5447,#6040);
#6040 = DEFINITIONAL_REPRESENTATION('',(#6041),#6045);
#6041 = CIRCLE('',#6042,5.);
#6042 = AXIS2_PLACEMENT_2D('',#6043,#6044);
#6043 = CARTESIAN_POINT('',(30.25,-33.5));
#6044 = DIRECTION('',(1.,0.));
#6045 = ( GEOMETRIC_REPRESENTATION_CONTEXT(2) 
PARAMETRIC_REPRESENTATION_CONTEXT() REPRESENTATION_CONTEXT('2D SPACE',''
  ) );
#6046 = PCURVE('',#6047,#6052);
#6047 = TOROIDAL_SURFACE('',#6048,4.75,0.25);
#6048 = AXIS2_PLACEMENT_3D('',#6049,#6050,#6051);
#6049 = CARTESIAN_POINT('',(30.25,-33.5,82.));
#6050 = DIRECTION('',(0.,-0.,1.));
#6051 = DIRECTION('',(1.,0.,0.));
#6052 = DEFINITIONAL_REPRESENTATION('',(#6053),#6057);
#6053 = LINE('',#6054,#6055);
#6054 = CARTESIAN_POINT('',(0.,6.28318530718));
#6055 = VECTOR('',#6056,1.);
#6056 = DIRECTION('',(1.,0.));
#6057 = ( GEOMETRIC_REPRESENTATION_CONTEXT(2) 
PARAMETRIC_REPRESENTATION_CONTEXT() REPRESENTATION_CONTEXT('2D SPACE',''
  ) );
#6058 = ORIENTED_EDGE('',*,*,#6059,.T.);
#6059 = EDGE_CURVE('',#6031,#6060,#6062,.T.);
#6060 = VERTEX_POINT('',#6061);
#6061 = CARTESIAN_POINT('',(25.25,27.,82.));
#6062 = SURFACE_CURVE('',#6063,(#6067,#6074),.PCURVE_S1.);
#6063 = LINE('',#6064,#6065);
#6064 = CARTESIAN_POINT('',(25.25,-33.5,82.));
#6065 = VECTOR('',#6066,1.);
#6066 = DIRECTION('',(0.,1.,0.));
#6067 = PCURVE('',#5447,#6068);
#6068 = DEFINITIONAL_REPRESENTATION('',(#6069),#6073);
#6069 = LINE('',#6070,#6071);
#6070 = CARTESIAN_POINT('',(25.25,-33.5));
#6071 = VECTOR('',#6072,1.);
#6072 = DIRECTION('',(0.,1.));
#6073 = ( GEOMETRIC_REPRESENTATION_CONTEXT(2) 
PARAMETRIC_REPRESENTATION_CONTEXT() REPRESENTATION_CONTEXT('2D SPACE',''
  ) );
#6074 = PCURVE('',#6075,#6080);
#6075 = CYLINDRICAL_SURFACE('',#6076,0.25);
#6076 = AXIS2_PLACEMENT_3D('',#6077,#6078,#6079);
#6077 = CARTESIAN_POINT('',(25.5,31.75,82.));
#6078 = DIRECTION('',(0.,-1.,0.));
#6079 = DIRECTION('',(0.,0.,1.));
#6080 = DEFINITIONAL_REPRESENTATION('',(#6081),#6085);
#6081 = LINE('',#6082,#6083);
#6082 = CARTESIAN_POINT('',(1.570796326795,65.25));
#6083 = VECTOR('',#6084,1.);
#6084 = DIRECTION('',(-0.,-1.));
#6085 = ( GEOMETRIC_REPRESENTATION_CONTEXT(2) 
PARAMETRIC_REPRESENTATION_CONTEXT() REPRESENTATION_CONTEXT('2D SPACE',''
  ) );
#6086 = ORIENTED_EDGE('',*,*,#6087,.F.);
#6087 = EDGE_CURVE('',#6088,#6060,#6090,.T.);
#6088 = VERTEX_POINT('',#6089);
#6089 = CARTESIAN_POINT('',(30.25,32.,82.));
#6090 = SURFACE_CURVE('',#6091,(#6096,#6103),.PCURVE_S1.);
#6091 = CIRCLE('',#6092,5.);
#6092 = AXIS2_PLACEMENT_3D('',#6093,#6094,#6095);
#6093 = CARTESIAN_POINT('',(30.25,27.,82.));
#6094 = DIRECTION('',(0.,-0.,1.));
#6095 = DIRECTION('',(1.,0.,0.));
#6096 = PCURVE('',#5447,#6097);
#6097 = DEFINITIONAL_REPRESENTATION('',(#6098),#6102);
#6098 = CIRCLE('',#6099,5.);
#6099 = AXIS2_PLACEMENT_2D('',#6100,#6101);
#6100 = CARTESIAN_POINT('',(30.25,27.));
#6101 = DIRECTION('',(1.,0.));
#6102 = ( GEOMETRIC_REPRESENTATION_CONTEXT(2) 
PARAMETRIC_REPRESENTATION_CONTEXT() REPRESENTATION_CONTEXT('2D SPACE',''
  ) );
#6103 = PCURVE('',#6104,#6109);
#6104 = TOROIDAL_SURFACE('',#6105,4.75,0.25);
#6105 = AXIS2_PLACEMENT_3D('',#6106,#6107,#6108);
#6106 = CARTESIAN_POINT('',(30.25,27.,82.));
#6107 = DIRECTION('',(0.,-0.,1.));
#6108 = DIRECTION('',(1.,0.,0.));
#6109 = DEFINITIONAL_REPRESENTATION('',(#6110),#6114);
#6110 = LINE('',#6111,#6112);
#6111 = CARTESIAN_POINT('',(0.,6.28318530718));
#6112 = VECTOR('',#6113,1.);
#6113 = DIRECTION('',(1.,0.));
#6114 = ( GEOMETRIC_REPRESENTATION_CONTEXT(2) 
PARAMETRIC_REPRESENTATION_CONTEXT() REPRESENTATION_CONTEXT('2D SPACE',''
  ) );
#6115 = ORIENTED_EDGE('',*,*,#6116,.F.);
#6116 = EDGE_CURVE('',#6117,#6088,#6119,.T.);
#6117 = VERTEX_POINT('',#6118);
#6118 = CARTESIAN_POINT('',(75.25,32.,82.));
#6119 = SURFACE_CURVE('',#6120,(#6124,#6131),.PCURVE_S1.);
#6120 = LINE('',#6121,#6122);
#6121 = CARTESIAN_POINT('',(80.,32.,82.));
#6122 = VECTOR('',#6123,1.);
#6123 = DIRECTION('',(-1.,0.,0.));
#6124 = PCURVE('',#5447,#6125);
#6125 = DEFINITIONAL_REPRESENTATION('',(#6126),#6130);
#6126 = LINE('',#6127,#6128);
#6127 = CARTESIAN_POINT('',(80.,32.));
#6128 = VECTOR('',#6129,1.);
#6129 = DIRECTION('',(-1.,0.));
#6130 = ( GEOMETRIC_REPRESENTATION_CONTEXT(2) 
PARAMETRIC_REPRESENTATION_CONTEXT() REPRESENTATION_CONTEXT('2D SPACE',''
  ) );
#6131 = PCURVE('',#6132,#6137);
#6132 = CYLINDRICAL_SURFACE('',#6133,0.25);
#6133 = AXIS2_PLACEMENT_3D('',#6134,#6135,#6136);
#6134 = CARTESIAN_POINT('',(80.,31.75,82.));
#6135 = DIRECTION('',(-1.,0.,0.));
#6136 = DIRECTION('',(0.,0.,1.));
#6137 = DEFINITIONAL_REPRESENTATION('',(#6138),#6141);
#6138 = B_SPLINE_CURVE_WITH_KNOTS('',1,(#6139,#6140),.UNSPECIFIED.,.F.,
  .F.,(2,2),(4.75,49.75),.PIECEWISE_BEZIER_KNOTS.);
#6139 = CARTESIAN_POINT('',(1.570796326795,4.75));
#6140 = CARTESIAN_POINT('',(1.570796326795,49.75));
#6141 = ( GEOMETRIC_REPRESENTATION_CONTEXT(2) 
PARAMETRIC_REPRESENTATION_CONTEXT() REPRESENTATION_CONTEXT('2D SPACE',''
  ) );
#6142 = ORIENTED_EDGE('',*,*,#6143,.F.);
#6143 = EDGE_CURVE('',#6144,#6117,#6146,.T.);
#6144 = VERTEX_POINT('',#6145);
#6145 = CARTESIAN_POINT('',(80.25,27.,82.));
#6146 = SURFACE_CURVE('',#6147,(#6152,#6159),.PCURVE_S1.);
#6147 = CIRCLE('',#6148,5.);
#6148 = AXIS2_PLACEMENT_3D('',#6149,#6150,#6151);
#6149 = CARTESIAN_POINT('',(75.25,27.,82.));
#6150 = DIRECTION('',(0.,-0.,1.));
#6151 = DIRECTION('',(1.,0.,0.));
#6152 = PCURVE('',#5447,#6153);
#6153 = DEFINITIONAL_REPRESENTATION('',(#6154),#6158);
#6154 = CIRCLE('',#6155,5.);
#6155 = AXIS2_PLACEMENT_2D('',#6156,#6157);
#6156 = CARTESIAN_POINT('',(75.25,27.));
#6157 = DIRECTION('',(1.,0.));
#6158 = ( GEOMETRIC_REPRESENTATION_CONTEXT(2) 
PARAMETRIC_REPRESENTATION_CONTEXT() REPRESENTATION_CONTEXT('2D SPACE',''
  ) );
#6159 = PCURVE('',#6160,#6165);
#6160 = TOROIDAL_SURFACE('',#6161,4.75,0.25);
#6161 = AXIS2_PLACEMENT_3D('',#6162,#6163,#6164);
#6162 = CARTESIAN_POINT('',(75.25,27.,82.));
#6163 = DIRECTION('',(0.,-0.,1.));
#6164 = DIRECTION('',(1.,0.,0.));
#6165 = DEFINITIONAL_REPRESENTATION('',(#6166),#6170);
#6166 = LINE('',#6167,#6168);
#6167 = CARTESIAN_POINT('',(0.,6.28318530718));
#6168 = VECTOR('',#6169,1.);
#6169 = DIRECTION('',(1.,0.));
#6170 = ( GEOMETRIC_REPRESENTATION_CONTEXT(2) 
PARAMETRIC_REPRESENTATION_CONTEXT() REPRESENTATION_CONTEXT('2D SPACE',''
  ) );
#6171 = ORIENTED_EDGE('',*,*,#6172,.T.);
#6172 = EDGE_CURVE('',#6144,#5860,#6173,.T.);
#6173 = SURFACE_CURVE('',#6174,(#6178,#6185),.PCURVE_S1.);
#6174 = LINE('',#6175,#6176);
#6175 = CARTESIAN_POINT('',(80.25,27.,82.));
#6176 = VECTOR('',#6177,1.);
#6177 = DIRECTION('',(0.,-1.,0.));
#6178 = PCURVE('',#5447,#6179);
#6179 = DEFINITIONAL_REPRESENTATION('',(#6180),#6184);
#6180 = LINE('',#6181,#6182);
#6181 = CARTESIAN_POINT('',(80.25,27.));
#6182 = VECTOR('',#6183,1.);
#6183 = DIRECTION('',(0.,-1.));
#6184 = ( GEOMETRIC_REPRESENTATION_CONTEXT(2) 
PARAMETRIC_REPRESENTATION_CONTEXT() REPRESENTATION_CONTEXT('2D SPACE',''
  ) );
#6185 = PCURVE('',#6186,#6191);
#6186 = CYLINDRICAL_SURFACE('',#6187,0.25);
#6187 = AXIS2_PLACEMENT_3D('',#6188,#6189,#6190);
#6188 = CARTESIAN_POINT('',(80.,-38.25,82.));
#6189 = DIRECTION('',(0.,1.,0.));
#6190 = DIRECTION('',(0.,-0.,1.));
#6191 = DEFINITIONAL_REPRESENTATION('',(#6192),#6196);
#6192 = LINE('',#6193,#6194);
#6193 = CARTESIAN_POINT('',(1.570796326795,65.25));
#6194 = VECTOR('',#6195,1.);
#6195 = DIRECTION('',(-0.,-1.));
#6196 = ( GEOMETRIC_REPRESENTATION_CONTEXT(2) 
PARAMETRIC_REPRESENTATION_CONTEXT() REPRESENTATION_CONTEXT('2D SPACE',''
  ) );
#6197 = FACE_BOUND('',#6198,.T.);
#6198 = EDGE_LOOP('',(#6199,#6234,#6267,#6300));
#6199 = ORIENTED_EDGE('',*,*,#6200,.T.);
#6200 = EDGE_CURVE('',#6201,#6203,#6205,.T.);
#6201 = VERTEX_POINT('',#6202);
#6202 = CARTESIAN_POINT('',(-40.00178412147,-43.39655172413,82.));
#6203 = VERTEX_POINT('',#6204);
#6204 = CARTESIAN_POINT('',(-45.99821587852,-43.39655172413,82.));
#6205 = SURFACE_CURVE('',#6206,(#6211,#6222),.PCURVE_S1.);
#6206 = CIRCLE('',#6207,3.);
#6207 = AXIS2_PLACEMENT_3D('',#6208,#6209,#6210);
#6208 = CARTESIAN_POINT('',(-43.,-43.5,82.));
#6209 = DIRECTION('',(0.,0.,-1.));
#6210 = DIRECTION('',(0.999405292841,3.448275862068E-02,0.));
#6211 = PCURVE('',#5447,#6212);
#6212 = DEFINITIONAL_REPRESENTATION('',(#6213),#6221);
#6213 = ( BOUNDED_CURVE() B_SPLINE_CURVE(2,(#6214,#6215,#6216,#6217,
#6218,#6219,#6220),.UNSPECIFIED.,.T.,.F.) B_SPLINE_CURVE_WITH_KNOTS((1,2
    ,2,2,2,1),(-2.094395102393,0.,2.094395102393,4.188790204786,
6.28318530718,8.377580409573),.UNSPECIFIED.) CURVE() 
GEOMETRIC_REPRESENTATION_ITEM() RATIONAL_B_SPLINE_CURVE((1.,0.5,1.,0.5,
1.,0.5,1.)) REPRESENTATION_ITEM('') );
#6214 = CARTESIAN_POINT('',(-40.00178412147,-43.39655172413));
#6215 = CARTESIAN_POINT('',(-39.82260645173,-48.58961395779));
#6216 = CARTESIAN_POINT('',(-44.40951910438,-46.14825525476));
#6217 = CARTESIAN_POINT('',(-48.99643175704,-43.70689655172));
#6218 = CARTESIAN_POINT('',(-44.58869677413,-40.9551930211));
#6219 = CARTESIAN_POINT('',(-40.18096179122,-38.20348949047));
#6220 = CARTESIAN_POINT('',(-40.00178412147,-43.39655172413));
#6221 = ( GEOMETRIC_REPRESENTATION_CONTEXT(2) 
PARAMETRIC_REPRESENTATION_CONTEXT() REPRESENTATION_CONTEXT('2D SPACE',''
  ) );
#6222 = PCURVE('',#6223,#6228);
#6223 = CYLINDRICAL_SURFACE('',#6224,3.);
#6224 = AXIS2_PLACEMENT_3D('',#6225,#6226,#6227);
#6225 = CARTESIAN_POINT('',(-43.,-43.5,79.49));
#6226 = DIRECTION('',(0.,0.,1.));
#6227 = DIRECTION('',(1.,0.,-0.));
#6228 = DEFINITIONAL_REPRESENTATION('',(#6229),#6233);
#6229 = LINE('',#6230,#6231);
#6230 = CARTESIAN_POINT('',(6.317674903141,2.51));
#6231 = VECTOR('',#6232,1.);
#6232 = DIRECTION('',(-1.,-0.));
#6233 = ( GEOMETRIC_REPRESENTATION_CONTEXT(2) 
PARAMETRIC_REPRESENTATION_CONTEXT() REPRESENTATION_CONTEXT('2D SPACE',''
  ) );
#6234 = ORIENTED_EDGE('',*,*,#6235,.T.);
#6235 = EDGE_CURVE('',#6203,#6236,#6238,.T.);
#6236 = VERTEX_POINT('',#6237);
#6237 = CARTESIAN_POINT('',(-45.99821587852,43.396551724138,82.));
#6238 = SURFACE_CURVE('',#6239,(#6244,#6255),.PCURVE_S1.);
#6239 = CIRCLE('',#6240,43.5);
#6240 = AXIS2_PLACEMENT_3D('',#6241,#6242,#6243);
#6241 = CARTESIAN_POINT('',(-43.,0.,82.));
#6242 = DIRECTION('',(0.,0.,-1.));
#6243 = DIRECTION('',(-6.892450295453E-02,-0.997621878716,-0.));
#6244 = PCURVE('',#5447,#6245);
#6245 = DEFINITIONAL_REPRESENTATION('',(#6246),#6254);
#6246 = ( BOUNDED_CURVE() B_SPLINE_CURVE(2,(#6247,#6248,#6249,#6250,
#6251,#6252,#6253),.UNSPECIFIED.,.T.,.F.) B_SPLINE_CURVE_WITH_KNOTS((1,2
    ,2,2,2,1),(-2.094395102393,0.,2.094395102393,4.188790204786,
6.28318530718,8.377580409573),.UNSPECIFIED.) CURVE() 
GEOMETRIC_REPRESENTATION_ITEM() RATIONAL_B_SPLINE_CURVE((1.,0.5,1.,0.5,
1.,0.5,1.)) REPRESENTATION_ITEM('') );
#6247 = CARTESIAN_POINT('',(-45.99821587852,-43.39655172413));
#6248 = CARTESIAN_POINT('',(-121.163248338,-38.20348949047));
#6249 = CARTESIAN_POINT('',(-79.08340829048,24.294806978899));
#6250 = CARTESIAN_POINT('',(-37.00356824295,86.793103448276));
#6251 = CARTESIAN_POINT('',(-3.91837583099,19.101744745239));
#6252 = CARTESIAN_POINT('',(29.166816580976,-48.58961395779));
#6253 = CARTESIAN_POINT('',(-45.99821587852,-43.39655172413));
#6254 = ( GEOMETRIC_REPRESENTATION_CONTEXT(2) 
PARAMETRIC_REPRESENTATION_CONTEXT() REPRESENTATION_CONTEXT('2D SPACE',''
  ) );
#6255 = PCURVE('',#6256,#6261);
#6256 = CYLINDRICAL_SURFACE('',#6257,43.5);
#6257 = AXIS2_PLACEMENT_3D('',#6258,#6259,#6260);
#6258 = CARTESIAN_POINT('',(-43.,0.,79.49));
#6259 = DIRECTION('',(0.,0.,1.));
#6260 = DIRECTION('',(1.,0.,-0.));
#6261 = DEFINITIONAL_REPRESENTATION('',(#6262),#6266);
#6262 = LINE('',#6263,#6264);
#6263 = CARTESIAN_POINT('',(4.643409788461,2.51));
#6264 = VECTOR('',#6265,1.);
#6265 = DIRECTION('',(-1.,-0.));
#6266 = ( GEOMETRIC_REPRESENTATION_CONTEXT(2) 
PARAMETRIC_REPRESENTATION_CONTEXT() REPRESENTATION_CONTEXT('2D SPACE',''
  ) );
#6267 = ORIENTED_EDGE('',*,*,#6268,.T.);
#6268 = EDGE_CURVE('',#6236,#6269,#6271,.T.);
#6269 = VERTEX_POINT('',#6270);
#6270 = CARTESIAN_POINT('',(-40.00178412147,43.396551724138,82.));
#6271 = SURFACE_CURVE('',#6272,(#6277,#6288),.PCURVE_S1.);
#6272 = CIRCLE('',#6273,3.);
#6273 = AXIS2_PLACEMENT_3D('',#6274,#6275,#6276);
#6274 = CARTESIAN_POINT('',(-43.,43.5,82.));
#6275 = DIRECTION('',(-0.,0.,-1.));
#6276 = DIRECTION('',(-0.999405292841,-3.44827586207E-02,0.));
#6277 = PCURVE('',#5447,#6278);
#6278 = DEFINITIONAL_REPRESENTATION('',(#6279),#6287);
#6279 = ( BOUNDED_CURVE() B_SPLINE_CURVE(2,(#6280,#6281,#6282,#6283,
#6284,#6285,#6286),.UNSPECIFIED.,.T.,.F.) B_SPLINE_CURVE_WITH_KNOTS((1,2
    ,2,2,2,1),(-2.094395102393,0.,2.094395102393,4.188790204786,
6.28318530718,8.377580409573),.UNSPECIFIED.) CURVE() 
GEOMETRIC_REPRESENTATION_ITEM() RATIONAL_B_SPLINE_CURVE((1.,0.5,1.,0.5,
1.,0.5,1.)) REPRESENTATION_ITEM('') );
#6280 = CARTESIAN_POINT('',(-45.99821587852,43.396551724138));
#6281 = CARTESIAN_POINT('',(-46.17739354827,48.589613957798));
#6282 = CARTESIAN_POINT('',(-41.59048089561,46.148255254761));
#6283 = CARTESIAN_POINT('',(-37.00356824295,43.706896551724));
#6284 = CARTESIAN_POINT('',(-41.41130322586,40.955193021101));
#6285 = CARTESIAN_POINT('',(-45.81903820877,38.203489490478));
#6286 = CARTESIAN_POINT('',(-45.99821587852,43.396551724138));
#6287 = ( GEOMETRIC_REPRESENTATION_CONTEXT(2) 
PARAMETRIC_REPRESENTATION_CONTEXT() REPRESENTATION_CONTEXT('2D SPACE',''
  ) );
#6288 = PCURVE('',#6289,#6294);
#6289 = CYLINDRICAL_SURFACE('',#6290,3.);
#6290 = AXIS2_PLACEMENT_3D('',#6291,#6292,#6293);
#6291 = CARTESIAN_POINT('',(-43.,43.5,79.49));
#6292 = DIRECTION('',(0.,0.,1.));
#6293 = DIRECTION('',(1.,0.,-0.));
#6294 = DEFINITIONAL_REPRESENTATION('',(#6295),#6299);
#6295 = LINE('',#6296,#6297);
#6296 = CARTESIAN_POINT('',(9.459267556731,2.51));
#6297 = VECTOR('',#6298,1.);
#6298 = DIRECTION('',(-1.,-0.));
#6299 = ( GEOMETRIC_REPRESENTATION_CONTEXT(2) 
PARAMETRIC_REPRESENTATION_CONTEXT() REPRESENTATION_CONTEXT('2D SPACE',''
  ) );
#6300 = ORIENTED_EDGE('',*,*,#6301,.T.);
#6301 = EDGE_CURVE('',#6269,#6201,#6302,.T.);
#6302 = SURFACE_CURVE('',#6303,(#6308,#6319),.PCURVE_S1.);
#6303 = CIRCLE('',#6304,43.5);
#6304 = AXIS2_PLACEMENT_3D('',#6305,#6306,#6307);
#6305 = CARTESIAN_POINT('',(-43.,0.,82.));
#6306 = DIRECTION('',(0.,0.,-1.));
#6307 = DIRECTION('',(6.892450295453E-02,0.997621878716,0.));
#6308 = PCURVE('',#5447,#6309);
#6309 = DEFINITIONAL_REPRESENTATION('',(#6310),#6318);
#6310 = ( BOUNDED_CURVE() B_SPLINE_CURVE(2,(#6311,#6312,#6313,#6314,
#6315,#6316,#6317),.UNSPECIFIED.,.T.,.F.) B_SPLINE_CURVE_WITH_KNOTS((1,2
    ,2,2,2,1),(-2.094395102393,0.,2.094395102393,4.188790204786,
6.28318530718,8.377580409573),.UNSPECIFIED.) CURVE() 
GEOMETRIC_REPRESENTATION_ITEM() RATIONAL_B_SPLINE_CURVE((1.,0.5,1.,0.5,
1.,0.5,1.)) REPRESENTATION_ITEM('') );
#6311 = CARTESIAN_POINT('',(-40.00178412147,43.396551724138));
#6312 = CARTESIAN_POINT('',(35.16324833802,38.203489490478));
#6313 = CARTESIAN_POINT('',(-6.916591709512,-24.29480697889));
#6314 = CARTESIAN_POINT('',(-48.99643175704,-86.79310344827));
#6315 = CARTESIAN_POINT('',(-82.08162416901,-19.10174474523));
#6316 = CARTESIAN_POINT('',(-115.1668165809,48.589613957798));
#6317 = CARTESIAN_POINT('',(-40.00178412147,43.396551724138));
#6318 = ( GEOMETRIC_REPRESENTATION_CONTEXT(2) 
PARAMETRIC_REPRESENTATION_CONTEXT() REPRESENTATION_CONTEXT('2D SPACE',''
  ) );
#6319 = PCURVE('',#6320,#6325);
#6320 = CYLINDRICAL_SURFACE('',#6321,43.5);
#6321 = AXIS2_PLACEMENT_3D('',#6322,#6323,#6324);
#6322 = CARTESIAN_POINT('',(-43.,0.,79.49));
#6323 = DIRECTION('',(0.,0.,1.));
#6324 = DIRECTION('',(1.,0.,-0.));
#6325 = DEFINITIONAL_REPRESENTATION('',(#6326),#6330);
#6326 = LINE('',#6327,#6328);
#6327 = CARTESIAN_POINT('',(7.785002442051,2.51));
#6328 = VECTOR('',#6329,1.);
#6329 = DIRECTION('',(-1.,-0.));
#6330 = ( GEOMETRIC_REPRESENTATION_CONTEXT(2) 
PARAMETRIC_REPRESENTATION_CONTEXT() REPRESENTATION_CONTEXT('2D SPACE',''
  ) );
#6331 = FACE_BOUND('',#6332,.T.);
#6332 = EDGE_LOOP('',(#6333,#6362,#6395,#6422));
#6333 = ORIENTED_EDGE('',*,*,#6334,.F.);
#6334 = EDGE_CURVE('',#6335,#6337,#6339,.T.);
#6335 = VERTEX_POINT('',#6336);
#6336 = CARTESIAN_POINT('',(56.75,-46.5,82.));
#6337 = VERTEX_POINT('',#6338);
#6338 = CARTESIAN_POINT('',(50.75,-46.5,82.));
#6339 = SURFACE_CURVE('',#6340,(#6344,#6351),.PCURVE_S1.);
#6340 = LINE('',#6341,#6342);
#6341 = CARTESIAN_POINT('',(25.375,-46.5,82.));
#6342 = VECTOR('',#6343,1.);
#6343 = DIRECTION('',(-1.,0.,0.));
#6344 = PCURVE('',#5447,#6345);
#6345 = DEFINITIONAL_REPRESENTATION('',(#6346),#6350);
#6346 = LINE('',#6347,#6348);
#6347 = CARTESIAN_POINT('',(25.375,-46.5));
#6348 = VECTOR('',#6349,1.);
#6349 = DIRECTION('',(-1.,0.));
#6350 = ( GEOMETRIC_REPRESENTATION_CONTEXT(2) 
PARAMETRIC_REPRESENTATION_CONTEXT() REPRESENTATION_CONTEXT('2D SPACE',''
  ) );
#6351 = PCURVE('',#6352,#6357);
#6352 = PLANE('',#6353);
#6353 = AXIS2_PLACEMENT_3D('',#6354,#6355,#6356);
#6354 = CARTESIAN_POINT('',(50.75,-46.5,79.));
#6355 = DIRECTION('',(0.,1.,0.));
#6356 = DIRECTION('',(1.,0.,0.));
#6357 = DEFINITIONAL_REPRESENTATION('',(#6358),#6361);
#6358 = B_SPLINE_CURVE_WITH_KNOTS('',1,(#6359,#6360),.UNSPECIFIED.,.F.,
  .F.,(2,2),(-31.375,-25.375),.PIECEWISE_BEZIER_KNOTS.);
#6359 = CARTESIAN_POINT('',(6.,-3.));
#6360 = CARTESIAN_POINT('',(0.,-3.));
#6361 = ( GEOMETRIC_REPRESENTATION_CONTEXT(2) 
PARAMETRIC_REPRESENTATION_CONTEXT() REPRESENTATION_CONTEXT('2D SPACE',''
  ) );
#6362 = ORIENTED_EDGE('',*,*,#6363,.T.);
#6363 = EDGE_CURVE('',#6335,#6364,#6366,.T.);
#6364 = VERTEX_POINT('',#6365);
#6365 = CARTESIAN_POINT('',(56.75,-48.5,82.));
#6366 = SURFACE_CURVE('',#6367,(#6372,#6383),.PCURVE_S1.);
#6367 = CIRCLE('',#6368,1.);
#6368 = AXIS2_PLACEMENT_3D('',#6369,#6370,#6371);
#6369 = CARTESIAN_POINT('',(56.75,-47.5,82.));
#6370 = DIRECTION('',(0.,0.,-1.));
#6371 = DIRECTION('',(0.,1.,0.));
#6372 = PCURVE('',#5447,#6373);
#6373 = DEFINITIONAL_REPRESENTATION('',(#6374),#6382);
#6374 = ( BOUNDED_CURVE() B_SPLINE_CURVE(2,(#6375,#6376,#6377,#6378,
#6379,#6380,#6381),.UNSPECIFIED.,.T.,.F.) B_SPLINE_CURVE_WITH_KNOTS((1,2
    ,2,2,2,1),(-2.094395102393,0.,2.094395102393,4.188790204786,
6.28318530718,8.377580409573),.UNSPECIFIED.) CURVE() 
GEOMETRIC_REPRESENTATION_ITEM() RATIONAL_B_SPLINE_CURVE((1.,0.5,1.,0.5,
1.,0.5,1.)) REPRESENTATION_ITEM('') );
#6375 = CARTESIAN_POINT('',(56.75,-46.5));
#6376 = CARTESIAN_POINT('',(58.482050807569,-46.5));
#6377 = CARTESIAN_POINT('',(57.616025403784,-48.));
#6378 = CARTESIAN_POINT('',(56.75,-49.5));
#6379 = CARTESIAN_POINT('',(55.883974596216,-48.));
#6380 = CARTESIAN_POINT('',(55.017949192431,-46.5));
#6381 = CARTESIAN_POINT('',(56.75,-46.5));
#6382 = ( GEOMETRIC_REPRESENTATION_CONTEXT(2) 
PARAMETRIC_REPRESENTATION_CONTEXT() REPRESENTATION_CONTEXT('2D SPACE',''
  ) );
#6383 = PCURVE('',#6384,#6389);
#6384 = CYLINDRICAL_SURFACE('',#6385,1.);
#6385 = AXIS2_PLACEMENT_3D('',#6386,#6387,#6388);
#6386 = CARTESIAN_POINT('',(56.75,-47.5,79.));
#6387 = DIRECTION('',(0.,0.,-1.));
#6388 = DIRECTION('',(0.,1.,0.));
#6389 = DEFINITIONAL_REPRESENTATION('',(#6390),#6394);
#6390 = LINE('',#6391,#6392);
#6391 = CARTESIAN_POINT('',(0.,-3.));
#6392 = VECTOR('',#6393,1.);
#6393 = DIRECTION('',(1.,0.));
#6394 = ( GEOMETRIC_REPRESENTATION_CONTEXT(2) 
PARAMETRIC_REPRESENTATION_CONTEXT() REPRESENTATION_CONTEXT('2D SPACE',''
  ) );
#6395 = ORIENTED_EDGE('',*,*,#6396,.F.);
#6396 = EDGE_CURVE('',#6397,#6364,#6399,.T.);
#6397 = VERTEX_POINT('',#6398);
#6398 = CARTESIAN_POINT('',(50.75,-48.5,82.));
#6399 = SURFACE_CURVE('',#6400,(#6404,#6411),.PCURVE_S1.);
#6400 = LINE('',#6401,#6402);
#6401 = CARTESIAN_POINT('',(28.375,-48.5,82.));
#6402 = VECTOR('',#6403,1.);
#6403 = DIRECTION('',(1.,0.,-0.));
#6404 = PCURVE('',#5447,#6405);
#6405 = DEFINITIONAL_REPRESENTATION('',(#6406),#6410);
#6406 = LINE('',#6407,#6408);
#6407 = CARTESIAN_POINT('',(28.375,-48.5));
#6408 = VECTOR('',#6409,1.);
#6409 = DIRECTION('',(1.,0.));
#6410 = ( GEOMETRIC_REPRESENTATION_CONTEXT(2) 
PARAMETRIC_REPRESENTATION_CONTEXT() REPRESENTATION_CONTEXT('2D SPACE',''
  ) );
#6411 = PCURVE('',#6412,#6417);
#6412 = PLANE('',#6413);
#6413 = AXIS2_PLACEMENT_3D('',#6414,#6415,#6416);
#6414 = CARTESIAN_POINT('',(56.75,-48.5,79.));
#6415 = DIRECTION('',(0.,-1.,0.));
#6416 = DIRECTION('',(-1.,0.,0.));
#6417 = DEFINITIONAL_REPRESENTATION('',(#6418),#6421);
#6418 = B_SPLINE_CURVE_WITH_KNOTS('',1,(#6419,#6420),.UNSPECIFIED.,.F.,
  .F.,(2,2),(22.375,28.375),.PIECEWISE_BEZIER_KNOTS.);
#6419 = CARTESIAN_POINT('',(6.,-3.));
#6420 = CARTESIAN_POINT('',(0.,-3.));
#6421 = ( GEOMETRIC_REPRESENTATION_CONTEXT(2) 
PARAMETRIC_REPRESENTATION_CONTEXT() REPRESENTATION_CONTEXT('2D SPACE',''
  ) );
#6422 = ORIENTED_EDGE('',*,*,#6423,.T.);
#6423 = EDGE_CURVE('',#6397,#6337,#6424,.T.);
#6424 = SURFACE_CURVE('',#6425,(#6430,#6441),.PCURVE_S1.);
#6425 = CIRCLE('',#6426,1.);
#6426 = AXIS2_PLACEMENT_3D('',#6427,#6428,#6429);
#6427 = CARTESIAN_POINT('',(50.75,-47.5,82.));
#6428 = DIRECTION('',(0.,-0.,-1.));
#6429 = DIRECTION('',(0.,-1.,0.));
#6430 = PCURVE('',#5447,#6431);
#6431 = DEFINITIONAL_REPRESENTATION('',(#6432),#6440);
#6432 = ( BOUNDED_CURVE() B_SPLINE_CURVE(2,(#6433,#6434,#6435,#6436,
#6437,#6438,#6439),.UNSPECIFIED.,.T.,.F.) B_SPLINE_CURVE_WITH_KNOTS((1,2
    ,2,2,2,1),(-2.094395102393,0.,2.094395102393,4.188790204786,
6.28318530718,8.377580409573),.UNSPECIFIED.) CURVE() 
GEOMETRIC_REPRESENTATION_ITEM() RATIONAL_B_SPLINE_CURVE((1.,0.5,1.,0.5,
1.,0.5,1.)) REPRESENTATION_ITEM('') );
#6433 = CARTESIAN_POINT('',(50.75,-48.5));
#6434 = CARTESIAN_POINT('',(49.017949192431,-48.5));
#6435 = CARTESIAN_POINT('',(49.883974596216,-47.));
#6436 = CARTESIAN_POINT('',(50.75,-45.5));
#6437 = CARTESIAN_POINT('',(51.616025403784,-47.));
#6438 = CARTESIAN_POINT('',(52.482050807569,-48.5));
#6439 = CARTESIAN_POINT('',(50.75,-48.5));
#6440 = ( GEOMETRIC_REPRESENTATION_CONTEXT(2) 
PARAMETRIC_REPRESENTATION_CONTEXT() REPRESENTATION_CONTEXT('2D SPACE',''
  ) );
#6441 = PCURVE('',#6442,#6447);
#6442 = CYLINDRICAL_SURFACE('',#6443,1.);
#6443 = AXIS2_PLACEMENT_3D('',#6444,#6445,#6446);
#6444 = CARTESIAN_POINT('',(50.75,-47.5,79.));
#6445 = DIRECTION('',(0.,-0.,-1.));
#6446 = DIRECTION('',(0.,-1.,0.));
#6447 = DEFINITIONAL_REPRESENTATION('',(#6448),#6452);
#6448 = LINE('',#6449,#6450);
#6449 = CARTESIAN_POINT('',(0.,-3.));
#6450 = VECTOR('',#6451,1.);
#6451 = DIRECTION('',(1.,0.));
#6452 = ( GEOMETRIC_REPRESENTATION_CONTEXT(2) 
PARAMETRIC_REPRESENTATION_CONTEXT() REPRESENTATION_CONTEXT('2D SPACE',''
  ) );
#6453 = FACE_BOUND('',#6454,.T.);
#6454 = EDGE_LOOP('',(#6455,#6484,#6517,#6544));
#6455 = ORIENTED_EDGE('',*,*,#6456,.F.);
#6456 = EDGE_CURVE('',#6457,#6459,#6461,.T.);
#6457 = VERTEX_POINT('',#6458);
#6458 = CARTESIAN_POINT('',(58.75,-42.5,82.));
#6459 = VERTEX_POINT('',#6460);
#6460 = CARTESIAN_POINT('',(48.75,-42.5,82.));
#6461 = SURFACE_CURVE('',#6462,(#6466,#6473),.PCURVE_S1.);
#6462 = LINE('',#6463,#6464);
#6463 = CARTESIAN_POINT('',(24.375,-42.5,82.));
#6464 = VECTOR('',#6465,1.);
#6465 = DIRECTION('',(-1.,0.,0.));
#6466 = PCURVE('',#5447,#6467);
#6467 = DEFINITIONAL_REPRESENTATION('',(#6468),#6472);
#6468 = LINE('',#6469,#6470);
#6469 = CARTESIAN_POINT('',(24.375,-42.5));
#6470 = VECTOR('',#6471,1.);
#6471 = DIRECTION('',(-1.,0.));
#6472 = ( GEOMETRIC_REPRESENTATION_CONTEXT(2) 
PARAMETRIC_REPRESENTATION_CONTEXT() REPRESENTATION_CONTEXT('2D SPACE',''
  ) );
#6473 = PCURVE('',#6474,#6479);
#6474 = PLANE('',#6475);
#6475 = AXIS2_PLACEMENT_3D('',#6476,#6477,#6478);
#6476 = CARTESIAN_POINT('',(48.75,-42.5,79.));
#6477 = DIRECTION('',(0.,1.,0.));
#6478 = DIRECTION('',(1.,0.,0.));
#6479 = DEFINITIONAL_REPRESENTATION('',(#6480),#6483);
#6480 = B_SPLINE_CURVE_WITH_KNOTS('',1,(#6481,#6482),.UNSPECIFIED.,.F.,
  .F.,(2,2),(-34.375,-24.375),.PIECEWISE_BEZIER_KNOTS.);
#6481 = CARTESIAN_POINT('',(10.,-3.));
#6482 = CARTESIAN_POINT('',(0.,-3.));
#6483 = ( GEOMETRIC_REPRESENTATION_CONTEXT(2) 
PARAMETRIC_REPRESENTATION_CONTEXT() REPRESENTATION_CONTEXT('2D SPACE',''
  ) );
#6484 = ORIENTED_EDGE('',*,*,#6485,.T.);
#6485 = EDGE_CURVE('',#6457,#6486,#6488,.T.);
#6486 = VERTEX_POINT('',#6487);
#6487 = CARTESIAN_POINT('',(58.75,-44.5,82.));
#6488 = SURFACE_CURVE('',#6489,(#6494,#6505),.PCURVE_S1.);
#6489 = CIRCLE('',#6490,1.);
#6490 = AXIS2_PLACEMENT_3D('',#6491,#6492,#6493);
#6491 = CARTESIAN_POINT('',(58.75,-43.5,82.));
#6492 = DIRECTION('',(0.,0.,-1.));
#6493 = DIRECTION('',(0.,1.,0.));
#6494 = PCURVE('',#5447,#6495);
#6495 = DEFINITIONAL_REPRESENTATION('',(#6496),#6504);
#6496 = ( BOUNDED_CURVE() B_SPLINE_CURVE(2,(#6497,#6498,#6499,#6500,
#6501,#6502,#6503),.UNSPECIFIED.,.T.,.F.) B_SPLINE_CURVE_WITH_KNOTS((1,2
    ,2,2,2,1),(-2.094395102393,0.,2.094395102393,4.188790204786,
6.28318530718,8.377580409573),.UNSPECIFIED.) CURVE() 
GEOMETRIC_REPRESENTATION_ITEM() RATIONAL_B_SPLINE_CURVE((1.,0.5,1.,0.5,
1.,0.5,1.)) REPRESENTATION_ITEM('') );
#6497 = CARTESIAN_POINT('',(58.75,-42.5));
#6498 = CARTESIAN_POINT('',(60.482050807569,-42.5));
#6499 = CARTESIAN_POINT('',(59.616025403784,-44.));
#6500 = CARTESIAN_POINT('',(58.75,-45.5));
#6501 = CARTESIAN_POINT('',(57.883974596216,-44.));
#6502 = CARTESIAN_POINT('',(57.017949192431,-42.5));
#6503 = CARTESIAN_POINT('',(58.75,-42.5));
#6504 = ( GEOMETRIC_REPRESENTATION_CONTEXT(2) 
PARAMETRIC_REPRESENTATION_CONTEXT() REPRESENTATION_CONTEXT('2D SPACE',''
  ) );
#6505 = PCURVE('',#6506,#6511);
#6506 = CYLINDRICAL_SURFACE('',#6507,1.);
#6507 = AXIS2_PLACEMENT_3D('',#6508,#6509,#6510);
#6508 = CARTESIAN_POINT('',(58.75,-43.5,79.));
#6509 = DIRECTION('',(0.,0.,-1.));
#6510 = DIRECTION('',(0.,1.,0.));
#6511 = DEFINITIONAL_REPRESENTATION('',(#6512),#6516);
#6512 = LINE('',#6513,#6514);
#6513 = CARTESIAN_POINT('',(0.,-3.));
#6514 = VECTOR('',#6515,1.);
#6515 = DIRECTION('',(1.,0.));
#6516 = ( GEOMETRIC_REPRESENTATION_CONTEXT(2) 
PARAMETRIC_REPRESENTATION_CONTEXT() REPRESENTATION_CONTEXT('2D SPACE',''
  ) );
#6517 = ORIENTED_EDGE('',*,*,#6518,.F.);
#6518 = EDGE_CURVE('',#6519,#6486,#6521,.T.);
#6519 = VERTEX_POINT('',#6520);
#6520 = CARTESIAN_POINT('',(48.75,-44.5,82.));
#6521 = SURFACE_CURVE('',#6522,(#6526,#6533),.PCURVE_S1.);
#6522 = LINE('',#6523,#6524);
#6523 = CARTESIAN_POINT('',(29.375,-44.5,82.));
#6524 = VECTOR('',#6525,1.);
#6525 = DIRECTION('',(1.,0.,-0.));
#6526 = PCURVE('',#5447,#6527);
#6527 = DEFINITIONAL_REPRESENTATION('',(#6528),#6532);
#6528 = LINE('',#6529,#6530);
#6529 = CARTESIAN_POINT('',(29.375,-44.5));
#6530 = VECTOR('',#6531,1.);
#6531 = DIRECTION('',(1.,0.));
#6532 = ( GEOMETRIC_REPRESENTATION_CONTEXT(2) 
PARAMETRIC_REPRESENTATION_CONTEXT() REPRESENTATION_CONTEXT('2D SPACE',''
  ) );
#6533 = PCURVE('',#6534,#6539);
#6534 = PLANE('',#6535);
#6535 = AXIS2_PLACEMENT_3D('',#6536,#6537,#6538);
#6536 = CARTESIAN_POINT('',(58.75,-44.5,79.));
#6537 = DIRECTION('',(0.,-1.,0.));
#6538 = DIRECTION('',(-1.,0.,0.));
#6539 = DEFINITIONAL_REPRESENTATION('',(#6540),#6543);
#6540 = B_SPLINE_CURVE_WITH_KNOTS('',1,(#6541,#6542),.UNSPECIFIED.,.F.,
  .F.,(2,2),(19.375,29.375),.PIECEWISE_BEZIER_KNOTS.);
#6541 = CARTESIAN_POINT('',(10.,-3.));
#6542 = CARTESIAN_POINT('',(0.,-3.));
#6543 = ( GEOMETRIC_REPRESENTATION_CONTEXT(2) 
PARAMETRIC_REPRESENTATION_CONTEXT() REPRESENTATION_CONTEXT('2D SPACE',''
  ) );
#6544 = ORIENTED_EDGE('',*,*,#6545,.T.);
#6545 = EDGE_CURVE('',#6519,#6459,#6546,.T.);
#6546 = SURFACE_CURVE('',#6547,(#6552,#6563),.PCURVE_S1.);
#6547 = CIRCLE('',#6548,1.);
#6548 = AXIS2_PLACEMENT_3D('',#6549,#6550,#6551);
#6549 = CARTESIAN_POINT('',(48.75,-43.5,82.));
#6550 = DIRECTION('',(0.,-0.,-1.));
#6551 = DIRECTION('',(0.,-1.,0.));
#6552 = PCURVE('',#5447,#6553);
#6553 = DEFINITIONAL_REPRESENTATION('',(#6554),#6562);
#6554 = ( BOUNDED_CURVE() B_SPLINE_CURVE(2,(#6555,#6556,#6557,#6558,
#6559,#6560,#6561),.UNSPECIFIED.,.T.,.F.) B_SPLINE_CURVE_WITH_KNOTS((1,2
    ,2,2,2,1),(-2.094395102393,0.,2.094395102393,4.188790204786,
6.28318530718,8.377580409573),.UNSPECIFIED.) CURVE() 
GEOMETRIC_REPRESENTATION_ITEM() RATIONAL_B_SPLINE_CURVE((1.,0.5,1.,0.5,
1.,0.5,1.)) REPRESENTATION_ITEM('') );
#6555 = CARTESIAN_POINT('',(48.75,-44.5));
#6556 = CARTESIAN_POINT('',(47.017949192431,-44.5));
#6557 = CARTESIAN_POINT('',(47.883974596216,-43.));
#6558 = CARTESIAN_POINT('',(48.75,-41.5));
#6559 = CARTESIAN_POINT('',(49.616025403784,-43.));
#6560 = CARTESIAN_POINT('',(50.482050807569,-44.5));
#6561 = CARTESIAN_POINT('',(48.75,-44.5));
#6562 = ( GEOMETRIC_REPRESENTATION_CONTEXT(2) 
PARAMETRIC_REPRESENTATION_CONTEXT() REPRESENTATION_CONTEXT('2D SPACE',''
  ) );
#6563 = PCURVE('',#6564,#6569);
#6564 = CYLINDRICAL_SURFACE('',#6565,1.);
#6565 = AXIS2_PLACEMENT_3D('',#6566,#6567,#6568);
#6566 = CARTESIAN_POINT('',(48.75,-43.5,79.));
#6567 = DIRECTION('',(0.,-0.,-1.));
#6568 = DIRECTION('',(0.,-1.,0.));
#6569 = DEFINITIONAL_REPRESENTATION('',(#6570),#6574);
#6570 = LINE('',#6571,#6572);
#6571 = CARTESIAN_POINT('',(0.,-3.));
#6572 = VECTOR('',#6573,1.);
#6573 = DIRECTION('',(1.,0.));
#6574 = ( GEOMETRIC_REPRESENTATION_CONTEXT(2) 
PARAMETRIC_REPRESENTATION_CONTEXT() REPRESENTATION_CONTEXT('2D SPACE',''
  ) );
#6575 = ADVANCED_FACE('',(#6576),#6564,.F.);
#6576 = FACE_BOUND('',#6577,.F.);
#6577 = EDGE_LOOP('',(#6578,#6608,#6629,#6630));
#6578 = ORIENTED_EDGE('',*,*,#6579,.F.);
#6579 = EDGE_CURVE('',#6580,#6582,#6584,.T.);
#6580 = VERTEX_POINT('',#6581);
#6581 = CARTESIAN_POINT('',(48.75,-44.5,79.5));
#6582 = VERTEX_POINT('',#6583);
#6583 = CARTESIAN_POINT('',(48.75,-42.5,79.5));
#6584 = SURFACE_CURVE('',#6585,(#6590,#6597),.PCURVE_S1.);
#6585 = CIRCLE('',#6586,1.);
#6586 = AXIS2_PLACEMENT_3D('',#6587,#6588,#6589);
#6587 = CARTESIAN_POINT('',(48.75,-43.5,79.5));
#6588 = DIRECTION('',(0.,-0.,-1.));
#6589 = DIRECTION('',(0.,-1.,0.));
#6590 = PCURVE('',#6564,#6591);
#6591 = DEFINITIONAL_REPRESENTATION('',(#6592),#6596);
#6592 = LINE('',#6593,#6594);
#6593 = CARTESIAN_POINT('',(0.,-0.5));
#6594 = VECTOR('',#6595,1.);
#6595 = DIRECTION('',(1.,0.));
#6596 = ( GEOMETRIC_REPRESENTATION_CONTEXT(2) 
PARAMETRIC_REPRESENTATION_CONTEXT() REPRESENTATION_CONTEXT('2D SPACE',''
  ) );
#6597 = PCURVE('',#1127,#6598);
#6598 = DEFINITIONAL_REPRESENTATION('',(#6599),#6607);
#6599 = ( BOUNDED_CURVE() B_SPLINE_CURVE(2,(#6600,#6601,#6602,#6603,
#6604,#6605,#6606),.UNSPECIFIED.,.T.,.F.) B_SPLINE_CURVE_WITH_KNOTS((1,2
    ,2,2,2,1),(-2.094395102393,0.,2.094395102393,4.188790204786,
6.28318530718,8.377580409573),.UNSPECIFIED.) CURVE() 
GEOMETRIC_REPRESENTATION_ITEM() RATIONAL_B_SPLINE_CURVE((1.,0.5,1.,0.5,
1.,0.5,1.)) REPRESENTATION_ITEM('') );
#6600 = CARTESIAN_POINT('',(48.75,-48.12753045524));
#6601 = CARTESIAN_POINT('',(47.017949192431,-48.12753045524));
#6602 = CARTESIAN_POINT('',(47.883974596216,-46.62753045524));
#6603 = CARTESIAN_POINT('',(48.75,-45.12753045524));
#6604 = CARTESIAN_POINT('',(49.616025403784,-46.62753045524));
#6605 = CARTESIAN_POINT('',(50.482050807569,-48.12753045524));
#6606 = CARTESIAN_POINT('',(48.75,-48.12753045524));
#6607 = ( GEOMETRIC_REPRESENTATION_CONTEXT(2) 
PARAMETRIC_REPRESENTATION_CONTEXT() REPRESENTATION_CONTEXT('2D SPACE',''
  ) );
#6608 = ORIENTED_EDGE('',*,*,#6609,.T.);
#6609 = EDGE_CURVE('',#6580,#6519,#6610,.T.);
#6610 = SURFACE_CURVE('',#6611,(#6615,#6622),.PCURVE_S1.);
#6611 = LINE('',#6612,#6613);
#6612 = CARTESIAN_POINT('',(48.75,-44.5,79.));
#6613 = VECTOR('',#6614,1.);
#6614 = DIRECTION('',(0.,0.,1.));
#6615 = PCURVE('',#6564,#6616);
#6616 = DEFINITIONAL_REPRESENTATION('',(#6617),#6621);
#6617 = LINE('',#6618,#6619);
#6618 = CARTESIAN_POINT('',(0.,0.));
#6619 = VECTOR('',#6620,1.);
#6620 = DIRECTION('',(0.,-1.));
#6621 = ( GEOMETRIC_REPRESENTATION_CONTEXT(2) 
PARAMETRIC_REPRESENTATION_CONTEXT() REPRESENTATION_CONTEXT('2D SPACE',''
  ) );
#6622 = PCURVE('',#6534,#6623);
#6623 = DEFINITIONAL_REPRESENTATION('',(#6624),#6628);
#6624 = LINE('',#6625,#6626);
#6625 = CARTESIAN_POINT('',(10.,0.));
#6626 = VECTOR('',#6627,1.);
#6627 = DIRECTION('',(0.,-1.));
#6628 = ( GEOMETRIC_REPRESENTATION_CONTEXT(2) 
PARAMETRIC_REPRESENTATION_CONTEXT() REPRESENTATION_CONTEXT('2D SPACE',''
  ) );
#6629 = ORIENTED_EDGE('',*,*,#6545,.T.);
#6630 = ORIENTED_EDGE('',*,*,#6631,.F.);
#6631 = EDGE_CURVE('',#6582,#6459,#6632,.T.);
#6632 = SURFACE_CURVE('',#6633,(#6637,#6644),.PCURVE_S1.);
#6633 = LINE('',#6634,#6635);
#6634 = CARTESIAN_POINT('',(48.75,-42.5,79.));
#6635 = VECTOR('',#6636,1.);
#6636 = DIRECTION('',(0.,0.,1.));
#6637 = PCURVE('',#6564,#6638);
#6638 = DEFINITIONAL_REPRESENTATION('',(#6639),#6643);
#6639 = LINE('',#6640,#6641);
#6640 = CARTESIAN_POINT('',(3.14159265359,0.));
#6641 = VECTOR('',#6642,1.);
#6642 = DIRECTION('',(0.,-1.));
#6643 = ( GEOMETRIC_REPRESENTATION_CONTEXT(2) 
PARAMETRIC_REPRESENTATION_CONTEXT() REPRESENTATION_CONTEXT('2D SPACE',''
  ) );
#6644 = PCURVE('',#6474,#6645);
#6645 = DEFINITIONAL_REPRESENTATION('',(#6646),#6650);
#6646 = LINE('',#6647,#6648);
#6647 = CARTESIAN_POINT('',(0.,0.));
#6648 = VECTOR('',#6649,1.);
#6649 = DIRECTION('',(0.,-1.));
#6650 = ( GEOMETRIC_REPRESENTATION_CONTEXT(2) 
PARAMETRIC_REPRESENTATION_CONTEXT() REPRESENTATION_CONTEXT('2D SPACE',''
  ) );
#6651 = ADVANCED_FACE('',(#6652),#6534,.F.);
#6652 = FACE_BOUND('',#6653,.F.);
#6653 = EDGE_LOOP('',(#6654,#6676,#6697,#6698));
#6654 = ORIENTED_EDGE('',*,*,#6655,.T.);
#6655 = EDGE_CURVE('',#6580,#6656,#6658,.T.);
#6656 = VERTEX_POINT('',#6657);
#6657 = CARTESIAN_POINT('',(58.75,-44.5,79.5));
#6658 = SURFACE_CURVE('',#6659,(#6663,#6669),.PCURVE_S1.);
#6659 = LINE('',#6660,#6661);
#6660 = CARTESIAN_POINT('',(29.375,-44.5,79.5));
#6661 = VECTOR('',#6662,1.);
#6662 = DIRECTION('',(1.,0.,-0.));
#6663 = PCURVE('',#6534,#6664);
#6664 = DEFINITIONAL_REPRESENTATION('',(#6665),#6668);
#6665 = B_SPLINE_CURVE_WITH_KNOTS('',1,(#6666,#6667),.UNSPECIFIED.,.F.,
  .F.,(2,2),(19.375,29.375),.PIECEWISE_BEZIER_KNOTS.);
#6666 = CARTESIAN_POINT('',(10.,-0.5));
#6667 = CARTESIAN_POINT('',(0.,-0.5));
#6668 = ( GEOMETRIC_REPRESENTATION_CONTEXT(2) 
PARAMETRIC_REPRESENTATION_CONTEXT() REPRESENTATION_CONTEXT('2D SPACE',''
  ) );
#6669 = PCURVE('',#1127,#6670);
#6670 = DEFINITIONAL_REPRESENTATION('',(#6671),#6675);
#6671 = LINE('',#6672,#6673);
#6672 = CARTESIAN_POINT('',(29.375,-48.12753045524));
#6673 = VECTOR('',#6674,1.);
#6674 = DIRECTION('',(1.,0.));
#6675 = ( GEOMETRIC_REPRESENTATION_CONTEXT(2) 
PARAMETRIC_REPRESENTATION_CONTEXT() REPRESENTATION_CONTEXT('2D SPACE',''
  ) );
#6676 = ORIENTED_EDGE('',*,*,#6677,.T.);
#6677 = EDGE_CURVE('',#6656,#6486,#6678,.T.);
#6678 = SURFACE_CURVE('',#6679,(#6683,#6690),.PCURVE_S1.);
#6679 = LINE('',#6680,#6681);
#6680 = CARTESIAN_POINT('',(58.75,-44.5,79.));
#6681 = VECTOR('',#6682,1.);
#6682 = DIRECTION('',(0.,0.,1.));
#6683 = PCURVE('',#6534,#6684);
#6684 = DEFINITIONAL_REPRESENTATION('',(#6685),#6689);
#6685 = LINE('',#6686,#6687);
#6686 = CARTESIAN_POINT('',(0.,-0.));
#6687 = VECTOR('',#6688,1.);
#6688 = DIRECTION('',(0.,-1.));
#6689 = ( GEOMETRIC_REPRESENTATION_CONTEXT(2) 
PARAMETRIC_REPRESENTATION_CONTEXT() REPRESENTATION_CONTEXT('2D SPACE',''
  ) );
#6690 = PCURVE('',#6506,#6691);
#6691 = DEFINITIONAL_REPRESENTATION('',(#6692),#6696);
#6692 = LINE('',#6693,#6694);
#6693 = CARTESIAN_POINT('',(3.14159265359,0.));
#6694 = VECTOR('',#6695,1.);
#6695 = DIRECTION('',(0.,-1.));
#6696 = ( GEOMETRIC_REPRESENTATION_CONTEXT(2) 
PARAMETRIC_REPRESENTATION_CONTEXT() REPRESENTATION_CONTEXT('2D SPACE',''
  ) );
#6697 = ORIENTED_EDGE('',*,*,#6518,.F.);
#6698 = ORIENTED_EDGE('',*,*,#6609,.F.);
#6699 = ADVANCED_FACE('',(#6700),#6506,.F.);
#6700 = FACE_BOUND('',#6701,.F.);
#6701 = EDGE_LOOP('',(#6702,#6730,#6751,#6752));
#6702 = ORIENTED_EDGE('',*,*,#6703,.F.);
#6703 = EDGE_CURVE('',#6704,#6656,#6706,.T.);
#6704 = VERTEX_POINT('',#6705);
#6705 = CARTESIAN_POINT('',(58.75,-42.5,79.5));
#6706 = SURFACE_CURVE('',#6707,(#6712,#6719),.PCURVE_S1.);
#6707 = CIRCLE('',#6708,1.);
#6708 = AXIS2_PLACEMENT_3D('',#6709,#6710,#6711);
#6709 = CARTESIAN_POINT('',(58.75,-43.5,79.5));
#6710 = DIRECTION('',(0.,0.,-1.));
#6711 = DIRECTION('',(0.,1.,0.));
#6712 = PCURVE('',#6506,#6713);
#6713 = DEFINITIONAL_REPRESENTATION('',(#6714),#6718);
#6714 = LINE('',#6715,#6716);
#6715 = CARTESIAN_POINT('',(0.,-0.5));
#6716 = VECTOR('',#6717,1.);
#6717 = DIRECTION('',(1.,0.));
#6718 = ( GEOMETRIC_REPRESENTATION_CONTEXT(2) 
PARAMETRIC_REPRESENTATION_CONTEXT() REPRESENTATION_CONTEXT('2D SPACE',''
  ) );
#6719 = PCURVE('',#1127,#6720);
#6720 = DEFINITIONAL_REPRESENTATION('',(#6721),#6729);
#6721 = ( BOUNDED_CURVE() B_SPLINE_CURVE(2,(#6722,#6723,#6724,#6725,
#6726,#6727,#6728),.UNSPECIFIED.,.T.,.F.) B_SPLINE_CURVE_WITH_KNOTS((1,2
    ,2,2,2,1),(-2.094395102393,0.,2.094395102393,4.188790204786,
6.28318530718,8.377580409573),.UNSPECIFIED.) CURVE() 
GEOMETRIC_REPRESENTATION_ITEM() RATIONAL_B_SPLINE_CURVE((1.,0.5,1.,0.5,
1.,0.5,1.)) REPRESENTATION_ITEM('') );
#6722 = CARTESIAN_POINT('',(58.75,-46.12753045524));
#6723 = CARTESIAN_POINT('',(60.482050807569,-46.12753045524));
#6724 = CARTESIAN_POINT('',(59.616025403784,-47.62753045524));
#6725 = CARTESIAN_POINT('',(58.75,-49.12753045524));
#6726 = CARTESIAN_POINT('',(57.883974596216,-47.62753045524));
#6727 = CARTESIAN_POINT('',(57.017949192431,-46.12753045524));
#6728 = CARTESIAN_POINT('',(58.75,-46.12753045524));
#6729 = ( GEOMETRIC_REPRESENTATION_CONTEXT(2) 
PARAMETRIC_REPRESENTATION_CONTEXT() REPRESENTATION_CONTEXT('2D SPACE',''
  ) );
#6730 = ORIENTED_EDGE('',*,*,#6731,.T.);
#6731 = EDGE_CURVE('',#6704,#6457,#6732,.T.);
#6732 = SURFACE_CURVE('',#6733,(#6737,#6744),.PCURVE_S1.);
#6733 = LINE('',#6734,#6735);
#6734 = CARTESIAN_POINT('',(58.75,-42.5,79.));
#6735 = VECTOR('',#6736,1.);
#6736 = DIRECTION('',(0.,0.,1.));
#6737 = PCURVE('',#6506,#6738);
#6738 = DEFINITIONAL_REPRESENTATION('',(#6739),#6743);
#6739 = LINE('',#6740,#6741);
#6740 = CARTESIAN_POINT('',(0.,0.));
#6741 = VECTOR('',#6742,1.);
#6742 = DIRECTION('',(0.,-1.));
#6743 = ( GEOMETRIC_REPRESENTATION_CONTEXT(2) 
PARAMETRIC_REPRESENTATION_CONTEXT() REPRESENTATION_CONTEXT('2D SPACE',''
  ) );
#6744 = PCURVE('',#6474,#6745);
#6745 = DEFINITIONAL_REPRESENTATION('',(#6746),#6750);
#6746 = LINE('',#6747,#6748);
#6747 = CARTESIAN_POINT('',(10.,0.));
#6748 = VECTOR('',#6749,1.);
#6749 = DIRECTION('',(0.,-1.));
#6750 = ( GEOMETRIC_REPRESENTATION_CONTEXT(2) 
PARAMETRIC_REPRESENTATION_CONTEXT() REPRESENTATION_CONTEXT('2D SPACE',''
  ) );
#6751 = ORIENTED_EDGE('',*,*,#6485,.T.);
#6752 = ORIENTED_EDGE('',*,*,#6677,.F.);
#6753 = ADVANCED_FACE('',(#6754),#6474,.F.);
#6754 = FACE_BOUND('',#6755,.F.);
#6755 = EDGE_LOOP('',(#6756,#6776,#6777,#6778));
#6756 = ORIENTED_EDGE('',*,*,#6757,.T.);
#6757 = EDGE_CURVE('',#6704,#6582,#6758,.T.);
#6758 = SURFACE_CURVE('',#6759,(#6763,#6769),.PCURVE_S1.);
#6759 = LINE('',#6760,#6761);
#6760 = CARTESIAN_POINT('',(24.375,-42.5,79.5));
#6761 = VECTOR('',#6762,1.);
#6762 = DIRECTION('',(-1.,0.,0.));
#6763 = PCURVE('',#6474,#6764);
#6764 = DEFINITIONAL_REPRESENTATION('',(#6765),#6768);
#6765 = B_SPLINE_CURVE_WITH_KNOTS('',1,(#6766,#6767),.UNSPECIFIED.,.F.,
  .F.,(2,2),(-34.375,-24.375),.PIECEWISE_BEZIER_KNOTS.);
#6766 = CARTESIAN_POINT('',(10.,-0.5));
#6767 = CARTESIAN_POINT('',(0.,-0.5));
#6768 = ( GEOMETRIC_REPRESENTATION_CONTEXT(2) 
PARAMETRIC_REPRESENTATION_CONTEXT() REPRESENTATION_CONTEXT('2D SPACE',''
  ) );
#6769 = PCURVE('',#1127,#6770);
#6770 = DEFINITIONAL_REPRESENTATION('',(#6771),#6775);
#6771 = LINE('',#6772,#6773);
#6772 = CARTESIAN_POINT('',(24.375,-46.12753045524));
#6773 = VECTOR('',#6774,1.);
#6774 = DIRECTION('',(-1.,0.));
#6775 = ( GEOMETRIC_REPRESENTATION_CONTEXT(2) 
PARAMETRIC_REPRESENTATION_CONTEXT() REPRESENTATION_CONTEXT('2D SPACE',''
  ) );
#6776 = ORIENTED_EDGE('',*,*,#6631,.T.);
#6777 = ORIENTED_EDGE('',*,*,#6456,.F.);
#6778 = ORIENTED_EDGE('',*,*,#6731,.F.);
#6779 = ADVANCED_FACE('',(#6780),#6442,.F.);
#6780 = FACE_BOUND('',#6781,.F.);
#6781 = EDGE_LOOP('',(#6782,#6812,#6833,#6834));
#6782 = ORIENTED_EDGE('',*,*,#6783,.F.);
#6783 = EDGE_CURVE('',#6784,#6786,#6788,.T.);
#6784 = VERTEX_POINT('',#6785);
#6785 = CARTESIAN_POINT('',(50.75,-48.5,79.5));
#6786 = VERTEX_POINT('',#6787);
#6787 = CARTESIAN_POINT('',(50.75,-46.5,79.5));
#6788 = SURFACE_CURVE('',#6789,(#6794,#6801),.PCURVE_S1.);
#6789 = CIRCLE('',#6790,1.);
#6790 = AXIS2_PLACEMENT_3D('',#6791,#6792,#6793);
#6791 = CARTESIAN_POINT('',(50.75,-47.5,79.5));
#6792 = DIRECTION('',(0.,-0.,-1.));
#6793 = DIRECTION('',(0.,-1.,0.));
#6794 = PCURVE('',#6442,#6795);
#6795 = DEFINITIONAL_REPRESENTATION('',(#6796),#6800);
#6796 = LINE('',#6797,#6798);
#6797 = CARTESIAN_POINT('',(0.,-0.5));
#6798 = VECTOR('',#6799,1.);
#6799 = DIRECTION('',(1.,0.));
#6800 = ( GEOMETRIC_REPRESENTATION_CONTEXT(2) 
PARAMETRIC_REPRESENTATION_CONTEXT() REPRESENTATION_CONTEXT('2D SPACE',''
  ) );
#6801 = PCURVE('',#1127,#6802);
#6802 = DEFINITIONAL_REPRESENTATION('',(#6803),#6811);
#6803 = ( BOUNDED_CURVE() B_SPLINE_CURVE(2,(#6804,#6805,#6806,#6807,
#6808,#6809,#6810),.UNSPECIFIED.,.T.,.F.) B_SPLINE_CURVE_WITH_KNOTS((1,2
    ,2,2,2,1),(-2.094395102393,0.,2.094395102393,4.188790204786,
6.28318530718,8.377580409573),.UNSPECIFIED.) CURVE() 
GEOMETRIC_REPRESENTATION_ITEM() RATIONAL_B_SPLINE_CURVE((1.,0.5,1.,0.5,
1.,0.5,1.)) REPRESENTATION_ITEM('') );
#6804 = CARTESIAN_POINT('',(50.75,-52.12753045524));
#6805 = CARTESIAN_POINT('',(49.017949192431,-52.12753045524));
#6806 = CARTESIAN_POINT('',(49.883974596216,-50.62753045524));
#6807 = CARTESIAN_POINT('',(50.75,-49.12753045524));
#6808 = CARTESIAN_POINT('',(51.616025403784,-50.62753045524));
#6809 = CARTESIAN_POINT('',(52.482050807569,-52.12753045524));
#6810 = CARTESIAN_POINT('',(50.75,-52.12753045524));
#6811 = ( GEOMETRIC_REPRESENTATION_CONTEXT(2) 
PARAMETRIC_REPRESENTATION_CONTEXT() REPRESENTATION_CONTEXT('2D SPACE',''
  ) );
#6812 = ORIENTED_EDGE('',*,*,#6813,.T.);
#6813 = EDGE_CURVE('',#6784,#6397,#6814,.T.);
#6814 = SURFACE_CURVE('',#6815,(#6819,#6826),.PCURVE_S1.);
#6815 = LINE('',#6816,#6817);
#6816 = CARTESIAN_POINT('',(50.75,-48.5,79.));
#6817 = VECTOR('',#6818,1.);
#6818 = DIRECTION('',(0.,0.,1.));
#6819 = PCURVE('',#6442,#6820);
#6820 = DEFINITIONAL_REPRESENTATION('',(#6821),#6825);
#6821 = LINE('',#6822,#6823);
#6822 = CARTESIAN_POINT('',(0.,0.));
#6823 = VECTOR('',#6824,1.);
#6824 = DIRECTION('',(0.,-1.));
#6825 = ( GEOMETRIC_REPRESENTATION_CONTEXT(2) 
PARAMETRIC_REPRESENTATION_CONTEXT() REPRESENTATION_CONTEXT('2D SPACE',''
  ) );
#6826 = PCURVE('',#6412,#6827);
#6827 = DEFINITIONAL_REPRESENTATION('',(#6828),#6832);
#6828 = LINE('',#6829,#6830);
#6829 = CARTESIAN_POINT('',(6.,0.));
#6830 = VECTOR('',#6831,1.);
#6831 = DIRECTION('',(0.,-1.));
#6832 = ( GEOMETRIC_REPRESENTATION_CONTEXT(2) 
PARAMETRIC_REPRESENTATION_CONTEXT() REPRESENTATION_CONTEXT('2D SPACE',''
  ) );
#6833 = ORIENTED_EDGE('',*,*,#6423,.T.);
#6834 = ORIENTED_EDGE('',*,*,#6835,.F.);
#6835 = EDGE_CURVE('',#6786,#6337,#6836,.T.);
#6836 = SURFACE_CURVE('',#6837,(#6841,#6848),.PCURVE_S1.);
#6837 = LINE('',#6838,#6839);
#6838 = CARTESIAN_POINT('',(50.75,-46.5,79.));
#6839 = VECTOR('',#6840,1.);
#6840 = DIRECTION('',(0.,0.,1.));
#6841 = PCURVE('',#6442,#6842);
#6842 = DEFINITIONAL_REPRESENTATION('',(#6843),#6847);
#6843 = LINE('',#6844,#6845);
#6844 = CARTESIAN_POINT('',(3.14159265359,0.));
#6845 = VECTOR('',#6846,1.);
#6846 = DIRECTION('',(0.,-1.));
#6847 = ( GEOMETRIC_REPRESENTATION_CONTEXT(2) 
PARAMETRIC_REPRESENTATION_CONTEXT() REPRESENTATION_CONTEXT('2D SPACE',''
  ) );
#6848 = PCURVE('',#6352,#6849);
#6849 = DEFINITIONAL_REPRESENTATION('',(#6850),#6854);
#6850 = LINE('',#6851,#6852);
#6851 = CARTESIAN_POINT('',(0.,0.));
#6852 = VECTOR('',#6853,1.);
#6853 = DIRECTION('',(0.,-1.));
#6854 = ( GEOMETRIC_REPRESENTATION_CONTEXT(2) 
PARAMETRIC_REPRESENTATION_CONTEXT() REPRESENTATION_CONTEXT('2D SPACE',''
  ) );
#6855 = ADVANCED_FACE('',(#6856),#6412,.F.);
#6856 = FACE_BOUND('',#6857,.F.);
#6857 = EDGE_LOOP('',(#6858,#6880,#6901,#6902));
#6858 = ORIENTED_EDGE('',*,*,#6859,.T.);
#6859 = EDGE_CURVE('',#6784,#6860,#6862,.T.);
#6860 = VERTEX_POINT('',#6861);
#6861 = CARTESIAN_POINT('',(56.75,-48.5,79.5));
#6862 = SURFACE_CURVE('',#6863,(#6867,#6873),.PCURVE_S1.);
#6863 = LINE('',#6864,#6865);
#6864 = CARTESIAN_POINT('',(28.375,-48.5,79.5));
#6865 = VECTOR('',#6866,1.);
#6866 = DIRECTION('',(1.,0.,-0.));
#6867 = PCURVE('',#6412,#6868);
#6868 = DEFINITIONAL_REPRESENTATION('',(#6869),#6872);
#6869 = B_SPLINE_CURVE_WITH_KNOTS('',1,(#6870,#6871),.UNSPECIFIED.,.F.,
  .F.,(2,2),(22.375,28.375),.PIECEWISE_BEZIER_KNOTS.);
#6870 = CARTESIAN_POINT('',(6.,-0.5));
#6871 = CARTESIAN_POINT('',(0.,-0.5));
#6872 = ( GEOMETRIC_REPRESENTATION_CONTEXT(2) 
PARAMETRIC_REPRESENTATION_CONTEXT() REPRESENTATION_CONTEXT('2D SPACE',''
  ) );
#6873 = PCURVE('',#1127,#6874);
#6874 = DEFINITIONAL_REPRESENTATION('',(#6875),#6879);
#6875 = LINE('',#6876,#6877);
#6876 = CARTESIAN_POINT('',(28.375,-52.12753045524));
#6877 = VECTOR('',#6878,1.);
#6878 = DIRECTION('',(1.,0.));
#6879 = ( GEOMETRIC_REPRESENTATION_CONTEXT(2) 
PARAMETRIC_REPRESENTATION_CONTEXT() REPRESENTATION_CONTEXT('2D SPACE',''
  ) );
#6880 = ORIENTED_EDGE('',*,*,#6881,.T.);
#6881 = EDGE_CURVE('',#6860,#6364,#6882,.T.);
#6882 = SURFACE_CURVE('',#6883,(#6887,#6894),.PCURVE_S1.);
#6883 = LINE('',#6884,#6885);
#6884 = CARTESIAN_POINT('',(56.75,-48.5,79.));
#6885 = VECTOR('',#6886,1.);
#6886 = DIRECTION('',(0.,0.,1.));
#6887 = PCURVE('',#6412,#6888);
#6888 = DEFINITIONAL_REPRESENTATION('',(#6889),#6893);
#6889 = LINE('',#6890,#6891);
#6890 = CARTESIAN_POINT('',(0.,-0.));
#6891 = VECTOR('',#6892,1.);
#6892 = DIRECTION('',(0.,-1.));
#6893 = ( GEOMETRIC_REPRESENTATION_CONTEXT(2) 
PARAMETRIC_REPRESENTATION_CONTEXT() REPRESENTATION_CONTEXT('2D SPACE',''
  ) );
#6894 = PCURVE('',#6384,#6895);
#6895 = DEFINITIONAL_REPRESENTATION('',(#6896),#6900);
#6896 = LINE('',#6897,#6898);
#6897 = CARTESIAN_POINT('',(3.14159265359,0.));
#6898 = VECTOR('',#6899,1.);
#6899 = DIRECTION('',(0.,-1.));
#6900 = ( GEOMETRIC_REPRESENTATION_CONTEXT(2) 
PARAMETRIC_REPRESENTATION_CONTEXT() REPRESENTATION_CONTEXT('2D SPACE',''
  ) );
#6901 = ORIENTED_EDGE('',*,*,#6396,.F.);
#6902 = ORIENTED_EDGE('',*,*,#6813,.F.);
#6903 = ADVANCED_FACE('',(#6904),#6384,.F.);
#6904 = FACE_BOUND('',#6905,.F.);
#6905 = EDGE_LOOP('',(#6906,#6934,#6955,#6956));
#6906 = ORIENTED_EDGE('',*,*,#6907,.F.);
#6907 = EDGE_CURVE('',#6908,#6860,#6910,.T.);
#6908 = VERTEX_POINT('',#6909);
#6909 = CARTESIAN_POINT('',(56.75,-46.5,79.5));
#6910 = SURFACE_CURVE('',#6911,(#6916,#6923),.PCURVE_S1.);
#6911 = CIRCLE('',#6912,1.);
#6912 = AXIS2_PLACEMENT_3D('',#6913,#6914,#6915);
#6913 = CARTESIAN_POINT('',(56.75,-47.5,79.5));
#6914 = DIRECTION('',(0.,0.,-1.));
#6915 = DIRECTION('',(0.,1.,0.));
#6916 = PCURVE('',#6384,#6917);
#6917 = DEFINITIONAL_REPRESENTATION('',(#6918),#6922);
#6918 = LINE('',#6919,#6920);
#6919 = CARTESIAN_POINT('',(0.,-0.5));
#6920 = VECTOR('',#6921,1.);
#6921 = DIRECTION('',(1.,0.));
#6922 = ( GEOMETRIC_REPRESENTATION_CONTEXT(2) 
PARAMETRIC_REPRESENTATION_CONTEXT() REPRESENTATION_CONTEXT('2D SPACE',''
  ) );
#6923 = PCURVE('',#1127,#6924);
#6924 = DEFINITIONAL_REPRESENTATION('',(#6925),#6933);
#6925 = ( BOUNDED_CURVE() B_SPLINE_CURVE(2,(#6926,#6927,#6928,#6929,
#6930,#6931,#6932),.UNSPECIFIED.,.T.,.F.) B_SPLINE_CURVE_WITH_KNOTS((1,2
    ,2,2,2,1),(-2.094395102393,0.,2.094395102393,4.188790204786,
6.28318530718,8.377580409573),.UNSPECIFIED.) CURVE() 
GEOMETRIC_REPRESENTATION_ITEM() RATIONAL_B_SPLINE_CURVE((1.,0.5,1.,0.5,
1.,0.5,1.)) REPRESENTATION_ITEM('') );
#6926 = CARTESIAN_POINT('',(56.75,-50.12753045524));
#6927 = CARTESIAN_POINT('',(58.482050807569,-50.12753045524));
#6928 = CARTESIAN_POINT('',(57.616025403784,-51.62753045524));
#6929 = CARTESIAN_POINT('',(56.75,-53.12753045524));
#6930 = CARTESIAN_POINT('',(55.883974596216,-51.62753045524));
#6931 = CARTESIAN_POINT('',(55.017949192431,-50.12753045524));
#6932 = CARTESIAN_POINT('',(56.75,-50.12753045524));
#6933 = ( GEOMETRIC_REPRESENTATION_CONTEXT(2) 
PARAMETRIC_REPRESENTATION_CONTEXT() REPRESENTATION_CONTEXT('2D SPACE',''
  ) );
#6934 = ORIENTED_EDGE('',*,*,#6935,.T.);
#6935 = EDGE_CURVE('',#6908,#6335,#6936,.T.);
#6936 = SURFACE_CURVE('',#6937,(#6941,#6948),.PCURVE_S1.);
#6937 = LINE('',#6938,#6939);
#6938 = CARTESIAN_POINT('',(56.75,-46.5,79.));
#6939 = VECTOR('',#6940,1.);
#6940 = DIRECTION('',(0.,0.,1.));
#6941 = PCURVE('',#6384,#6942);
#6942 = DEFINITIONAL_REPRESENTATION('',(#6943),#6947);
#6943 = LINE('',#6944,#6945);
#6944 = CARTESIAN_POINT('',(0.,0.));
#6945 = VECTOR('',#6946,1.);
#6946 = DIRECTION('',(0.,-1.));
#6947 = ( GEOMETRIC_REPRESENTATION_CONTEXT(2) 
PARAMETRIC_REPRESENTATION_CONTEXT() REPRESENTATION_CONTEXT('2D SPACE',''
  ) );
#6948 = PCURVE('',#6352,#6949);
#6949 = DEFINITIONAL_REPRESENTATION('',(#6950),#6954);
#6950 = LINE('',#6951,#6952);
#6951 = CARTESIAN_POINT('',(6.,0.));
#6952 = VECTOR('',#6953,1.);
#6953 = DIRECTION('',(0.,-1.));
#6954 = ( GEOMETRIC_REPRESENTATION_CONTEXT(2) 
PARAMETRIC_REPRESENTATION_CONTEXT() REPRESENTATION_CONTEXT('2D SPACE',''
  ) );
#6955 = ORIENTED_EDGE('',*,*,#6363,.T.);
#6956 = ORIENTED_EDGE('',*,*,#6881,.F.);
#6957 = ADVANCED_FACE('',(#6958),#6352,.F.);
#6958 = FACE_BOUND('',#6959,.F.);
#6959 = EDGE_LOOP('',(#6960,#6980,#6981,#6982));
#6960 = ORIENTED_EDGE('',*,*,#6961,.T.);
#6961 = EDGE_CURVE('',#6908,#6786,#6962,.T.);
#6962 = SURFACE_CURVE('',#6963,(#6967,#6973),.PCURVE_S1.);
#6963 = LINE('',#6964,#6965);
#6964 = CARTESIAN_POINT('',(25.375,-46.5,79.5));
#6965 = VECTOR('',#6966,1.);
#6966 = DIRECTION('',(-1.,0.,0.));
#6967 = PCURVE('',#6352,#6968);
#6968 = DEFINITIONAL_REPRESENTATION('',(#6969),#6972);
#6969 = B_SPLINE_CURVE_WITH_KNOTS('',1,(#6970,#6971),.UNSPECIFIED.,.F.,
  .F.,(2,2),(-31.375,-25.375),.PIECEWISE_BEZIER_KNOTS.);
#6970 = CARTESIAN_POINT('',(6.,-0.5));
#6971 = CARTESIAN_POINT('',(0.,-0.5));
#6972 = ( GEOMETRIC_REPRESENTATION_CONTEXT(2) 
PARAMETRIC_REPRESENTATION_CONTEXT() REPRESENTATION_CONTEXT('2D SPACE',''
  ) );
#6973 = PCURVE('',#1127,#6974);
#6974 = DEFINITIONAL_REPRESENTATION('',(#6975),#6979);
#6975 = LINE('',#6976,#6977);
#6976 = CARTESIAN_POINT('',(25.375,-50.12753045524));
#6977 = VECTOR('',#6978,1.);
#6978 = DIRECTION('',(-1.,0.));
#6979 = ( GEOMETRIC_REPRESENTATION_CONTEXT(2) 
PARAMETRIC_REPRESENTATION_CONTEXT() REPRESENTATION_CONTEXT('2D SPACE',''
  ) );
#6980 = ORIENTED_EDGE('',*,*,#6835,.T.);
#6981 = ORIENTED_EDGE('',*,*,#6334,.F.);
#6982 = ORIENTED_EDGE('',*,*,#6935,.F.);
#6983 = ADVANCED_FACE('',(#6984),#6320,.F.);
#6984 = FACE_BOUND('',#6985,.F.);
#6985 = EDGE_LOOP('',(#6986,#7007,#7035,#7054));
#6986 = ORIENTED_EDGE('',*,*,#6987,.F.);
#6987 = EDGE_CURVE('',#6988,#6201,#6990,.T.);
#6988 = VERTEX_POINT('',#6989);
#6989 = CARTESIAN_POINT('',(-40.00178412147,-43.39655172413,79.5));
#6990 = SURFACE_CURVE('',#6991,(#6995,#7001),.PCURVE_S1.);
#6991 = LINE('',#6992,#6993);
#6992 = CARTESIAN_POINT('',(-40.00178412147,-43.39655172413,79.49));
#6993 = VECTOR('',#6994,1.);
#6994 = DIRECTION('',(0.,0.,1.));
#6995 = PCURVE('',#6320,#6996);
#6996 = DEFINITIONAL_REPRESENTATION('',(#6997),#7000);
#6997 = B_SPLINE_CURVE_WITH_KNOTS('',1,(#6998,#6999),.UNSPECIFIED.,.F.,
  .F.,(2,2),(-6.000000070117E-07,3.5100006),.PIECEWISE_BEZIER_KNOTS.);
#6998 = CARTESIAN_POINT('',(4.781368172308,-6.000000070117E-07));
#6999 = CARTESIAN_POINT('',(4.781368172308,3.5100006));
#7000 = ( GEOMETRIC_REPRESENTATION_CONTEXT(2) 
PARAMETRIC_REPRESENTATION_CONTEXT() REPRESENTATION_CONTEXT('2D SPACE',''
  ) );
#7001 = PCURVE('',#6223,#7002);
#7002 = DEFINITIONAL_REPRESENTATION('',(#7003),#7006);
#7003 = B_SPLINE_CURVE_WITH_KNOTS('',1,(#7004,#7005),.UNSPECIFIED.,.F.,
  .F.,(2,2),(1.000000000001E-02,2.51),.PIECEWISE_BEZIER_KNOTS.);
#7004 = CARTESIAN_POINT('',(6.317674903141,1.000000000001E-02));
#7005 = CARTESIAN_POINT('',(6.317674903141,2.51));
#7006 = ( GEOMETRIC_REPRESENTATION_CONTEXT(2) 
PARAMETRIC_REPRESENTATION_CONTEXT() REPRESENTATION_CONTEXT('2D SPACE',''
  ) );
#7007 = ORIENTED_EDGE('',*,*,#7008,.F.);
#7008 = EDGE_CURVE('',#7009,#6988,#7011,.T.);
#7009 = VERTEX_POINT('',#7010);
#7010 = CARTESIAN_POINT('',(-40.00178412147,43.396551724138,79.5));
#7011 = SURFACE_CURVE('',#7012,(#7017,#7024),.PCURVE_S1.);
#7012 = CIRCLE('',#7013,43.5);
#7013 = AXIS2_PLACEMENT_3D('',#7014,#7015,#7016);
#7014 = CARTESIAN_POINT('',(-43.,0.,79.5));
#7015 = DIRECTION('',(0.,0.,-1.));
#7016 = DIRECTION('',(6.892450295453E-02,0.997621878716,0.));
#7017 = PCURVE('',#6320,#7018);
#7018 = DEFINITIONAL_REPRESENTATION('',(#7019),#7023);
#7019 = LINE('',#7020,#7021);
#7020 = CARTESIAN_POINT('',(7.785002442051,1.000000000001E-02));
#7021 = VECTOR('',#7022,1.);
#7022 = DIRECTION('',(-1.,-0.));
#7023 = ( GEOMETRIC_REPRESENTATION_CONTEXT(2) 
PARAMETRIC_REPRESENTATION_CONTEXT() REPRESENTATION_CONTEXT('2D SPACE',''
  ) );
#7024 = PCURVE('',#1127,#7025);
#7025 = DEFINITIONAL_REPRESENTATION('',(#7026),#7034);
#7026 = ( BOUNDED_CURVE() B_SPLINE_CURVE(2,(#7027,#7028,#7029,#7030,
#7031,#7032,#7033),.UNSPECIFIED.,.T.,.F.) B_SPLINE_CURVE_WITH_KNOTS((1,2
    ,2,2,2,1),(-2.094395102393,0.,2.094395102393,4.188790204786,
6.28318530718,8.377580409573),.UNSPECIFIED.) CURVE() 
GEOMETRIC_REPRESENTATION_ITEM() RATIONAL_B_SPLINE_CURVE((1.,0.5,1.,0.5,
1.,0.5,1.)) REPRESENTATION_ITEM('') );
#7027 = CARTESIAN_POINT('',(-40.00178412147,39.769021268897));
#7028 = CARTESIAN_POINT('',(35.16324833802,34.575959035237));
#7029 = CARTESIAN_POINT('',(-6.916591709512,-27.92233743414));
#7030 = CARTESIAN_POINT('',(-48.99643175704,-90.42063390351));
#7031 = CARTESIAN_POINT('',(-82.08162416901,-22.72927520048));
#7032 = CARTESIAN_POINT('',(-115.1668165809,44.962083502557));
#7033 = CARTESIAN_POINT('',(-40.00178412147,39.769021268897));
#7034 = ( GEOMETRIC_REPRESENTATION_CONTEXT(2) 
PARAMETRIC_REPRESENTATION_CONTEXT() REPRESENTATION_CONTEXT('2D SPACE',''
  ) );
#7035 = ORIENTED_EDGE('',*,*,#7036,.T.);
#7036 = EDGE_CURVE('',#7009,#6269,#7037,.T.);
#7037 = SURFACE_CURVE('',#7038,(#7042,#7048),.PCURVE_S1.);
#7038 = LINE('',#7039,#7040);
#7039 = CARTESIAN_POINT('',(-40.00178412147,43.396551724138,79.49));
#7040 = VECTOR('',#7041,1.);
#7041 = DIRECTION('',(0.,0.,1.));
#7042 = PCURVE('',#6320,#7043);
#7043 = DEFINITIONAL_REPRESENTATION('',(#7044),#7047);
#7044 = B_SPLINE_CURVE_WITH_KNOTS('',1,(#7045,#7046),.UNSPECIFIED.,.F.,
  .F.,(2,2),(1.000000000001E-02,2.51),.PIECEWISE_BEZIER_KNOTS.);
#7045 = CARTESIAN_POINT('',(7.785002442051,1.000000000001E-02));
#7046 = CARTESIAN_POINT('',(7.785002442051,2.51));
#7047 = ( GEOMETRIC_REPRESENTATION_CONTEXT(2) 
PARAMETRIC_REPRESENTATION_CONTEXT() REPRESENTATION_CONTEXT('2D SPACE',''
  ) );
#7048 = PCURVE('',#6289,#7049);
#7049 = DEFINITIONAL_REPRESENTATION('',(#7050),#7053);
#7050 = B_SPLINE_CURVE_WITH_KNOTS('',1,(#7051,#7052),.UNSPECIFIED.,.F.,
  .F.,(2,2),(1.000000000001E-02,2.51),.PIECEWISE_BEZIER_KNOTS.);
#7051 = CARTESIAN_POINT('',(6.248695711218,1.000000000001E-02));
#7052 = CARTESIAN_POINT('',(6.248695711218,2.51));
#7053 = ( GEOMETRIC_REPRESENTATION_CONTEXT(2) 
PARAMETRIC_REPRESENTATION_CONTEXT() REPRESENTATION_CONTEXT('2D SPACE',''
  ) );
#7054 = ORIENTED_EDGE('',*,*,#6301,.T.);
#7055 = ADVANCED_FACE('',(#7056),#6289,.F.);
#7056 = FACE_BOUND('',#7057,.F.);
#7057 = EDGE_LOOP('',(#7058,#7082,#7101,#7102));
#7058 = ORIENTED_EDGE('',*,*,#7059,.T.);
#7059 = EDGE_CURVE('',#7009,#7060,#7062,.T.);
#7060 = VERTEX_POINT('',#7061);
#7061 = CARTESIAN_POINT('',(-45.99821587852,43.396551724138,79.5));
#7062 = SURFACE_CURVE('',#7063,(#7068,#7075),.PCURVE_S1.);
#7063 = CIRCLE('',#7064,3.);
#7064 = AXIS2_PLACEMENT_3D('',#7065,#7066,#7067);
#7065 = CARTESIAN_POINT('',(-43.,43.5,79.5));
#7066 = DIRECTION('',(-0.,0.,1.));
#7067 = DIRECTION('',(0.999405292841,-3.448275862069E-02,0.));
#7068 = PCURVE('',#6289,#7069);
#7069 = DEFINITIONAL_REPRESENTATION('',(#7070),#7074);
#7070 = LINE('',#7071,#7072);
#7071 = CARTESIAN_POINT('',(6.248695711218,1.000000000001E-02));
#7072 = VECTOR('',#7073,1.);
#7073 = DIRECTION('',(1.,0.));
#7074 = ( GEOMETRIC_REPRESENTATION_CONTEXT(2) 
PARAMETRIC_REPRESENTATION_CONTEXT() REPRESENTATION_CONTEXT('2D SPACE',''
  ) );
#7075 = PCURVE('',#1127,#7076);
#7076 = DEFINITIONAL_REPRESENTATION('',(#7077),#7081);
#7077 = CIRCLE('',#7078,3.);
#7078 = AXIS2_PLACEMENT_2D('',#7079,#7080);
#7079 = CARTESIAN_POINT('',(-43.,39.872469544759));
#7080 = DIRECTION('',(0.999405292841,-3.448275862069E-02));
#7081 = ( GEOMETRIC_REPRESENTATION_CONTEXT(2) 
PARAMETRIC_REPRESENTATION_CONTEXT() REPRESENTATION_CONTEXT('2D SPACE',''
  ) );
#7082 = ORIENTED_EDGE('',*,*,#7083,.T.);
#7083 = EDGE_CURVE('',#7060,#6236,#7084,.T.);
#7084 = SURFACE_CURVE('',#7085,(#7089,#7095),.PCURVE_S1.);
#7085 = LINE('',#7086,#7087);
#7086 = CARTESIAN_POINT('',(-45.99821587852,43.396551724138,79.49));
#7087 = VECTOR('',#7088,1.);
#7088 = DIRECTION('',(0.,0.,1.));
#7089 = PCURVE('',#6289,#7090);
#7090 = DEFINITIONAL_REPRESENTATION('',(#7091),#7094);
#7091 = B_SPLINE_CURVE_WITH_KNOTS('',1,(#7092,#7093),.UNSPECIFIED.,.F.,
  .F.,(2,2),(1.000000000001E-02,2.51),.PIECEWISE_BEZIER_KNOTS.);
#7092 = CARTESIAN_POINT('',(9.459267556731,1.000000000001E-02));
#7093 = CARTESIAN_POINT('',(9.459267556731,2.51));
#7094 = ( GEOMETRIC_REPRESENTATION_CONTEXT(2) 
PARAMETRIC_REPRESENTATION_CONTEXT() REPRESENTATION_CONTEXT('2D SPACE',''
  ) );
#7095 = PCURVE('',#6256,#7096);
#7096 = DEFINITIONAL_REPRESENTATION('',(#7097),#7100);
#7097 = B_SPLINE_CURVE_WITH_KNOTS('',1,(#7098,#7099),.UNSPECIFIED.,.F.,
  .F.,(2,2),(-6.000000070117E-07,3.5100006),.PIECEWISE_BEZIER_KNOTS.);
#7098 = CARTESIAN_POINT('',(1.639775518718,-6.000000070117E-07));
#7099 = CARTESIAN_POINT('',(1.639775518718,3.5100006));
#7100 = ( GEOMETRIC_REPRESENTATION_CONTEXT(2) 
PARAMETRIC_REPRESENTATION_CONTEXT() REPRESENTATION_CONTEXT('2D SPACE',''
  ) );
#7101 = ORIENTED_EDGE('',*,*,#6268,.T.);
#7102 = ORIENTED_EDGE('',*,*,#7036,.F.);
#7103 = ADVANCED_FACE('',(#7104),#6256,.F.);
#7104 = FACE_BOUND('',#7105,.F.);
#7105 = EDGE_LOOP('',(#7106,#7107,#7108,#7136));
#7106 = ORIENTED_EDGE('',*,*,#6235,.T.);
#7107 = ORIENTED_EDGE('',*,*,#7083,.F.);
#7108 = ORIENTED_EDGE('',*,*,#7109,.F.);
#7109 = EDGE_CURVE('',#7110,#7060,#7112,.T.);
#7110 = VERTEX_POINT('',#7111);
#7111 = CARTESIAN_POINT('',(-45.99821587852,-43.39655172413,79.5));
#7112 = SURFACE_CURVE('',#7113,(#7118,#7125),.PCURVE_S1.);
#7113 = CIRCLE('',#7114,43.5);
#7114 = AXIS2_PLACEMENT_3D('',#7115,#7116,#7117);
#7115 = CARTESIAN_POINT('',(-43.,0.,79.5));
#7116 = DIRECTION('',(0.,0.,-1.));
#7117 = DIRECTION('',(-6.892450295453E-02,-0.997621878716,-0.));
#7118 = PCURVE('',#6256,#7119);
#7119 = DEFINITIONAL_REPRESENTATION('',(#7120),#7124);
#7120 = LINE('',#7121,#7122);
#7121 = CARTESIAN_POINT('',(4.643409788461,1.000000000001E-02));
#7122 = VECTOR('',#7123,1.);
#7123 = DIRECTION('',(-1.,-0.));
#7124 = ( GEOMETRIC_REPRESENTATION_CONTEXT(2) 
PARAMETRIC_REPRESENTATION_CONTEXT() REPRESENTATION_CONTEXT('2D SPACE',''
  ) );
#7125 = PCURVE('',#1127,#7126);
#7126 = DEFINITIONAL_REPRESENTATION('',(#7127),#7135);
#7127 = ( BOUNDED_CURVE() B_SPLINE_CURVE(2,(#7128,#7129,#7130,#7131,
#7132,#7133,#7134),.UNSPECIFIED.,.T.,.F.) B_SPLINE_CURVE_WITH_KNOTS((1,2
    ,2,2,2,1),(-2.094395102393,0.,2.094395102393,4.188790204786,
6.28318530718,8.377580409573),.UNSPECIFIED.) CURVE() 
GEOMETRIC_REPRESENTATION_ITEM() RATIONAL_B_SPLINE_CURVE((1.,0.5,1.,0.5,
1.,0.5,1.)) REPRESENTATION_ITEM('') );
#7128 = CARTESIAN_POINT('',(-45.99821587852,-47.02408217937));
#7129 = CARTESIAN_POINT('',(-121.163248338,-41.83101994571));
#7130 = CARTESIAN_POINT('',(-79.08340829048,20.667276523658));
#7131 = CARTESIAN_POINT('',(-37.00356824295,83.165572993035));
#7132 = CARTESIAN_POINT('',(-3.91837583099,15.474214289998));
#7133 = CARTESIAN_POINT('',(29.166816580976,-52.21714441303));
#7134 = CARTESIAN_POINT('',(-45.99821587852,-47.02408217937));
#7135 = ( GEOMETRIC_REPRESENTATION_CONTEXT(2) 
PARAMETRIC_REPRESENTATION_CONTEXT() REPRESENTATION_CONTEXT('2D SPACE',''
  ) );
#7136 = ORIENTED_EDGE('',*,*,#7137,.T.);
#7137 = EDGE_CURVE('',#7110,#6203,#7138,.T.);
#7138 = SURFACE_CURVE('',#7139,(#7143,#7149),.PCURVE_S1.);
#7139 = LINE('',#7140,#7141);
#7140 = CARTESIAN_POINT('',(-45.99821587852,-43.39655172413,79.49));
#7141 = VECTOR('',#7142,1.);
#7142 = DIRECTION('',(0.,0.,1.));
#7143 = PCURVE('',#6256,#7144);
#7144 = DEFINITIONAL_REPRESENTATION('',(#7145),#7148);
#7145 = B_SPLINE_CURVE_WITH_KNOTS('',1,(#7146,#7147),.UNSPECIFIED.,.F.,
  .F.,(2,2),(-6.000000070117E-07,3.5100006),.PIECEWISE_BEZIER_KNOTS.);
#7146 = CARTESIAN_POINT('',(4.643409788461,-6.000000070117E-07));
#7147 = CARTESIAN_POINT('',(4.643409788461,3.5100006));
#7148 = ( GEOMETRIC_REPRESENTATION_CONTEXT(2) 
PARAMETRIC_REPRESENTATION_CONTEXT() REPRESENTATION_CONTEXT('2D SPACE',''
  ) );
#7149 = PCURVE('',#6223,#7150);
#7150 = DEFINITIONAL_REPRESENTATION('',(#7151),#7154);
#7151 = B_SPLINE_CURVE_WITH_KNOTS('',1,(#7152,#7153),.UNSPECIFIED.,.F.,
  .F.,(2,2),(1.000000000001E-02,2.51),.PIECEWISE_BEZIER_KNOTS.);
#7152 = CARTESIAN_POINT('',(3.107103057628,1.000000000001E-02));
#7153 = CARTESIAN_POINT('',(3.107103057628,2.51));
#7154 = ( GEOMETRIC_REPRESENTATION_CONTEXT(2) 
PARAMETRIC_REPRESENTATION_CONTEXT() REPRESENTATION_CONTEXT('2D SPACE',''
  ) );
#7155 = ADVANCED_FACE('',(#7156),#6223,.F.);
#7156 = FACE_BOUND('',#7157,.F.);
#7157 = EDGE_LOOP('',(#7158,#7184,#7185,#7186));
#7158 = ORIENTED_EDGE('',*,*,#7159,.F.);
#7159 = EDGE_CURVE('',#6988,#7110,#7160,.T.);
#7160 = SURFACE_CURVE('',#7161,(#7166,#7173),.PCURVE_S1.);
#7161 = CIRCLE('',#7162,3.);
#7162 = AXIS2_PLACEMENT_3D('',#7163,#7164,#7165);
#7163 = CARTESIAN_POINT('',(-43.,-43.5,79.5));
#7164 = DIRECTION('',(0.,0.,-1.));
#7165 = DIRECTION('',(0.999405292841,3.448275862068E-02,0.));
#7166 = PCURVE('',#6223,#7167);
#7167 = DEFINITIONAL_REPRESENTATION('',(#7168),#7172);
#7168 = LINE('',#7169,#7170);
#7169 = CARTESIAN_POINT('',(6.317674903141,1.000000000001E-02));
#7170 = VECTOR('',#7171,1.);
#7171 = DIRECTION('',(-1.,-0.));
#7172 = ( GEOMETRIC_REPRESENTATION_CONTEXT(2) 
PARAMETRIC_REPRESENTATION_CONTEXT() REPRESENTATION_CONTEXT('2D SPACE',''
  ) );
#7173 = PCURVE('',#1127,#7174);
#7174 = DEFINITIONAL_REPRESENTATION('',(#7175),#7183);
#7175 = ( BOUNDED_CURVE() B_SPLINE_CURVE(2,(#7176,#7177,#7178,#7179,
#7180,#7181,#7182),.UNSPECIFIED.,.T.,.F.) B_SPLINE_CURVE_WITH_KNOTS((1,2
    ,2,2,2,1),(-2.094395102393,0.,2.094395102393,4.188790204786,
6.28318530718,8.377580409573),.UNSPECIFIED.) CURVE() 
GEOMETRIC_REPRESENTATION_ITEM() RATIONAL_B_SPLINE_CURVE((1.,0.5,1.,0.5,
1.,0.5,1.)) REPRESENTATION_ITEM('') );
#7176 = CARTESIAN_POINT('',(-40.00178412147,-47.02408217937));
#7177 = CARTESIAN_POINT('',(-39.82260645173,-52.21714441303));
#7178 = CARTESIAN_POINT('',(-44.40951910438,-49.77578571));
#7179 = CARTESIAN_POINT('',(-48.99643175704,-47.33442700696));
#7180 = CARTESIAN_POINT('',(-44.58869677413,-44.58272347634));
#7181 = CARTESIAN_POINT('',(-40.18096179122,-41.83101994571));
#7182 = CARTESIAN_POINT('',(-40.00178412147,-47.02408217937));
#7183 = ( GEOMETRIC_REPRESENTATION_CONTEXT(2) 
PARAMETRIC_REPRESENTATION_CONTEXT() REPRESENTATION_CONTEXT('2D SPACE',''
  ) );
#7184 = ORIENTED_EDGE('',*,*,#6987,.T.);
#7185 = ORIENTED_EDGE('',*,*,#6200,.T.);
#7186 = ORIENTED_EDGE('',*,*,#7137,.F.);
#7187 = ADVANCED_FACE('',(#7188),#6186,.F.);
#7188 = FACE_BOUND('',#7189,.F.);
#7189 = EDGE_LOOP('',(#7190,#7213,#7241,#7262));
#7190 = ORIENTED_EDGE('',*,*,#7191,.F.);
#7191 = EDGE_CURVE('',#7192,#5860,#7194,.T.);
#7192 = VERTEX_POINT('',#7193);
#7193 = CARTESIAN_POINT('',(79.75,-33.5,82.));
#7194 = SURFACE_CURVE('',#7195,(#7200,#7206),.PCURVE_S1.);
#7195 = CIRCLE('',#7196,0.25);
#7196 = AXIS2_PLACEMENT_3D('',#7197,#7198,#7199);
#7197 = CARTESIAN_POINT('',(80.,-33.5,82.));
#7198 = DIRECTION('',(-2.449293598295E-16,-1.,0.));
#7199 = DIRECTION('',(1.,-2.449293598295E-16,0.));
#7200 = PCURVE('',#6186,#7201);
#7201 = DEFINITIONAL_REPRESENTATION('',(#7202),#7205);
#7202 = B_SPLINE_CURVE_WITH_KNOTS('',1,(#7203,#7204),.UNSPECIFIED.,.F.,
  .F.,(2,2),(1.570796326795,7.853981633974),.PIECEWISE_BEZIER_KNOTS.);
#7203 = CARTESIAN_POINT('',(6.28318530718,4.75));
#7204 = CARTESIAN_POINT('',(0.,4.75));
#7205 = ( GEOMETRIC_REPRESENTATION_CONTEXT(2) 
PARAMETRIC_REPRESENTATION_CONTEXT() REPRESENTATION_CONTEXT('2D SPACE',''
  ) );
#7206 = PCURVE('',#5876,#7207);
#7207 = DEFINITIONAL_REPRESENTATION('',(#7208),#7212);
#7208 = LINE('',#7209,#7210);
#7209 = CARTESIAN_POINT('',(6.28318530718,0.));
#7210 = VECTOR('',#7211,1.);
#7211 = DIRECTION('',(0.,1.));
#7212 = ( GEOMETRIC_REPRESENTATION_CONTEXT(2) 
PARAMETRIC_REPRESENTATION_CONTEXT() REPRESENTATION_CONTEXT('2D SPACE',''
  ) );
#7213 = ORIENTED_EDGE('',*,*,#7214,.F.);
#7214 = EDGE_CURVE('',#7215,#7192,#7217,.T.);
#7215 = VERTEX_POINT('',#7216);
#7216 = CARTESIAN_POINT('',(79.75,27.,82.));
#7217 = SURFACE_CURVE('',#7218,(#7222,#7229),.PCURVE_S1.);
#7218 = LINE('',#7219,#7220);
#7219 = CARTESIAN_POINT('',(79.75,27.,82.));
#7220 = VECTOR('',#7221,1.);
#7221 = DIRECTION('',(0.,-1.,0.));
#7222 = PCURVE('',#6186,#7223);
#7223 = DEFINITIONAL_REPRESENTATION('',(#7224),#7228);
#7224 = LINE('',#7225,#7226);
#7225 = CARTESIAN_POINT('',(4.712388980385,65.25));
#7226 = VECTOR('',#7227,1.);
#7227 = DIRECTION('',(-0.,-1.));
#7228 = ( GEOMETRIC_REPRESENTATION_CONTEXT(2) 
PARAMETRIC_REPRESENTATION_CONTEXT() REPRESENTATION_CONTEXT('2D SPACE',''
  ) );
#7229 = PCURVE('',#7230,#7235);
#7230 = PLANE('',#7231);
#7231 = AXIS2_PLACEMENT_3D('',#7232,#7233,#7234);
#7232 = CARTESIAN_POINT('',(0.,0.,82.));
#7233 = DIRECTION('',(0.,0.,1.));
#7234 = DIRECTION('',(1.,0.,-0.));
#7235 = DEFINITIONAL_REPRESENTATION('',(#7236),#7240);
#7236 = LINE('',#7237,#7238);
#7237 = CARTESIAN_POINT('',(79.75,27.));
#7238 = VECTOR('',#7239,1.);
#7239 = DIRECTION('',(0.,-1.));
#7240 = ( GEOMETRIC_REPRESENTATION_CONTEXT(2) 
PARAMETRIC_REPRESENTATION_CONTEXT() REPRESENTATION_CONTEXT('2D SPACE',''
  ) );
#7241 = ORIENTED_EDGE('',*,*,#7242,.F.);
#7242 = EDGE_CURVE('',#6144,#7215,#7243,.T.);
#7243 = SURFACE_CURVE('',#7244,(#7249,#7256),.PCURVE_S1.);
#7244 = CIRCLE('',#7245,0.25);
#7245 = AXIS2_PLACEMENT_3D('',#7246,#7247,#7248);
#7246 = CARTESIAN_POINT('',(80.,27.,82.));
#7247 = DIRECTION('',(0.,1.,0.));
#7248 = DIRECTION('',(0.,-0.,1.));
#7249 = PCURVE('',#6186,#7250);
#7250 = DEFINITIONAL_REPRESENTATION('',(#7251),#7255);
#7251 = LINE('',#7252,#7253);
#7252 = CARTESIAN_POINT('',(0.,65.25));
#7253 = VECTOR('',#7254,1.);
#7254 = DIRECTION('',(1.,0.));
#7255 = ( GEOMETRIC_REPRESENTATION_CONTEXT(2) 
PARAMETRIC_REPRESENTATION_CONTEXT() REPRESENTATION_CONTEXT('2D SPACE',''
  ) );
#7256 = PCURVE('',#6160,#7257);
#7257 = DEFINITIONAL_REPRESENTATION('',(#7258),#7261);
#7258 = B_SPLINE_CURVE_WITH_KNOTS('',1,(#7259,#7260),.UNSPECIFIED.,.F.,
  .F.,(2,2),(0.,6.28318530718),.PIECEWISE_BEZIER_KNOTS.);
#7259 = CARTESIAN_POINT('',(0.,7.853981633974));
#7260 = CARTESIAN_POINT('',(0.,1.570796326795));
#7261 = ( GEOMETRIC_REPRESENTATION_CONTEXT(2) 
PARAMETRIC_REPRESENTATION_CONTEXT() REPRESENTATION_CONTEXT('2D SPACE',''
  ) );
#7262 = ORIENTED_EDGE('',*,*,#6172,.T.);
#7263 = ADVANCED_FACE('',(#7264),#7230,.T.);
#7264 = FACE_BOUND('',#7265,.T.);
#7265 = EDGE_LOOP('',(#7266,#7291,#7315,#7337,#7359,#7360,#7384,#7406));
#7266 = ORIENTED_EDGE('',*,*,#7267,.F.);
#7267 = EDGE_CURVE('',#7268,#7270,#7272,.T.);
#7268 = VERTEX_POINT('',#7269);
#7269 = CARTESIAN_POINT('',(25.75,-33.5,82.));
#7270 = VERTEX_POINT('',#7271);
#7271 = CARTESIAN_POINT('',(25.75,27.,82.));
#7272 = SURFACE_CURVE('',#7273,(#7277,#7284),.PCURVE_S1.);
#7273 = LINE('',#7274,#7275);
#7274 = CARTESIAN_POINT('',(25.75,-33.5,82.));
#7275 = VECTOR('',#7276,1.);
#7276 = DIRECTION('',(0.,1.,0.));
#7277 = PCURVE('',#7230,#7278);
#7278 = DEFINITIONAL_REPRESENTATION('',(#7279),#7283);
#7279 = LINE('',#7280,#7281);
#7280 = CARTESIAN_POINT('',(25.75,-33.5));
#7281 = VECTOR('',#7282,1.);
#7282 = DIRECTION('',(0.,1.));
#7283 = ( GEOMETRIC_REPRESENTATION_CONTEXT(2) 
PARAMETRIC_REPRESENTATION_CONTEXT() REPRESENTATION_CONTEXT('2D SPACE',''
  ) );
#7284 = PCURVE('',#6075,#7285);
#7285 = DEFINITIONAL_REPRESENTATION('',(#7286),#7290);
#7286 = LINE('',#7287,#7288);
#7287 = CARTESIAN_POINT('',(4.712388980385,65.25));
#7288 = VECTOR('',#7289,1.);
#7289 = DIRECTION('',(-0.,-1.));
#7290 = ( GEOMETRIC_REPRESENTATION_CONTEXT(2) 
PARAMETRIC_REPRESENTATION_CONTEXT() REPRESENTATION_CONTEXT('2D SPACE',''
  ) );
#7291 = ORIENTED_EDGE('',*,*,#7292,.T.);
#7292 = EDGE_CURVE('',#7268,#7293,#7295,.T.);
#7293 = VERTEX_POINT('',#7294);
#7294 = CARTESIAN_POINT('',(30.25,-38.,82.));
#7295 = SURFACE_CURVE('',#7296,(#7301,#7308),.PCURVE_S1.);
#7296 = CIRCLE('',#7297,4.5);
#7297 = AXIS2_PLACEMENT_3D('',#7298,#7299,#7300);
#7298 = CARTESIAN_POINT('',(30.25,-33.5,82.));
#7299 = DIRECTION('',(0.,-0.,1.));
#7300 = DIRECTION('',(1.,0.,0.));
#7301 = PCURVE('',#7230,#7302);
#7302 = DEFINITIONAL_REPRESENTATION('',(#7303),#7307);
#7303 = CIRCLE('',#7304,4.5);
#7304 = AXIS2_PLACEMENT_2D('',#7305,#7306);
#7305 = CARTESIAN_POINT('',(30.25,-33.5));
#7306 = DIRECTION('',(1.,0.));
#7307 = ( GEOMETRIC_REPRESENTATION_CONTEXT(2) 
PARAMETRIC_REPRESENTATION_CONTEXT() REPRESENTATION_CONTEXT('2D SPACE',''
  ) );
#7308 = PCURVE('',#6047,#7309);
#7309 = DEFINITIONAL_REPRESENTATION('',(#7310),#7314);
#7310 = LINE('',#7311,#7312);
#7311 = CARTESIAN_POINT('',(0.,3.14159265359));
#7312 = VECTOR('',#7313,1.);
#7313 = DIRECTION('',(1.,0.));
#7314 = ( GEOMETRIC_REPRESENTATION_CONTEXT(2) 
PARAMETRIC_REPRESENTATION_CONTEXT() REPRESENTATION_CONTEXT('2D SPACE',''
  ) );
#7315 = ORIENTED_EDGE('',*,*,#7316,.T.);
#7316 = EDGE_CURVE('',#7293,#7317,#7319,.T.);
#7317 = VERTEX_POINT('',#7318);
#7318 = CARTESIAN_POINT('',(75.25,-38.,82.));
#7319 = SURFACE_CURVE('',#7320,(#7324,#7331),.PCURVE_S1.);
#7320 = LINE('',#7321,#7322);
#7321 = CARTESIAN_POINT('',(25.5,-38.,82.));
#7322 = VECTOR('',#7323,1.);
#7323 = DIRECTION('',(1.,0.,0.));
#7324 = PCURVE('',#7230,#7325);
#7325 = DEFINITIONAL_REPRESENTATION('',(#7326),#7330);
#7326 = LINE('',#7327,#7328);
#7327 = CARTESIAN_POINT('',(25.5,-38.));
#7328 = VECTOR('',#7329,1.);
#7329 = DIRECTION('',(1.,0.));
#7330 = ( GEOMETRIC_REPRESENTATION_CONTEXT(2) 
PARAMETRIC_REPRESENTATION_CONTEXT() REPRESENTATION_CONTEXT('2D SPACE',''
  ) );
#7331 = PCURVE('',#5904,#7332);
#7332 = DEFINITIONAL_REPRESENTATION('',(#7333),#7336);
#7333 = B_SPLINE_CURVE_WITH_KNOTS('',1,(#7334,#7335),.UNSPECIFIED.,.F.,
  .F.,(2,2),(4.75,49.75),.PIECEWISE_BEZIER_KNOTS.);
#7334 = CARTESIAN_POINT('',(4.712388980385,4.75));
#7335 = CARTESIAN_POINT('',(4.712388980385,49.75));
#7336 = ( GEOMETRIC_REPRESENTATION_CONTEXT(2) 
PARAMETRIC_REPRESENTATION_CONTEXT() REPRESENTATION_CONTEXT('2D SPACE',''
  ) );
#7337 = ORIENTED_EDGE('',*,*,#7338,.T.);
#7338 = EDGE_CURVE('',#7317,#7192,#7339,.T.);
#7339 = SURFACE_CURVE('',#7340,(#7345,#7352),.PCURVE_S1.);
#7340 = CIRCLE('',#7341,4.5);
#7341 = AXIS2_PLACEMENT_3D('',#7342,#7343,#7344);
#7342 = CARTESIAN_POINT('',(75.25,-33.5,82.));
#7343 = DIRECTION('',(0.,-0.,1.));
#7344 = DIRECTION('',(1.,0.,0.));
#7345 = PCURVE('',#7230,#7346);
#7346 = DEFINITIONAL_REPRESENTATION('',(#7347),#7351);
#7347 = CIRCLE('',#7348,4.5);
#7348 = AXIS2_PLACEMENT_2D('',#7349,#7350);
#7349 = CARTESIAN_POINT('',(75.25,-33.5));
#7350 = DIRECTION('',(1.,0.));
#7351 = ( GEOMETRIC_REPRESENTATION_CONTEXT(2) 
PARAMETRIC_REPRESENTATION_CONTEXT() REPRESENTATION_CONTEXT('2D SPACE',''
  ) );
#7352 = PCURVE('',#5876,#7353);
#7353 = DEFINITIONAL_REPRESENTATION('',(#7354),#7358);
#7354 = LINE('',#7355,#7356);
#7355 = CARTESIAN_POINT('',(0.,3.14159265359));
#7356 = VECTOR('',#7357,1.);
#7357 = DIRECTION('',(1.,0.));
#7358 = ( GEOMETRIC_REPRESENTATION_CONTEXT(2) 
PARAMETRIC_REPRESENTATION_CONTEXT() REPRESENTATION_CONTEXT('2D SPACE',''
  ) );
#7359 = ORIENTED_EDGE('',*,*,#7214,.F.);
#7360 = ORIENTED_EDGE('',*,*,#7361,.T.);
#7361 = EDGE_CURVE('',#7215,#7362,#7364,.T.);
#7362 = VERTEX_POINT('',#7363);
#7363 = CARTESIAN_POINT('',(75.25,31.5,82.));
#7364 = SURFACE_CURVE('',#7365,(#7370,#7377),.PCURVE_S1.);
#7365 = CIRCLE('',#7366,4.5);
#7366 = AXIS2_PLACEMENT_3D('',#7367,#7368,#7369);
#7367 = CARTESIAN_POINT('',(75.25,27.,82.));
#7368 = DIRECTION('',(0.,-0.,1.));
#7369 = DIRECTION('',(1.,0.,0.));
#7370 = PCURVE('',#7230,#7371);
#7371 = DEFINITIONAL_REPRESENTATION('',(#7372),#7376);
#7372 = CIRCLE('',#7373,4.5);
#7373 = AXIS2_PLACEMENT_2D('',#7374,#7375);
#7374 = CARTESIAN_POINT('',(75.25,27.));
#7375 = DIRECTION('',(1.,0.));
#7376 = ( GEOMETRIC_REPRESENTATION_CONTEXT(2) 
PARAMETRIC_REPRESENTATION_CONTEXT() REPRESENTATION_CONTEXT('2D SPACE',''
  ) );
#7377 = PCURVE('',#6160,#7378);
#7378 = DEFINITIONAL_REPRESENTATION('',(#7379),#7383);
#7379 = LINE('',#7380,#7381);
#7380 = CARTESIAN_POINT('',(0.,3.14159265359));
#7381 = VECTOR('',#7382,1.);
#7382 = DIRECTION('',(1.,0.));
#7383 = ( GEOMETRIC_REPRESENTATION_CONTEXT(2) 
PARAMETRIC_REPRESENTATION_CONTEXT() REPRESENTATION_CONTEXT('2D SPACE',''
  ) );
#7384 = ORIENTED_EDGE('',*,*,#7385,.T.);
#7385 = EDGE_CURVE('',#7362,#7386,#7388,.T.);
#7386 = VERTEX_POINT('',#7387);
#7387 = CARTESIAN_POINT('',(30.25,31.5,82.));
#7388 = SURFACE_CURVE('',#7389,(#7393,#7400),.PCURVE_S1.);
#7389 = LINE('',#7390,#7391);
#7390 = CARTESIAN_POINT('',(80.,31.5,82.));
#7391 = VECTOR('',#7392,1.);
#7392 = DIRECTION('',(-1.,0.,0.));
#7393 = PCURVE('',#7230,#7394);
#7394 = DEFINITIONAL_REPRESENTATION('',(#7395),#7399);
#7395 = LINE('',#7396,#7397);
#7396 = CARTESIAN_POINT('',(80.,31.5));
#7397 = VECTOR('',#7398,1.);
#7398 = DIRECTION('',(-1.,0.));
#7399 = ( GEOMETRIC_REPRESENTATION_CONTEXT(2) 
PARAMETRIC_REPRESENTATION_CONTEXT() REPRESENTATION_CONTEXT('2D SPACE',''
  ) );
#7400 = PCURVE('',#6132,#7401);
#7401 = DEFINITIONAL_REPRESENTATION('',(#7402),#7405);
#7402 = B_SPLINE_CURVE_WITH_KNOTS('',1,(#7403,#7404),.UNSPECIFIED.,.F.,
  .F.,(2,2),(4.75,49.75),.PIECEWISE_BEZIER_KNOTS.);
#7403 = CARTESIAN_POINT('',(4.712388980385,4.75));
#7404 = CARTESIAN_POINT('',(4.712388980385,49.75));
#7405 = ( GEOMETRIC_REPRESENTATION_CONTEXT(2) 
PARAMETRIC_REPRESENTATION_CONTEXT() REPRESENTATION_CONTEXT('2D SPACE',''
  ) );
#7406 = ORIENTED_EDGE('',*,*,#7407,.T.);
#7407 = EDGE_CURVE('',#7386,#7270,#7408,.T.);
#7408 = SURFACE_CURVE('',#7409,(#7414,#7421),.PCURVE_S1.);
#7409 = CIRCLE('',#7410,4.5);
#7410 = AXIS2_PLACEMENT_3D('',#7411,#7412,#7413);
#7411 = CARTESIAN_POINT('',(30.25,27.,82.));
#7412 = DIRECTION('',(0.,-0.,1.));
#7413 = DIRECTION('',(1.,0.,0.));
#7414 = PCURVE('',#7230,#7415);
#7415 = DEFINITIONAL_REPRESENTATION('',(#7416),#7420);
#7416 = CIRCLE('',#7417,4.5);
#7417 = AXIS2_PLACEMENT_2D('',#7418,#7419);
#7418 = CARTESIAN_POINT('',(30.25,27.));
#7419 = DIRECTION('',(1.,0.));
#7420 = ( GEOMETRIC_REPRESENTATION_CONTEXT(2) 
PARAMETRIC_REPRESENTATION_CONTEXT() REPRESENTATION_CONTEXT('2D SPACE',''
  ) );
#7421 = PCURVE('',#6104,#7422);
#7422 = DEFINITIONAL_REPRESENTATION('',(#7423),#7427);
#7423 = LINE('',#7424,#7425);
#7424 = CARTESIAN_POINT('',(0.,3.14159265359));
#7425 = VECTOR('',#7426,1.);
#7426 = DIRECTION('',(1.,0.));
#7427 = ( GEOMETRIC_REPRESENTATION_CONTEXT(2) 
PARAMETRIC_REPRESENTATION_CONTEXT() REPRESENTATION_CONTEXT('2D SPACE',''
  ) );
#7428 = ADVANCED_FACE('',(#7429),#6160,.F.);
#7429 = FACE_BOUND('',#7430,.F.);
#7430 = EDGE_LOOP('',(#7431,#7432,#7433,#7434));
#7431 = ORIENTED_EDGE('',*,*,#6143,.F.);
#7432 = ORIENTED_EDGE('',*,*,#7242,.T.);
#7433 = ORIENTED_EDGE('',*,*,#7361,.T.);
#7434 = ORIENTED_EDGE('',*,*,#7435,.T.);
#7435 = EDGE_CURVE('',#7362,#6117,#7436,.T.);
#7436 = SURFACE_CURVE('',#7437,(#7442,#7449),.PCURVE_S1.);
#7437 = CIRCLE('',#7438,0.25);
#7438 = AXIS2_PLACEMENT_3D('',#7439,#7440,#7441);
#7439 = CARTESIAN_POINT('',(75.25,31.75,82.));
#7440 = DIRECTION('',(1.,-6.123233995737E-17,-0.));
#7441 = DIRECTION('',(6.123233995737E-17,1.,0.));
#7442 = PCURVE('',#6160,#7443);
#7443 = DEFINITIONAL_REPRESENTATION('',(#7444),#7448);
#7444 = LINE('',#7445,#7446);
#7445 = CARTESIAN_POINT('',(1.570796326795,0.));
#7446 = VECTOR('',#7447,1.);
#7447 = DIRECTION('',(0.,1.));
#7448 = ( GEOMETRIC_REPRESENTATION_CONTEXT(2) 
PARAMETRIC_REPRESENTATION_CONTEXT() REPRESENTATION_CONTEXT('2D SPACE',''
  ) );
#7449 = PCURVE('',#6132,#7450);
#7450 = DEFINITIONAL_REPRESENTATION('',(#7451),#7454);
#7451 = B_SPLINE_CURVE_WITH_KNOTS('',1,(#7452,#7453),.UNSPECIFIED.,.F.,
  .F.,(2,2),(1.570796326795,7.853981633974),.PIECEWISE_BEZIER_KNOTS.);
#7452 = CARTESIAN_POINT('',(6.28318530718,4.75));
#7453 = CARTESIAN_POINT('',(0.,4.75));
#7454 = ( GEOMETRIC_REPRESENTATION_CONTEXT(2) 
PARAMETRIC_REPRESENTATION_CONTEXT() REPRESENTATION_CONTEXT('2D SPACE',''
  ) );
#7455 = ADVANCED_FACE('',(#7456),#6132,.F.);
#7456 = FACE_BOUND('',#7457,.F.);
#7457 = EDGE_LOOP('',(#7458,#7459,#7460,#7481));
#7458 = ORIENTED_EDGE('',*,*,#7435,.F.);
#7459 = ORIENTED_EDGE('',*,*,#7385,.T.);
#7460 = ORIENTED_EDGE('',*,*,#7461,.F.);
#7461 = EDGE_CURVE('',#6088,#7386,#7462,.T.);
#7462 = SURFACE_CURVE('',#7463,(#7468,#7475),.PCURVE_S1.);
#7463 = CIRCLE('',#7464,0.25);
#7464 = AXIS2_PLACEMENT_3D('',#7465,#7466,#7467);
#7465 = CARTESIAN_POINT('',(30.25,31.75,82.));
#7466 = DIRECTION('',(-1.,0.,0.));
#7467 = DIRECTION('',(0.,0.,1.));
#7468 = PCURVE('',#6132,#7469);
#7469 = DEFINITIONAL_REPRESENTATION('',(#7470),#7474);
#7470 = LINE('',#7471,#7472);
#7471 = CARTESIAN_POINT('',(0.,49.75));
#7472 = VECTOR('',#7473,1.);
#7473 = DIRECTION('',(1.,0.));
#7474 = ( GEOMETRIC_REPRESENTATION_CONTEXT(2) 
PARAMETRIC_REPRESENTATION_CONTEXT() REPRESENTATION_CONTEXT('2D SPACE',''
  ) );
#7475 = PCURVE('',#6104,#7476);
#7476 = DEFINITIONAL_REPRESENTATION('',(#7477),#7480);
#7477 = B_SPLINE_CURVE_WITH_KNOTS('',1,(#7478,#7479),.UNSPECIFIED.,.F.,
  .F.,(2,2),(0.,6.28318530718),.PIECEWISE_BEZIER_KNOTS.);
#7478 = CARTESIAN_POINT('',(1.570796326795,7.853981633974));
#7479 = CARTESIAN_POINT('',(1.570796326795,1.570796326795));
#7480 = ( GEOMETRIC_REPRESENTATION_CONTEXT(2) 
PARAMETRIC_REPRESENTATION_CONTEXT() REPRESENTATION_CONTEXT('2D SPACE',''
  ) );
#7481 = ORIENTED_EDGE('',*,*,#6116,.F.);
#7482 = ADVANCED_FACE('',(#7483),#6104,.F.);
#7483 = FACE_BOUND('',#7484,.F.);
#7484 = EDGE_LOOP('',(#7485,#7486,#7487,#7488));
#7485 = ORIENTED_EDGE('',*,*,#6087,.F.);
#7486 = ORIENTED_EDGE('',*,*,#7461,.T.);
#7487 = ORIENTED_EDGE('',*,*,#7407,.T.);
#7488 = ORIENTED_EDGE('',*,*,#7489,.T.);
#7489 = EDGE_CURVE('',#7270,#6060,#7490,.T.);
#7490 = SURFACE_CURVE('',#7491,(#7496,#7503),.PCURVE_S1.);
#7491 = CIRCLE('',#7492,0.25);
#7492 = AXIS2_PLACEMENT_3D('',#7493,#7494,#7495);
#7493 = CARTESIAN_POINT('',(25.5,27.,82.));
#7494 = DIRECTION('',(1.224646799147E-16,1.,0.));
#7495 = DIRECTION('',(-1.,1.224646799147E-16,0.));
#7496 = PCURVE('',#6104,#7497);
#7497 = DEFINITIONAL_REPRESENTATION('',(#7498),#7502);
#7498 = LINE('',#7499,#7500);
#7499 = CARTESIAN_POINT('',(3.14159265359,0.));
#7500 = VECTOR('',#7501,1.);
#7501 = DIRECTION('',(0.,1.));
#7502 = ( GEOMETRIC_REPRESENTATION_CONTEXT(2) 
PARAMETRIC_REPRESENTATION_CONTEXT() REPRESENTATION_CONTEXT('2D SPACE',''
  ) );
#7503 = PCURVE('',#6075,#7504);
#7504 = DEFINITIONAL_REPRESENTATION('',(#7505),#7508);
#7505 = B_SPLINE_CURVE_WITH_KNOTS('',1,(#7506,#7507),.UNSPECIFIED.,.F.,
  .F.,(2,2),(1.570796326795,7.853981633974),.PIECEWISE_BEZIER_KNOTS.);
#7506 = CARTESIAN_POINT('',(6.28318530718,4.75));
#7507 = CARTESIAN_POINT('',(0.,4.75));
#7508 = ( GEOMETRIC_REPRESENTATION_CONTEXT(2) 
PARAMETRIC_REPRESENTATION_CONTEXT() REPRESENTATION_CONTEXT('2D SPACE',''
  ) );
#7509 = ADVANCED_FACE('',(#7510),#6075,.F.);
#7510 = FACE_BOUND('',#7511,.F.);
#7511 = EDGE_LOOP('',(#7512,#7513,#7514,#7515));
#7512 = ORIENTED_EDGE('',*,*,#6059,.T.);
#7513 = ORIENTED_EDGE('',*,*,#7489,.F.);
#7514 = ORIENTED_EDGE('',*,*,#7267,.F.);
#7515 = ORIENTED_EDGE('',*,*,#7516,.F.);
#7516 = EDGE_CURVE('',#6031,#7268,#7517,.T.);
#7517 = SURFACE_CURVE('',#7518,(#7523,#7530),.PCURVE_S1.);
#7518 = CIRCLE('',#7519,0.25);
#7519 = AXIS2_PLACEMENT_3D('',#7520,#7521,#7522);
#7520 = CARTESIAN_POINT('',(25.5,-33.5,82.));
#7521 = DIRECTION('',(0.,-1.,0.));
#7522 = DIRECTION('',(0.,0.,1.));
#7523 = PCURVE('',#6075,#7524);
#7524 = DEFINITIONAL_REPRESENTATION('',(#7525),#7529);
#7525 = LINE('',#7526,#7527);
#7526 = CARTESIAN_POINT('',(0.,65.25));
#7527 = VECTOR('',#7528,1.);
#7528 = DIRECTION('',(1.,0.));
#7529 = ( GEOMETRIC_REPRESENTATION_CONTEXT(2) 
PARAMETRIC_REPRESENTATION_CONTEXT() REPRESENTATION_CONTEXT('2D SPACE',''
  ) );
#7530 = PCURVE('',#6047,#7531);
#7531 = DEFINITIONAL_REPRESENTATION('',(#7532),#7535);
#7532 = B_SPLINE_CURVE_WITH_KNOTS('',1,(#7533,#7534),.UNSPECIFIED.,.F.,
  .F.,(2,2),(0.,6.28318530718),.PIECEWISE_BEZIER_KNOTS.);
#7533 = CARTESIAN_POINT('',(3.14159265359,7.853981633974));
#7534 = CARTESIAN_POINT('',(3.14159265359,1.570796326795));
#7535 = ( GEOMETRIC_REPRESENTATION_CONTEXT(2) 
PARAMETRIC_REPRESENTATION_CONTEXT() REPRESENTATION_CONTEXT('2D SPACE',''
  ) );
#7536 = ADVANCED_FACE('',(#7537),#6047,.F.);
#7537 = FACE_BOUND('',#7538,.F.);
#7538 = EDGE_LOOP('',(#7539,#7540,#7541,#7542));
#7539 = ORIENTED_EDGE('',*,*,#6030,.F.);
#7540 = ORIENTED_EDGE('',*,*,#7516,.T.);
#7541 = ORIENTED_EDGE('',*,*,#7292,.T.);
#7542 = ORIENTED_EDGE('',*,*,#7543,.F.);
#7543 = EDGE_CURVE('',#6009,#7293,#7544,.T.);
#7544 = SURFACE_CURVE('',#7545,(#7550,#7556),.PCURVE_S1.);
#7545 = CIRCLE('',#7546,0.25);
#7546 = AXIS2_PLACEMENT_3D('',#7547,#7548,#7549);
#7547 = CARTESIAN_POINT('',(30.25,-38.25,82.));
#7548 = DIRECTION('',(1.,0.,-0.));
#7549 = DIRECTION('',(0.,0.,1.));
#7550 = PCURVE('',#6047,#7551);
#7551 = DEFINITIONAL_REPRESENTATION('',(#7552),#7555);
#7552 = B_SPLINE_CURVE_WITH_KNOTS('',1,(#7553,#7554),.UNSPECIFIED.,.F.,
  .F.,(2,2),(0.,6.28318530718),.PIECEWISE_BEZIER_KNOTS.);
#7553 = CARTESIAN_POINT('',(4.712388980385,7.853981633974));
#7554 = CARTESIAN_POINT('',(4.712388980385,1.570796326795));
#7555 = ( GEOMETRIC_REPRESENTATION_CONTEXT(2) 
PARAMETRIC_REPRESENTATION_CONTEXT() REPRESENTATION_CONTEXT('2D SPACE',''
  ) );
#7556 = PCURVE('',#5904,#7557);
#7557 = DEFINITIONAL_REPRESENTATION('',(#7558),#7562);
#7558 = LINE('',#7559,#7560);
#7559 = CARTESIAN_POINT('',(0.,4.75));
#7560 = VECTOR('',#7561,1.);
#7561 = DIRECTION('',(1.,0.));
#7562 = ( GEOMETRIC_REPRESENTATION_CONTEXT(2) 
PARAMETRIC_REPRESENTATION_CONTEXT() REPRESENTATION_CONTEXT('2D SPACE',''
  ) );
#7563 = ADVANCED_FACE('',(#7564),#5996,.F.);
#7564 = FACE_BOUND('',#7565,.F.);
#7565 = EDGE_LOOP('',(#7566,#7596,#7617,#7618));
#7566 = ORIENTED_EDGE('',*,*,#7567,.F.);
#7567 = EDGE_CURVE('',#7568,#7570,#7572,.T.);
#7568 = VERTEX_POINT('',#7569);
#7569 = CARTESIAN_POINT('',(50.75,-40.5,79.5));
#7570 = VERTEX_POINT('',#7571);
#7571 = CARTESIAN_POINT('',(50.75,-38.5,79.5));
#7572 = SURFACE_CURVE('',#7573,(#7578,#7585),.PCURVE_S1.);
#7573 = CIRCLE('',#7574,1.);
#7574 = AXIS2_PLACEMENT_3D('',#7575,#7576,#7577);
#7575 = CARTESIAN_POINT('',(50.75,-39.5,79.5));
#7576 = DIRECTION('',(0.,-0.,-1.));
#7577 = DIRECTION('',(0.,-1.,0.));
#7578 = PCURVE('',#5996,#7579);
#7579 = DEFINITIONAL_REPRESENTATION('',(#7580),#7584);
#7580 = LINE('',#7581,#7582);
#7581 = CARTESIAN_POINT('',(0.,-0.5));
#7582 = VECTOR('',#7583,1.);
#7583 = DIRECTION('',(1.,0.));
#7584 = ( GEOMETRIC_REPRESENTATION_CONTEXT(2) 
PARAMETRIC_REPRESENTATION_CONTEXT() REPRESENTATION_CONTEXT('2D SPACE',''
  ) );
#7585 = PCURVE('',#1127,#7586);
#7586 = DEFINITIONAL_REPRESENTATION('',(#7587),#7595);
#7587 = ( BOUNDED_CURVE() B_SPLINE_CURVE(2,(#7588,#7589,#7590,#7591,
#7592,#7593,#7594),.UNSPECIFIED.,.T.,.F.) B_SPLINE_CURVE_WITH_KNOTS((1,2
    ,2,2,2,1),(-2.094395102393,0.,2.094395102393,4.188790204786,
6.28318530718,8.377580409573),.UNSPECIFIED.) CURVE() 
GEOMETRIC_REPRESENTATION_ITEM() RATIONAL_B_SPLINE_CURVE((1.,0.5,1.,0.5,
1.,0.5,1.)) REPRESENTATION_ITEM('') );
#7588 = CARTESIAN_POINT('',(50.75,-44.12753045524));
#7589 = CARTESIAN_POINT('',(49.017949192431,-44.12753045524));
#7590 = CARTESIAN_POINT('',(49.883974596216,-42.62753045524));
#7591 = CARTESIAN_POINT('',(50.75,-41.12753045524));
#7592 = CARTESIAN_POINT('',(51.616025403784,-42.62753045524));
#7593 = CARTESIAN_POINT('',(52.482050807569,-44.12753045524));
#7594 = CARTESIAN_POINT('',(50.75,-44.12753045524));
#7595 = ( GEOMETRIC_REPRESENTATION_CONTEXT(2) 
PARAMETRIC_REPRESENTATION_CONTEXT() REPRESENTATION_CONTEXT('2D SPACE',''
  ) );
#7596 = ORIENTED_EDGE('',*,*,#7597,.T.);
#7597 = EDGE_CURVE('',#7568,#5949,#7598,.T.);
#7598 = SURFACE_CURVE('',#7599,(#7603,#7610),.PCURVE_S1.);
#7599 = LINE('',#7600,#7601);
#7600 = CARTESIAN_POINT('',(50.75,-40.5,79.));
#7601 = VECTOR('',#7602,1.);
#7602 = DIRECTION('',(0.,0.,1.));
#7603 = PCURVE('',#5996,#7604);
#7604 = DEFINITIONAL_REPRESENTATION('',(#7605),#7609);
#7605 = LINE('',#7606,#7607);
#7606 = CARTESIAN_POINT('',(0.,0.));
#7607 = VECTOR('',#7608,1.);
#7608 = DIRECTION('',(0.,-1.));
#7609 = ( GEOMETRIC_REPRESENTATION_CONTEXT(2) 
PARAMETRIC_REPRESENTATION_CONTEXT() REPRESENTATION_CONTEXT('2D SPACE',''
  ) );
#7610 = PCURVE('',#5964,#7611);
#7611 = DEFINITIONAL_REPRESENTATION('',(#7612),#7616);
#7612 = LINE('',#7613,#7614);
#7613 = CARTESIAN_POINT('',(6.,0.));
#7614 = VECTOR('',#7615,1.);
#7615 = DIRECTION('',(0.,-1.));
#7616 = ( GEOMETRIC_REPRESENTATION_CONTEXT(2) 
PARAMETRIC_REPRESENTATION_CONTEXT() REPRESENTATION_CONTEXT('2D SPACE',''
  ) );
#7617 = ORIENTED_EDGE('',*,*,#5975,.T.);
#7618 = ORIENTED_EDGE('',*,*,#7619,.F.);
#7619 = EDGE_CURVE('',#7570,#5976,#7620,.T.);
#7620 = SURFACE_CURVE('',#7621,(#7625,#7632),.PCURVE_S1.);
#7621 = LINE('',#7622,#7623);
#7622 = CARTESIAN_POINT('',(50.75,-38.5,79.));
#7623 = VECTOR('',#7624,1.);
#7624 = DIRECTION('',(0.,0.,1.));
#7625 = PCURVE('',#5996,#7626);
#7626 = DEFINITIONAL_REPRESENTATION('',(#7627),#7631);
#7627 = LINE('',#7628,#7629);
#7628 = CARTESIAN_POINT('',(3.14159265359,0.));
#7629 = VECTOR('',#7630,1.);
#7630 = DIRECTION('',(0.,-1.));
#7631 = ( GEOMETRIC_REPRESENTATION_CONTEXT(2) 
PARAMETRIC_REPRESENTATION_CONTEXT() REPRESENTATION_CONTEXT('2D SPACE',''
  ) );
#7632 = PCURVE('',#7633,#7638);
#7633 = PLANE('',#7634);
#7634 = AXIS2_PLACEMENT_3D('',#7635,#7636,#7637);
#7635 = CARTESIAN_POINT('',(50.75,-38.5,79.));
#7636 = DIRECTION('',(0.,1.,0.));
#7637 = DIRECTION('',(1.,0.,0.));
#7638 = DEFINITIONAL_REPRESENTATION('',(#7639),#7643);
#7639 = LINE('',#7640,#7641);
#7640 = CARTESIAN_POINT('',(0.,0.));
#7641 = VECTOR('',#7642,1.);
#7642 = DIRECTION('',(0.,-1.));
#7643 = ( GEOMETRIC_REPRESENTATION_CONTEXT(2) 
PARAMETRIC_REPRESENTATION_CONTEXT() REPRESENTATION_CONTEXT('2D SPACE',''
  ) );
#7644 = ADVANCED_FACE('',(#7645),#7633,.F.);
#7645 = FACE_BOUND('',#7646,.F.);
#7646 = EDGE_LOOP('',(#7647,#7669,#7670,#7690));
#7647 = ORIENTED_EDGE('',*,*,#7648,.T.);
#7648 = EDGE_CURVE('',#7649,#7570,#7651,.T.);
#7649 = VERTEX_POINT('',#7650);
#7650 = CARTESIAN_POINT('',(56.75,-38.5,79.5));
#7651 = SURFACE_CURVE('',#7652,(#7656,#7662),.PCURVE_S1.);
#7652 = LINE('',#7653,#7654);
#7653 = CARTESIAN_POINT('',(25.375,-38.5,79.5));
#7654 = VECTOR('',#7655,1.);
#7655 = DIRECTION('',(-1.,0.,0.));
#7656 = PCURVE('',#7633,#7657);
#7657 = DEFINITIONAL_REPRESENTATION('',(#7658),#7661);
#7658 = B_SPLINE_CURVE_WITH_KNOTS('',1,(#7659,#7660),.UNSPECIFIED.,.F.,
  .F.,(2,2),(-31.375,-25.375),.PIECEWISE_BEZIER_KNOTS.);
#7659 = CARTESIAN_POINT('',(6.,-0.5));
#7660 = CARTESIAN_POINT('',(0.,-0.5));
#7661 = ( GEOMETRIC_REPRESENTATION_CONTEXT(2) 
PARAMETRIC_REPRESENTATION_CONTEXT() REPRESENTATION_CONTEXT('2D SPACE',''
  ) );
#7662 = PCURVE('',#1127,#7663);
#7663 = DEFINITIONAL_REPRESENTATION('',(#7664),#7668);
#7664 = LINE('',#7665,#7666);
#7665 = CARTESIAN_POINT('',(25.375,-42.12753045524));
#7666 = VECTOR('',#7667,1.);
#7667 = DIRECTION('',(-1.,0.));
#7668 = ( GEOMETRIC_REPRESENTATION_CONTEXT(2) 
PARAMETRIC_REPRESENTATION_CONTEXT() REPRESENTATION_CONTEXT('2D SPACE',''
  ) );
#7669 = ORIENTED_EDGE('',*,*,#7619,.T.);
#7670 = ORIENTED_EDGE('',*,*,#7671,.F.);
#7671 = EDGE_CURVE('',#5889,#5976,#7672,.T.);
#7672 = SURFACE_CURVE('',#7673,(#7677,#7683),.PCURVE_S1.);
#7673 = LINE('',#7674,#7675);
#7674 = CARTESIAN_POINT('',(25.375,-38.5,82.));
#7675 = VECTOR('',#7676,1.);
#7676 = DIRECTION('',(-1.,0.,0.));
#7677 = PCURVE('',#7633,#7678);
#7678 = DEFINITIONAL_REPRESENTATION('',(#7679),#7682);
#7679 = B_SPLINE_CURVE_WITH_KNOTS('',1,(#7680,#7681),.UNSPECIFIED.,.F.,
  .F.,(2,2),(-31.375,-25.375),.PIECEWISE_BEZIER_KNOTS.);
#7680 = CARTESIAN_POINT('',(6.,-3.));
#7681 = CARTESIAN_POINT('',(0.,-3.));
#7682 = ( GEOMETRIC_REPRESENTATION_CONTEXT(2) 
PARAMETRIC_REPRESENTATION_CONTEXT() REPRESENTATION_CONTEXT('2D SPACE',''
  ) );
#7683 = PCURVE('',#5904,#7684);
#7684 = DEFINITIONAL_REPRESENTATION('',(#7685),#7689);
#7685 = LINE('',#7686,#7687);
#7686 = CARTESIAN_POINT('',(1.570796326795,-0.125));
#7687 = VECTOR('',#7688,1.);
#7688 = DIRECTION('',(0.,-1.));
#7689 = ( GEOMETRIC_REPRESENTATION_CONTEXT(2) 
PARAMETRIC_REPRESENTATION_CONTEXT() REPRESENTATION_CONTEXT('2D SPACE',''
  ) );
#7690 = ORIENTED_EDGE('',*,*,#7691,.F.);
#7691 = EDGE_CURVE('',#7649,#5889,#7692,.T.);
#7692 = SURFACE_CURVE('',#7693,(#7697,#7704),.PCURVE_S1.);
#7693 = LINE('',#7694,#7695);
#7694 = CARTESIAN_POINT('',(56.75,-38.5,79.));
#7695 = VECTOR('',#7696,1.);
#7696 = DIRECTION('',(0.,0.,1.));
#7697 = PCURVE('',#7633,#7698);
#7698 = DEFINITIONAL_REPRESENTATION('',(#7699),#7703);
#7699 = LINE('',#7700,#7701);
#7700 = CARTESIAN_POINT('',(6.,0.));
#7701 = VECTOR('',#7702,1.);
#7702 = DIRECTION('',(0.,-1.));
#7703 = ( GEOMETRIC_REPRESENTATION_CONTEXT(2) 
PARAMETRIC_REPRESENTATION_CONTEXT() REPRESENTATION_CONTEXT('2D SPACE',''
  ) );
#7704 = PCURVE('',#5936,#7705);
#7705 = DEFINITIONAL_REPRESENTATION('',(#7706),#7710);
#7706 = LINE('',#7707,#7708);
#7707 = CARTESIAN_POINT('',(0.,0.));
#7708 = VECTOR('',#7709,1.);
#7709 = DIRECTION('',(0.,-1.));
#7710 = ( GEOMETRIC_REPRESENTATION_CONTEXT(2) 
PARAMETRIC_REPRESENTATION_CONTEXT() REPRESENTATION_CONTEXT('2D SPACE',''
  ) );
#7711 = ADVANCED_FACE('',(#7712),#5964,.F.);
#7712 = FACE_BOUND('',#7713,.F.);
#7713 = EDGE_LOOP('',(#7714,#7736,#7757,#7758));
#7714 = ORIENTED_EDGE('',*,*,#7715,.T.);
#7715 = EDGE_CURVE('',#7568,#7716,#7718,.T.);
#7716 = VERTEX_POINT('',#7717);
#7717 = CARTESIAN_POINT('',(56.75,-40.5,79.5));
#7718 = SURFACE_CURVE('',#7719,(#7723,#7729),.PCURVE_S1.);
#7719 = LINE('',#7720,#7721);
#7720 = CARTESIAN_POINT('',(28.375,-40.5,79.5));
#7721 = VECTOR('',#7722,1.);
#7722 = DIRECTION('',(1.,0.,-0.));
#7723 = PCURVE('',#5964,#7724);
#7724 = DEFINITIONAL_REPRESENTATION('',(#7725),#7728);
#7725 = B_SPLINE_CURVE_WITH_KNOTS('',1,(#7726,#7727),.UNSPECIFIED.,.F.,
  .F.,(2,2),(22.375,28.375),.PIECEWISE_BEZIER_KNOTS.);
#7726 = CARTESIAN_POINT('',(6.,-0.5));
#7727 = CARTESIAN_POINT('',(0.,-0.5));
#7728 = ( GEOMETRIC_REPRESENTATION_CONTEXT(2) 
PARAMETRIC_REPRESENTATION_CONTEXT() REPRESENTATION_CONTEXT('2D SPACE',''
  ) );
#7729 = PCURVE('',#1127,#7730);
#7730 = DEFINITIONAL_REPRESENTATION('',(#7731),#7735);
#7731 = LINE('',#7732,#7733);
#7732 = CARTESIAN_POINT('',(28.375,-44.12753045524));
#7733 = VECTOR('',#7734,1.);
#7734 = DIRECTION('',(1.,0.));
#7735 = ( GEOMETRIC_REPRESENTATION_CONTEXT(2) 
PARAMETRIC_REPRESENTATION_CONTEXT() REPRESENTATION_CONTEXT('2D SPACE',''
  ) );
#7736 = ORIENTED_EDGE('',*,*,#7737,.T.);
#7737 = EDGE_CURVE('',#7716,#5916,#7738,.T.);
#7738 = SURFACE_CURVE('',#7739,(#7743,#7750),.PCURVE_S1.);
#7739 = LINE('',#7740,#7741);
#7740 = CARTESIAN_POINT('',(56.75,-40.5,79.));
#7741 = VECTOR('',#7742,1.);
#7742 = DIRECTION('',(0.,0.,1.));
#7743 = PCURVE('',#5964,#7744);
#7744 = DEFINITIONAL_REPRESENTATION('',(#7745),#7749);
#7745 = LINE('',#7746,#7747);
#7746 = CARTESIAN_POINT('',(0.,-0.));
#7747 = VECTOR('',#7748,1.);
#7748 = DIRECTION('',(0.,-1.));
#7749 = ( GEOMETRIC_REPRESENTATION_CONTEXT(2) 
PARAMETRIC_REPRESENTATION_CONTEXT() REPRESENTATION_CONTEXT('2D SPACE',''
  ) );
#7750 = PCURVE('',#5936,#7751);
#7751 = DEFINITIONAL_REPRESENTATION('',(#7752),#7756);
#7752 = LINE('',#7753,#7754);
#7753 = CARTESIAN_POINT('',(3.14159265359,0.));
#7754 = VECTOR('',#7755,1.);
#7755 = DIRECTION('',(0.,-1.));
#7756 = ( GEOMETRIC_REPRESENTATION_CONTEXT(2) 
PARAMETRIC_REPRESENTATION_CONTEXT() REPRESENTATION_CONTEXT('2D SPACE',''
  ) );
#7757 = ORIENTED_EDGE('',*,*,#5948,.F.);
#7758 = ORIENTED_EDGE('',*,*,#7597,.F.);
#7759 = ADVANCED_FACE('',(#7760),#5936,.F.);
#7760 = FACE_BOUND('',#7761,.F.);
#7761 = EDGE_LOOP('',(#7762,#7788,#7789,#7790));
#7762 = ORIENTED_EDGE('',*,*,#7763,.F.);
#7763 = EDGE_CURVE('',#7649,#7716,#7764,.T.);
#7764 = SURFACE_CURVE('',#7765,(#7770,#7777),.PCURVE_S1.);
#7765 = CIRCLE('',#7766,1.);
#7766 = AXIS2_PLACEMENT_3D('',#7767,#7768,#7769);
#7767 = CARTESIAN_POINT('',(56.75,-39.5,79.5));
#7768 = DIRECTION('',(0.,0.,-1.));
#7769 = DIRECTION('',(0.,1.,0.));
#7770 = PCURVE('',#5936,#7771);
#7771 = DEFINITIONAL_REPRESENTATION('',(#7772),#7776);
#7772 = LINE('',#7773,#7774);
#7773 = CARTESIAN_POINT('',(0.,-0.5));
#7774 = VECTOR('',#7775,1.);
#7775 = DIRECTION('',(1.,0.));
#7776 = ( GEOMETRIC_REPRESENTATION_CONTEXT(2) 
PARAMETRIC_REPRESENTATION_CONTEXT() REPRESENTATION_CONTEXT('2D SPACE',''
  ) );
#7777 = PCURVE('',#1127,#7778);
#7778 = DEFINITIONAL_REPRESENTATION('',(#7779),#7787);
#7779 = ( BOUNDED_CURVE() B_SPLINE_CURVE(2,(#7780,#7781,#7782,#7783,
#7784,#7785,#7786),.UNSPECIFIED.,.T.,.F.) B_SPLINE_CURVE_WITH_KNOTS((1,2
    ,2,2,2,1),(-2.094395102393,0.,2.094395102393,4.188790204786,
6.28318530718,8.377580409573),.UNSPECIFIED.) CURVE() 
GEOMETRIC_REPRESENTATION_ITEM() RATIONAL_B_SPLINE_CURVE((1.,0.5,1.,0.5,
1.,0.5,1.)) REPRESENTATION_ITEM('') );
#7780 = CARTESIAN_POINT('',(56.75,-42.12753045524));
#7781 = CARTESIAN_POINT('',(58.482050807569,-42.12753045524));
#7782 = CARTESIAN_POINT('',(57.616025403784,-43.62753045524));
#7783 = CARTESIAN_POINT('',(56.75,-45.12753045524));
#7784 = CARTESIAN_POINT('',(55.883974596216,-43.62753045524));
#7785 = CARTESIAN_POINT('',(55.017949192431,-42.12753045524));
#7786 = CARTESIAN_POINT('',(56.75,-42.12753045524));
#7787 = ( GEOMETRIC_REPRESENTATION_CONTEXT(2) 
PARAMETRIC_REPRESENTATION_CONTEXT() REPRESENTATION_CONTEXT('2D SPACE',''
  ) );
#7788 = ORIENTED_EDGE('',*,*,#7691,.T.);
#7789 = ORIENTED_EDGE('',*,*,#5915,.T.);
#7790 = ORIENTED_EDGE('',*,*,#7737,.F.);
#7791 = ADVANCED_FACE('',(#7792),#5904,.F.);
#7792 = FACE_BOUND('',#7793,.F.);
#7793 = EDGE_LOOP('',(#7794,#7795,#7796,#7797,#7818,#7819));
#7794 = ORIENTED_EDGE('',*,*,#6008,.F.);
#7795 = ORIENTED_EDGE('',*,*,#7543,.T.);
#7796 = ORIENTED_EDGE('',*,*,#7316,.T.);
#7797 = ORIENTED_EDGE('',*,*,#7798,.F.);
#7798 = EDGE_CURVE('',#5858,#7317,#7799,.T.);
#7799 = SURFACE_CURVE('',#7800,(#7805,#7812),.PCURVE_S1.);
#7800 = CIRCLE('',#7801,0.25);
#7801 = AXIS2_PLACEMENT_3D('',#7802,#7803,#7804);
#7802 = CARTESIAN_POINT('',(75.25,-38.25,82.));
#7803 = DIRECTION('',(1.,0.,-0.));
#7804 = DIRECTION('',(0.,0.,1.));
#7805 = PCURVE('',#5904,#7806);
#7806 = DEFINITIONAL_REPRESENTATION('',(#7807),#7811);
#7807 = LINE('',#7808,#7809);
#7808 = CARTESIAN_POINT('',(0.,49.75));
#7809 = VECTOR('',#7810,1.);
#7810 = DIRECTION('',(1.,0.));
#7811 = ( GEOMETRIC_REPRESENTATION_CONTEXT(2) 
PARAMETRIC_REPRESENTATION_CONTEXT() REPRESENTATION_CONTEXT('2D SPACE',''
  ) );
#7812 = PCURVE('',#5876,#7813);
#7813 = DEFINITIONAL_REPRESENTATION('',(#7814),#7817);
#7814 = B_SPLINE_CURVE_WITH_KNOTS('',1,(#7815,#7816),.UNSPECIFIED.,.F.,
  .F.,(2,2),(0.,6.28318530718),.PIECEWISE_BEZIER_KNOTS.);
#7815 = CARTESIAN_POINT('',(4.712388980385,7.853981633974));
#7816 = CARTESIAN_POINT('',(4.712388980385,1.570796326795));
#7817 = ( GEOMETRIC_REPRESENTATION_CONTEXT(2) 
PARAMETRIC_REPRESENTATION_CONTEXT() REPRESENTATION_CONTEXT('2D SPACE',''
  ) );
#7818 = ORIENTED_EDGE('',*,*,#5888,.F.);
#7819 = ORIENTED_EDGE('',*,*,#7671,.T.);
#7820 = ADVANCED_FACE('',(#7821),#5876,.F.);
#7821 = FACE_BOUND('',#7822,.F.);
#7822 = EDGE_LOOP('',(#7823,#7824,#7825,#7826));
#7823 = ORIENTED_EDGE('',*,*,#5857,.F.);
#7824 = ORIENTED_EDGE('',*,*,#7798,.T.);
#7825 = ORIENTED_EDGE('',*,*,#7338,.T.);
#7826 = ORIENTED_EDGE('',*,*,#7191,.T.);
#7827 = ADVANCED_FACE('',(#7828),#5841,.F.);
#7828 = FACE_BOUND('',#7829,.F.);
#7829 = EDGE_LOOP('',(#7830,#7861,#7882,#7883));
#7830 = ORIENTED_EDGE('',*,*,#7831,.F.);
#7831 = EDGE_CURVE('',#7832,#7834,#7836,.T.);
#7832 = VERTEX_POINT('',#7833);
#7833 = CARTESIAN_POINT('',(-98.70793339381,52.,79.5));
#7834 = VERTEX_POINT('',#7835);
#7835 = CARTESIAN_POINT('',(-98.70793339381,-13.,79.5));
#7836 = SURFACE_CURVE('',#7837,(#7840,#7847),.PCURVE_S1.);
#7837 = B_SPLINE_CURVE_WITH_KNOTS('',1,(#7838,#7839),.UNSPECIFIED.,.F.,
  .F.,(2,2),(0.,65.),.PIECEWISE_BEZIER_KNOTS.);
#7838 = CARTESIAN_POINT('',(-98.70793339381,52.,79.5));
#7839 = CARTESIAN_POINT('',(-98.70793339381,-13.,79.5));
#7840 = PCURVE('',#5841,#7841);
#7841 = DEFINITIONAL_REPRESENTATION('',(#7842),#7846);
#7842 = B_SPLINE_CURVE_WITH_KNOTS('',2,(#7843,#7844,#7845),
  .UNSPECIFIED.,.F.,.F.,(3,3),(0.,65.),.PIECEWISE_BEZIER_KNOTS.);
#7843 = CARTESIAN_POINT('',(0.16744807922,0.));
#7844 = CARTESIAN_POINT('',(0.16744807922,32.5));
#7845 = CARTESIAN_POINT('',(0.16744807922,65.));
#7846 = ( GEOMETRIC_REPRESENTATION_CONTEXT(2) 
PARAMETRIC_REPRESENTATION_CONTEXT() REPRESENTATION_CONTEXT('2D SPACE',''
  ) );
#7847 = PCURVE('',#7848,#7855);
#7848 = ( BOUNDED_SURFACE() B_SPLINE_SURFACE(2,1,(
    (#7849,#7850)
    ,(#7851,#7852)
    ,(#7853,#7854
)),.UNSPECIFIED.,.F.,.F.,.F.) B_SPLINE_SURFACE_WITH_KNOTS((3,3),(2,2),(
    0.,0.16744807922),(0.,65.),.PIECEWISE_BEZIER_KNOTS.) 
GEOMETRIC_REPRESENTATION_ITEM() RATIONAL_B_SPLINE_SURFACE((
    (1.,1.)
    ,(0.996497189455,0.996497189455)
,(1.,1.))) REPRESENTATION_ITEM('') SURFACE() );
#7849 = CARTESIAN_POINT('',(-98.75,52.,79.));
#7850 = CARTESIAN_POINT('',(-98.75,-13.,79.));
#7851 = CARTESIAN_POINT('',(-98.75,52.,79.251760650701));
#7852 = CARTESIAN_POINT('',(-98.75,-13.,79.251760650701));
#7853 = CARTESIAN_POINT('',(-98.70793339381,52.,79.5));
#7854 = CARTESIAN_POINT('',(-98.70793339381,-13.,79.5));
#7855 = DEFINITIONAL_REPRESENTATION('',(#7856),#7860);
#7856 = B_SPLINE_CURVE_WITH_KNOTS('',2,(#7857,#7858,#7859),
  .UNSPECIFIED.,.F.,.F.,(3,3),(0.,65.),.PIECEWISE_BEZIER_KNOTS.);
#7857 = CARTESIAN_POINT('',(0.16744807922,0.));
#7858 = CARTESIAN_POINT('',(0.16744807922,32.5));
#7859 = CARTESIAN_POINT('',(0.16744807922,65.));
#7860 = ( GEOMETRIC_REPRESENTATION_CONTEXT(2) 
PARAMETRIC_REPRESENTATION_CONTEXT() REPRESENTATION_CONTEXT('2D SPACE',''
  ) );
#7861 = ORIENTED_EDGE('',*,*,#7862,.T.);
#7862 = EDGE_CURVE('',#7832,#5797,#7863,.T.);
#7863 = SURFACE_CURVE('',#7864,(#7868,#7875),.PCURVE_S1.);
#7864 = ( BOUNDED_CURVE() B_SPLINE_CURVE(2,(#7865,#7866,#7867),
.UNSPECIFIED.,.F.,.F.) B_SPLINE_CURVE_WITH_KNOTS((3,3),(0.16744807922,
1.570796326795),.PIECEWISE_BEZIER_KNOTS.) CURVE() 
GEOMETRIC_REPRESENTATION_ITEM() RATIONAL_B_SPLINE_CURVE((1.,
0.763762615826,1.)) REPRESENTATION_ITEM('') );
#7865 = CARTESIAN_POINT('',(-98.70793339381,52.,79.5));
#7866 = CARTESIAN_POINT('',(-98.28428373566,52.,82.));
#7867 = CARTESIAN_POINT('',(-95.7423857868,52.,82.));
#7868 = PCURVE('',#5841,#7869);
#7869 = DEFINITIONAL_REPRESENTATION('',(#7870),#7874);
#7870 = B_SPLINE_CURVE_WITH_KNOTS('',2,(#7871,#7872,#7873),
  .UNSPECIFIED.,.F.,.F.,(3,3),(0.16744807922,1.570796326795),
  .PIECEWISE_BEZIER_KNOTS.);
#7871 = CARTESIAN_POINT('',(0.16744807922,0.));
#7872 = CARTESIAN_POINT('',(0.869122203007,-7.44944772545E-15));
#7873 = CARTESIAN_POINT('',(1.570796326795,4.318079809732E-29));
#7874 = ( GEOMETRIC_REPRESENTATION_CONTEXT(2) 
PARAMETRIC_REPRESENTATION_CONTEXT() REPRESENTATION_CONTEXT('2D SPACE',''
  ) );
#7875 = PCURVE('',#5812,#7876);
#7876 = DEFINITIONAL_REPRESENTATION('',(#7877),#7881);
#7877 = B_SPLINE_CURVE_WITH_KNOTS('',2,(#7878,#7879,#7880),
  .UNSPECIFIED.,.F.,.F.,(3,3),(0.16744807922,1.570796326795),
  .PIECEWISE_BEZIER_KNOTS.);
#7878 = CARTESIAN_POINT('',(1.570796326795,0.16744807922));
#7879 = CARTESIAN_POINT('',(1.570796326795,0.869122203007));
#7880 = CARTESIAN_POINT('',(1.570796326795,1.570796326795));
#7881 = ( GEOMETRIC_REPRESENTATION_CONTEXT(2) 
PARAMETRIC_REPRESENTATION_CONTEXT() REPRESENTATION_CONTEXT('2D SPACE',''
  ) );
#7882 = ORIENTED_EDGE('',*,*,#5829,.T.);
#7883 = ORIENTED_EDGE('',*,*,#7884,.T.);
#7884 = EDGE_CURVE('',#5536,#7834,#7885,.T.);
#7885 = SURFACE_CURVE('',#7886,(#7890,#7899),.PCURVE_S1.);
#7886 = ( BOUNDED_CURVE() B_SPLINE_CURVE(2,(#7887,#7888,#7889),
.UNSPECIFIED.,.F.,.F.) B_SPLINE_CURVE_WITH_KNOTS((3,3),(4.712388980385,
6.28318530718),.PIECEWISE_BEZIER_KNOTS.) CURVE() 
GEOMETRIC_REPRESENTATION_ITEM() RATIONAL_B_SPLINE_CURVE((1.,
0.707106781187,1.)) REPRESENTATION_ITEM('') );
#7887 = CARTESIAN_POINT('',(-95.7423857868,-13.,82.));
#7888 = CARTESIAN_POINT('',(-98.75,-13.,82.));
#7889 = CARTESIAN_POINT('',(-98.75,-13.,79.));
#7890 = PCURVE('',#5841,#7891);
#7891 = DEFINITIONAL_REPRESENTATION('',(#7892),#7898);
#7892 = B_SPLINE_CURVE_WITH_KNOTS('',4,(#7893,#7894,#7895,#7896,#7897),
  .UNSPECIFIED.,.F.,.F.,(5,5),(4.712388980385,6.103024024164),
  .PIECEWISE_BEZIER_KNOTS.);
#7893 = CARTESIAN_POINT('',(1.570796326795,65.));
#7894 = CARTESIAN_POINT('',(1.230553184474,65.));
#7895 = CARTESIAN_POINT('',(0.883460590729,65.));
#7896 = CARTESIAN_POINT('',(0.529208916363,65.));
#7897 = CARTESIAN_POINT('',(0.16744807922,65.));
#7898 = ( GEOMETRIC_REPRESENTATION_CONTEXT(2) 
PARAMETRIC_REPRESENTATION_CONTEXT() REPRESENTATION_CONTEXT('2D SPACE',''
  ) );
#7899 = PCURVE('',#5551,#7900);
#7900 = DEFINITIONAL_REPRESENTATION('',(#7901),#7905);
#7901 = B_SPLINE_CURVE_WITH_KNOTS('',2,(#7902,#7903,#7904),
  .UNSPECIFIED.,.F.,.F.,(3,3),(4.712388980385,6.28318530718),
  .PIECEWISE_BEZIER_KNOTS.);
#7902 = CARTESIAN_POINT('',(1.570796326795,65.));
#7903 = CARTESIAN_POINT('',(0.785398163397,65.));
#7904 = CARTESIAN_POINT('',(0.,65.));
#7905 = ( GEOMETRIC_REPRESENTATION_CONTEXT(2) 
PARAMETRIC_REPRESENTATION_CONTEXT() REPRESENTATION_CONTEXT('2D SPACE',''
  ) );
#7906 = ADVANCED_FACE('',(#7907),#7848,.F.);
#7907 = FACE_BOUND('',#7908,.F.);
#7908 = EDGE_LOOP('',(#7909,#7937,#7968,#7969));
#7909 = ORIENTED_EDGE('',*,*,#7910,.F.);
#7910 = EDGE_CURVE('',#7911,#7913,#7915,.T.);
#7911 = VERTEX_POINT('',#7912);
#7912 = CARTESIAN_POINT('',(-98.75,52.,79.));
#7913 = VERTEX_POINT('',#7914);
#7914 = CARTESIAN_POINT('',(-98.75,-13.,79.));
#7915 = SURFACE_CURVE('',#7916,(#7919,#7926),.PCURVE_S1.);
#7916 = B_SPLINE_CURVE_WITH_KNOTS('',1,(#7917,#7918),.UNSPECIFIED.,.F.,
  .F.,(2,2),(0.,65.),.PIECEWISE_BEZIER_KNOTS.);
#7917 = CARTESIAN_POINT('',(-98.75,52.,79.));
#7918 = CARTESIAN_POINT('',(-98.75,-13.,79.));
#7919 = PCURVE('',#7848,#7920);
#7920 = DEFINITIONAL_REPRESENTATION('',(#7921),#7925);
#7921 = B_SPLINE_CURVE_WITH_KNOTS('',2,(#7922,#7923,#7924),
  .UNSPECIFIED.,.F.,.F.,(3,3),(0.,65.),.PIECEWISE_BEZIER_KNOTS.);
#7922 = CARTESIAN_POINT('',(0.,0.));
#7923 = CARTESIAN_POINT('',(0.,32.5));
#7924 = CARTESIAN_POINT('',(0.,65.));
#7925 = ( GEOMETRIC_REPRESENTATION_CONTEXT(2) 
PARAMETRIC_REPRESENTATION_CONTEXT() REPRESENTATION_CONTEXT('2D SPACE',''
  ) );
#7926 = PCURVE('',#7927,#7932);
#7927 = PLANE('',#7928);
#7928 = AXIS2_PLACEMENT_3D('',#7929,#7930,#7931);
#7929 = CARTESIAN_POINT('',(-98.75,-32.5,47.25));
#7930 = DIRECTION('',(1.,0.,-0.));
#7931 = DIRECTION('',(0.,-1.,-3.145119621529E-17));
#7932 = DEFINITIONAL_REPRESENTATION('',(#7933),#7936);
#7933 = B_SPLINE_CURVE_WITH_KNOTS('',1,(#7934,#7935),.UNSPECIFIED.,.F.,
  .F.,(2,2),(0.,65.),.PIECEWISE_BEZIER_KNOTS.);
#7934 = CARTESIAN_POINT('',(-84.5,-31.75));
#7935 = CARTESIAN_POINT('',(-19.5,-31.75));
#7936 = ( GEOMETRIC_REPRESENTATION_CONTEXT(2) 
PARAMETRIC_REPRESENTATION_CONTEXT() REPRESENTATION_CONTEXT('2D SPACE',''
  ) );
#7937 = ORIENTED_EDGE('',*,*,#7938,.T.);
#7938 = EDGE_CURVE('',#7911,#7832,#7939,.T.);
#7939 = SURFACE_CURVE('',#7940,(#7944,#7951),.PCURVE_S1.);
#7940 = ( BOUNDED_CURVE() B_SPLINE_CURVE(2,(#7941,#7942,#7943),
.UNSPECIFIED.,.F.,.F.) B_SPLINE_CURVE_WITH_KNOTS((3,3),(0.,0.16744807922
),.PIECEWISE_BEZIER_KNOTS.) CURVE() GEOMETRIC_REPRESENTATION_ITEM() 
RATIONAL_B_SPLINE_CURVE((1.,0.996497189455,1.)) REPRESENTATION_ITEM('') 
  );
#7941 = CARTESIAN_POINT('',(-98.75,52.,79.));
#7942 = CARTESIAN_POINT('',(-98.75,52.,79.251760650701));
#7943 = CARTESIAN_POINT('',(-98.70793339381,52.,79.5));
#7944 = PCURVE('',#7848,#7945);
#7945 = DEFINITIONAL_REPRESENTATION('',(#7946),#7950);
#7946 = B_SPLINE_CURVE_WITH_KNOTS('',2,(#7947,#7948,#7949),
  .UNSPECIFIED.,.F.,.F.,(3,3),(0.,0.16744807922),
  .PIECEWISE_BEZIER_KNOTS.);
#7947 = CARTESIAN_POINT('',(0.,0.));
#7948 = CARTESIAN_POINT('',(8.372403960985E-02,-6.241630306285E-15));
#7949 = CARTESIAN_POINT('',(0.16744807922,0.));
#7950 = ( GEOMETRIC_REPRESENTATION_CONTEXT(2) 
PARAMETRIC_REPRESENTATION_CONTEXT() REPRESENTATION_CONTEXT('2D SPACE',''
  ) );
#7951 = PCURVE('',#7952,#7962);
#7952 = ( BOUNDED_SURFACE() B_SPLINE_SURFACE(2,2,(
    (#7953,#7954,#7955)
    ,(#7956,#7957,#7958)
    ,(#7959,#7960,#7961
)),.UNSPECIFIED.,.F.,.F.,.F.) B_SPLINE_SURFACE_WITH_KNOTS((3,3),(3,3),(
    0.,1.570796326795),(0.,0.16744807922),.PIECEWISE_BEZIER_KNOTS.) 
GEOMETRIC_REPRESENTATION_ITEM() RATIONAL_B_SPLINE_SURFACE((
    (1.,0.996497189455,1.)
    ,(0.707106781187,0.704629920097,0.707106781187)
,(1.,0.996497189455,1.))) REPRESENTATION_ITEM('') SURFACE() );
#7953 = CARTESIAN_POINT('',(-90.72969543147,60.,79.));
#7954 = CARTESIAN_POINT('',(-90.72969543147,60.,79.251760650701));
#7955 = CARTESIAN_POINT('',(-90.72969543147,59.95803989155,79.5));
#7956 = CARTESIAN_POINT('',(-98.75,60.,79.));
#7957 = CARTESIAN_POINT('',(-98.75,60.,79.251760650701));
#7958 = CARTESIAN_POINT('',(-98.70793339381,59.95803989155,79.5));
#7959 = CARTESIAN_POINT('',(-98.75,52.,79.));
#7960 = CARTESIAN_POINT('',(-98.75,52.,79.251760650701));
#7961 = CARTESIAN_POINT('',(-98.70793339381,52.,79.5));
#7962 = DEFINITIONAL_REPRESENTATION('',(#7963),#7967);
#7963 = B_SPLINE_CURVE_WITH_KNOTS('',2,(#7964,#7965,#7966),
  .UNSPECIFIED.,.F.,.F.,(3,3),(0.,0.16744807922),
  .PIECEWISE_BEZIER_KNOTS.);
#7964 = CARTESIAN_POINT('',(1.570796326795,0.));
#7965 = CARTESIAN_POINT('',(1.570796326795,8.372403960984E-02));
#7966 = CARTESIAN_POINT('',(1.570796326795,0.16744807922));
#7967 = ( GEOMETRIC_REPRESENTATION_CONTEXT(2) 
PARAMETRIC_REPRESENTATION_CONTEXT() REPRESENTATION_CONTEXT('2D SPACE',''
  ) );
#7968 = ORIENTED_EDGE('',*,*,#7831,.T.);
#7969 = ORIENTED_EDGE('',*,*,#7970,.T.);
#7970 = EDGE_CURVE('',#7834,#7913,#7971,.T.);
#7971 = SURFACE_CURVE('',#7972,(#7976,#7984),.PCURVE_S1.);
#7972 = ( BOUNDED_CURVE() B_SPLINE_CURVE(2,(#7973,#7974,#7975),
.UNSPECIFIED.,.F.,.F.) B_SPLINE_CURVE_WITH_KNOTS((3,3),(4.712388980385,
6.28318530718),.PIECEWISE_BEZIER_KNOTS.) CURVE() 
GEOMETRIC_REPRESENTATION_ITEM() RATIONAL_B_SPLINE_CURVE((1.,
0.707106781187,1.)) REPRESENTATION_ITEM('') );
#7973 = CARTESIAN_POINT('',(-95.7423857868,-13.,82.));
#7974 = CARTESIAN_POINT('',(-98.75,-13.,82.));
#7975 = CARTESIAN_POINT('',(-98.75,-13.,79.));
#7976 = PCURVE('',#7848,#7977);
#7977 = DEFINITIONAL_REPRESENTATION('',(#7978),#7983);
#7978 = B_SPLINE_CURVE_WITH_KNOTS('',3,(#7979,#7980,#7981,#7982),
  .UNSPECIFIED.,.F.,.F.,(4,4),(6.103024024164,6.28318530718),
  .PIECEWISE_BEZIER_KNOTS.);
#7979 = CARTESIAN_POINT('',(0.16744807922,65.));
#7980 = CARTESIAN_POINT('',(0.109894147118,65.));
#7981 = CARTESIAN_POINT('',(5.413059872847E-02,65.));
#7982 = CARTESIAN_POINT('',(-1.387778780781E-17,65.));
#7983 = ( GEOMETRIC_REPRESENTATION_CONTEXT(2) 
PARAMETRIC_REPRESENTATION_CONTEXT() REPRESENTATION_CONTEXT('2D SPACE',''
  ) );
#7984 = PCURVE('',#5551,#7985);
#7985 = DEFINITIONAL_REPRESENTATION('',(#7986),#7990);
#7986 = B_SPLINE_CURVE_WITH_KNOTS('',2,(#7987,#7988,#7989),
  .UNSPECIFIED.,.F.,.F.,(3,3),(4.712388980385,6.28318530718),
  .PIECEWISE_BEZIER_KNOTS.);
#7987 = CARTESIAN_POINT('',(1.570796326795,65.));
#7988 = CARTESIAN_POINT('',(0.785398163397,65.));
#7989 = CARTESIAN_POINT('',(0.,65.));
#7990 = ( GEOMETRIC_REPRESENTATION_CONTEXT(2) 
PARAMETRIC_REPRESENTATION_CONTEXT() REPRESENTATION_CONTEXT('2D SPACE',''
  ) );
#7991 = ADVANCED_FACE('',(#7992),#7952,.T.);
#7992 = FACE_BOUND('',#7993,.T.);
#7993 = EDGE_LOOP('',(#7994,#8017,#8040,#8548));
#7994 = ORIENTED_EDGE('',*,*,#7995,.F.);
#7995 = EDGE_CURVE('',#7996,#7832,#7998,.T.);
#7996 = VERTEX_POINT('',#7997);
#7997 = CARTESIAN_POINT('',(-90.72969543147,59.95803989155,79.5));
#7998 = SURFACE_CURVE('',#7999,(#8003,#8010),.PCURVE_S1.);
#7999 = ( BOUNDED_CURVE() B_SPLINE_CURVE(2,(#8000,#8001,#8002),
.UNSPECIFIED.,.F.,.F.) B_SPLINE_CURVE_WITH_KNOTS((3,3),(0.,
1.570796326795),.PIECEWISE_BEZIER_KNOTS.) CURVE() 
GEOMETRIC_REPRESENTATION_ITEM() RATIONAL_B_SPLINE_CURVE((1.,
0.707106781187,1.)) REPRESENTATION_ITEM('') );
#8000 = CARTESIAN_POINT('',(-90.72969543147,59.95803989155,79.5));
#8001 = CARTESIAN_POINT('',(-98.70793339381,59.95803989155,79.5));
#8002 = CARTESIAN_POINT('',(-98.70793339381,52.,79.5));
#8003 = PCURVE('',#7952,#8004);
#8004 = DEFINITIONAL_REPRESENTATION('',(#8005),#8009);
#8005 = B_SPLINE_CURVE_WITH_KNOTS('',2,(#8006,#8007,#8008),
  .UNSPECIFIED.,.F.,.F.,(3,3),(0.,1.570796326795),
  .PIECEWISE_BEZIER_KNOTS.);
#8006 = CARTESIAN_POINT('',(3.610039204524E-30,0.16744807922));
#8007 = CARTESIAN_POINT('',(0.785398163397,0.16744807922));
#8008 = CARTESIAN_POINT('',(1.570796326795,0.16744807922));
#8009 = ( GEOMETRIC_REPRESENTATION_CONTEXT(2) 
PARAMETRIC_REPRESENTATION_CONTEXT() REPRESENTATION_CONTEXT('2D SPACE',''
  ) );
#8010 = PCURVE('',#5812,#8011);
#8011 = DEFINITIONAL_REPRESENTATION('',(#8012),#8016);
#8012 = B_SPLINE_CURVE_WITH_KNOTS('',2,(#8013,#8014,#8015),
  .UNSPECIFIED.,.F.,.F.,(3,3),(0.,1.570796326795),
  .PIECEWISE_BEZIER_KNOTS.);
#8013 = CARTESIAN_POINT('',(0.,0.16744807922));
#8014 = CARTESIAN_POINT('',(0.785398163397,0.16744807922));
#8015 = CARTESIAN_POINT('',(1.570796326795,0.16744807922));
#8016 = ( GEOMETRIC_REPRESENTATION_CONTEXT(2) 
PARAMETRIC_REPRESENTATION_CONTEXT() REPRESENTATION_CONTEXT('2D SPACE',''
  ) );
#8017 = ORIENTED_EDGE('',*,*,#8018,.F.);
#8018 = EDGE_CURVE('',#8019,#7996,#8021,.T.);
#8019 = VERTEX_POINT('',#8020);
#8020 = CARTESIAN_POINT('',(-90.72969543147,59.999999997589,
    79.000120266145));
#8021 = SURFACE_CURVE('',#8022,(#8026,#8033),.PCURVE_S1.);
#8022 = ( BOUNDED_CURVE() B_SPLINE_CURVE(2,(#8023,#8024,#8025),
.UNSPECIFIED.,.F.,.F.) B_SPLINE_CURVE_WITH_KNOTS((3,3),(
4.008871516356E-05,0.16744807922),.PIECEWISE_BEZIER_KNOTS.) CURVE() 
GEOMETRIC_REPRESENTATION_ITEM() RATIONAL_B_SPLINE_CURVE((1.,
0.996498865489,1.)) REPRESENTATION_ITEM('') );
#8023 = CARTESIAN_POINT('',(-90.72969543147,59.999999997589,
    79.000120266145));
#8024 = CARTESIAN_POINT('',(-90.72969543147,59.999989907256,
    79.25182036018));
#8025 = CARTESIAN_POINT('',(-90.72969543147,59.95803989155,79.5));
#8026 = PCURVE('',#7952,#8027);
#8027 = DEFINITIONAL_REPRESENTATION('',(#8028),#8032);
#8028 = B_SPLINE_CURVE_WITH_KNOTS('',2,(#8029,#8030,#8031),
  .UNSPECIFIED.,.F.,.F.,(3,3),(4.008871516356E-05,0.16744807922),
  .PIECEWISE_BEZIER_KNOTS.);
#8029 = CARTESIAN_POINT('',(-4.248314937817E-22,4.013555487781E-05));
#8030 = CARTESIAN_POINT('',(-3.140648924268E-15,8.374403712729E-02));
#8031 = CARTESIAN_POINT('',(3.618896594138E-30,0.16744807922));
#8032 = ( GEOMETRIC_REPRESENTATION_CONTEXT(2) 
PARAMETRIC_REPRESENTATION_CONTEXT() REPRESENTATION_CONTEXT('2D SPACE',''
  ) );
#8033 = PCURVE('',#3483,#8034);
#8034 = DEFINITIONAL_REPRESENTATION('',(#8035),#8039);
#8035 = B_SPLINE_CURVE_WITH_KNOTS('',2,(#8036,#8037,#8038),
  .UNSPECIFIED.,.F.,.F.,(3,3),(4.008871516356E-05,0.16744807922),
  .PIECEWISE_BEZIER_KNOTS.);
#8036 = CARTESIAN_POINT('',(4.013555487781E-05,181.));
#8037 = CARTESIAN_POINT('',(8.37440371273E-02,181.));
#8038 = CARTESIAN_POINT('',(0.16744807922,181.));
#8039 = ( GEOMETRIC_REPRESENTATION_CONTEXT(2) 
PARAMETRIC_REPRESENTATION_CONTEXT() REPRESENTATION_CONTEXT('2D SPACE',''
  ) );
#8040 = ORIENTED_EDGE('',*,*,#8041,.T.);
#8041 = EDGE_CURVE('',#8019,#7911,#8042,.T.);
#8042 = SURFACE_CURVE('',#8043,(#8242,#8399),.PCURVE_S1.);
#8043 = B_SPLINE_CURVE_WITH_KNOTS('',8,(#8044,#8045,#8046,#8047,#8048,
    #8049,#8050,#8051,#8052,#8053,#8054,#8055,#8056,#8057,#8058,#8059,
    #8060,#8061,#8062,#8063,#8064,#8065,#8066,#8067,#8068,#8069,#8070,
    #8071,#8072,#8073,#8074,#8075,#8076,#8077,#8078,#8079,#8080,#8081,
    #8082,#8083,#8084,#8085,#8086,#8087,#8088,#8089,#8090,#8091,#8092,
    #8093,#8094,#8095,#8096,#8097,#8098,#8099,#8100,#8101,#8102,#8103,
    #8104,#8105,#8106,#8107,#8108,#8109,#8110,#8111,#8112,#8113,#8114,
    #8115,#8116,#8117,#8118,#8119,#8120,#8121,#8122,#8123,#8124,#8125,
    #8126,#8127,#8128,#8129,#8130,#8131,#8132,#8133,#8134,#8135,#8136,
    #8137,#8138,#8139,#8140,#8141,#8142,#8143,#8144,#8145,#8146,#8147,
    #8148,#8149,#8150,#8151,#8152,#8153,#8154,#8155,#8156,#8157,#8158,
    #8159,#8160,#8161,#8162,#8163,#8164,#8165,#8166,#8167,#8168,#8169,
    #8170,#8171,#8172,#8173,#8174,#8175,#8176,#8177,#8178,#8179,#8180,
    #8181,#8182,#8183,#8184,#8185,#8186,#8187,#8188,#8189,#8190,#8191,
    #8192,#8193,#8194,#8195,#8196,#8197,#8198,#8199,#8200,#8201,#8202,
    #8203,#8204,#8205,#8206,#8207,#8208,#8209,#8210,#8211,#8212,#8213,
    #8214,#8215,#8216,#8217,#8218,#8219,#8220,#8221,#8222,#8223,#8224,
    #8225,#8226,#8227,#8228,#8229,#8230,#8231,#8232,#8233,#8234,#8235,
    #8236,#8237,#8238,#8239,#8240,#8241),.UNSPECIFIED.,.F.,.F.,(9,7,7,7,
    7,7,7,7,7,7,7,7,7,7,7,7,7,7,7,7,7,7,7,7,7,7,7,7,9),(0.,
    2.176825744139E-04,3.939774776046E-03,8.944512081739E-03,
    1.994228234848E-02,4.19253565434E-02,6.689276831068E-02,
    8.486568697268E-02,0.106830267611,0.133784576085,0.166726532102,
    0.205655613742,0.248575386569,0.293489792773,0.5015510587,
    0.663430519894,0.70734560583,0.752259941584,0.795179614687,
    0.834108558953,0.86705033473,0.894004583652,0.915969175484,
    0.933942108514,0.958909559864,0.985893523038,0.997939329717,
    0.999835898955,1.),.UNSPECIFIED.);
#8044 = CARTESIAN_POINT('',(-90.72969543147,59.999999997589,
    79.000120266145));
#8045 = CARTESIAN_POINT('',(-90.72971647746,59.999999991453,
    79.000273346927));
#8046 = CARTESIAN_POINT('',(-90.72977676194,59.999999975191,
    79.000427320123));
#8047 = CARTESIAN_POINT('',(-90.72986398699,59.999999950583,
    79.000576195052));
#8048 = CARTESIAN_POINT('',(-90.72996938976,59.999999918722,
    79.000716374565));
#8049 = CARTESIAN_POINT('',(-90.73008774252,59.999999880023,
    79.000846655044));
#8050 = CARTESIAN_POINT('',(-90.7302173526,59.999999834217,
    79.000968226403));
#8051 = CARTESIAN_POINT('',(-90.73036006244,59.999999780354,
    79.001084672085));
#8052 = CARTESIAN_POINT('',(-90.73327734192,59.999998630171,
    79.003207596693));
#8053 = CARTESIAN_POINT('',(-90.73810205156,59.999992543239,
    79.004377043816));
#8054 = CARTESIAN_POINT('',(-90.74333060126,59.999984709792,
    79.005063538269));
#8055 = CARTESIAN_POINT('',(-90.74797056086,59.999976699486,
    79.005536892606));
#8056 = CARTESIAN_POINT('',(-90.75170184729,59.999968397848,
    79.005983504115));
#8057 = CARTESIAN_POINT('',(-90.75487672456,59.999958006278,
    79.006506354807));
#8058 = CARTESIAN_POINT('',(-90.75851980376,59.999942042043,
    79.007125011421));
#8059 = CARTESIAN_POINT('',(-90.77213782051,59.999879432329,
    79.008650443138));
#8060 = CARTESIAN_POINT('',(-90.77997043716,59.99983473436,
    79.009422844871));
#8061 = CARTESIAN_POINT('',(-90.78781810311,59.999781230257,
    79.010120077335));
#8062 = CARTESIAN_POINT('',(-90.79567498066,59.999718906902,
    79.010763462449));
#8063 = CARTESIAN_POINT('',(-90.80353718428,59.99964775219,
    79.011368397343));
#8064 = CARTESIAN_POINT('',(-90.81140278062,59.999567755019,
    79.011944354358));
#8065 = CARTESIAN_POINT('',(-90.8192717885,59.999478905301,
    79.012494881045));
#8066 = CARTESIAN_POINT('',(-90.84444993167,59.999166475995,
    79.014166260816));
#8067 = CARTESIAN_POINT('',(-90.86175997097,59.998909123568,
    79.015197120455));
#8068 = CARTESIAN_POINT('',(-90.87907226966,59.998609132965,
    79.016149104269));
#8069 = CARTESIAN_POINT('',(-90.89638528786,59.998266510091,
    79.017040353978));
#8070 = CARTESIAN_POINT('',(-90.91369846914,59.997881262897,
    79.017880441921));
#8071 = CARTESIAN_POINT('',(-90.93101142339,59.997453395991,
    79.01867721678));
#8072 = CARTESIAN_POINT('',(-90.94832379646,59.996982907405,
    79.019438280937));
#8073 = CARTESIAN_POINT('',(-91.00024026269,59.995444129465,
    79.02162391039));
#8074 = CARTESIAN_POINT('',(-91.03485036094,59.994247925331,
    79.022953566572));
#8075 = CARTESIAN_POINT('',(-91.06946161973,59.992881127997,
    79.024191201295));
#8076 = CARTESIAN_POINT('',(-91.10407103399,59.991343737555,
    79.025355378831));
#8077 = CARTESIAN_POINT('',(-91.13867640181,59.989635781416,
    79.026457123242));
#8078 = CARTESIAN_POINT('',(-91.17327593102,59.9877572973,
    79.027505147961));
#8079 = CARTESIAN_POINT('',(-91.20786814577,59.985708319116,
    79.028507286185));
#8080 = CARTESIAN_POINT('',(-91.28173102385,59.980968107934,
    79.030559397319));
#8081 = CARTESIAN_POINT('',(-91.3209987755,59.978227478302,
    79.031597685994));
#8082 = CARTESIAN_POINT('',(-91.36025335162,59.975267047425,
    79.032590517163));
#8083 = CARTESIAN_POINT('',(-91.39949288693,59.972086903929,
    79.033543599716));
#8084 = CARTESIAN_POINT('',(-91.43871562522,59.968687152117,
    79.03446123469));
#8085 = CARTESIAN_POINT('',(-91.47791989727,59.965067909582,
    79.035346727618));
#8086 = CARTESIAN_POINT('',(-91.51710409879,59.961229304829,
    79.036202800854));
#8087 = CARTESIAN_POINT('',(-91.58445804385,59.954250425323,
    79.037628913422));
#8088 = CARTESIAN_POINT('',(-91.61263819482,59.951215776723,
    79.038211885891));
#8089 = CARTESIAN_POINT('',(-91.64080653257,59.94806758195,
    79.038781772384));
#8090 = CARTESIAN_POINT('',(-91.66896247429,59.944805897086,
    79.039339343533));
#8091 = CARTESIAN_POINT('',(-91.6971054431,59.941430781435,
    79.039885291555));
#8092 = CARTESIAN_POINT('',(-91.72523486805,59.937942297527,
    79.04042023025));
#8093 = CARTESIAN_POINT('',(-91.75335018414,59.934340511115,
    79.040944695002));
#8094 = CARTESIAN_POINT('',(-91.81579244167,59.926085390785,
    79.042087845873));
#8095 = CARTESIAN_POINT('',(-91.8501121405,59.921376174804,
    79.042701628063));
#8096 = CARTESIAN_POINT('',(-91.88440890597,59.916497969205,
    79.043301341071));
#8097 = CARTESIAN_POINT('',(-91.91868172112,59.911450906901,
    79.043887760051));
#8098 = CARTESIAN_POINT('',(-91.95292957476,59.906235127742,
    79.044461583583));
#8099 = CARTESIAN_POINT('',(-91.98715146157,59.900850778518,
    79.045023433676));
#8100 = CARTESIAN_POINT('',(-92.02134638199,59.895298012958,
    79.045573855767));
#8101 = CARTESIAN_POINT('',(-92.09744206399,59.882556317239,
    79.046775332309));
#8102 = CARTESIAN_POINT('',(-92.13932867615,59.875282258078,
    79.047420880275));
#8103 = CARTESIAN_POINT('',(-92.18117134035,59.867755111267,
    79.048050844871));
#8104 = CARTESIAN_POINT('',(-92.22296822535,59.85997518922,
    79.048666030335));
#8105 = CARTESIAN_POINT('',(-92.26471750713,59.851942819741,
    79.049267162894));
#8106 = CARTESIAN_POINT('',(-92.30641736885,59.84365834603,
    79.04985489076));
#8107 = CARTESIAN_POINT('',(-92.34806600089,59.835122126674,
    79.050429784136));
#8108 = CARTESIAN_POINT('',(-92.4404972743,59.815594863474,
    79.05167985174));
#8109 = CARTESIAN_POINT('',(-92.49125373559,59.804479735405,
    79.052348971377));
#8110 = CARTESIAN_POINT('',(-92.54192769264,59.792989834282,
    79.053000607685));
#8111 = CARTESIAN_POINT('',(-92.59251586529,59.781125876672,
    79.053635594418));
#8112 = CARTESIAN_POINT('',(-92.64301498531,59.76888861287,
    79.054254685514));
#8113 = CARTESIAN_POINT('',(-92.69342179639,59.756278826902,
    79.054858555098));
#8114 = CARTESIAN_POINT('',(-92.74373305415,59.743297336524,
    79.055447797482));
#8115 = CARTESIAN_POINT('',(-92.85328400078,59.714165891879,
    79.056702585357));
#8116 = CARTESIAN_POINT('',(-92.9124845183,59.697868883547,
    79.057362569131));
#8117 = CARTESIAN_POINT('',(-92.97154174213,59.681055373748,
    79.058003742471));
#8118 = CARTESIAN_POINT('',(-93.03045035816,59.663726832546,
    79.05862689577));
#8119 = CARTESIAN_POINT('',(-93.08920507477,59.645884794546,
    79.059232745833));
#8120 = CARTESIAN_POINT('',(-93.14780062282,59.627530858892,
    79.059821935875));
#8121 = CARTESIAN_POINT('',(-93.20623175565,59.608666689271,
    79.060395035519));
#8122 = CARTESIAN_POINT('',(-93.3287272345,59.567935410255,
    79.061567196966));
#8123 = CARTESIAN_POINT('',(-93.3927550203,59.545958700084,
    79.062162922388));
#8124 = CARTESIAN_POINT('',(-93.45656960388,59.523366199793,
    79.062740394225));
#8125 = CARTESIAN_POINT('',(-93.52016401929,59.500160318927,
    79.063300235086));
#8126 = CARTESIAN_POINT('',(-93.58353133727,59.476343560181,
    79.063843013034));
#8127 = CARTESIAN_POINT('',(-93.6466646652,59.4519185194,79.064369241584
    ));
#8128 = CARTESIAN_POINT('',(-93.7095571471,59.426887885577,
    79.064879379704));
#8129 = CARTESIAN_POINT('',(-93.83775810608,59.37442971946,
    79.06589126286));
#8130 = CARTESIAN_POINT('',(-93.90304303307,59.346944853518,
    79.066391530479));
#8131 = CARTESIAN_POINT('',(-93.96804892899,59.318803031657,
    79.066875105595));
#8132 = CARTESIAN_POINT('',(-94.03276802842,59.290007550983,
    79.06734242338));
#8133 = CARTESIAN_POINT('',(-94.09719261625,59.260561817084,
    79.06779388326));
#8134 = CARTESIAN_POINT('',(-94.16131502766,59.230469344029,
    79.068229848905));
#8135 = CARTESIAN_POINT('',(-94.22512764811,59.199733754368,
    79.068650648241));
#8136 = CARTESIAN_POINT('',(-94.58275805579,59.023017504078,
    79.070936979251));
#8137 = CARTESIAN_POINT('',(-94.8700888277,58.863952738741,
    79.072498413401));
#8138 = CARTESIAN_POINT('',(-95.14985483833,58.69153840011,
    79.073770375024));
#8139 = CARTESIAN_POINT('',(-95.42132934285,58.506195735311,
    79.074771070211));
#8140 = CARTESIAN_POINT('',(-95.68381736769,58.308390334473,
    79.07551185271));
#8141 = CARTESIAN_POINT('',(-95.93665520257,58.09863101705,
    79.075999889285));
#8142 = CARTESIAN_POINT('',(-96.17921125933,57.877470591586,
    79.076239049715));
#8143 = CARTESIAN_POINT('',(-96.59114171437,57.465033281171,
    79.076221219076));
#8144 = CARTESIAN_POINT('',(-96.7648135065,57.278015292438,
    79.076062665175));
#8145 = CARTESIAN_POINT('',(-96.93162344972,57.084735288581,
    79.075753115706));
#8146 = CARTESIAN_POINT('',(-97.09130716312,56.88548645124,
    79.07529131027));
#8147 = CARTESIAN_POINT('',(-97.24361616961,56.680574312703,
    79.074674619289));
#8148 = CARTESIAN_POINT('',(-97.3883179563,56.470316690758,
    79.073898691191));
#8149 = CARTESIAN_POINT('',(-97.52519603508,56.255043623557,
    79.072957099598));
#8150 = CARTESIAN_POINT('',(-97.68900584628,55.975429688619,
    79.0715382095));
#8151 = CARTESIAN_POINT('',(-97.72337123541,55.915418037819,
    79.071222576752));
#8152 = CARTESIAN_POINT('',(-97.7571421955,55.855069144753,
    79.070893914165));
#8153 = CARTESIAN_POINT('',(-97.79031484764,55.794389854222,
    79.070552023825));
#8154 = CARTESIAN_POINT('',(-97.82288540888,55.733387063142,
    79.070196687998));
#8155 = CARTESIAN_POINT('',(-97.85485019227,55.672067720547,
    79.069827669133));
#8156 = CARTESIAN_POINT('',(-97.88620560686,55.610438827587,
    79.069444709861));
#8157 = CARTESIAN_POINT('',(-97.9483902286,55.485166852226,
    79.068641318714));
#8158 = CARTESIAN_POINT('',(-97.97919123074,55.421509842049,
    79.068220225297));
#8159 = CARTESIAN_POINT('',(-98.00934742507,55.357543952807,
    79.067783960213));
#8160 = CARTESIAN_POINT('',(-98.03885518136,55.293276780452,
    79.067332195124));
#8161 = CARTESIAN_POINT('',(-98.06771097815,55.228715971077,
    79.066864565887));
#8162 = CARTESIAN_POINT('',(-98.09591140274,55.163869220916,
    79.066380672554));
#8163 = CARTESIAN_POINT('',(-98.12345315119,55.098744276342,
    79.065880079371));
#8164 = CARTESIAN_POINT('',(-98.17601915998,54.970857823312,
    79.064867544307));
#8165 = CARTESIAN_POINT('',(-98.20110090484,54.908119794322,
    79.06435708053));
#8166 = CARTESIAN_POINT('',(-98.22557547508,54.845141649455,
    79.06383051849));
#8167 = CARTESIAN_POINT('',(-98.24944017626,54.781930227818,
    79.063287398581));
#8168 = CARTESIAN_POINT('',(-98.27269240731,54.718492405071,
    79.062727206545));
#8169 = CARTESIAN_POINT('',(-98.29532966055,54.654835093429,
    79.062149373474));
#8170 = CARTESIAN_POINT('',(-98.31734952173,54.590965241659,
    79.06155327581));
#8171 = CARTESIAN_POINT('',(-98.35816000366,54.468772245849,
    79.060380382164));
#8172 = CARTESIAN_POINT('',(-98.37706051126,54.410485548108,
    79.059806924681));
#8173 = CARTESIAN_POINT('',(-98.39544946119,54.352034953129,
    79.05921736611));
#8174 = CARTESIAN_POINT('',(-98.41332518659,54.2934256946,
    79.058611135904));
#8175 = CARTESIAN_POINT('',(-98.43068608531,54.234663028629,
    79.057987589756));
#8176 = CARTESIAN_POINT('',(-98.4475306199,54.175752233742,
    79.057346009595));
#8177 = CARTESIAN_POINT('',(-98.46385731762,54.116698610886,
    79.05668560359));
#8178 = CARTESIAN_POINT('',(-98.49304107893,54.007419794553,
    79.055430005889));
#8179 = CARTESIAN_POINT('',(-98.50604557789,53.957233644314,
    79.054840380712));
#8180 = CARTESIAN_POINT('',(-98.51867741437,53.906952257144,
    79.054236115189));
#8181 = CARTESIAN_POINT('',(-98.53093576916,53.85657886937,
    79.053616613849));
#8182 = CARTESIAN_POINT('',(-98.54281985691,53.806116729222,
    79.052981201174));
#8183 = CARTESIAN_POINT('',(-98.55432892606,53.755569096831,
    79.0523291216));
#8184 = CARTESIAN_POINT('',(-98.5654622589,53.704939244226,
    79.051659539518));
#8185 = CARTESIAN_POINT('',(-98.58502089798,53.612738541621,
    79.050408590571));
#8186 = CARTESIAN_POINT('',(-98.59357060551,53.571193780181,
    79.049833285138));
#8187 = CARTESIAN_POINT('',(-98.60186791952,53.529597968986,
    79.049245129689));
#8188 = CARTESIAN_POINT('',(-98.60991248086,53.487952913206,
    79.048643552639));
#8189 = CARTESIAN_POINT('',(-98.61770394584,53.446260425213,
    79.048027904107));
#8190 = CARTESIAN_POINT('',(-98.62524198616,53.404522324585,
    79.047397455913));
#8191 = CARTESIAN_POINT('',(-98.63252628898,53.362740438099,
    79.046751401578));
#8192 = CARTESIAN_POINT('',(-98.64528541122,53.286835014261,
    79.04554895866));
#8193 = CARTESIAN_POINT('',(-98.65084557717,53.252725573224,
    79.044998084862));
#8194 = CARTESIAN_POINT('',(-98.65623689387,53.21858926793,
    79.044435764765));
#8195 = CARTESIAN_POINT('',(-98.66145920741,53.18442709551,
    79.043861451274));
#8196 = CARTESIAN_POINT('',(-98.66651237081,53.150240058922,
    79.043274520368));
#8197 = CARTESIAN_POINT('',(-98.67139624407,53.116029166946,
    79.0426742711));
#8198 = CARTESIAN_POINT('',(-98.67611069413,53.081795434189,
    79.042059925594));
#8199 = CARTESIAN_POINT('',(-98.68437454394,53.019509641932,
    79.040915695527));
#8200 = CARTESIAN_POINT('',(-98.68797996898,52.99146479525,
    79.040390724664));
#8201 = CARTESIAN_POINT('',(-98.691471801,52.963405898804,
    79.039855257905));
#8202 = CARTESIAN_POINT('',(-98.69484997419,52.935333516321,
    79.039308757813));
#8203 = CARTESIAN_POINT('',(-98.69811442597,52.907248217486,
    79.038750608077));
#8204 = CARTESIAN_POINT('',(-98.70126509701,52.879150577943,
    79.038180113504));
#8205 = CARTESIAN_POINT('',(-98.70430193118,52.851041179296,
    79.037596500025));
#8206 = CARTESIAN_POINT('',(-98.71128534104,52.783856369172,
    79.036168767339));
#8207 = CARTESIAN_POINT('',(-98.71512601989,52.744770599693,
    79.035311681201));
#8208 = CARTESIAN_POINT('',(-98.71874677514,52.705664858696,
    79.034425091262));
#8209 = CARTESIAN_POINT('',(-98.72214747829,52.666540747294,
    79.033506262226));
#8210 = CARTESIAN_POINT('',(-98.72532801175,52.627399931958,
    79.03255187167));
#8211 = CARTESIAN_POINT('',(-98.72828827129,52.588244166784,
    79.031557593197));
#8212 = CARTESIAN_POINT('',(-98.73102816842,52.549075315759,
    79.030517679594));
#8213 = CARTESIAN_POINT('',(-98.73627058329,52.467551041887,
    79.028243124753));
#8214 = CARTESIAN_POINT('',(-98.73873592552,52.425195741918,
    79.027000039735));
#8215 = CARTESIAN_POINT('',(-98.74094373586,52.382830446792,
    79.025682232441));
#8216 = CARTESIAN_POINT('',(-98.74289398545,52.340456313392,
    79.024283881519));
#8217 = CARTESIAN_POINT('',(-98.74458659349,52.298077563773,
    79.022778087125));
#8218 = CARTESIAN_POINT('',(-98.74602148308,52.255699497576,
    79.021138518158));
#8219 = CARTESIAN_POINT('',(-98.74719866666,52.21332864419,
    79.019334719472));
#8220 = CARTESIAN_POINT('',(-98.74852895738,52.152078287904,
    79.016282884502));
#8221 = CARTESIAN_POINT('',(-98.74888675877,52.133250887639,
    79.01526771045));
#8222 = CARTESIAN_POINT('',(-98.74919385255,52.114405982057,
    79.014275983009));
#8223 = CARTESIAN_POINT('',(-98.74945041015,52.095629185763,
    79.012904359634));
#8224 = CARTESIAN_POINT('',(-98.74965631495,52.076694650202,
    79.011930930755));
#8225 = CARTESIAN_POINT('',(-98.74981117734,52.057935394727,
    79.010117152819));
#8226 = CARTESIAN_POINT('',(-98.74991436255,52.039067043724,
    79.008697739784));
#8227 = CARTESIAN_POINT('',(-98.74997580528,52.017665558623,
    79.005579579559));
#8228 = CARTESIAN_POINT('',(-98.74998210538,52.015294551095,
    79.005112896693));
#8229 = CARTESIAN_POINT('',(-98.74998703802,52.012996736881,
    79.004670597692));
#8230 = CARTESIAN_POINT('',(-98.74999107083,52.010511573671,
    79.004261760958));
#8231 = CARTESIAN_POINT('',(-98.74999444867,52.007785001353,
    79.003837637184));
#8232 = CARTESIAN_POINT('',(-98.7499971936,52.004969442021,
    79.00329164935));
#8233 = CARTESIAN_POINT('',(-98.74999910489,52.002423799969,
    79.002459392727));
#8234 = CARTESIAN_POINT('',(-98.74999981561,52.000565474319,
    79.001002625524));
#8235 = CARTESIAN_POINT('',(-98.74999986587,52.000424881313,
    79.000879635489));
#8236 = CARTESIAN_POINT('',(-98.74999990908,52.000296749916,
    79.000748972231));
#8237 = CARTESIAN_POINT('',(-98.74999994462,52.000185856365,
    79.000610567231));
#8238 = CARTESIAN_POINT('',(-98.74999997193,52.000096685886,
    79.000464975986));
#8239 = CARTESIAN_POINT('',(-98.74999999053,52.000033432695,
    79.000313378009));
#8240 = CARTESIAN_POINT('',(-98.75,52.,79.000157576831));
#8241 = CARTESIAN_POINT('',(-98.75,52.,79.));
#8242 = PCURVE('',#7952,#8243);
#8243 = DEFINITIONAL_REPRESENTATION('',(#8244),#8398);
#8244 = B_SPLINE_CURVE_WITH_KNOTS('',8,(#8245,#8246,#8247,#8248,#8249,
    #8250,#8251,#8252,#8253,#8254,#8255,#8256,#8257,#8258,#8259,#8260,
    #8261,#8262,#8263,#8264,#8265,#8266,#8267,#8268,#8269,#8270,#8271,
    #8272,#8273,#8274,#8275,#8276,#8277,#8278,#8279,#8280,#8281,#8282,
    #8283,#8284,#8285,#8286,#8287,#8288,#8289,#8290,#8291,#8292,#8293,
    #8294,#8295,#8296,#8297,#8298,#8299,#8300,#8301,#8302,#8303,#8304,
    #8305,#8306,#8307,#8308,#8309,#8310,#8311,#8312,#8313,#8314,#8315,
    #8316,#8317,#8318,#8319,#8320,#8321,#8322,#8323,#8324,#8325,#8326,
    #8327,#8328,#8329,#8330,#8331,#8332,#8333,#8334,#8335,#8336,#8337,
    #8338,#8339,#8340,#8341,#8342,#8343,#8344,#8345,#8346,#8347,#8348,
    #8349,#8350,#8351,#8352,#8353,#8354,#8355,#8356,#8357,#8358,#8359,
    #8360,#8361,#8362,#8363,#8364,#8365,#8366,#8367,#8368,#8369,#8370,
    #8371,#8372,#8373,#8374,#8375,#8376,#8377,#8378,#8379,#8380,#8381,
    #8382,#8383,#8384,#8385,#8386,#8387,#8388,#8389,#8390,#8391,#8392,
    #8393,#8394,#8395,#8396,#8397),.UNSPECIFIED.,.F.,.F.,(9,8,8,8,8,8,8,
    8,8,8,8,8,8,8,8,8,8,8,8,9),(0.,9.765625E-04,2.927780151367E-03,
    3.901483491063E-03,5.84698840612E-03,2.138062921227E-02,
    8.254433988651E-02,0.311908254915,0.655954127457,0.827977063729,
    0.913988531864,0.956994265932,0.978497132966,0.989248566483,
    0.994624283242,0.997312141621,0.997984106216,0.998992053108,
    0.999496026554,1.),.UNSPECIFIED.);
#8245 = CARTESIAN_POINT('',(-4.225240003478E-22,4.013555487521E-05));
#8246 = CARTESIAN_POINT('',(1.516007223704E-05,2.721647331468E-04));
#8247 = CARTESIAN_POINT('',(1.213329180165E-04,4.92480920508E-04));
#8248 = CARTESIAN_POINT('',(2.361395313466E-04,5.379436349713E-04));
#8249 = CARTESIAN_POINT('',(3.609209443408E-04,8.510406756922E-04));
#8250 = CARTESIAN_POINT('',(4.998058350007E-04,8.499646341496E-04));
#8251 = CARTESIAN_POINT('',(6.539797563887E-04,1.034559070047E-03));
#8252 = CARTESIAN_POINT('',(8.100005626988E-04,1.12234877511E-03));
#8253 = CARTESIAN_POINT('',(9.720372815398E-04,1.220598593169E-03));
#8254 = CARTESIAN_POINT('',(1.29532490204E-03,1.412302438471E-03));
#8255 = CARTESIAN_POINT('',(1.635725789916E-03,1.562178665799E-03));
#8256 = CARTESIAN_POINT('',(1.973717525214E-03,1.683121213829E-03));
#8257 = CARTESIAN_POINT('',(2.296805167816E-03,1.78592161384E-03));
#8258 = CARTESIAN_POINT('',(2.599521257431E-03,1.879268989717E-03));
#8259 = CARTESIAN_POINT('',(2.883425813603E-03,1.969750057951E-03));
#8260 = CARTESIAN_POINT('',(3.157106335705E-03,2.061849127638E-03));
#8261 = CARTESIAN_POINT('',(3.436177802943E-03,2.157948100477E-03));
#8262 = CARTESIAN_POINT('',(3.575439226652E-03,2.205903767901E-03));
#8263 = CARTESIAN_POINT('',(3.716039633382E-03,2.254855524116E-03));
#8264 = CARTESIAN_POINT('',(3.859918412473E-03,2.30509939672E-03));
#8265 = CARTESIAN_POINT('',(4.009449050238E-03,2.356801026425E-03));
#8266 = CARTESIAN_POINT('',(4.167439129969E-03,2.409995667064E-03));
#8267 = CARTESIAN_POINT('',(4.337130331931E-03,2.464588185589E-03));
#8268 = CARTESIAN_POINT('',(4.522198433366E-03,2.520353062068E-03));
#8269 = CARTESIAN_POINT('',(4.726753308489E-03,2.576934389687E-03));
#8270 = CARTESIAN_POINT('',(5.141973528751E-03,2.690673051065E-03));
#8271 = CARTESIAN_POINT('',(5.571781284437E-03,2.800643654487E-03));
#8272 = CARTESIAN_POINT('',(5.981831108896E-03,2.903852489915E-03));
#8273 = CARTESIAN_POINT('',(6.40502786046E-03,3.004191277447E-03));
#8274 = CARTESIAN_POINT('',(6.831941637278E-03,3.101140617024E-03));
#8275 = CARTESIAN_POINT('',(7.246112479267E-03,3.193411318918E-03));
#8276 = CARTESIAN_POINT('',(7.670502747358E-03,3.283733676483E-03));
#8277 = CARTESIAN_POINT('',(8.091355070263E-03,3.371004742604E-03));
#8278 = CARTESIAN_POINT('',(1.14559524847E-02,4.066212892063E-03));
#8279 = CARTESIAN_POINT('',(1.48265973024E-02,4.607276445671E-03));
#8280 = CARTESIAN_POINT('',(1.819649967505E-02,5.094107402903E-03));
#8281 = CARTESIAN_POINT('',(2.155756499267E-02,5.52798087781E-03));
#8282 = CARTESIAN_POINT('',(2.491425959672E-02,5.924056502959E-03));
#8283 = CARTESIAN_POINT('',(2.827019318133E-02,6.300683238465E-03));
#8284 = CARTESIAN_POINT('',(3.161802975908E-02,6.648064857514E-03));
#8285 = CARTESIAN_POINT('',(3.496333906843E-02,6.978863379767E-03));
#8286 = CARTESIAN_POINT('',(4.813488554389E-02,8.277976753441E-03));
#8287 = CARTESIAN_POINT('',(6.124417307802E-02,9.295102857023E-03));
#8288 = CARTESIAN_POINT('',(7.42865147571E-02,1.019218624294E-02));
#8289 = CARTESIAN_POINT('',(8.726288761534E-02,1.100758606872E-02));
#8290 = CARTESIAN_POINT('',(0.100175573954,1.174560933689E-02));
#8291 = CARTESIAN_POINT('',(0.113026059715,1.242124868752E-02));
#8292 = CARTESIAN_POINT('',(0.125815189917,1.306012474342E-02));
#8293 = CARTESIAN_POINT('',(0.138545581136,1.365363300795E-02));
#8294 = CARTESIAN_POINT('',(0.186284368509,1.58819538268E-02));
#8295 = CARTESIAN_POINT('',(0.233192364017,1.755409353745E-02));
#8296 = CARTESIAN_POINT('',(0.279362800706,1.898521134125E-02));
#8297 = CARTESIAN_POINT('',(0.324886537319,2.019124340243E-02));
#8298 = CARTESIAN_POINT('',(0.36984831147,2.121083265331E-02));
#8299 = CARTESIAN_POINT('',(0.414326607433,2.2097284902E-02));
#8300 = CARTESIAN_POINT('',(0.458395872044,2.283800974048E-02));
#8301 = CARTESIAN_POINT('',(0.502129812208,2.34589047507E-02));
#8302 = CARTESIAN_POINT('',(0.567730806851,2.438886279344E-02));
#8303 = CARTESIAN_POINT('',(0.632575189362,2.504389556937E-02));
#8304 = CARTESIAN_POINT('',(0.696906636746,2.545447982839E-02));
#8305 = CARTESIAN_POINT('',(0.760953998016,2.563875552965E-02));
#8306 = CARTESIAN_POINT('',(0.82493810517,2.560353852578E-02));
#8307 = CARTESIAN_POINT('',(0.889078584164,2.534533324717E-02));
#8308 = CARTESIAN_POINT('',(0.953600665893,2.485134538629E-02));
#8309 = CARTESIAN_POINT('',(1.018741997162,2.410049458191E-02));
#8310 = CARTESIAN_POINT('',(1.051312523176,2.372462787827E-02));
#8311 = CARTESIAN_POINT('',(1.084037708141,2.328449812975E-02));
#8312 = CARTESIAN_POINT('',(1.116947238843,2.277548263013E-02));
#8313 = CARTESIAN_POINT('',(1.150071514864,2.219349848888E-02));
#8314 = CARTESIAN_POINT('',(1.183441904199,2.153308969686E-02));
#8315 = CARTESIAN_POINT('',(1.217090998871,2.078551419208E-02));
#8316 = CARTESIAN_POINT('',(1.251052870553,1.993683092536E-02));
#8317 = CARTESIAN_POINT('',(1.28536332618,1.89659869261E-02));
#8318 = CARTESIAN_POINT('',(1.302518560356,1.848105130159E-02));
#8319 = CARTESIAN_POINT('',(1.319760912045,1.796380105592E-02));
#8320 = CARTESIAN_POINT('',(1.33709487812,1.741333923711E-02));
#8321 = CARTESIAN_POINT('',(1.354525043757,1.682650983116E-02));
#8322 = CARTESIAN_POINT('',(1.372056082437,1.619789776196E-02));
#8323 = CARTESIAN_POINT('',(1.389692755949,1.551982889134E-02));
#8324 = CARTESIAN_POINT('',(1.407439914383,1.478237001908E-02));
#8325 = CARTESIAN_POINT('',(1.425302496136,1.397332888288E-02));
#8326 = CARTESIAN_POINT('',(1.434233793805,1.356880961288E-02));
#8327 = CARTESIAN_POINT('',(1.443193895651,1.314464817006E-02));
#8328 = CARTESIAN_POINT('',(1.452183455969,1.270019225763E-02));
#8329 = CARTESIAN_POINT('',(1.461203088661,1.223319161398E-02));
#8330 = CARTESIAN_POINT('',(1.470253367244,1.173979801265E-02));
#8331 = CARTESIAN_POINT('',(1.479334824845,1.121456526237E-02));
#8332 = CARTESIAN_POINT('',(1.488447954203,1.065044920705E-02));
#8333 = CARTESIAN_POINT('',(1.497593207669,1.003880772576E-02));
#8334 = CARTESIAN_POINT('',(1.502165896941,9.732995981578E-03));
#8335 = CARTESIAN_POINT('',(1.506746385385,9.414043038241E-03));
#8336 = CARTESIAN_POINT('',(1.511334868788,9.081510557553E-03));
#8337 = CARTESIAN_POINT('',(1.515931459428,8.73380708093E-03));
#8338 = CARTESIAN_POINT('',(1.52053618608,8.3681880294E-03));
#8339 = CARTESIAN_POINT('',(1.525148994008,7.980755703604E-03));
#8340 = CARTESIAN_POINT('',(1.529769744975,7.566459283792E-03));
#8341 = CARTESIAN_POINT('',(1.534398217234,7.119094829825E-03));
#8342 = CARTESIAN_POINT('',(1.536712295564,6.895089360743E-03));
#8343 = CARTESIAN_POINT('',(1.539028915062,6.663399848131E-03));
#8344 = CARTESIAN_POINT('',(1.541347140572,6.419197675139E-03));
#8345 = CARTESIAN_POINT('',(1.543664072582,6.168329492305E-03));
#8346 = CARTESIAN_POINT('',(1.545988282449,5.902757972475E-03));
#8347 = CARTESIAN_POINT('',(1.548317108982,5.617551532614E-03));
#8348 = CARTESIAN_POINT('',(1.550630018352,5.322126513525E-03));
#8349 = CARTESIAN_POINT('',(1.552950229303,4.99844530848E-03));
#8350 = CARTESIAN_POINT('',(1.554109913081,4.836827593381E-03));
#8351 = CARTESIAN_POINT('',(1.555269868429,4.66866583854E-03));
#8352 = CARTESIAN_POINT('',(1.556430407115,4.493815216687E-03));
#8353 = CARTESIAN_POINT('',(1.557591642715,4.311436411802E-03));
#8354 = CARTESIAN_POINT('',(1.558753490611,4.119995619113E-03));
#8355 = CARTESIAN_POINT('',(1.559915667996,3.917264545095E-03));
#8356 = CARTESIAN_POINT('',(1.561077693869,3.700320407475E-03));
#8357 = CARTESIAN_POINT('',(1.562238889041,3.465545935226E-03));
#8358 = CARTESIAN_POINT('',(1.562819498882,3.348290725623E-03));
#8359 = CARTESIAN_POINT('',(1.563399846776,3.22609419348E-03));
#8360 = CARTESIAN_POINT('',(1.563979899062,3.098999382154E-03));
#8361 = CARTESIAN_POINT('',(1.56455954966,2.966450132136E-03));
#8362 = CARTESIAN_POINT('',(1.565138620067,2.827291081052E-03));
#8363 = CARTESIAN_POINT('',(1.565716859364,2.679767663662E-03));
#8364 = CARTESIAN_POINT('',(1.566293944206,2.52152611186E-03));
#8365 = CARTESIAN_POINT('',(1.566869478831,2.349613454673E-03));
#8366 = CARTESIAN_POINT('',(1.567013741116,2.306600424102E-03));
#8367 = CARTESIAN_POINT('',(1.56715707711,2.262667839076E-03));
#8368 = CARTESIAN_POINT('',(1.567300320197,2.217785741643E-03));
#8369 = CARTESIAN_POINT('',(1.56744390073,2.171902486685E-03));
#8370 = CARTESIAN_POINT('',(1.567587846026,2.124944741913E-03));
#8371 = CARTESIAN_POINT('',(1.567731780371,2.076817487873E-03));
#8372 = CARTESIAN_POINT('',(1.567874925017,2.027404017939E-03));
#8373 = CARTESIAN_POINT('',(1.568016098185,1.976565938318E-03));
#8374 = CARTESIAN_POINT('',(1.568224505354,1.900230766835E-03));
#8375 = CARTESIAN_POINT('',(1.568414289542,1.820735150416E-03));
#8376 = CARTESIAN_POINT('',(1.568594664826,1.741088644907E-03));
#8377 = CARTESIAN_POINT('',(1.568772561528,1.662761308704E-03));
#8378 = CARTESIAN_POINT('',(1.568952626213,1.585683702751E-03));
#8379 = CARTESIAN_POINT('',(1.569137221694,1.508246890539E-03));
#8380 = CARTESIAN_POINT('',(1.569326427027,1.427302438109E-03));
#8381 = CARTESIAN_POINT('',(1.569518037514,1.338162414048E-03));
#8382 = CARTESIAN_POINT('',(1.569613587936,1.293421212024E-03));
#8383 = CARTESIAN_POINT('',(1.569710169289,1.246920591471E-03));
#8384 = CARTESIAN_POINT('',(1.569807148078,1.197833977967E-03));
#8385 = CARTESIAN_POINT('',(1.569903890807,1.145334797091E-03));
#8386 = CARTESIAN_POINT('',(1.569999763984,1.088596474424E-03));
#8387 = CARTESIAN_POINT('',(1.570094134113,1.026792435543E-03));
#8388 = CARTESIAN_POINT('',(1.570186367701,9.590961060296E-04));
#8389 = CARTESIAN_POINT('',(1.570275831251,8.846809114615E-04));
#8390 = CARTESIAN_POINT('',(1.570365083444,8.108900635182E-04));
#8391 = CARTESIAN_POINT('',(1.570451141076,7.230700928681E-04));
#8392 = CARTESIAN_POINT('',(1.570530744276,6.540716115986E-04));
#8393 = CARTESIAN_POINT('',(1.5706179946,5.190135709729E-04));
#8394 = CARTESIAN_POINT('',(1.570662019814,4.397355309533E-04));
#8395 = CARTESIAN_POINT('',(1.570758115879,3.216627373749E-04));
#8396 = CARTESIAN_POINT('',(1.570795612447,1.607097351622E-04));
#8397 = CARTESIAN_POINT('',(1.570796326795,0.));
#8398 = ( GEOMETRIC_REPRESENTATION_CONTEXT(2) 
PARAMETRIC_REPRESENTATION_CONTEXT() REPRESENTATION_CONTEXT('2D SPACE',''
  ) );
#8399 = PCURVE('',#3455,#8400);
#8400 = DEFINITIONAL_REPRESENTATION('',(#8401),#8547);
#8401 = B_SPLINE_CURVE_WITH_KNOTS('',8,(#8402,#8403,#8404,#8405,#8406,
    #8407,#8408,#8409,#8410,#8411,#8412,#8413,#8414,#8415,#8416,#8417,
    #8418,#8419,#8420,#8421,#8422,#8423,#8424,#8425,#8426,#8427,#8428,
    #8429,#8430,#8431,#8432,#8433,#8434,#8435,#8436,#8437,#8438,#8439,
    #8440,#8441,#8442,#8443,#8444,#8445,#8446,#8447,#8448,#8449,#8450,
    #8451,#8452,#8453,#8454,#8455,#8456,#8457,#8458,#8459,#8460,#8461,
    #8462,#8463,#8464,#8465,#8466,#8467,#8468,#8469,#8470,#8471,#8472,
    #8473,#8474,#8475,#8476,#8477,#8478,#8479,#8480,#8481,#8482,#8483,
    #8484,#8485,#8486,#8487,#8488,#8489,#8490,#8491,#8492,#8493,#8494,
    #8495,#8496,#8497,#8498,#8499,#8500,#8501,#8502,#8503,#8504,#8505,
    #8506,#8507,#8508,#8509,#8510,#8511,#8512,#8513,#8514,#8515,#8516,
    #8517,#8518,#8519,#8520,#8521,#8522,#8523,#8524,#8525,#8526,#8527,
    #8528,#8529,#8530,#8531,#8532,#8533,#8534,#8535,#8536,#8537,#8538,
    #8539,#8540,#8541,#8542,#8543,#8544,#8545,#8546),.UNSPECIFIED.,.F.,
  .F.,(9,8,8,8,8,8,8,8,8,8,8,8,8,8,8,8,8,8,9),(0.,9.765625E-04,
    2.927780151367E-03,3.901483491063E-03,1.168350315129E-02,
    7.345328420433E-02,0.305089963153,0.652544981577,0.826272490788,
    0.913136245394,0.956568122697,0.978284061349,0.989142030674,
    0.994571015337,0.997285507669,0.997964130751,0.998982065376,
    0.999491032688,1.),.UNSPECIFIED.);
#8402 = CARTESIAN_POINT('',(1.570211665735,-63.50012026614));
#8403 = CARTESIAN_POINT('',(1.570196511286,-63.50081554197));
#8404 = CARTESIAN_POINT('',(1.570090378038,-63.50147572745));
#8405 = CARTESIAN_POINT('',(1.569975613784,-63.50161196204));
#8406 = CARTESIAN_POINT('',(1.569850879058,-63.50255015987));
#8407 = CARTESIAN_POINT('',(1.56971204566,-63.50254696082));
#8408 = CARTESIAN_POINT('',(1.569557929436,-63.5031001154));
#8409 = CARTESIAN_POINT('',(1.569401966555,-63.50336319036));
#8410 = CARTESIAN_POINT('',(1.569239990153,-63.50365760977));
#8411 = CARTESIAN_POINT('',(1.568916822831,-63.50423207795));
#8412 = CARTESIAN_POINT('',(1.568576548633,-63.50468120798));
#8413 = CARTESIAN_POINT('',(1.56823868271,-63.50504363671));
#8414 = CARTESIAN_POINT('',(1.567915715344,-63.50535170129));
#8415 = CARTESIAN_POINT('',(1.567613111954,-63.50563143918));
#8416 = CARTESIAN_POINT('',(1.567329313092,-63.50590258812));
#8417 = CARTESIAN_POINT('',(1.567055734444,-63.50617858615));
#8418 = CARTESIAN_POINT('',(1.566776766833,-63.50646657164));
#8419 = CARTESIAN_POINT('',(1.566636785337,-63.50660958821));
#8420 = CARTESIAN_POINT('',(1.566496770729,-63.50675676516));
#8421 = CARTESIAN_POINT('',(1.566353699506,-63.50690801291));
#8422 = CARTESIAN_POINT('',(1.566204548164,-63.50706324186));
#8423 = CARTESIAN_POINT('',(1.566046293202,-63.50722236244));
#8424 = CARTESIAN_POINT('',(1.565875911115,-63.50738528505));
#8425 = CARTESIAN_POINT('',(1.5656903784,-63.50755192012));
#8426 = CARTESIAN_POINT('',(1.565486671556,-63.50772217805));
#8427 = CARTESIAN_POINT('',(1.563811353724,-63.50909175166));
#8428 = CARTESIAN_POINT('',(1.562124954566,-63.5102046324));
#8429 = CARTESIAN_POINT('',(1.560437143602,-63.51118074179));
#8430 = CARTESIAN_POINT('',(1.558750924789,-63.5120794504));
#8431 = CARTESIAN_POINT('',(1.557065475018,-63.51292032589));
#8432 = CARTESIAN_POINT('',(1.55537898262,-63.5137038811));
#8433 = CARTESIAN_POINT('',(1.553691485865,-63.51443232209));
#8434 = CARTESIAN_POINT('',(1.552007711467,-63.5151302962));
#8435 = CARTESIAN_POINT('',(1.538635274248,-63.52065001794));
#8436 = CARTESIAN_POINT('',(1.525336124986,-63.52389897512));
#8437 = CARTESIAN_POINT('',(1.512094283781,-63.52746529831));
#8438 = CARTESIAN_POINT('',(1.498918048788,-63.52981703968));
#8439 = CARTESIAN_POINT('',(1.48581998708,-63.53253949682));
#8440 = CARTESIAN_POINT('',(1.472775752469,-63.53468121142));
#8441 = CARTESIAN_POINT('',(1.459800930798,-63.53679198292));
#8442 = CARTESIAN_POINT('',(1.446886206692,-63.5387253091));
#8443 = CARTESIAN_POINT('',(1.398456677644,-63.5459836138));
#8444 = CARTESIAN_POINT('',(1.350896322502,-63.55125463092));
#8445 = CARTESIAN_POINT('',(1.304109904263,-63.55579488307));
#8446 = CARTESIAN_POINT('',(1.258001730645,-63.55959272944));
#8447 = CARTESIAN_POINT('',(1.212483708429,-63.56278351719));
#8448 = CARTESIAN_POINT('',(1.167474637762,-63.56558263348));
#8449 = CARTESIAN_POINT('',(1.12289655002,-63.56790853174));
#8450 = CARTESIAN_POINT('',(1.078673892865,-63.56986780543));
#8451 = CARTESIAN_POINT('',(1.012339606614,-63.57280111283));
#8452 = CARTESIAN_POINT('',(0.946806220185,-63.57488027855));
#8453 = CARTESIAN_POINT('',(0.881821426395,-63.57620582632));
#8454 = CARTESIAN_POINT('',(0.81714880248,-63.57683734382));
#8455 = CARTESIAN_POINT('',(0.752560695855,-63.57679772121));
#8456 = CARTESIAN_POINT('',(0.687831109878,-63.5760773897));
#8457 = CARTESIAN_POINT('',(0.62272858961,-63.57463856009));
#8458 = CARTESIAN_POINT('',(0.557009107574,-63.57241946135));
#8459 = CARTESIAN_POINT('',(0.524149624039,-63.57131147348));
#8460 = CARTESIAN_POINT('',(0.491135679135,-63.56999986876));
#8461 = CARTESIAN_POINT('',(0.457937347078,-63.56848318562));
#8462 = CARTESIAN_POINT('',(0.424523447461,-63.56675005246));
#8463 = CARTESIAN_POINT('',(0.390861545254,-63.56477918764));
#8464 = CARTESIAN_POINT('',(0.3569179508,-63.56253939944));
#8465 = CARTESIAN_POINT('',(0.322657719821,-63.55998958612));
#8466 = CARTESIAN_POINT('',(0.288044653413,-63.55707873587));
#8467 = CARTESIAN_POINT('',(0.270738043738,-63.55562329874));
#8468 = CARTESIAN_POINT('',(0.25334315456,-63.55407019206));
#8469 = CARTESIAN_POINT('',(0.235855368194,-63.55241671526));
#8470 = CARTESIAN_POINT('',(0.21826997378,-63.5506533653));
#8471 = CARTESIAN_POINT('',(0.200582167279,-63.54876383661));
#8472 = CARTESIAN_POINT('',(0.182787051477,-63.54672502116));
#8473 = CARTESIAN_POINT('',(0.164879635983,-63.54450700838));
#8474 = CARTESIAN_POINT('',(0.14685483723,-63.54207308524));
#8475 = CARTESIAN_POINT('',(0.137842431041,-63.54085612236));
#8476 = CARTESIAN_POINT('',(0.128800730234,-63.53957992508));
#8477 = CARTESIAN_POINT('',(0.119729062409,-63.53824252551));
#8478 = CARTESIAN_POINT('',(0.110626795066,-63.53683714538));
#8479 = CARTESIAN_POINT('',(0.101493335603,-63.53535219602));
#8480 = CARTESIAN_POINT('',(9.232813131943E-02,-63.53377127837));
#8481 = CARTESIAN_POINT('',(8.313066941399E-02,-63.532073183));
#8482 = CARTESIAN_POINT('',(7.390047698472E-02,-63.53023189005));
#8483 = CARTESIAN_POINT('',(6.928531377082E-02,-63.52931126626));
#8484 = CARTESIAN_POINT('',(6.466219323788E-02,-63.52835104707));
#8485 = CARTESIAN_POINT('',(6.003092592207E-02,-63.52734991529));
#8486 = CARTESIAN_POINT('',(5.539140171456E-02,-63.52630308077));
#8487 = CARTESIAN_POINT('',(5.07435898615E-02,-63.52520228042));
#8488 = CARTESIAN_POINT('',(4.608753896401E-02,-63.52403577814));
#8489 = CARTESIAN_POINT('',(4.142337697819E-02,-63.52278836493));
#8490 = CARTESIAN_POINT('',(3.67513112151E-02,-63.52144135878));
#8491 = CARTESIAN_POINT('',(3.441533135624E-02,-63.52076781959));
#8492 = CARTESIAN_POINT('',(3.207765798331E-02,-63.52006708859));
#8493 = CARTESIAN_POINT('',(2.973762203127E-02,-63.51933754618));
#8494 = CARTESIAN_POINT('',(2.73951923902E-02,-63.51857550037));
#8495 = CARTESIAN_POINT('',(2.505097590526E-02,-63.51777518688));
#8496 = CARTESIAN_POINT('',(2.270621737671E-02,-63.51692876908));
#8497 = CARTESIAN_POINT('',(2.036279955993E-02,-63.51602633803));
#8498 = CARTESIAN_POINT('',(1.802324316535E-02,-63.51505591245));
#8499 = CARTESIAN_POINT('',(1.685254339007E-02,-63.51456940489));
#8500 = CARTESIAN_POINT('',(1.568160113731E-02,-63.51406301963));
#8501 = CARTESIAN_POINT('',(1.45100784488E-02,-63.5135364637));
#8502 = CARTESIAN_POINT('',(1.333784223074E-02,-63.51298730109));
#8503 = CARTESIAN_POINT('',(1.216496425379E-02,-63.51241095277));
#8504 = CARTESIAN_POINT('',(1.099172115309E-02,-63.51180069667));
#8505 = CARTESIAN_POINT('',(9.818594428254E-03,-63.51114766768));
#8506 = CARTESIAN_POINT('',(8.646270443351E-03,-63.51044085768));
#8507 = CARTESIAN_POINT('',(8.06009584383E-03,-63.51008786132));
#8508 = CARTESIAN_POINT('',(7.474176848842E-03,-63.50971995579));
#8509 = CARTESIAN_POINT('',(6.888546424567E-03,-63.50933729764));
#8510 = CARTESIAN_POINT('',(6.303310670754E-03,-63.50893823654));
#8511 = CARTESIAN_POINT('',(5.718648820718E-03,-63.5085193152));
#8512 = CARTESIAN_POINT('',(5.134813241343E-03,-63.50807526946));
#8513 = CARTESIAN_POINT('',(4.55212943308E-03,-63.50759902821));
#8514 = CARTESIAN_POINT('',(3.970996029945E-03,-63.50708171343));
#8515 = CARTESIAN_POINT('',(3.825601468256E-03,-63.50695303795));
#8516 = CARTESIAN_POINT('',(3.680370918283E-03,-63.5068210361));
#8517 = CARTESIAN_POINT('',(3.535304380027E-03,-63.5066857079));
#8518 = CARTESIAN_POINT('',(3.390401853489E-03,-63.50654705335));
#8519 = CARTESIAN_POINT('',(3.245663338668E-03,-63.50640507243));
#8520 = CARTESIAN_POINT('',(3.101088835565E-03,-63.50625976517));
#8521 = CARTESIAN_POINT('',(2.956678344179E-03,-63.50611113154));
#8522 = CARTESIAN_POINT('',(2.81243186451E-03,-63.50595917156));
#8523 = CARTESIAN_POINT('',(2.599352794882E-03,-63.50572955168));
#8524 = CARTESIAN_POINT('',(2.406390890783E-03,-63.5054891518));
#8525 = CARTESIAN_POINT('',(2.223826256217E-03,-63.50524773206));
#8526 = CARTESIAN_POINT('',(2.044313633304E-03,-63.5050102537));
#8527 = CARTESIAN_POINT('',(1.862882402279E-03,-63.50477687906));
#8528 = CARTESIAN_POINT('',(1.676936581495E-03,-63.50454297162));
#8529 = CARTESIAN_POINT('',(1.486254827418E-03,-63.50429909596));
#8530 = CARTESIAN_POINT('',(1.292990434631E-03,-63.50403101774));
#8531 = CARTESIAN_POINT('',(1.196623213946E-03,-63.50389644511));
#8532 = CARTESIAN_POINT('',(1.09916359302E-03,-63.5037567241));
#8533 = CARTESIAN_POINT('',(1.00125289798E-03,-63.5036093256));
#8534 = CARTESIAN_POINT('',(9.035324549527E-04,-63.5034517205));
#8535 = CARTESIAN_POINT('',(8.066435900656E-04,-63.50328137968));
#8536 = CARTESIAN_POINT('',(7.112276294458E-04,-63.50309577402));
#8537 = CARTESIAN_POINT('',(6.179258992202E-04,-63.50289237441));
#8538 = CARTESIAN_POINT('',(5.273797255161E-04,-63.50266865174));
#8539 = CARTESIAN_POINT('',(4.370822537574E-04,-63.50244674629));
#8540 = CARTESIAN_POINT('',(3.497236102295E-04,-63.50218299723));
#8541 = CARTESIAN_POINT('',(2.699369073579E-04,-63.50197306291));
#8542 = CARTESIAN_POINT('',(1.798805205116E-04,-63.50157181597));
#8543 = CARTESIAN_POINT('',(1.371991921309E-04,-63.501323653));
#8544 = CARTESIAN_POINT('',(3.891778190259E-05,-63.5009749428));
#8545 = CARTESIAN_POINT('',(7.24850419891E-07,-63.5004861215));
#8546 = CARTESIAN_POINT('',(0.,-63.5));
#8547 = ( GEOMETRIC_REPRESENTATION_CONTEXT(2) 
PARAMETRIC_REPRESENTATION_CONTEXT() REPRESENTATION_CONTEXT('2D SPACE',''
  ) );
#8548 = ORIENTED_EDGE('',*,*,#7938,.T.);
#8549 = ADVANCED_FACE('',(#8550),#7927,.F.);
#8550 = FACE_BOUND('',#8551,.F.);
#8551 = EDGE_LOOP('',(#8552,#8577,#8596,#8597,#8618));
#8552 = ORIENTED_EDGE('',*,*,#8553,.T.);
#8553 = EDGE_CURVE('',#8554,#8556,#8558,.T.);
#8554 = VERTEX_POINT('',#8555);
#8555 = CARTESIAN_POINT('',(-98.75,-52.,15.5));
#8556 = VERTEX_POINT('',#8557);
#8557 = CARTESIAN_POINT('',(-98.75,52.,15.5));
#8558 = SURFACE_CURVE('',#8559,(#8563,#8570),.PCURVE_S1.);
#8559 = LINE('',#8560,#8561);
#8560 = CARTESIAN_POINT('',(-98.75,-52.,15.5));
#8561 = VECTOR('',#8562,1.);
#8562 = DIRECTION('',(0.,1.,0.));
#8563 = PCURVE('',#7927,#8564);
#8564 = DEFINITIONAL_REPRESENTATION('',(#8565),#8569);
#8565 = LINE('',#8566,#8567);
#8566 = CARTESIAN_POINT('',(19.5,31.75));
#8567 = VECTOR('',#8568,1.);
#8568 = DIRECTION('',(-1.,3.145119621529E-17));
#8569 = ( GEOMETRIC_REPRESENTATION_CONTEXT(2) 
PARAMETRIC_REPRESENTATION_CONTEXT() REPRESENTATION_CONTEXT('2D SPACE',''
  ) );
#8570 = PCURVE('',#467,#8571);
#8571 = DEFINITIONAL_REPRESENTATION('',(#8572),#8576);
#8572 = LINE('',#8573,#8574);
#8573 = CARTESIAN_POINT('',(11.25,13.));
#8574 = VECTOR('',#8575,1.);
#8575 = DIRECTION('',(0.,1.));
#8576 = ( GEOMETRIC_REPRESENTATION_CONTEXT(2) 
PARAMETRIC_REPRESENTATION_CONTEXT() REPRESENTATION_CONTEXT('2D SPACE',''
  ) );
#8577 = ORIENTED_EDGE('',*,*,#8578,.T.);
#8578 = EDGE_CURVE('',#8556,#7911,#8579,.T.);
#8579 = SURFACE_CURVE('',#8580,(#8583,#8589),.PCURVE_S1.);
#8580 = B_SPLINE_CURVE_WITH_KNOTS('',1,(#8581,#8582),.UNSPECIFIED.,.F.,
  .F.,(2,2),(0.,63.5),.PIECEWISE_BEZIER_KNOTS.);
#8581 = CARTESIAN_POINT('',(-98.75,52.,15.5));
#8582 = CARTESIAN_POINT('',(-98.75,52.,79.));
#8583 = PCURVE('',#7927,#8584);
#8584 = DEFINITIONAL_REPRESENTATION('',(#8585),#8588);
#8585 = B_SPLINE_CURVE_WITH_KNOTS('',1,(#8586,#8587),.UNSPECIFIED.,.F.,
  .F.,(2,2),(0.,63.5),.PIECEWISE_BEZIER_KNOTS.);
#8586 = CARTESIAN_POINT('',(-84.5,31.75));
#8587 = CARTESIAN_POINT('',(-84.5,-31.75));
#8588 = ( GEOMETRIC_REPRESENTATION_CONTEXT(2) 
PARAMETRIC_REPRESENTATION_CONTEXT() REPRESENTATION_CONTEXT('2D SPACE',''
  ) );
#8589 = PCURVE('',#3455,#8590);
#8590 = DEFINITIONAL_REPRESENTATION('',(#8591),#8595);
#8591 = B_SPLINE_CURVE_WITH_KNOTS('',2,(#8592,#8593,#8594),
  .UNSPECIFIED.,.F.,.F.,(3,3),(0.,63.5),.PIECEWISE_BEZIER_KNOTS.);
#8592 = CARTESIAN_POINT('',(-1.971148783494E-15,7.105427357601E-15));
#8593 = CARTESIAN_POINT('',(-1.851333857439E-15,-31.75));
#8594 = CARTESIAN_POINT('',(0.,-63.5));
#8595 = ( GEOMETRIC_REPRESENTATION_CONTEXT(2) 
PARAMETRIC_REPRESENTATION_CONTEXT() REPRESENTATION_CONTEXT('2D SPACE',''
  ) );
#8596 = ORIENTED_EDGE('',*,*,#7910,.T.);
#8597 = ORIENTED_EDGE('',*,*,#8598,.F.);
#8598 = EDGE_CURVE('',#8599,#7913,#8601,.T.);
#8599 = VERTEX_POINT('',#8600);
#8600 = CARTESIAN_POINT('',(-98.75,-52.,79.));
#8601 = SURFACE_CURVE('',#8602,(#8605,#8611),.PCURVE_S1.);
#8602 = B_SPLINE_CURVE_WITH_KNOTS('',1,(#8603,#8604),.UNSPECIFIED.,.F.,
  .F.,(2,2),(0.,39.),.PIECEWISE_BEZIER_KNOTS.);
#8603 = CARTESIAN_POINT('',(-98.75,-52.,79.));
#8604 = CARTESIAN_POINT('',(-98.75,-13.,79.));
#8605 = PCURVE('',#7927,#8606);
#8606 = DEFINITIONAL_REPRESENTATION('',(#8607),#8610);
#8607 = B_SPLINE_CURVE_WITH_KNOTS('',1,(#8608,#8609),.UNSPECIFIED.,.F.,
  .F.,(2,2),(0.,39.),.PIECEWISE_BEZIER_KNOTS.);
#8608 = CARTESIAN_POINT('',(19.5,-31.75));
#8609 = CARTESIAN_POINT('',(-19.5,-31.75));
#8610 = ( GEOMETRIC_REPRESENTATION_CONTEXT(2) 
PARAMETRIC_REPRESENTATION_CONTEXT() REPRESENTATION_CONTEXT('2D SPACE',''
  ) );
#8611 = PCURVE('',#5551,#8612);
#8612 = DEFINITIONAL_REPRESENTATION('',(#8613),#8617);
#8613 = B_SPLINE_CURVE_WITH_KNOTS('',2,(#8614,#8615,#8616),
  .UNSPECIFIED.,.F.,.F.,(3,3),(0.,39.),.PIECEWISE_BEZIER_KNOTS.);
#8614 = CARTESIAN_POINT('',(0.,104.));
#8615 = CARTESIAN_POINT('',(0.,84.5));
#8616 = CARTESIAN_POINT('',(0.,65.));
#8617 = ( GEOMETRIC_REPRESENTATION_CONTEXT(2) 
PARAMETRIC_REPRESENTATION_CONTEXT() REPRESENTATION_CONTEXT('2D SPACE',''
  ) );
#8618 = ORIENTED_EDGE('',*,*,#8619,.T.);
#8619 = EDGE_CURVE('',#8599,#8554,#8620,.T.);
#8620 = SURFACE_CURVE('',#8621,(#8624,#8630),.PCURVE_S1.);
#8621 = B_SPLINE_CURVE_WITH_KNOTS('',1,(#8622,#8623),.UNSPECIFIED.,.F.,
  .F.,(2,2),(0.,63.5),.PIECEWISE_BEZIER_KNOTS.);
#8622 = CARTESIAN_POINT('',(-98.75,-52.,79.));
#8623 = CARTESIAN_POINT('',(-98.75,-52.,15.5));
#8624 = PCURVE('',#7927,#8625);
#8625 = DEFINITIONAL_REPRESENTATION('',(#8626),#8629);
#8626 = B_SPLINE_CURVE_WITH_KNOTS('',1,(#8627,#8628),.UNSPECIFIED.,.F.,
  .F.,(2,2),(0.,63.5),.PIECEWISE_BEZIER_KNOTS.);
#8627 = CARTESIAN_POINT('',(19.5,-31.75));
#8628 = CARTESIAN_POINT('',(19.5,31.75));
#8629 = ( GEOMETRIC_REPRESENTATION_CONTEXT(2) 
PARAMETRIC_REPRESENTATION_CONTEXT() REPRESENTATION_CONTEXT('2D SPACE',''
  ) );
#8630 = PCURVE('',#132,#8631);
#8631 = DEFINITIONAL_REPRESENTATION('',(#8632),#8636);
#8632 = B_SPLINE_CURVE_WITH_KNOTS('',2,(#8633,#8634,#8635),
  .UNSPECIFIED.,.F.,.F.,(3,3),(0.,63.5),.PIECEWISE_BEZIER_KNOTS.);
#8633 = CARTESIAN_POINT('',(1.570796326795,79.));
#8634 = CARTESIAN_POINT('',(1.570796326795,47.25));
#8635 = CARTESIAN_POINT('',(1.570796326795,15.5));
#8636 = ( GEOMETRIC_REPRESENTATION_CONTEXT(2) 
PARAMETRIC_REPRESENTATION_CONTEXT() REPRESENTATION_CONTEXT('2D SPACE',''
  ) );
#8637 = ADVANCED_FACE('',(#8638),#5812,.T.);
#8638 = FACE_BOUND('',#8639,.T.);
#8639 = EDGE_LOOP('',(#8640,#8661,#8662,#8663));
#8640 = ORIENTED_EDGE('',*,*,#8641,.F.);
#8641 = EDGE_CURVE('',#7996,#5769,#8642,.T.);
#8642 = SURFACE_CURVE('',#8643,(#8647,#8654),.PCURVE_S1.);
#8643 = ( BOUNDED_CURVE() B_SPLINE_CURVE(2,(#8644,#8645,#8646),
.UNSPECIFIED.,.F.,.F.) B_SPLINE_CURVE_WITH_KNOTS((3,3),(0.16744807922,
1.570796326795),.PIECEWISE_BEZIER_KNOTS.) CURVE() 
GEOMETRIC_REPRESENTATION_ITEM() RATIONAL_B_SPLINE_CURVE((1.,
0.763762615826,1.)) REPRESENTATION_ITEM('') );
#8644 = CARTESIAN_POINT('',(-90.72969543147,59.95803989155,79.5));
#8645 = CARTESIAN_POINT('',(-90.72969543147,59.535462764186,82.));
#8646 = CARTESIAN_POINT('',(-90.72969543147,57.,82.));
#8647 = PCURVE('',#5812,#8648);
#8648 = DEFINITIONAL_REPRESENTATION('',(#8649),#8653);
#8649 = B_SPLINE_CURVE_WITH_KNOTS('',2,(#8650,#8651,#8652),
  .UNSPECIFIED.,.F.,.F.,(3,3),(0.16744807922,1.570796326795),
  .PIECEWISE_BEZIER_KNOTS.);
#8650 = CARTESIAN_POINT('',(0.,0.16744807922));
#8651 = CARTESIAN_POINT('',(-2.919276687298E-15,0.869122203007));
#8652 = CARTESIAN_POINT('',(2.646948825631E-30,1.570796326795));
#8653 = ( GEOMETRIC_REPRESENTATION_CONTEXT(2) 
PARAMETRIC_REPRESENTATION_CONTEXT() REPRESENTATION_CONTEXT('2D SPACE',''
  ) );
#8654 = PCURVE('',#5782,#8655);
#8655 = DEFINITIONAL_REPRESENTATION('',(#8656),#8660);
#8656 = B_SPLINE_CURVE_WITH_KNOTS('',2,(#8657,#8658,#8659),
  .UNSPECIFIED.,.F.,.F.,(3,3),(0.16744807922,1.570796326795),
  .PIECEWISE_BEZIER_KNOTS.);
#8657 = CARTESIAN_POINT('',(0.16744807922,181.));
#8658 = CARTESIAN_POINT('',(0.869122203007,181.));
#8659 = CARTESIAN_POINT('',(1.570796326795,181.));
#8660 = ( GEOMETRIC_REPRESENTATION_CONTEXT(2) 
PARAMETRIC_REPRESENTATION_CONTEXT() REPRESENTATION_CONTEXT('2D SPACE',''
  ) );
#8661 = ORIENTED_EDGE('',*,*,#7995,.T.);
#8662 = ORIENTED_EDGE('',*,*,#7862,.T.);
#8663 = ORIENTED_EDGE('',*,*,#5796,.F.);
#8664 = ADVANCED_FACE('',(#8665),#5782,.F.);
#8665 = FACE_BOUND('',#8666,.F.);
#8666 = EDGE_LOOP('',(#8667,#8689,#8715,#8716));
#8667 = ORIENTED_EDGE('',*,*,#8668,.F.);
#8668 = EDGE_CURVE('',#8669,#7996,#8671,.T.);
#8669 = VERTEX_POINT('',#8670);
#8670 = CARTESIAN_POINT('',(-90.5,59.95803989155,79.5));
#8671 = SURFACE_CURVE('',#8672,(#8675,#8682),.PCURVE_S1.);
#8672 = B_SPLINE_CURVE_WITH_KNOTS('',1,(#8673,#8674),.UNSPECIFIED.,.F.,
  .F.,(2,2),(0.,181.),.PIECEWISE_BEZIER_KNOTS.);
#8673 = CARTESIAN_POINT('',(90.729695431472,59.95803989155,79.5));
#8674 = CARTESIAN_POINT('',(-90.72969543147,59.95803989155,79.5));
#8675 = PCURVE('',#5782,#8676);
#8676 = DEFINITIONAL_REPRESENTATION('',(#8677),#8681);
#8677 = B_SPLINE_CURVE_WITH_KNOTS('',2,(#8678,#8679,#8680),
  .UNSPECIFIED.,.F.,.F.,(3,3),(0.,181.),.PIECEWISE_BEZIER_KNOTS.);
#8678 = CARTESIAN_POINT('',(0.16744807922,0.));
#8679 = CARTESIAN_POINT('',(0.16744807922,90.5));
#8680 = CARTESIAN_POINT('',(0.16744807922,181.));
#8681 = ( GEOMETRIC_REPRESENTATION_CONTEXT(2) 
PARAMETRIC_REPRESENTATION_CONTEXT() REPRESENTATION_CONTEXT('2D SPACE',''
  ) );
#8682 = PCURVE('',#3483,#8683);
#8683 = DEFINITIONAL_REPRESENTATION('',(#8684),#8688);
#8684 = B_SPLINE_CURVE_WITH_KNOTS('',2,(#8685,#8686,#8687),
  .UNSPECIFIED.,.F.,.F.,(3,3),(0.,181.),.PIECEWISE_BEZIER_KNOTS.);
#8685 = CARTESIAN_POINT('',(0.16744807922,0.));
#8686 = CARTESIAN_POINT('',(0.16744807922,90.5));
#8687 = CARTESIAN_POINT('',(0.16744807922,181.));
#8688 = ( GEOMETRIC_REPRESENTATION_CONTEXT(2) 
PARAMETRIC_REPRESENTATION_CONTEXT() REPRESENTATION_CONTEXT('2D SPACE',''
  ) );
#8689 = ORIENTED_EDGE('',*,*,#8690,.T.);
#8690 = EDGE_CURVE('',#8669,#5746,#8691,.T.);
#8691 = SURFACE_CURVE('',#8692,(#8697,#8709),.PCURVE_S1.);
#8692 = CIRCLE('',#8693,3.);
#8693 = AXIS2_PLACEMENT_3D('',#8694,#8695,#8696);
#8694 = CARTESIAN_POINT('',(-90.5,57.,79.));
#8695 = DIRECTION('',(1.,0.,-0.));
#8696 = DIRECTION('',(0.,1.,0.));
#8697 = PCURVE('',#5782,#8698);
#8698 = DEFINITIONAL_REPRESENTATION('',(#8699),#8708);
#8699 = B_SPLINE_CURVE_WITH_KNOTS('',7,(#8700,#8701,#8702,#8703,#8704,
    #8705,#8706,#8707),.UNSPECIFIED.,.F.,.F.,(8,8),(0.16744807922,
    1.570796326795),.PIECEWISE_BEZIER_KNOTS.);
#8700 = CARTESIAN_POINT('',(0.16744807922,180.77088607594));
#8701 = CARTESIAN_POINT('',(0.385373598871,180.77088607671));
#8702 = CARTESIAN_POINT('',(0.584647379843,180.77088607282));
#8703 = CARTESIAN_POINT('',(0.775279069405,180.77088608109));
#8704 = CARTESIAN_POINT('',(0.962965336609,180.77088606945));
#8705 = CARTESIAN_POINT('',(1.153597026173,180.7708860784));
#8706 = CARTESIAN_POINT('',(1.352870807147,180.77088607554));
#8707 = CARTESIAN_POINT('',(1.570796326795,180.77088607594));
#8708 = ( GEOMETRIC_REPRESENTATION_CONTEXT(2) 
PARAMETRIC_REPRESENTATION_CONTEXT() REPRESENTATION_CONTEXT('2D SPACE',''
  ) );
#8709 = PCURVE('',#3513,#8710);
#8710 = DEFINITIONAL_REPRESENTATION('',(#8711),#8714);
#8711 = B_SPLINE_CURVE_WITH_KNOTS('',1,(#8712,#8713),.UNSPECIFIED.,.F.,
  .F.,(2,2),(0.,1.570796326795),.PIECEWISE_BEZIER_KNOTS.);
#8712 = CARTESIAN_POINT('',(0.,181.));
#8713 = CARTESIAN_POINT('',(-1.570796326795,181.));
#8714 = ( GEOMETRIC_REPRESENTATION_CONTEXT(2) 
PARAMETRIC_REPRESENTATION_CONTEXT() REPRESENTATION_CONTEXT('2D SPACE',''
  ) );
#8715 = ORIENTED_EDGE('',*,*,#5768,.T.);
#8716 = ORIENTED_EDGE('',*,*,#8641,.F.);
#8717 = ADVANCED_FACE('',(#8718),#5710,.F.);
#8718 = FACE_BOUND('',#8719,.F.);
#8719 = EDGE_LOOP('',(#8720,#8745,#8769,#8790,#8811));
#8720 = ORIENTED_EDGE('',*,*,#8721,.T.);
#8721 = EDGE_CURVE('',#5697,#8722,#8724,.T.);
#8722 = VERTEX_POINT('',#8723);
#8723 = CARTESIAN_POINT('',(98.707933393813,-13.,79.5));
#8724 = SURFACE_CURVE('',#8725,(#8729,#8736),.PCURVE_S1.);
#8725 = ( BOUNDED_CURVE() B_SPLINE_CURVE(2,(#8726,#8727,#8728),
.UNSPECIFIED.,.F.,.F.) B_SPLINE_CURVE_WITH_KNOTS((3,3),(4.712388980385,
6.28318530718),.PIECEWISE_BEZIER_KNOTS.) CURVE() 
GEOMETRIC_REPRESENTATION_ITEM() RATIONAL_B_SPLINE_CURVE((1.,
0.707106781187,1.)) REPRESENTATION_ITEM('') );
#8726 = CARTESIAN_POINT('',(95.742385786802,-13.,82.));
#8727 = CARTESIAN_POINT('',(98.75,-13.,82.));
#8728 = CARTESIAN_POINT('',(98.75,-13.,79.));
#8729 = PCURVE('',#5710,#8730);
#8730 = DEFINITIONAL_REPRESENTATION('',(#8731),#8735);
#8731 = B_SPLINE_CURVE_WITH_KNOTS('',2,(#8732,#8733,#8734),
  .UNSPECIFIED.,.F.,.F.,(3,3),(4.712388980385,6.28318530718),
  .PIECEWISE_BEZIER_KNOTS.);
#8732 = CARTESIAN_POINT('',(1.570796326795,39.));
#8733 = CARTESIAN_POINT('',(0.785398163397,39.));
#8734 = CARTESIAN_POINT('',(0.,39.));
#8735 = ( GEOMETRIC_REPRESENTATION_CONTEXT(2) 
PARAMETRIC_REPRESENTATION_CONTEXT() REPRESENTATION_CONTEXT('2D SPACE',''
  ) );
#8736 = PCURVE('',#5388,#8737);
#8737 = DEFINITIONAL_REPRESENTATION('',(#8738),#8744);
#8738 = B_SPLINE_CURVE_WITH_KNOTS('',4,(#8739,#8740,#8741,#8742,#8743),
  .UNSPECIFIED.,.F.,.F.,(5,5),(4.712388980385,6.103024024164),
  .PIECEWISE_BEZIER_KNOTS.);
#8739 = CARTESIAN_POINT('',(1.570796326795,39.));
#8740 = CARTESIAN_POINT('',(1.230553184474,39.));
#8741 = CARTESIAN_POINT('',(0.883460590729,39.));
#8742 = CARTESIAN_POINT('',(0.529208916363,39.));
#8743 = CARTESIAN_POINT('',(0.16744807922,39.));
#8744 = ( GEOMETRIC_REPRESENTATION_CONTEXT(2) 
PARAMETRIC_REPRESENTATION_CONTEXT() REPRESENTATION_CONTEXT('2D SPACE',''
  ) );
#8745 = ORIENTED_EDGE('',*,*,#8746,.T.);
#8746 = EDGE_CURVE('',#8722,#8747,#8749,.T.);
#8747 = VERTEX_POINT('',#8748);
#8748 = CARTESIAN_POINT('',(98.75,-13.,79.));
#8749 = SURFACE_CURVE('',#8750,(#8754,#8761),.PCURVE_S1.);
#8750 = ( BOUNDED_CURVE() B_SPLINE_CURVE(2,(#8751,#8752,#8753),
.UNSPECIFIED.,.F.,.F.) B_SPLINE_CURVE_WITH_KNOTS((3,3),(4.712388980385,
6.28318530718),.PIECEWISE_BEZIER_KNOTS.) CURVE() 
GEOMETRIC_REPRESENTATION_ITEM() RATIONAL_B_SPLINE_CURVE((1.,
0.707106781187,1.)) REPRESENTATION_ITEM('') );
#8751 = CARTESIAN_POINT('',(95.742385786802,-13.,82.));
#8752 = CARTESIAN_POINT('',(98.75,-13.,82.));
#8753 = CARTESIAN_POINT('',(98.75,-13.,79.));
#8754 = PCURVE('',#5710,#8755);
#8755 = DEFINITIONAL_REPRESENTATION('',(#8756),#8760);
#8756 = B_SPLINE_CURVE_WITH_KNOTS('',2,(#8757,#8758,#8759),
  .UNSPECIFIED.,.F.,.F.,(3,3),(4.712388980385,6.28318530718),
  .PIECEWISE_BEZIER_KNOTS.);
#8757 = CARTESIAN_POINT('',(1.570796326795,39.));
#8758 = CARTESIAN_POINT('',(0.785398163397,39.));
#8759 = CARTESIAN_POINT('',(0.,39.));
#8760 = ( GEOMETRIC_REPRESENTATION_CONTEXT(2) 
PARAMETRIC_REPRESENTATION_CONTEXT() REPRESENTATION_CONTEXT('2D SPACE',''
  ) );
#8761 = PCURVE('',#5227,#8762);
#8762 = DEFINITIONAL_REPRESENTATION('',(#8763),#8768);
#8763 = B_SPLINE_CURVE_WITH_KNOTS('',3,(#8764,#8765,#8766,#8767),
  .UNSPECIFIED.,.F.,.F.,(4,4),(6.103024024164,6.28318530718),
  .PIECEWISE_BEZIER_KNOTS.);
#8764 = CARTESIAN_POINT('',(0.16744807922,39.));
#8765 = CARTESIAN_POINT('',(0.109894147118,39.));
#8766 = CARTESIAN_POINT('',(5.413059872847E-02,39.));
#8767 = CARTESIAN_POINT('',(-1.387778780781E-17,39.));
#8768 = ( GEOMETRIC_REPRESENTATION_CONTEXT(2) 
PARAMETRIC_REPRESENTATION_CONTEXT() REPRESENTATION_CONTEXT('2D SPACE',''
  ) );
#8769 = ORIENTED_EDGE('',*,*,#8770,.T.);
#8770 = EDGE_CURVE('',#8747,#8771,#8773,.T.);
#8771 = VERTEX_POINT('',#8772);
#8772 = CARTESIAN_POINT('',(98.75,-52.,79.));
#8773 = SURFACE_CURVE('',#8774,(#8777,#8784),.PCURVE_S1.);
#8774 = B_SPLINE_CURVE_WITH_KNOTS('',1,(#8775,#8776),.UNSPECIFIED.,.F.,
  .F.,(2,2),(65.,104.),.PIECEWISE_BEZIER_KNOTS.);
#8775 = CARTESIAN_POINT('',(98.75,-13.,79.));
#8776 = CARTESIAN_POINT('',(98.75,-52.,79.));
#8777 = PCURVE('',#5710,#8778);
#8778 = DEFINITIONAL_REPRESENTATION('',(#8779),#8783);
#8779 = B_SPLINE_CURVE_WITH_KNOTS('',2,(#8780,#8781,#8782),
  .UNSPECIFIED.,.F.,.F.,(3,3),(65.,104.),.PIECEWISE_BEZIER_KNOTS.);
#8780 = CARTESIAN_POINT('',(0.,39.));
#8781 = CARTESIAN_POINT('',(0.,19.5));
#8782 = CARTESIAN_POINT('',(0.,0.));
#8783 = ( GEOMETRIC_REPRESENTATION_CONTEXT(2) 
PARAMETRIC_REPRESENTATION_CONTEXT() REPRESENTATION_CONTEXT('2D SPACE',''
  ) );
#8784 = PCURVE('',#5256,#8785);
#8785 = DEFINITIONAL_REPRESENTATION('',(#8786),#8789);
#8786 = B_SPLINE_CURVE_WITH_KNOTS('',1,(#8787,#8788),.UNSPECIFIED.,.F.,
  .F.,(2,2),(65.,104.),.PIECEWISE_BEZIER_KNOTS.);
#8787 = CARTESIAN_POINT('',(19.5,-31.75));
#8788 = CARTESIAN_POINT('',(-19.5,-31.75));
#8789 = ( GEOMETRIC_REPRESENTATION_CONTEXT(2) 
PARAMETRIC_REPRESENTATION_CONTEXT() REPRESENTATION_CONTEXT('2D SPACE',''
  ) );
#8790 = ORIENTED_EDGE('',*,*,#8791,.T.);
#8791 = EDGE_CURVE('',#8771,#5664,#8792,.T.);
#8792 = SURFACE_CURVE('',#8793,(#8797,#8804),.PCURVE_S1.);
#8793 = ( BOUNDED_CURVE() B_SPLINE_CURVE(2,(#8794,#8795,#8796),
.UNSPECIFIED.,.F.,.F.) B_SPLINE_CURVE_WITH_KNOTS((3,3),(0.,
1.570796326795),.PIECEWISE_BEZIER_KNOTS.) CURVE() 
GEOMETRIC_REPRESENTATION_ITEM() RATIONAL_B_SPLINE_CURVE((1.,
0.707106781187,1.)) REPRESENTATION_ITEM('') );
#8794 = CARTESIAN_POINT('',(98.75,-52.,79.));
#8795 = CARTESIAN_POINT('',(98.75,-52.,82.));
#8796 = CARTESIAN_POINT('',(95.742385786802,-52.,82.));
#8797 = PCURVE('',#5710,#8798);
#8798 = DEFINITIONAL_REPRESENTATION('',(#8799),#8803);
#8799 = B_SPLINE_CURVE_WITH_KNOTS('',2,(#8800,#8801,#8802),
  .UNSPECIFIED.,.F.,.F.,(3,3),(0.,1.570796326795),
  .PIECEWISE_BEZIER_KNOTS.);
#8800 = CARTESIAN_POINT('',(0.,0.));
#8801 = CARTESIAN_POINT('',(0.785398163397,-2.089831575765E-14));
#8802 = CARTESIAN_POINT('',(1.570796326795,0.));
#8803 = ( GEOMETRIC_REPRESENTATION_CONTEXT(2) 
PARAMETRIC_REPRESENTATION_CONTEXT() REPRESENTATION_CONTEXT('2D SPACE',''
  ) );
#8804 = PCURVE('',#5679,#8805);
#8805 = DEFINITIONAL_REPRESENTATION('',(#8806),#8810);
#8806 = B_SPLINE_CURVE_WITH_KNOTS('',2,(#8807,#8808,#8809),
  .UNSPECIFIED.,.F.,.F.,(3,3),(0.,1.570796326795),
  .PIECEWISE_BEZIER_KNOTS.);
#8807 = CARTESIAN_POINT('',(1.570796326795,0.));
#8808 = CARTESIAN_POINT('',(1.570796326795,0.785398163397));
#8809 = CARTESIAN_POINT('',(1.570796326795,1.570796326795));
#8810 = ( GEOMETRIC_REPRESENTATION_CONTEXT(2) 
PARAMETRIC_REPRESENTATION_CONTEXT() REPRESENTATION_CONTEXT('2D SPACE',''
  ) );
#8811 = ORIENTED_EDGE('',*,*,#5696,.T.);
#8812 = ADVANCED_FACE('',(#8813),#5679,.T.);
#8813 = FACE_BOUND('',#8814,.T.);
#8814 = EDGE_LOOP('',(#8815,#8836,#8857,#8858));
#8815 = ORIENTED_EDGE('',*,*,#8816,.F.);
#8816 = EDGE_CURVE('',#203,#5643,#8817,.T.);
#8817 = SURFACE_CURVE('',#8818,(#8822,#8829),.PCURVE_S1.);
#8818 = ( BOUNDED_CURVE() B_SPLINE_CURVE(2,(#8819,#8820,#8821),
.UNSPECIFIED.,.F.,.F.) B_SPLINE_CURVE_WITH_KNOTS((3,3),(0.,
1.570796326795),.PIECEWISE_BEZIER_KNOTS.) CURVE() 
GEOMETRIC_REPRESENTATION_ITEM() RATIONAL_B_SPLINE_CURVE((1.,
0.707106781187,1.)) REPRESENTATION_ITEM('') );
#8819 = CARTESIAN_POINT('',(90.729695431472,-60.,79.));
#8820 = CARTESIAN_POINT('',(90.729695431472,-60.,82.));
#8821 = CARTESIAN_POINT('',(90.729695431472,-57.,82.));
#8822 = PCURVE('',#5679,#8823);
#8823 = DEFINITIONAL_REPRESENTATION('',(#8824),#8828);
#8824 = B_SPLINE_CURVE_WITH_KNOTS('',2,(#8825,#8826,#8827),
  .UNSPECIFIED.,.F.,.F.,(3,3),(0.,1.570796326795),
  .PIECEWISE_BEZIER_KNOTS.);
#8825 = CARTESIAN_POINT('',(0.,0.));
#8826 = CARTESIAN_POINT('',(7.644155476309E-15,0.785398163397));
#8827 = CARTESIAN_POINT('',(0.,1.570796326795));
#8828 = ( GEOMETRIC_REPRESENTATION_CONTEXT(2) 
PARAMETRIC_REPRESENTATION_CONTEXT() REPRESENTATION_CONTEXT('2D SPACE',''
  ) );
#8829 = PCURVE('',#216,#8830);
#8830 = DEFINITIONAL_REPRESENTATION('',(#8831),#8835);
#8831 = B_SPLINE_CURVE_WITH_KNOTS('',2,(#8832,#8833,#8834),
  .UNSPECIFIED.,.F.,.F.,(3,3),(0.,1.570796326795),
  .PIECEWISE_BEZIER_KNOTS.);
#8832 = CARTESIAN_POINT('',(0.,181.));
#8833 = CARTESIAN_POINT('',(0.785398163397,181.));
#8834 = CARTESIAN_POINT('',(1.570796326795,181.));
#8835 = ( GEOMETRIC_REPRESENTATION_CONTEXT(2) 
PARAMETRIC_REPRESENTATION_CONTEXT() REPRESENTATION_CONTEXT('2D SPACE',''
  ) );
#8836 = ORIENTED_EDGE('',*,*,#8837,.F.);
#8837 = EDGE_CURVE('',#8771,#203,#8838,.T.);
#8838 = SURFACE_CURVE('',#8839,(#8843,#8850),.PCURVE_S1.);
#8839 = ( BOUNDED_CURVE() B_SPLINE_CURVE(2,(#8840,#8841,#8842),
.UNSPECIFIED.,.F.,.F.) B_SPLINE_CURVE_WITH_KNOTS((3,3),(0.,
1.570796326795),.PIECEWISE_BEZIER_KNOTS.) CURVE() 
GEOMETRIC_REPRESENTATION_ITEM() RATIONAL_B_SPLINE_CURVE((1.,
0.707106781187,1.)) REPRESENTATION_ITEM('') );
#8840 = CARTESIAN_POINT('',(98.75,-52.,79.));
#8841 = CARTESIAN_POINT('',(98.75,-60.,79.));
#8842 = CARTESIAN_POINT('',(90.729695431472,-60.,79.));
#8843 = PCURVE('',#5679,#8844);
#8844 = DEFINITIONAL_REPRESENTATION('',(#8845),#8849);
#8845 = B_SPLINE_CURVE_WITH_KNOTS('',2,(#8846,#8847,#8848),
  .UNSPECIFIED.,.F.,.F.,(3,3),(0.,1.570796326795),
  .PIECEWISE_BEZIER_KNOTS.);
#8846 = CARTESIAN_POINT('',(1.570796326795,0.));
#8847 = CARTESIAN_POINT('',(0.785398163397,1.699054578475E-15));
#8848 = CARTESIAN_POINT('',(0.,0.));
#8849 = ( GEOMETRIC_REPRESENTATION_CONTEXT(2) 
PARAMETRIC_REPRESENTATION_CONTEXT() REPRESENTATION_CONTEXT('2D SPACE',''
  ) );
#8850 = PCURVE('',#244,#8851);
#8851 = DEFINITIONAL_REPRESENTATION('',(#8852),#8856);
#8852 = B_SPLINE_CURVE_WITH_KNOTS('',2,(#8853,#8854,#8855),
  .UNSPECIFIED.,.F.,.F.,(3,3),(0.,1.570796326795),
  .PIECEWISE_BEZIER_KNOTS.);
#8853 = CARTESIAN_POINT('',(1.570796326795,79.));
#8854 = CARTESIAN_POINT('',(0.785398163397,79.));
#8855 = CARTESIAN_POINT('',(0.,79.));
#8856 = ( GEOMETRIC_REPRESENTATION_CONTEXT(2) 
PARAMETRIC_REPRESENTATION_CONTEXT() REPRESENTATION_CONTEXT('2D SPACE',''
  ) );
#8857 = ORIENTED_EDGE('',*,*,#8791,.T.);
#8858 = ORIENTED_EDGE('',*,*,#5663,.F.);
#8859 = ADVANCED_FACE('',(#8860),#5581,.T.);
#8860 = FACE_BOUND('',#8861,.T.);
#8861 = EDGE_LOOP('',(#8862,#8883,#8904,#8925));
#8862 = ORIENTED_EDGE('',*,*,#8863,.T.);
#8863 = EDGE_CURVE('',#5538,#8599,#8864,.T.);
#8864 = SURFACE_CURVE('',#8865,(#8869,#8876),.PCURVE_S1.);
#8865 = ( BOUNDED_CURVE() B_SPLINE_CURVE(2,(#8866,#8867,#8868),
.UNSPECIFIED.,.F.,.F.) B_SPLINE_CURVE_WITH_KNOTS((3,3),(0.,
1.570796326795),.PIECEWISE_BEZIER_KNOTS.) CURVE() 
GEOMETRIC_REPRESENTATION_ITEM() RATIONAL_B_SPLINE_CURVE((1.,
0.707106781187,1.)) REPRESENTATION_ITEM('') );
#8866 = CARTESIAN_POINT('',(-95.7423857868,-52.,82.));
#8867 = CARTESIAN_POINT('',(-98.75,-52.,82.));
#8868 = CARTESIAN_POINT('',(-98.75,-52.,79.));
#8869 = PCURVE('',#5581,#8870);
#8870 = DEFINITIONAL_REPRESENTATION('',(#8871),#8875);
#8871 = B_SPLINE_CURVE_WITH_KNOTS('',2,(#8872,#8873,#8874),
  .UNSPECIFIED.,.F.,.F.,(3,3),(0.,1.570796326795),
  .PIECEWISE_BEZIER_KNOTS.);
#8872 = CARTESIAN_POINT('',(0.,1.570796326795));
#8873 = CARTESIAN_POINT('',(5.553416779083E-15,0.785398163397));
#8874 = CARTESIAN_POINT('',(0.,0.));
#8875 = ( GEOMETRIC_REPRESENTATION_CONTEXT(2) 
PARAMETRIC_REPRESENTATION_CONTEXT() REPRESENTATION_CONTEXT('2D SPACE',''
  ) );
#8876 = PCURVE('',#5551,#8877);
#8877 = DEFINITIONAL_REPRESENTATION('',(#8878),#8882);
#8878 = B_SPLINE_CURVE_WITH_KNOTS('',2,(#8879,#8880,#8881),
  .UNSPECIFIED.,.F.,.F.,(3,3),(0.,1.570796326795),
  .PIECEWISE_BEZIER_KNOTS.);
#8879 = CARTESIAN_POINT('',(1.570796326795,104.));
#8880 = CARTESIAN_POINT('',(0.785398163397,104.));
#8881 = CARTESIAN_POINT('',(0.,104.));
#8882 = ( GEOMETRIC_REPRESENTATION_CONTEXT(2) 
PARAMETRIC_REPRESENTATION_CONTEXT() REPRESENTATION_CONTEXT('2D SPACE',''
  ) );
#8883 = ORIENTED_EDGE('',*,*,#8884,.F.);
#8884 = EDGE_CURVE('',#119,#8599,#8885,.T.);
#8885 = SURFACE_CURVE('',#8886,(#8890,#8897),.PCURVE_S1.);
#8886 = ( BOUNDED_CURVE() B_SPLINE_CURVE(2,(#8887,#8888,#8889),
.UNSPECIFIED.,.F.,.F.) B_SPLINE_CURVE_WITH_KNOTS((3,3),(0.,
1.570796326795),.PIECEWISE_BEZIER_KNOTS.) CURVE() 
GEOMETRIC_REPRESENTATION_ITEM() RATIONAL_B_SPLINE_CURVE((1.,
0.707106781187,1.)) REPRESENTATION_ITEM('') );
#8887 = CARTESIAN_POINT('',(-90.72969543147,-60.,79.));
#8888 = CARTESIAN_POINT('',(-98.75,-60.,79.));
#8889 = CARTESIAN_POINT('',(-98.75,-52.,79.));
#8890 = PCURVE('',#5581,#8891);
#8891 = DEFINITIONAL_REPRESENTATION('',(#8892),#8896);
#8892 = B_SPLINE_CURVE_WITH_KNOTS('',2,(#8893,#8894,#8895),
  .UNSPECIFIED.,.F.,.F.,(3,3),(0.,1.570796326795),
  .PIECEWISE_BEZIER_KNOTS.);
#8893 = CARTESIAN_POINT('',(1.570796326795,0.));
#8894 = CARTESIAN_POINT('',(0.785398163397,3.39810915695E-15));
#8895 = CARTESIAN_POINT('',(0.,0.));
#8896 = ( GEOMETRIC_REPRESENTATION_CONTEXT(2) 
PARAMETRIC_REPRESENTATION_CONTEXT() REPRESENTATION_CONTEXT('2D SPACE',''
  ) );
#8897 = PCURVE('',#132,#8898);
#8898 = DEFINITIONAL_REPRESENTATION('',(#8899),#8903);
#8899 = B_SPLINE_CURVE_WITH_KNOTS('',2,(#8900,#8901,#8902),
  .UNSPECIFIED.,.F.,.F.,(3,3),(0.,1.570796326795),
  .PIECEWISE_BEZIER_KNOTS.);
#8900 = CARTESIAN_POINT('',(0.,79.));
#8901 = CARTESIAN_POINT('',(0.785398163397,79.));
#8902 = CARTESIAN_POINT('',(1.570796326795,79.));
#8903 = ( GEOMETRIC_REPRESENTATION_CONTEXT(2) 
PARAMETRIC_REPRESENTATION_CONTEXT() REPRESENTATION_CONTEXT('2D SPACE',''
  ) );
#8904 = ORIENTED_EDGE('',*,*,#8905,.T.);
#8905 = EDGE_CURVE('',#119,#5566,#8906,.T.);
#8906 = SURFACE_CURVE('',#8907,(#8911,#8918),.PCURVE_S1.);
#8907 = ( BOUNDED_CURVE() B_SPLINE_CURVE(2,(#8908,#8909,#8910),
.UNSPECIFIED.,.F.,.F.) B_SPLINE_CURVE_WITH_KNOTS((3,3),(0.,
1.570796326795),.PIECEWISE_BEZIER_KNOTS.) CURVE() 
GEOMETRIC_REPRESENTATION_ITEM() RATIONAL_B_SPLINE_CURVE((1.,
0.707106781187,1.)) REPRESENTATION_ITEM('') );
#8908 = CARTESIAN_POINT('',(-90.72969543147,-60.,79.));
#8909 = CARTESIAN_POINT('',(-90.72969543147,-60.,82.));
#8910 = CARTESIAN_POINT('',(-90.72969543147,-57.,82.));
#8911 = PCURVE('',#5581,#8912);
#8912 = DEFINITIONAL_REPRESENTATION('',(#8913),#8917);
#8913 = B_SPLINE_CURVE_WITH_KNOTS('',2,(#8914,#8915,#8916),
  .UNSPECIFIED.,.F.,.F.,(3,3),(0.,1.570796326795),
  .PIECEWISE_BEZIER_KNOTS.);
#8914 = CARTESIAN_POINT('',(1.570796326795,0.));
#8915 = CARTESIAN_POINT('',(1.570796326795,0.785398163397));
#8916 = CARTESIAN_POINT('',(1.570796326795,1.570796326795));
#8917 = ( GEOMETRIC_REPRESENTATION_CONTEXT(2) 
PARAMETRIC_REPRESENTATION_CONTEXT() REPRESENTATION_CONTEXT('2D SPACE',''
  ) );
#8918 = PCURVE('',#160,#8919);
#8919 = DEFINITIONAL_REPRESENTATION('',(#8920),#8924);
#8920 = B_SPLINE_CURVE_WITH_KNOTS('',2,(#8921,#8922,#8923),
  .UNSPECIFIED.,.F.,.F.,(3,3),(0.,1.570796326795),
  .PIECEWISE_BEZIER_KNOTS.);
#8921 = CARTESIAN_POINT('',(0.,0.));
#8922 = CARTESIAN_POINT('',(0.785398163397,-1.006762577424E-14));
#8923 = CARTESIAN_POINT('',(1.570796326795,0.));
#8924 = ( GEOMETRIC_REPRESENTATION_CONTEXT(2) 
PARAMETRIC_REPRESENTATION_CONTEXT() REPRESENTATION_CONTEXT('2D SPACE',''
  ) );
#8925 = ORIENTED_EDGE('',*,*,#5565,.F.);
#8926 = ADVANCED_FACE('',(#8927),#5551,.F.);
#8927 = FACE_BOUND('',#8928,.F.);
#8928 = EDGE_LOOP('',(#8929,#8930,#8931,#8932,#8933));
#8929 = ORIENTED_EDGE('',*,*,#8598,.T.);
#8930 = ORIENTED_EDGE('',*,*,#7970,.F.);
#8931 = ORIENTED_EDGE('',*,*,#7884,.F.);
#8932 = ORIENTED_EDGE('',*,*,#5535,.T.);
#8933 = ORIENTED_EDGE('',*,*,#8863,.T.);
#8934 = ADVANCED_FACE('',(#8935),#5388,.F.);
#8935 = FACE_BOUND('',#8936,.F.);
#8936 = EDGE_LOOP('',(#8937,#8957,#8958,#8959));
#8937 = ORIENTED_EDGE('',*,*,#8938,.F.);
#8938 = EDGE_CURVE('',#8722,#5292,#8939,.T.);
#8939 = SURFACE_CURVE('',#8940,(#8943,#8950),.PCURVE_S1.);
#8940 = B_SPLINE_CURVE_WITH_KNOTS('',1,(#8941,#8942),.UNSPECIFIED.,.F.,
  .F.,(2,2),(39.,104.),.PIECEWISE_BEZIER_KNOTS.);
#8941 = CARTESIAN_POINT('',(98.707933393813,-13.,79.5));
#8942 = CARTESIAN_POINT('',(98.707933393813,52.,79.5));
#8943 = PCURVE('',#5388,#8944);
#8944 = DEFINITIONAL_REPRESENTATION('',(#8945),#8949);
#8945 = B_SPLINE_CURVE_WITH_KNOTS('',2,(#8946,#8947,#8948),
  .UNSPECIFIED.,.F.,.F.,(3,3),(39.,104.),.PIECEWISE_BEZIER_KNOTS.);
#8946 = CARTESIAN_POINT('',(0.16744807922,39.));
#8947 = CARTESIAN_POINT('',(0.16744807922,71.5));
#8948 = CARTESIAN_POINT('',(0.16744807922,104.));
#8949 = ( GEOMETRIC_REPRESENTATION_CONTEXT(2) 
PARAMETRIC_REPRESENTATION_CONTEXT() REPRESENTATION_CONTEXT('2D SPACE',''
  ) );
#8950 = PCURVE('',#5227,#8951);
#8951 = DEFINITIONAL_REPRESENTATION('',(#8952),#8956);
#8952 = B_SPLINE_CURVE_WITH_KNOTS('',2,(#8953,#8954,#8955),
  .UNSPECIFIED.,.F.,.F.,(3,3),(39.,104.),.PIECEWISE_BEZIER_KNOTS.);
#8953 = CARTESIAN_POINT('',(0.16744807922,39.));
#8954 = CARTESIAN_POINT('',(0.16744807922,71.5));
#8955 = CARTESIAN_POINT('',(0.16744807922,104.));
#8956 = ( GEOMETRIC_REPRESENTATION_CONTEXT(2) 
PARAMETRIC_REPRESENTATION_CONTEXT() REPRESENTATION_CONTEXT('2D SPACE',''
  ) );
#8957 = ORIENTED_EDGE('',*,*,#8721,.F.);
#8958 = ORIENTED_EDGE('',*,*,#5724,.T.);
#8959 = ORIENTED_EDGE('',*,*,#5372,.F.);
#8960 = ADVANCED_FACE('',(#8961),#5227,.F.);
#8961 = FACE_BOUND('',#8962,.F.);
#8962 = EDGE_LOOP('',(#8963,#8982,#8983,#8984,#8985));
#8963 = ORIENTED_EDGE('',*,*,#8964,.F.);
#8964 = EDGE_CURVE('',#8747,#5212,#8965,.T.);
#8965 = SURFACE_CURVE('',#8966,(#8969,#8976),.PCURVE_S1.);
#8966 = B_SPLINE_CURVE_WITH_KNOTS('',1,(#8967,#8968),.UNSPECIFIED.,.F.,
  .F.,(2,2),(39.,104.),.PIECEWISE_BEZIER_KNOTS.);
#8967 = CARTESIAN_POINT('',(98.75,-13.,79.));
#8968 = CARTESIAN_POINT('',(98.75,52.,79.));
#8969 = PCURVE('',#5227,#8970);
#8970 = DEFINITIONAL_REPRESENTATION('',(#8971),#8975);
#8971 = B_SPLINE_CURVE_WITH_KNOTS('',2,(#8972,#8973,#8974),
  .UNSPECIFIED.,.F.,.F.,(3,3),(39.,104.),.PIECEWISE_BEZIER_KNOTS.);
#8972 = CARTESIAN_POINT('',(0.,39.));
#8973 = CARTESIAN_POINT('',(0.,71.5));
#8974 = CARTESIAN_POINT('',(0.,104.));
#8975 = ( GEOMETRIC_REPRESENTATION_CONTEXT(2) 
PARAMETRIC_REPRESENTATION_CONTEXT() REPRESENTATION_CONTEXT('2D SPACE',''
  ) );
#8976 = PCURVE('',#5256,#8977);
#8977 = DEFINITIONAL_REPRESENTATION('',(#8978),#8981);
#8978 = B_SPLINE_CURVE_WITH_KNOTS('',1,(#8979,#8980),.UNSPECIFIED.,.F.,
  .F.,(2,2),(39.,104.),.PIECEWISE_BEZIER_KNOTS.);
#8979 = CARTESIAN_POINT('',(19.5,-31.75));
#8980 = CARTESIAN_POINT('',(84.5,-31.75));
#8981 = ( GEOMETRIC_REPRESENTATION_CONTEXT(2) 
PARAMETRIC_REPRESENTATION_CONTEXT() REPRESENTATION_CONTEXT('2D SPACE',''
  ) );
#8982 = ORIENTED_EDGE('',*,*,#8746,.F.);
#8983 = ORIENTED_EDGE('',*,*,#8938,.T.);
#8984 = ORIENTED_EDGE('',*,*,#5326,.F.);
#8985 = ORIENTED_EDGE('',*,*,#5211,.F.);
#8986 = ADVANCED_FACE('',(#8987),#5256,.F.);
#8987 = FACE_BOUND('',#8988,.F.);
#8988 = EDGE_LOOP('',(#8989,#9010,#9011,#9012,#9013));
#8989 = ORIENTED_EDGE('',*,*,#8990,.T.);
#8990 = EDGE_CURVE('',#8991,#8771,#8993,.T.);
#8991 = VERTEX_POINT('',#8992);
#8992 = CARTESIAN_POINT('',(98.75,-52.,15.5));
#8993 = SURFACE_CURVE('',#8994,(#8997,#9003),.PCURVE_S1.);
#8994 = B_SPLINE_CURVE_WITH_KNOTS('',1,(#8995,#8996),.UNSPECIFIED.,.F.,
  .F.,(2,2),(0.,63.5),.PIECEWISE_BEZIER_KNOTS.);
#8995 = CARTESIAN_POINT('',(98.75,-52.,15.5));
#8996 = CARTESIAN_POINT('',(98.75,-52.,79.));
#8997 = PCURVE('',#5256,#8998);
#8998 = DEFINITIONAL_REPRESENTATION('',(#8999),#9002);
#8999 = B_SPLINE_CURVE_WITH_KNOTS('',1,(#9000,#9001),.UNSPECIFIED.,.F.,
  .F.,(2,2),(0.,63.5),.PIECEWISE_BEZIER_KNOTS.);
#9000 = CARTESIAN_POINT('',(-19.5,31.75));
#9001 = CARTESIAN_POINT('',(-19.5,-31.75));
#9002 = ( GEOMETRIC_REPRESENTATION_CONTEXT(2) 
PARAMETRIC_REPRESENTATION_CONTEXT() REPRESENTATION_CONTEXT('2D SPACE',''
  ) );
#9003 = PCURVE('',#244,#9004);
#9004 = DEFINITIONAL_REPRESENTATION('',(#9005),#9009);
#9005 = B_SPLINE_CURVE_WITH_KNOTS('',2,(#9006,#9007,#9008),
  .UNSPECIFIED.,.F.,.F.,(3,3),(0.,63.5),.PIECEWISE_BEZIER_KNOTS.);
#9006 = CARTESIAN_POINT('',(1.570796326795,15.5));
#9007 = CARTESIAN_POINT('',(1.570796326795,47.25));
#9008 = CARTESIAN_POINT('',(1.570796326795,79.));
#9009 = ( GEOMETRIC_REPRESENTATION_CONTEXT(2) 
PARAMETRIC_REPRESENTATION_CONTEXT() REPRESENTATION_CONTEXT('2D SPACE',''
  ) );
#9010 = ORIENTED_EDGE('',*,*,#8770,.F.);
#9011 = ORIENTED_EDGE('',*,*,#8964,.T.);
#9012 = ORIENTED_EDGE('',*,*,#5241,.T.);
#9013 = ORIENTED_EDGE('',*,*,#9014,.T.);
#9014 = EDGE_CURVE('',#5242,#8991,#9015,.T.);
#9015 = SURFACE_CURVE('',#9016,(#9020,#9027),.PCURVE_S1.);
#9016 = LINE('',#9017,#9018);
#9017 = CARTESIAN_POINT('',(98.75,52.,15.5));
#9018 = VECTOR('',#9019,1.);
#9019 = DIRECTION('',(0.,-1.,0.));
#9020 = PCURVE('',#5256,#9021);
#9021 = DEFINITIONAL_REPRESENTATION('',(#9022),#9026);
#9022 = LINE('',#9023,#9024);
#9023 = CARTESIAN_POINT('',(84.5,31.75));
#9024 = VECTOR('',#9025,1.);
#9025 = DIRECTION('',(-1.,9.002758767946E-18));
#9026 = ( GEOMETRIC_REPRESENTATION_CONTEXT(2) 
PARAMETRIC_REPRESENTATION_CONTEXT() REPRESENTATION_CONTEXT('2D SPACE',''
  ) );
#9027 = PCURVE('',#786,#9028);
#9028 = DEFINITIONAL_REPRESENTATION('',(#9029),#9033);
#9029 = LINE('',#9030,#9031);
#9030 = CARTESIAN_POINT('',(208.75,117.));
#9031 = VECTOR('',#9032,1.);
#9032 = DIRECTION('',(0.,-1.));
#9033 = ( GEOMETRIC_REPRESENTATION_CONTEXT(2) 
PARAMETRIC_REPRESENTATION_CONTEXT() REPRESENTATION_CONTEXT('2D SPACE',''
  ) );
#9034 = ADVANCED_FACE('',(#9035),#3539,.F.);
#9035 = FACE_BOUND('',#9036,.F.);
#9036 = EDGE_LOOP('',(#9037,#9038,#9039,#9040));
#9037 = ORIENTED_EDGE('',*,*,#3525,.F.);
#9038 = ORIENTED_EDGE('',*,*,#5348,.T.);
#9039 = ORIENTED_EDGE('',*,*,#5462,.T.);
#9040 = ORIENTED_EDGE('',*,*,#9041,.F.);
#9041 = EDGE_CURVE('',#3498,#5463,#9042,.T.);
#9042 = SURFACE_CURVE('',#9043,(#9048,#9056),.PCURVE_S1.);
#9043 = CIRCLE('',#9044,3.);
#9044 = AXIS2_PLACEMENT_3D('',#9045,#9046,#9047);
#9045 = CARTESIAN_POINT('',(90.5,57.,79.));
#9046 = DIRECTION('',(1.,-6.123233995737E-17,0.));
#9047 = DIRECTION('',(6.123233995737E-17,1.,0.));
#9048 = PCURVE('',#3539,#9049);
#9049 = DEFINITIONAL_REPRESENTATION('',(#9050),#9055);
#9050 = B_SPLINE_CURVE_WITH_KNOTS('',3,(#9051,#9052,#9053,#9054),
  .UNSPECIFIED.,.F.,.F.,(4,4),(0.,0.16744807922),
  .PIECEWISE_BEZIER_KNOTS.);
#9051 = CARTESIAN_POINT('',(0.,0.229113924051));
#9052 = CARTESIAN_POINT('',(5.588126240687E-02,0.229113924051));
#9053 = CARTESIAN_POINT('',(0.111566816813,0.229113924051));
#9054 = CARTESIAN_POINT('',(0.16744807922,0.229113924051));
#9055 = ( GEOMETRIC_REPRESENTATION_CONTEXT(2) 
PARAMETRIC_REPRESENTATION_CONTEXT() REPRESENTATION_CONTEXT('2D SPACE',''
  ) );
#9056 = PCURVE('',#3513,#9057);
#9057 = DEFINITIONAL_REPRESENTATION('',(#9058),#9061);
#9058 = B_SPLINE_CURVE_WITH_KNOTS('',1,(#9059,#9060),.UNSPECIFIED.,.F.,
  .F.,(2,2),(0.,1.570796326795),.PIECEWISE_BEZIER_KNOTS.);
#9059 = CARTESIAN_POINT('',(0.,0.));
#9060 = CARTESIAN_POINT('',(-1.570796326795,0.));
#9061 = ( GEOMETRIC_REPRESENTATION_CONTEXT(2) 
PARAMETRIC_REPRESENTATION_CONTEXT() REPRESENTATION_CONTEXT('2D SPACE',''
  ) );
#9062 = ADVANCED_FACE('',(#9063),#3513,.T.);
#9063 = FACE_BOUND('',#9064,.F.);
#9064 = EDGE_LOOP('',(#9065,#9066,#9067,#9068,#9069,#9070));
#9065 = ORIENTED_EDGE('',*,*,#3497,.T.);
#9066 = ORIENTED_EDGE('',*,*,#9041,.T.);
#9067 = ORIENTED_EDGE('',*,*,#5506,.T.);
#9068 = ORIENTED_EDGE('',*,*,#5745,.F.);
#9069 = ORIENTED_EDGE('',*,*,#8690,.F.);
#9070 = ORIENTED_EDGE('',*,*,#9071,.F.);
#9071 = EDGE_CURVE('',#3470,#8669,#9072,.T.);
#9072 = SURFACE_CURVE('',#9073,(#9078,#9085),.PCURVE_S1.);
#9073 = CIRCLE('',#9074,3.);
#9074 = AXIS2_PLACEMENT_3D('',#9075,#9076,#9077);
#9075 = CARTESIAN_POINT('',(-90.5,57.,79.));
#9076 = DIRECTION('',(1.,0.,0.));
#9077 = DIRECTION('',(-0.,1.,0.));
#9078 = PCURVE('',#3513,#9079);
#9079 = DEFINITIONAL_REPRESENTATION('',(#9080),#9084);
#9080 = LINE('',#9081,#9082);
#9081 = CARTESIAN_POINT('',(-0.,181.));
#9082 = VECTOR('',#9083,1.);
#9083 = DIRECTION('',(-1.,0.));
#9084 = ( GEOMETRIC_REPRESENTATION_CONTEXT(2) 
PARAMETRIC_REPRESENTATION_CONTEXT() REPRESENTATION_CONTEXT('2D SPACE',''
  ) );
#9085 = PCURVE('',#3483,#9086);
#9086 = DEFINITIONAL_REPRESENTATION('',(#9087),#9091);
#9087 = LINE('',#9088,#9089);
#9088 = CARTESIAN_POINT('',(4.280946682099E-44,180.77088607594));
#9089 = VECTOR('',#9090,1.);
#9090 = DIRECTION('',(1.,0.));
#9091 = ( GEOMETRIC_REPRESENTATION_CONTEXT(2) 
PARAMETRIC_REPRESENTATION_CONTEXT() REPRESENTATION_CONTEXT('2D SPACE',''
  ) );
#9092 = ADVANCED_FACE('',(#9093),#3483,.F.);
#9093 = FACE_BOUND('',#9094,.F.);
#9094 = EDGE_LOOP('',(#9095,#9096,#9097,#9098,#9099));
#9095 = ORIENTED_EDGE('',*,*,#3469,.F.);
#9096 = ORIENTED_EDGE('',*,*,#9071,.T.);
#9097 = ORIENTED_EDGE('',*,*,#8668,.T.);
#9098 = ORIENTED_EDGE('',*,*,#8018,.F.);
#9099 = ORIENTED_EDGE('',*,*,#9100,.F.);
#9100 = EDGE_CURVE('',#3442,#8019,#9101,.T.);
#9101 = SURFACE_CURVE('',#9102,(#9106,#9113),.PCURVE_S1.);
#9102 = ( BOUNDED_CURVE() B_SPLINE_CURVE(2,(#9103,#9104,#9105),
.UNSPECIFIED.,.F.,.F.) B_SPLINE_CURVE_WITH_KNOTS((3,3),(0.,
4.008871516356E-05),.PIECEWISE_BEZIER_KNOTS.) CURVE() 
GEOMETRIC_REPRESENTATION_ITEM() RATIONAL_B_SPLINE_CURVE((1.,
0.999999999799,1.)) REPRESENTATION_ITEM('') );
#9103 = CARTESIAN_POINT('',(-90.72969543147,60.,79.));
#9104 = CARTESIAN_POINT('',(-90.72969543147,60.,79.000060133073));
#9105 = CARTESIAN_POINT('',(-90.72969543147,59.999999997589,
    79.000120266145));
#9106 = PCURVE('',#3483,#9107);
#9107 = DEFINITIONAL_REPRESENTATION('',(#9108),#9112);
#9108 = B_SPLINE_CURVE_WITH_KNOTS('',2,(#9109,#9110,#9111),
  .UNSPECIFIED.,.F.,.F.,(3,3),(0.,4.008871516356E-05),
  .PIECEWISE_BEZIER_KNOTS.);
#9109 = CARTESIAN_POINT('',(0.,181.));
#9110 = CARTESIAN_POINT('',(2.006779428202E-05,181.));
#9111 = CARTESIAN_POINT('',(4.013555487781E-05,181.));
#9112 = ( GEOMETRIC_REPRESENTATION_CONTEXT(2) 
PARAMETRIC_REPRESENTATION_CONTEXT() REPRESENTATION_CONTEXT('2D SPACE',''
  ) );
#9113 = PCURVE('',#3455,#9114);
#9114 = DEFINITIONAL_REPRESENTATION('',(#9115),#9119);
#9115 = B_SPLINE_CURVE_WITH_KNOTS('',2,(#9116,#9117,#9118),
  .UNSPECIFIED.,.F.,.F.,(3,3),(0.,4.008871516356E-05),
  .PIECEWISE_BEZIER_KNOTS.);
#9116 = CARTESIAN_POINT('',(1.570211665735,-63.5));
#9117 = CARTESIAN_POINT('',(1.570211665735,-63.50006013307));
#9118 = CARTESIAN_POINT('',(1.570211665735,-63.50012026614));
#9119 = ( GEOMETRIC_REPRESENTATION_CONTEXT(2) 
PARAMETRIC_REPRESENTATION_CONTEXT() REPRESENTATION_CONTEXT('2D SPACE',''
  ) );
#9120 = ADVANCED_FACE('',(#9121),#3455,.T.);
#9121 = FACE_BOUND('',#9122,.T.);
#9122 = EDGE_LOOP('',(#9123,#9144,#9145,#9146,#9147));
#9123 = ORIENTED_EDGE('',*,*,#9124,.F.);
#9124 = EDGE_CURVE('',#8556,#3440,#9125,.T.);
#9125 = SURFACE_CURVE('',#9126,(#9130,#9137),.PCURVE_S1.);
#9126 = ( BOUNDED_CURVE() B_SPLINE_CURVE(2,(#9127,#9128,#9129),
.UNSPECIFIED.,.F.,.F.) B_SPLINE_CURVE_WITH_KNOTS((3,3),(0.,
1.570211665735),.PIECEWISE_BEZIER_KNOTS.) CURVE() 
GEOMETRIC_REPRESENTATION_ITEM() RATIONAL_B_SPLINE_CURVE((1.,
0.70731345987,1.)) REPRESENTATION_ITEM('') );
#9127 = CARTESIAN_POINT('',(-98.75,52.,15.5));
#9128 = CARTESIAN_POINT('',(-98.74765610524,59.997662039152,15.5));
#9129 = CARTESIAN_POINT('',(-90.72969543147,60.,15.5));
#9130 = PCURVE('',#3455,#9131);
#9131 = DEFINITIONAL_REPRESENTATION('',(#9132),#9136);
#9132 = B_SPLINE_CURVE_WITH_KNOTS('',2,(#9133,#9134,#9135),
  .UNSPECIFIED.,.F.,.F.,(3,3),(0.,1.570211665735),
  .PIECEWISE_BEZIER_KNOTS.);
#9133 = CARTESIAN_POINT('',(-1.971148783494E-15,7.105427357601E-15));
#9134 = CARTESIAN_POINT('',(0.785105832868,-1.630979484361E-14));
#9135 = CARTESIAN_POINT('',(1.570211665735,7.105427357601E-15));
#9136 = ( GEOMETRIC_REPRESENTATION_CONTEXT(2) 
PARAMETRIC_REPRESENTATION_CONTEXT() REPRESENTATION_CONTEXT('2D SPACE',''
  ) );
#9137 = PCURVE('',#467,#9138);
#9138 = DEFINITIONAL_REPRESENTATION('',(#9139),#9143);
#9139 = ( BOUNDED_CURVE() B_SPLINE_CURVE(2,(#9140,#9141,#9142),
.UNSPECIFIED.,.F.,.F.) B_SPLINE_CURVE_WITH_KNOTS((3,3),(0.,
1.570211665735),.PIECEWISE_BEZIER_KNOTS.) CURVE() 
GEOMETRIC_REPRESENTATION_ITEM() RATIONAL_B_SPLINE_CURVE((1.,
0.70731345987,1.)) REPRESENTATION_ITEM('') );
#9140 = CARTESIAN_POINT('',(11.25,117.));
#9141 = CARTESIAN_POINT('',(11.252343894759,124.99766203915));
#9142 = CARTESIAN_POINT('',(19.270304568528,125.));
#9143 = ( GEOMETRIC_REPRESENTATION_CONTEXT(2) 
PARAMETRIC_REPRESENTATION_CONTEXT() REPRESENTATION_CONTEXT('2D SPACE',''
  ) );
#9144 = ORIENTED_EDGE('',*,*,#8578,.T.);
#9145 = ORIENTED_EDGE('',*,*,#8041,.F.);
#9146 = ORIENTED_EDGE('',*,*,#9100,.F.);
#9147 = ORIENTED_EDGE('',*,*,#3439,.F.);
#9148 = ADVANCED_FACE('',(#9149),#2354,.F.);
#9149 = FACE_BOUND('',#9150,.F.);
#9150 = EDGE_LOOP('',(#9151,#9152,#9153,#9154));
#9151 = ORIENTED_EDGE('',*,*,#2337,.F.);
#9152 = ORIENTED_EDGE('',*,*,#2510,.T.);
#9153 = ORIENTED_EDGE('',*,*,#2788,.T.);
#9154 = ORIENTED_EDGE('',*,*,#9155,.F.);
#9155 = EDGE_CURVE('',#2312,#2789,#9156,.T.);
#9156 = SURFACE_CURVE('',#9157,(#9161,#9168),.PCURVE_S1.);
#9157 = LINE('',#9158,#9159);
#9158 = CARTESIAN_POINT('',(64.284,54.,19.));
#9159 = VECTOR('',#9160,1.);
#9160 = DIRECTION('',(0.,1.,0.));
#9161 = PCURVE('',#2354,#9162);
#9162 = DEFINITIONAL_REPRESENTATION('',(#9163),#9167);
#9163 = LINE('',#9164,#9165);
#9164 = CARTESIAN_POINT('',(1.570796326795,0.));
#9165 = VECTOR('',#9166,1.);
#9166 = DIRECTION('',(0.,-1.));
#9167 = ( GEOMETRIC_REPRESENTATION_CONTEXT(2) 
PARAMETRIC_REPRESENTATION_CONTEXT() REPRESENTATION_CONTEXT('2D SPACE',''
  ) );
#9168 = PCURVE('',#2326,#9169);
#9169 = DEFINITIONAL_REPRESENTATION('',(#9170),#9174);
#9170 = LINE('',#9171,#9172);
#9171 = CARTESIAN_POINT('',(0.,0.));
#9172 = VECTOR('',#9173,1.);
#9173 = DIRECTION('',(0.,-1.));
#9174 = ( GEOMETRIC_REPRESENTATION_CONTEXT(2) 
PARAMETRIC_REPRESENTATION_CONTEXT() REPRESENTATION_CONTEXT('2D SPACE',''
  ) );
#9175 = ADVANCED_FACE('',(#9176),#2326,.F.);
#9176 = FACE_BOUND('',#9177,.F.);
#9177 = EDGE_LOOP('',(#9178,#9179,#9180,#9181));
#9178 = ORIENTED_EDGE('',*,*,#2311,.F.);
#9179 = ORIENTED_EDGE('',*,*,#9155,.T.);
#9180 = ORIENTED_EDGE('',*,*,#2949,.T.);
#9181 = ORIENTED_EDGE('',*,*,#9182,.F.);
#9182 = EDGE_CURVE('',#2283,#2950,#9183,.T.);
#9183 = SURFACE_CURVE('',#9184,(#9188,#9195),.PCURVE_S1.);
#9184 = LINE('',#9185,#9186);
#9185 = CARTESIAN_POINT('',(53.344,54.,19.));
#9186 = VECTOR('',#9187,1.);
#9187 = DIRECTION('',(0.,1.,0.));
#9188 = PCURVE('',#2326,#9189);
#9189 = DEFINITIONAL_REPRESENTATION('',(#9190),#9194);
#9190 = LINE('',#9191,#9192);
#9191 = CARTESIAN_POINT('',(10.94,0.));
#9192 = VECTOR('',#9193,1.);
#9193 = DIRECTION('',(0.,-1.));
#9194 = ( GEOMETRIC_REPRESENTATION_CONTEXT(2) 
PARAMETRIC_REPRESENTATION_CONTEXT() REPRESENTATION_CONTEXT('2D SPACE',''
  ) );
#9195 = PCURVE('',#2299,#9196);
#9196 = DEFINITIONAL_REPRESENTATION('',(#9197),#9201);
#9197 = LINE('',#9198,#9199);
#9198 = CARTESIAN_POINT('',(1.570796326795,0.));
#9199 = VECTOR('',#9200,1.);
#9200 = DIRECTION('',(0.,-1.));
#9201 = ( GEOMETRIC_REPRESENTATION_CONTEXT(2) 
PARAMETRIC_REPRESENTATION_CONTEXT() REPRESENTATION_CONTEXT('2D SPACE',''
  ) );
#9202 = ADVANCED_FACE('',(#9203),#2299,.F.);
#9203 = FACE_BOUND('',#9204,.F.);
#9204 = EDGE_LOOP('',(#9205,#9206,#9207,#9208));
#9205 = ORIENTED_EDGE('',*,*,#2282,.F.);
#9206 = ORIENTED_EDGE('',*,*,#9182,.T.);
#9207 = ORIENTED_EDGE('',*,*,#3109,.T.);
#9208 = ORIENTED_EDGE('',*,*,#9209,.F.);
#9209 = EDGE_CURVE('',#2257,#3110,#9210,.T.);
#9210 = SURFACE_CURVE('',#9211,(#9215,#9222),.PCURVE_S1.);
#9211 = LINE('',#9212,#9213);
#9212 = CARTESIAN_POINT('',(51.344,54.,17.));
#9213 = VECTOR('',#9214,1.);
#9214 = DIRECTION('',(0.,1.,0.));
#9215 = PCURVE('',#2299,#9216);
#9216 = DEFINITIONAL_REPRESENTATION('',(#9217),#9221);
#9217 = LINE('',#9218,#9219);
#9218 = CARTESIAN_POINT('',(3.14159265359,0.));
#9219 = VECTOR('',#9220,1.);
#9220 = DIRECTION('',(0.,-1.));
#9221 = ( GEOMETRIC_REPRESENTATION_CONTEXT(2) 
PARAMETRIC_REPRESENTATION_CONTEXT() REPRESENTATION_CONTEXT('2D SPACE',''
  ) );
#9222 = PCURVE('',#2271,#9223);
#9223 = DEFINITIONAL_REPRESENTATION('',(#9224),#9228);
#9224 = LINE('',#9225,#9226);
#9225 = CARTESIAN_POINT('',(0.,0.));
#9226 = VECTOR('',#9227,1.);
#9227 = DIRECTION('',(-1.110223024625E-16,-1.));
#9228 = ( GEOMETRIC_REPRESENTATION_CONTEXT(2) 
PARAMETRIC_REPRESENTATION_CONTEXT() REPRESENTATION_CONTEXT('2D SPACE',''
  ) );
#9229 = ADVANCED_FACE('',(#9230),#2271,.F.);
#9230 = FACE_BOUND('',#9231,.F.);
#9231 = EDGE_LOOP('',(#9232,#9233,#9234,#9235));
#9232 = ORIENTED_EDGE('',*,*,#2256,.F.);
#9233 = ORIENTED_EDGE('',*,*,#9209,.T.);
#9234 = ORIENTED_EDGE('',*,*,#3271,.T.);
#9235 = ORIENTED_EDGE('',*,*,#9236,.F.);
#9236 = EDGE_CURVE('',#2229,#3272,#9237,.T.);
#9237 = SURFACE_CURVE('',#9238,(#9242,#9248),.PCURVE_S1.);
#9238 = LINE('',#9239,#9240);
#9239 = CARTESIAN_POINT('',(51.344,48.375414494424,15.5));
#9240 = VECTOR('',#9241,1.);
#9241 = DIRECTION('',(0.,1.,-0.));
#9242 = PCURVE('',#2271,#9243);
#9243 = DEFINITIONAL_REPRESENTATION('',(#9244),#9247);
#9244 = B_SPLINE_CURVE_WITH_KNOTS('',1,(#9245,#9246),.UNSPECIFIED.,.F.,
  .F.,(2,2),(5.624585505576,9.624585505576),.PIECEWISE_BEZIER_KNOTS.);
#9245 = CARTESIAN_POINT('',(1.5,0.));
#9246 = CARTESIAN_POINT('',(1.5,-4.));
#9247 = ( GEOMETRIC_REPRESENTATION_CONTEXT(2) 
PARAMETRIC_REPRESENTATION_CONTEXT() REPRESENTATION_CONTEXT('2D SPACE',''
  ) );
#9248 = PCURVE('',#2244,#9249);
#9249 = DEFINITIONAL_REPRESENTATION('',(#9250),#9253);
#9250 = B_SPLINE_CURVE_WITH_KNOTS('',1,(#9251,#9252),.UNSPECIFIED.,.F.,
  .F.,(2,2),(5.624585505576,9.624585505576),.PIECEWISE_BEZIER_KNOTS.);
#9251 = CARTESIAN_POINT('',(-51.344,11.249171011152));
#9252 = CARTESIAN_POINT('',(-51.344,15.249171011152));
#9253 = ( GEOMETRIC_REPRESENTATION_CONTEXT(2) 
PARAMETRIC_REPRESENTATION_CONTEXT() REPRESENTATION_CONTEXT('2D SPACE',''
  ) );
#9254 = ADVANCED_FACE('',(#9255),#2244,.T.);
#9255 = FACE_BOUND('',#9256,.T.);
#9256 = EDGE_LOOP('',(#9257,#9258,#9259,#9260,#9261,#9262));
#9257 = ORIENTED_EDGE('',*,*,#4578,.T.);
#9258 = ORIENTED_EDGE('',*,*,#3607,.T.);
#9259 = ORIENTED_EDGE('',*,*,#3293,.F.);
#9260 = ORIENTED_EDGE('',*,*,#9236,.F.);
#9261 = ORIENTED_EDGE('',*,*,#2228,.T.);
#9262 = ORIENTED_EDGE('',*,*,#9263,.F.);
#9263 = EDGE_CURVE('',#4557,#2196,#9264,.T.);
#9264 = SURFACE_CURVE('',#9265,(#9269,#9275),.PCURVE_S1.);
#9265 = LINE('',#9266,#9267);
#9266 = CARTESIAN_POINT('',(19.658209944768,54.,15.5));
#9267 = VECTOR('',#9268,1.);
#9268 = DIRECTION('',(-0.,-1.,-0.));
#9269 = PCURVE('',#2244,#9270);
#9270 = DEFINITIONAL_REPRESENTATION('',(#9271),#9274);
#9271 = B_SPLINE_CURVE_WITH_KNOTS('',1,(#9272,#9273),.UNSPECIFIED.,.F.,
  .F.,(2,2),(-4.0000006,5.999999999062E-07),.PIECEWISE_BEZIER_KNOTS.);
#9272 = CARTESIAN_POINT('',(-19.65820994476,15.249171611152));
#9273 = CARTESIAN_POINT('',(-19.65820994476,11.249170411152));
#9274 = ( GEOMETRIC_REPRESENTATION_CONTEXT(2) 
PARAMETRIC_REPRESENTATION_CONTEXT() REPRESENTATION_CONTEXT('2D SPACE',''
  ) );
#9275 = PCURVE('',#2216,#9276);
#9276 = DEFINITIONAL_REPRESENTATION('',(#9277),#9280);
#9277 = B_SPLINE_CURVE_WITH_KNOTS('',1,(#9278,#9279),.UNSPECIFIED.,.F.,
  .F.,(2,2),(-4.,-3.5),.PIECEWISE_BEZIER_KNOTS.);
#9278 = CARTESIAN_POINT('',(-8.170950975143,-4.));
#9279 = CARTESIAN_POINT('',(-8.170950975143,-3.5));
#9280 = ( GEOMETRIC_REPRESENTATION_CONTEXT(2) 
PARAMETRIC_REPRESENTATION_CONTEXT() REPRESENTATION_CONTEXT('2D SPACE',''
  ) );
#9281 = ADVANCED_FACE('',(#9282),#2216,.F.);
#9282 = FACE_BOUND('',#9283,.T.);
#9283 = EDGE_LOOP('',(#9284,#9285,#9286,#9287,#9288));
#9284 = ORIENTED_EDGE('',*,*,#4380,.T.);
#9285 = ORIENTED_EDGE('',*,*,#4556,.T.);
#9286 = ORIENTED_EDGE('',*,*,#9263,.T.);
#9287 = ORIENTED_EDGE('',*,*,#2195,.F.);
#9288 = ORIENTED_EDGE('',*,*,#9289,.F.);
#9289 = EDGE_CURVE('',#4381,#2173,#9290,.T.);
#9290 = SURFACE_CURVE('',#9291,(#9295,#9301),.PCURVE_S1.);
#9291 = LINE('',#9292,#9293);
#9292 = CARTESIAN_POINT('',(12.341790055232,54.,15.5));
#9293 = VECTOR('',#9294,1.);
#9294 = DIRECTION('',(-0.,-1.,-0.));
#9295 = PCURVE('',#2216,#9296);
#9296 = DEFINITIONAL_REPRESENTATION('',(#9297),#9300);
#9297 = B_SPLINE_CURVE_WITH_KNOTS('',1,(#9298,#9299),.UNSPECIFIED.,.F.,
  .F.,(2,2),(-4.,-3.5),.PIECEWISE_BEZIER_KNOTS.);
#9298 = CARTESIAN_POINT('',(-4.395419639216,-4.));
#9299 = CARTESIAN_POINT('',(-4.395419639216,-3.5));
#9300 = ( GEOMETRIC_REPRESENTATION_CONTEXT(2) 
PARAMETRIC_REPRESENTATION_CONTEXT() REPRESENTATION_CONTEXT('2D SPACE',''
  ) );
#9301 = PCURVE('',#467,#9302);
#9302 = DEFINITIONAL_REPRESENTATION('',(#9303),#9307);
#9303 = LINE('',#9304,#9305);
#9304 = CARTESIAN_POINT('',(122.34179005523,119.));
#9305 = VECTOR('',#9306,1.);
#9306 = DIRECTION('',(0.,-1.));
#9307 = ( GEOMETRIC_REPRESENTATION_CONTEXT(2) 
PARAMETRIC_REPRESENTATION_CONTEXT() REPRESENTATION_CONTEXT('2D SPACE',''
  ) );
#9308 = ADVANCED_FACE('',(#9309),#2160,.F.);
#9309 = FACE_BOUND('',#9310,.T.);
#9310 = EDGE_LOOP('',(#9311,#9312,#9340,#9368));
#9311 = ORIENTED_EDGE('',*,*,#2144,.T.);
#9312 = ORIENTED_EDGE('',*,*,#9313,.T.);
#9313 = EDGE_CURVE('',#2122,#9314,#9316,.T.);
#9314 = VERTEX_POINT('',#9315);
#9315 = CARTESIAN_POINT('',(-88.,57.097709655762,20.5));
#9316 = SURFACE_CURVE('',#9317,(#9322,#9329),.PCURVE_S1.);
#9317 = CIRCLE('',#9318,8.013742691767);
#9318 = AXIS2_PLACEMENT_3D('',#9319,#9320,#9321);
#9319 = CARTESIAN_POINT('',(-85.49282749827,49.486260518018,20.5));
#9320 = DIRECTION('',(0.,0.,1.));
#9321 = DIRECTION('',(-8.950252084834E-04,0.999999599465,0.));
#9322 = PCURVE('',#2160,#9323);
#9323 = DEFINITIONAL_REPRESENTATION('',(#9324),#9328);
#9324 = LINE('',#9325,#9326);
#9325 = CARTESIAN_POINT('',(-0.,-5.));
#9326 = VECTOR('',#9327,1.);
#9327 = DIRECTION('',(-1.,0.));
#9328 = ( GEOMETRIC_REPRESENTATION_CONTEXT(2) 
PARAMETRIC_REPRESENTATION_CONTEXT() REPRESENTATION_CONTEXT('2D SPACE',''
  ) );
#9329 = PCURVE('',#1533,#9330);
#9330 = DEFINITIONAL_REPRESENTATION('',(#9331),#9339);
#9331 = ( BOUNDED_CURVE() B_SPLINE_CURVE(2,(#9332,#9333,#9334,#9335,
#9336,#9337,#9338),.UNSPECIFIED.,.T.,.F.) B_SPLINE_CURVE_WITH_KNOTS((1,2
    ,2,2,2,1),(-2.094395102393,0.,2.094395102393,4.188790204786,
6.28318530718,8.377580409573),.UNSPECIFIED.) CURVE() 
GEOMETRIC_REPRESENTATION_ITEM() RATIONAL_B_SPLINE_CURVE((1.,0.5,1.,0.5,
1.,0.5,1.)) REPRESENTATION_ITEM('') );
#9332 = CARTESIAN_POINT('',(85.500794005218,14.952548169712));
#9333 = CARTESIAN_POINT('',(99.380997946631,14.940125032309));
#9334 = CARTESIAN_POINT('',(92.430137223339,2.925727378038));
#9335 = CARTESIAN_POINT('',(85.479276500048,-9.088670276233));
#9336 = CARTESIAN_POINT('',(78.549933281927,2.938150515441));
#9337 = CARTESIAN_POINT('',(71.620590063806,14.964971307114));
#9338 = CARTESIAN_POINT('',(85.500794005218,14.952548169712));
#9339 = ( GEOMETRIC_REPRESENTATION_CONTEXT(2) 
PARAMETRIC_REPRESENTATION_CONTEXT() REPRESENTATION_CONTEXT('2D SPACE',''
  ) );
#9340 = ORIENTED_EDGE('',*,*,#9341,.F.);
#9341 = EDGE_CURVE('',#9342,#9314,#9344,.T.);
#9342 = VERTEX_POINT('',#9343);
#9343 = CARTESIAN_POINT('',(-88.,57.097709655762,15.5));
#9344 = SURFACE_CURVE('',#9345,(#9349,#9356),.PCURVE_S1.);
#9345 = LINE('',#9346,#9347);
#9346 = CARTESIAN_POINT('',(-88.,57.097709655762,15.5));
#9347 = VECTOR('',#9348,1.);
#9348 = DIRECTION('',(0.,0.,1.));
#9349 = PCURVE('',#2160,#9350);
#9350 = DEFINITIONAL_REPRESENTATION('',(#9351),#9355);
#9351 = LINE('',#9352,#9353);
#9352 = CARTESIAN_POINT('',(-0.317306757908,0.));
#9353 = VECTOR('',#9354,1.);
#9354 = DIRECTION('',(-0.,-1.));
#9355 = ( GEOMETRIC_REPRESENTATION_CONTEXT(2) 
PARAMETRIC_REPRESENTATION_CONTEXT() REPRESENTATION_CONTEXT('2D SPACE',''
  ) );
#9356 = PCURVE('',#9357,#9362);
#9357 = PLANE('',#9358);
#9358 = AXIS2_PLACEMENT_3D('',#9359,#9360,#9361);
#9359 = CARTESIAN_POINT('',(-88.,57.097709655762,15.5));
#9360 = DIRECTION('',(0.,-1.,0.));
#9361 = DIRECTION('',(-1.,0.,0.));
#9362 = DEFINITIONAL_REPRESENTATION('',(#9363),#9367);
#9363 = LINE('',#9364,#9365);
#9364 = CARTESIAN_POINT('',(0.,-0.));
#9365 = VECTOR('',#9366,1.);
#9366 = DIRECTION('',(0.,-1.));
#9367 = ( GEOMETRIC_REPRESENTATION_CONTEXT(2) 
PARAMETRIC_REPRESENTATION_CONTEXT() REPRESENTATION_CONTEXT('2D SPACE',''
  ) );
#9368 = ORIENTED_EDGE('',*,*,#9369,.F.);
#9369 = EDGE_CURVE('',#2145,#9342,#9370,.T.);
#9370 = SURFACE_CURVE('',#9371,(#9376,#9383),.PCURVE_S1.);
#9371 = CIRCLE('',#9372,8.013742691767);
#9372 = AXIS2_PLACEMENT_3D('',#9373,#9374,#9375);
#9373 = CARTESIAN_POINT('',(-85.49282749827,49.486260518018,15.5));
#9374 = DIRECTION('',(0.,0.,1.));
#9375 = DIRECTION('',(-8.950252084834E-04,0.999999599465,0.));
#9376 = PCURVE('',#2160,#9377);
#9377 = DEFINITIONAL_REPRESENTATION('',(#9378),#9382);
#9378 = LINE('',#9379,#9380);
#9379 = CARTESIAN_POINT('',(-0.,0.));
#9380 = VECTOR('',#9381,1.);
#9381 = DIRECTION('',(-1.,0.));
#9382 = ( GEOMETRIC_REPRESENTATION_CONTEXT(2) 
PARAMETRIC_REPRESENTATION_CONTEXT() REPRESENTATION_CONTEXT('2D SPACE',''
  ) );
#9383 = PCURVE('',#467,#9384);
#9384 = DEFINITIONAL_REPRESENTATION('',(#9385),#9389);
#9385 = CIRCLE('',#9386,8.013742691767);
#9386 = AXIS2_PLACEMENT_2D('',#9387,#9388);
#9387 = CARTESIAN_POINT('',(24.507172501723,114.48626051801));
#9388 = DIRECTION('',(-8.950252084834E-04,0.999999599465));
#9389 = ( GEOMETRIC_REPRESENTATION_CONTEXT(2) 
PARAMETRIC_REPRESENTATION_CONTEXT() REPRESENTATION_CONTEXT('2D SPACE',''
  ) );
#9390 = ADVANCED_FACE('',(#9391),#9357,.T.);
#9391 = FACE_BOUND('',#9392,.T.);
#9392 = EDGE_LOOP('',(#9393,#9394,#9417,#9440));
#9393 = ORIENTED_EDGE('',*,*,#9341,.T.);
#9394 = ORIENTED_EDGE('',*,*,#9395,.T.);
#9395 = EDGE_CURVE('',#9314,#9396,#9398,.T.);
#9396 = VERTEX_POINT('',#9397);
#9397 = CARTESIAN_POINT('',(-90.5,57.097709655762,20.5));
#9398 = SURFACE_CURVE('',#9399,(#9403,#9410),.PCURVE_S1.);
#9399 = LINE('',#9400,#9401);
#9400 = CARTESIAN_POINT('',(-88.,57.097709655762,20.5));
#9401 = VECTOR('',#9402,1.);
#9402 = DIRECTION('',(-1.,0.,0.));
#9403 = PCURVE('',#9357,#9404);
#9404 = DEFINITIONAL_REPRESENTATION('',(#9405),#9409);
#9405 = LINE('',#9406,#9407);
#9406 = CARTESIAN_POINT('',(0.,-5.));
#9407 = VECTOR('',#9408,1.);
#9408 = DIRECTION('',(1.,0.));
#9409 = ( GEOMETRIC_REPRESENTATION_CONTEXT(2) 
PARAMETRIC_REPRESENTATION_CONTEXT() REPRESENTATION_CONTEXT('2D SPACE',''
  ) );
#9410 = PCURVE('',#1533,#9411);
#9411 = DEFINITIONAL_REPRESENTATION('',(#9412),#9416);
#9412 = LINE('',#9413,#9414);
#9413 = CARTESIAN_POINT('',(88.000794005218,14.550257825474));
#9414 = VECTOR('',#9415,1.);
#9415 = DIRECTION('',(1.,0.));
#9416 = ( GEOMETRIC_REPRESENTATION_CONTEXT(2) 
PARAMETRIC_REPRESENTATION_CONTEXT() REPRESENTATION_CONTEXT('2D SPACE',''
  ) );
#9417 = ORIENTED_EDGE('',*,*,#9418,.F.);
#9418 = EDGE_CURVE('',#9419,#9396,#9421,.T.);
#9419 = VERTEX_POINT('',#9420);
#9420 = CARTESIAN_POINT('',(-90.5,57.097709655762,15.5));
#9421 = SURFACE_CURVE('',#9422,(#9426,#9433),.PCURVE_S1.);
#9422 = LINE('',#9423,#9424);
#9423 = CARTESIAN_POINT('',(-90.5,57.097709655762,15.5));
#9424 = VECTOR('',#9425,1.);
#9425 = DIRECTION('',(0.,0.,1.));
#9426 = PCURVE('',#9357,#9427);
#9427 = DEFINITIONAL_REPRESENTATION('',(#9428),#9432);
#9428 = LINE('',#9429,#9430);
#9429 = CARTESIAN_POINT('',(2.5,0.));
#9430 = VECTOR('',#9431,1.);
#9431 = DIRECTION('',(0.,-1.));
#9432 = ( GEOMETRIC_REPRESENTATION_CONTEXT(2) 
PARAMETRIC_REPRESENTATION_CONTEXT() REPRESENTATION_CONTEXT('2D SPACE',''
  ) );
#9433 = PCURVE('',#1505,#9434);
#9434 = DEFINITIONAL_REPRESENTATION('',(#9435),#9439);
#9435 = LINE('',#9436,#9437);
#9436 = CARTESIAN_POINT('',(-0.,0.));
#9437 = VECTOR('',#9438,1.);
#9438 = DIRECTION('',(-0.,-1.));
#9439 = ( GEOMETRIC_REPRESENTATION_CONTEXT(2) 
PARAMETRIC_REPRESENTATION_CONTEXT() REPRESENTATION_CONTEXT('2D SPACE',''
  ) );
#9440 = ORIENTED_EDGE('',*,*,#9441,.F.);
#9441 = EDGE_CURVE('',#9342,#9419,#9442,.T.);
#9442 = SURFACE_CURVE('',#9443,(#9447,#9454),.PCURVE_S1.);
#9443 = LINE('',#9444,#9445);
#9444 = CARTESIAN_POINT('',(-88.,57.097709655762,15.5));
#9445 = VECTOR('',#9446,1.);
#9446 = DIRECTION('',(-1.,0.,0.));
#9447 = PCURVE('',#9357,#9448);
#9448 = DEFINITIONAL_REPRESENTATION('',(#9449),#9453);
#9449 = LINE('',#9450,#9451);
#9450 = CARTESIAN_POINT('',(0.,-0.));
#9451 = VECTOR('',#9452,1.);
#9452 = DIRECTION('',(1.,0.));
#9453 = ( GEOMETRIC_REPRESENTATION_CONTEXT(2) 
PARAMETRIC_REPRESENTATION_CONTEXT() REPRESENTATION_CONTEXT('2D SPACE',''
  ) );
#9454 = PCURVE('',#467,#9455);
#9455 = DEFINITIONAL_REPRESENTATION('',(#9456),#9460);
#9456 = LINE('',#9457,#9458);
#9457 = CARTESIAN_POINT('',(22.,122.09770965576));
#9458 = VECTOR('',#9459,1.);
#9459 = DIRECTION('',(-1.,0.));
#9460 = ( GEOMETRIC_REPRESENTATION_CONTEXT(2) 
PARAMETRIC_REPRESENTATION_CONTEXT() REPRESENTATION_CONTEXT('2D SPACE',''
  ) );
#9461 = ADVANCED_FACE('',(#9462),#2087,.T.);
#9462 = FACE_BOUND('',#9463,.T.);
#9463 = EDGE_LOOP('',(#9464,#9494,#9515,#9516));
#9464 = ORIENTED_EDGE('',*,*,#9465,.T.);
#9465 = EDGE_CURVE('',#9466,#9468,#9470,.T.);
#9466 = VERTEX_POINT('',#9467);
#9467 = CARTESIAN_POINT('',(83.956855773926,55.156852722168,20.5));
#9468 = VERTEX_POINT('',#9469);
#9469 = CARTESIAN_POINT('',(83.956855773926,55.156852722168,79.5));
#9470 = SURFACE_CURVE('',#9471,(#9475,#9482),.PCURVE_S1.);
#9471 = LINE('',#9472,#9473);
#9472 = CARTESIAN_POINT('',(83.956855773926,55.156852722168,20.5));
#9473 = VECTOR('',#9474,1.);
#9474 = DIRECTION('',(0.,0.,1.));
#9475 = PCURVE('',#2087,#9476);
#9476 = DEFINITIONAL_REPRESENTATION('',(#9477),#9481);
#9477 = LINE('',#9478,#9479);
#9478 = CARTESIAN_POINT('',(0.,0.));
#9479 = VECTOR('',#9480,1.);
#9480 = DIRECTION('',(0.,-1.));
#9481 = ( GEOMETRIC_REPRESENTATION_CONTEXT(2) 
PARAMETRIC_REPRESENTATION_CONTEXT() REPRESENTATION_CONTEXT('2D SPACE',''
  ) );
#9482 = PCURVE('',#9483,#9488);
#9483 = CYLINDRICAL_SURFACE('',#9484,7.205226012026);
#9484 = AXIS2_PLACEMENT_3D('',#9485,#9486,#9487);
#9485 = CARTESIAN_POINT('',(91.162081134811,55.15991592713,20.5));
#9486 = DIRECTION('',(0.,0.,-1.));
#9487 = DIRECTION('',(-0.488067182292,-0.872806064123,-0.));
#9488 = DEFINITIONAL_REPRESENTATION('',(#9489),#9493);
#9489 = LINE('',#9490,#9491);
#9490 = CARTESIAN_POINT('',(1.060497298966,0.));
#9491 = VECTOR('',#9492,1.);
#9492 = DIRECTION('',(0.,-1.));
#9493 = ( GEOMETRIC_REPRESENTATION_CONTEXT(2) 
PARAMETRIC_REPRESENTATION_CONTEXT() REPRESENTATION_CONTEXT('2D SPACE',''
  ) );
#9494 = ORIENTED_EDGE('',*,*,#9495,.T.);
#9495 = EDGE_CURVE('',#9468,#2072,#9496,.T.);
#9496 = SURFACE_CURVE('',#9497,(#9501,#9508),.PCURVE_S1.);
#9497 = LINE('',#9498,#9499);
#9498 = CARTESIAN_POINT('',(83.956855773926,55.156852722168,79.5));
#9499 = VECTOR('',#9500,1.);
#9500 = DIRECTION('',(0.,1.,0.));
#9501 = PCURVE('',#2087,#9502);
#9502 = DEFINITIONAL_REPRESENTATION('',(#9503),#9507);
#9503 = LINE('',#9504,#9505);
#9504 = CARTESIAN_POINT('',(0.,-59.));
#9505 = VECTOR('',#9506,1.);
#9506 = DIRECTION('',(1.,0.));
#9507 = ( GEOMETRIC_REPRESENTATION_CONTEXT(2) 
PARAMETRIC_REPRESENTATION_CONTEXT() REPRESENTATION_CONTEXT('2D SPACE',''
  ) );
#9508 = PCURVE('',#1127,#9509);
#9509 = DEFINITIONAL_REPRESENTATION('',(#9510),#9514);
#9510 = LINE('',#9511,#9512);
#9511 = CARTESIAN_POINT('',(83.956855773926,51.529322266927));
#9512 = VECTOR('',#9513,1.);
#9513 = DIRECTION('',(0.,1.));
#9514 = ( GEOMETRIC_REPRESENTATION_CONTEXT(2) 
PARAMETRIC_REPRESENTATION_CONTEXT() REPRESENTATION_CONTEXT('2D SPACE',''
  ) );
#9515 = ORIENTED_EDGE('',*,*,#2071,.F.);
#9516 = ORIENTED_EDGE('',*,*,#9517,.F.);
#9517 = EDGE_CURVE('',#9466,#2044,#9518,.T.);
#9518 = SURFACE_CURVE('',#9519,(#9523,#9530),.PCURVE_S1.);
#9519 = LINE('',#9520,#9521);
#9520 = CARTESIAN_POINT('',(83.956855773926,55.156852722168,20.5));
#9521 = VECTOR('',#9522,1.);
#9522 = DIRECTION('',(0.,1.,0.));
#9523 = PCURVE('',#2087,#9524);
#9524 = DEFINITIONAL_REPRESENTATION('',(#9525),#9529);
#9525 = LINE('',#9526,#9527);
#9526 = CARTESIAN_POINT('',(0.,0.));
#9527 = VECTOR('',#9528,1.);
#9528 = DIRECTION('',(1.,0.));
#9529 = ( GEOMETRIC_REPRESENTATION_CONTEXT(2) 
PARAMETRIC_REPRESENTATION_CONTEXT() REPRESENTATION_CONTEXT('2D SPACE',''
  ) );
#9530 = PCURVE('',#2059,#9531);
#9531 = DEFINITIONAL_REPRESENTATION('',(#9532),#9536);
#9532 = LINE('',#9533,#9534);
#9533 = CARTESIAN_POINT('',(-83.9560617687,12.60940089188));
#9534 = VECTOR('',#9535,1.);
#9535 = DIRECTION('',(0.,1.));
#9536 = ( GEOMETRIC_REPRESENTATION_CONTEXT(2) 
PARAMETRIC_REPRESENTATION_CONTEXT() REPRESENTATION_CONTEXT('2D SPACE',''
  ) );
#9537 = ADVANCED_FACE('',(#9538),#9483,.T.);
#9538 = FACE_BOUND('',#9539,.T.);
#9539 = EDGE_LOOP('',(#9540,#9570,#9596,#9597));
#9540 = ORIENTED_EDGE('',*,*,#9541,.T.);
#9541 = EDGE_CURVE('',#9542,#9544,#9546,.T.);
#9542 = VERTEX_POINT('',#9543);
#9543 = CARTESIAN_POINT('',(87.645446777344,48.871150970459,20.5));
#9544 = VERTEX_POINT('',#9545);
#9545 = CARTESIAN_POINT('',(87.645446777344,48.871150970459,79.5));
#9546 = SURFACE_CURVE('',#9547,(#9551,#9558),.PCURVE_S1.);
#9547 = LINE('',#9548,#9549);
#9548 = CARTESIAN_POINT('',(87.645446777344,48.871150970459,20.5));
#9549 = VECTOR('',#9550,1.);
#9550 = DIRECTION('',(0.,0.,1.));
#9551 = PCURVE('',#9483,#9552);
#9552 = DEFINITIONAL_REPRESENTATION('',(#9553),#9557);
#9553 = LINE('',#9554,#9555);
#9554 = CARTESIAN_POINT('',(0.,0.));
#9555 = VECTOR('',#9556,1.);
#9556 = DIRECTION('',(0.,-1.));
#9557 = ( GEOMETRIC_REPRESENTATION_CONTEXT(2) 
PARAMETRIC_REPRESENTATION_CONTEXT() REPRESENTATION_CONTEXT('2D SPACE',''
  ) );
#9558 = PCURVE('',#9559,#9564);
#9559 = PLANE('',#9560);
#9560 = AXIS2_PLACEMENT_3D('',#9561,#9562,#9563);
#9561 = CARTESIAN_POINT('',(88.,48.687355041504,20.5));
#9562 = DIRECTION('',(-0.460225431715,-0.88780209056,0.));
#9563 = DIRECTION('',(-0.88780209056,0.460225431715,0.));
#9564 = DEFINITIONAL_REPRESENTATION('',(#9565),#9569);
#9565 = LINE('',#9566,#9567);
#9566 = CARTESIAN_POINT('',(0.39936065304,0.));
#9567 = VECTOR('',#9568,1.);
#9568 = DIRECTION('',(0.,-1.));
#9569 = ( GEOMETRIC_REPRESENTATION_CONTEXT(2) 
PARAMETRIC_REPRESENTATION_CONTEXT() REPRESENTATION_CONTEXT('2D SPACE',''
  ) );
#9570 = ORIENTED_EDGE('',*,*,#9571,.T.);
#9571 = EDGE_CURVE('',#9544,#9468,#9572,.T.);
#9572 = SURFACE_CURVE('',#9573,(#9578,#9585),.PCURVE_S1.);
#9573 = CIRCLE('',#9574,7.205226012026);
#9574 = AXIS2_PLACEMENT_3D('',#9575,#9576,#9577);
#9575 = CARTESIAN_POINT('',(91.162081134811,55.15991592713,79.5));
#9576 = DIRECTION('',(0.,0.,-1.));
#9577 = DIRECTION('',(-0.488067182292,-0.872806064123,-0.));
#9578 = PCURVE('',#9483,#9579);
#9579 = DEFINITIONAL_REPRESENTATION('',(#9580),#9584);
#9580 = LINE('',#9581,#9582);
#9581 = CARTESIAN_POINT('',(0.,-59.));
#9582 = VECTOR('',#9583,1.);
#9583 = DIRECTION('',(1.,0.));
#9584 = ( GEOMETRIC_REPRESENTATION_CONTEXT(2) 
PARAMETRIC_REPRESENTATION_CONTEXT() REPRESENTATION_CONTEXT('2D SPACE',''
  ) );
#9585 = PCURVE('',#1127,#9586);
#9586 = DEFINITIONAL_REPRESENTATION('',(#9587),#9595);
#9587 = ( BOUNDED_CURVE() B_SPLINE_CURVE(2,(#9588,#9589,#9590,#9591,
#9592,#9593,#9594),.UNSPECIFIED.,.T.,.F.) B_SPLINE_CURVE_WITH_KNOTS((1,2
    ,2,2,2,1),(-2.094395102393,0.,2.094395102393,4.188790204786,
6.28318530718,8.377580409573),.UNSPECIFIED.) CURVE() 
GEOMETRIC_REPRESENTATION_ITEM() RATIONAL_B_SPLINE_CURVE((1.,0.5,1.,0.5,
1.,0.5,1.)) REPRESENTATION_ITEM('') );
#9588 = CARTESIAN_POINT('',(87.645446777344,45.243620515218));
#9589 = CARTESIAN_POINT('',(76.752986355531,51.334609893994));
#9590 = CARTESIAN_POINT('',(87.474168102639,57.722262639612));
#9591 = CARTESIAN_POINT('',(98.195349849746,64.109915385231));
#9592 = CARTESIAN_POINT('',(98.366628524451,51.631273260836));
#9593 = CARTESIAN_POINT('',(98.537907199156,39.152631136442));
#9594 = CARTESIAN_POINT('',(87.645446777344,45.243620515218));
#9595 = ( GEOMETRIC_REPRESENTATION_CONTEXT(2) 
PARAMETRIC_REPRESENTATION_CONTEXT() REPRESENTATION_CONTEXT('2D SPACE',''
  ) );
#9596 = ORIENTED_EDGE('',*,*,#9465,.F.);
#9597 = ORIENTED_EDGE('',*,*,#9598,.F.);
#9598 = EDGE_CURVE('',#9542,#9466,#9599,.T.);
#9599 = SURFACE_CURVE('',#9600,(#9605,#9612),.PCURVE_S1.);
#9600 = CIRCLE('',#9601,7.205226012026);
#9601 = AXIS2_PLACEMENT_3D('',#9602,#9603,#9604);
#9602 = CARTESIAN_POINT('',(91.162081134811,55.15991592713,20.5));
#9603 = DIRECTION('',(0.,0.,-1.));
#9604 = DIRECTION('',(-0.488067182292,-0.872806064123,-0.));
#9605 = PCURVE('',#9483,#9606);
#9606 = DEFINITIONAL_REPRESENTATION('',(#9607),#9611);
#9607 = LINE('',#9608,#9609);
#9608 = CARTESIAN_POINT('',(0.,0.));
#9609 = VECTOR('',#9610,1.);
#9610 = DIRECTION('',(1.,0.));
#9611 = ( GEOMETRIC_REPRESENTATION_CONTEXT(2) 
PARAMETRIC_REPRESENTATION_CONTEXT() REPRESENTATION_CONTEXT('2D SPACE',''
  ) );
#9612 = PCURVE('',#2059,#9613);
#9613 = DEFINITIONAL_REPRESENTATION('',(#9614),#9618);
#9614 = CIRCLE('',#9615,7.205226012026);
#9615 = AXIS2_PLACEMENT_2D('',#9616,#9617);
#9616 = CARTESIAN_POINT('',(-91.16128712959,12.612464096842));
#9617 = DIRECTION('',(0.488067182292,-0.872806064123));
#9618 = ( GEOMETRIC_REPRESENTATION_CONTEXT(2) 
PARAMETRIC_REPRESENTATION_CONTEXT() REPRESENTATION_CONTEXT('2D SPACE',''
  ) );
#9619 = ADVANCED_FACE('',(#9620),#9559,.T.);
#9620 = FACE_BOUND('',#9621,.T.);
#9621 = EDGE_LOOP('',(#9622,#9652,#9673,#9674));
#9622 = ORIENTED_EDGE('',*,*,#9623,.T.);
#9623 = EDGE_CURVE('',#9624,#9626,#9628,.T.);
#9624 = VERTEX_POINT('',#9625);
#9625 = CARTESIAN_POINT('',(88.,48.687355041504,20.5));
#9626 = VERTEX_POINT('',#9627);
#9627 = CARTESIAN_POINT('',(88.,48.687355041504,79.5));
#9628 = SURFACE_CURVE('',#9629,(#9633,#9640),.PCURVE_S1.);
#9629 = LINE('',#9630,#9631);
#9630 = CARTESIAN_POINT('',(88.,48.687355041504,20.5));
#9631 = VECTOR('',#9632,1.);
#9632 = DIRECTION('',(0.,0.,1.));
#9633 = PCURVE('',#9559,#9634);
#9634 = DEFINITIONAL_REPRESENTATION('',(#9635),#9639);
#9635 = LINE('',#9636,#9637);
#9636 = CARTESIAN_POINT('',(0.,0.));
#9637 = VECTOR('',#9638,1.);
#9638 = DIRECTION('',(0.,-1.));
#9639 = ( GEOMETRIC_REPRESENTATION_CONTEXT(2) 
PARAMETRIC_REPRESENTATION_CONTEXT() REPRESENTATION_CONTEXT('2D SPACE',''
  ) );
#9640 = PCURVE('',#9641,#9646);
#9641 = PLANE('',#9642);
#9642 = AXIS2_PLACEMENT_3D('',#9643,#9644,#9645);
#9643 = CARTESIAN_POINT('',(90.5,48.687355041504,20.5));
#9644 = DIRECTION('',(0.,-1.,0.));
#9645 = DIRECTION('',(-1.,0.,0.));
#9646 = DEFINITIONAL_REPRESENTATION('',(#9647),#9651);
#9647 = LINE('',#9648,#9649);
#9648 = CARTESIAN_POINT('',(2.5,0.));
#9649 = VECTOR('',#9650,1.);
#9650 = DIRECTION('',(0.,-1.));
#9651 = ( GEOMETRIC_REPRESENTATION_CONTEXT(2) 
PARAMETRIC_REPRESENTATION_CONTEXT() REPRESENTATION_CONTEXT('2D SPACE',''
  ) );
#9652 = ORIENTED_EDGE('',*,*,#9653,.T.);
#9653 = EDGE_CURVE('',#9626,#9544,#9654,.T.);
#9654 = SURFACE_CURVE('',#9655,(#9659,#9666),.PCURVE_S1.);
#9655 = LINE('',#9656,#9657);
#9656 = CARTESIAN_POINT('',(88.,48.687355041504,79.5));
#9657 = VECTOR('',#9658,1.);
#9658 = DIRECTION('',(-0.88780209056,0.460225431715,0.));
#9659 = PCURVE('',#9559,#9660);
#9660 = DEFINITIONAL_REPRESENTATION('',(#9661),#9665);
#9661 = LINE('',#9662,#9663);
#9662 = CARTESIAN_POINT('',(0.,-59.));
#9663 = VECTOR('',#9664,1.);
#9664 = DIRECTION('',(1.,0.));
#9665 = ( GEOMETRIC_REPRESENTATION_CONTEXT(2) 
PARAMETRIC_REPRESENTATION_CONTEXT() REPRESENTATION_CONTEXT('2D SPACE',''
  ) );
#9666 = PCURVE('',#1127,#9667);
#9667 = DEFINITIONAL_REPRESENTATION('',(#9668),#9672);
#9668 = LINE('',#9669,#9670);
#9669 = CARTESIAN_POINT('',(88.,45.059824586263));
#9670 = VECTOR('',#9671,1.);
#9671 = DIRECTION('',(-0.88780209056,0.460225431715));
#9672 = ( GEOMETRIC_REPRESENTATION_CONTEXT(2) 
PARAMETRIC_REPRESENTATION_CONTEXT() REPRESENTATION_CONTEXT('2D SPACE',''
  ) );
#9673 = ORIENTED_EDGE('',*,*,#9541,.F.);
#9674 = ORIENTED_EDGE('',*,*,#9675,.F.);
#9675 = EDGE_CURVE('',#9624,#9542,#9676,.T.);
#9676 = SURFACE_CURVE('',#9677,(#9681,#9688),.PCURVE_S1.);
#9677 = LINE('',#9678,#9679);
#9678 = CARTESIAN_POINT('',(88.,48.687355041504,20.5));
#9679 = VECTOR('',#9680,1.);
#9680 = DIRECTION('',(-0.88780209056,0.460225431715,0.));
#9681 = PCURVE('',#9559,#9682);
#9682 = DEFINITIONAL_REPRESENTATION('',(#9683),#9687);
#9683 = LINE('',#9684,#9685);
#9684 = CARTESIAN_POINT('',(0.,0.));
#9685 = VECTOR('',#9686,1.);
#9686 = DIRECTION('',(1.,0.));
#9687 = ( GEOMETRIC_REPRESENTATION_CONTEXT(2) 
PARAMETRIC_REPRESENTATION_CONTEXT() REPRESENTATION_CONTEXT('2D SPACE',''
  ) );
#9688 = PCURVE('',#2059,#9689);
#9689 = DEFINITIONAL_REPRESENTATION('',(#9690),#9694);
#9690 = LINE('',#9691,#9692);
#9691 = CARTESIAN_POINT('',(-87.99920599478,6.139903211216));
#9692 = VECTOR('',#9693,1.);
#9693 = DIRECTION('',(0.88780209056,0.460225431715));
#9694 = ( GEOMETRIC_REPRESENTATION_CONTEXT(2) 
PARAMETRIC_REPRESENTATION_CONTEXT() REPRESENTATION_CONTEXT('2D SPACE',''
  ) );
#9695 = ADVANCED_FACE('',(#9696),#9641,.T.);
#9696 = FACE_BOUND('',#9697,.T.);
#9697 = EDGE_LOOP('',(#9698,#9728,#9749,#9750));
#9698 = ORIENTED_EDGE('',*,*,#9699,.T.);
#9699 = EDGE_CURVE('',#9700,#9702,#9704,.T.);
#9700 = VERTEX_POINT('',#9701);
#9701 = CARTESIAN_POINT('',(90.5,48.687355041504,20.5));
#9702 = VERTEX_POINT('',#9703);
#9703 = CARTESIAN_POINT('',(90.5,48.687355041504,79.5));
#9704 = SURFACE_CURVE('',#9705,(#9709,#9716),.PCURVE_S1.);
#9705 = LINE('',#9706,#9707);
#9706 = CARTESIAN_POINT('',(90.5,48.687355041504,20.5));
#9707 = VECTOR('',#9708,1.);
#9708 = DIRECTION('',(0.,0.,1.));
#9709 = PCURVE('',#9641,#9710);
#9710 = DEFINITIONAL_REPRESENTATION('',(#9711),#9715);
#9711 = LINE('',#9712,#9713);
#9712 = CARTESIAN_POINT('',(0.,-0.));
#9713 = VECTOR('',#9714,1.);
#9714 = DIRECTION('',(0.,-1.));
#9715 = ( GEOMETRIC_REPRESENTATION_CONTEXT(2) 
PARAMETRIC_REPRESENTATION_CONTEXT() REPRESENTATION_CONTEXT('2D SPACE',''
  ) );
#9716 = PCURVE('',#9717,#9722);
#9717 = CYLINDRICAL_SURFACE('',#9718,7.203082172764);
#9718 = AXIS2_PLACEMENT_3D('',#9719,#9720,#9721);
#9719 = CARTESIAN_POINT('',(93.66070825618,55.15993691483,20.5));
#9720 = DIRECTION('',(0.,0.,-1.));
#9721 = DIRECTION('',(-5.35261700373E-04,-0.999999856747,-0.));
#9722 = DEFINITIONAL_REPRESENTATION('',(#9723),#9727);
#9723 = LINE('',#9724,#9725);
#9724 = CARTESIAN_POINT('',(0.453726893177,0.));
#9725 = VECTOR('',#9726,1.);
#9726 = DIRECTION('',(0.,-1.));
#9727 = ( GEOMETRIC_REPRESENTATION_CONTEXT(2) 
PARAMETRIC_REPRESENTATION_CONTEXT() REPRESENTATION_CONTEXT('2D SPACE',''
  ) );
#9728 = ORIENTED_EDGE('',*,*,#9729,.T.);
#9729 = EDGE_CURVE('',#9702,#9626,#9730,.T.);
#9730 = SURFACE_CURVE('',#9731,(#9735,#9742),.PCURVE_S1.);
#9731 = LINE('',#9732,#9733);
#9732 = CARTESIAN_POINT('',(90.5,48.687355041504,79.5));
#9733 = VECTOR('',#9734,1.);
#9734 = DIRECTION('',(-1.,0.,0.));
#9735 = PCURVE('',#9641,#9736);
#9736 = DEFINITIONAL_REPRESENTATION('',(#9737),#9741);
#9737 = LINE('',#9738,#9739);
#9738 = CARTESIAN_POINT('',(0.,-59.));
#9739 = VECTOR('',#9740,1.);
#9740 = DIRECTION('',(1.,0.));
#9741 = ( GEOMETRIC_REPRESENTATION_CONTEXT(2) 
PARAMETRIC_REPRESENTATION_CONTEXT() REPRESENTATION_CONTEXT('2D SPACE',''
  ) );
#9742 = PCURVE('',#1127,#9743);
#9743 = DEFINITIONAL_REPRESENTATION('',(#9744),#9748);
#9744 = LINE('',#9745,#9746);
#9745 = CARTESIAN_POINT('',(90.5,45.059824586263));
#9746 = VECTOR('',#9747,1.);
#9747 = DIRECTION('',(-1.,0.));
#9748 = ( GEOMETRIC_REPRESENTATION_CONTEXT(2) 
PARAMETRIC_REPRESENTATION_CONTEXT() REPRESENTATION_CONTEXT('2D SPACE',''
  ) );
#9749 = ORIENTED_EDGE('',*,*,#9623,.F.);
#9750 = ORIENTED_EDGE('',*,*,#9751,.F.);
#9751 = EDGE_CURVE('',#9700,#9624,#9752,.T.);
#9752 = SURFACE_CURVE('',#9753,(#9757,#9764),.PCURVE_S1.);
#9753 = LINE('',#9754,#9755);
#9754 = CARTESIAN_POINT('',(90.5,48.687355041504,20.5));
#9755 = VECTOR('',#9756,1.);
#9756 = DIRECTION('',(-1.,0.,0.));
#9757 = PCURVE('',#9641,#9758);
#9758 = DEFINITIONAL_REPRESENTATION('',(#9759),#9763);
#9759 = LINE('',#9760,#9761);
#9760 = CARTESIAN_POINT('',(0.,-0.));
#9761 = VECTOR('',#9762,1.);
#9762 = DIRECTION('',(1.,0.));
#9763 = ( GEOMETRIC_REPRESENTATION_CONTEXT(2) 
PARAMETRIC_REPRESENTATION_CONTEXT() REPRESENTATION_CONTEXT('2D SPACE',''
  ) );
#9764 = PCURVE('',#2059,#9765);
#9765 = DEFINITIONAL_REPRESENTATION('',(#9766),#9770);
#9766 = LINE('',#9767,#9768);
#9767 = CARTESIAN_POINT('',(-90.49920599478,6.139903211216));
#9768 = VECTOR('',#9769,1.);
#9769 = DIRECTION('',(1.,0.));
#9770 = ( GEOMETRIC_REPRESENTATION_CONTEXT(2) 
PARAMETRIC_REPRESENTATION_CONTEXT() REPRESENTATION_CONTEXT('2D SPACE',''
  ) );
#9771 = ADVANCED_FACE('',(#9772),#9717,.T.);
#9772 = FACE_BOUND('',#9773,.T.);
#9773 = EDGE_LOOP('',(#9774,#9804,#9830,#9831));
#9774 = ORIENTED_EDGE('',*,*,#9775,.T.);
#9775 = EDGE_CURVE('',#9776,#9778,#9780,.T.);
#9776 = VERTEX_POINT('',#9777);
#9777 = CARTESIAN_POINT('',(93.656852722168,47.956855773926,20.5));
#9778 = VERTEX_POINT('',#9779);
#9779 = CARTESIAN_POINT('',(93.656852722168,47.956855773926,79.5));
#9780 = SURFACE_CURVE('',#9781,(#9785,#9792),.PCURVE_S1.);
#9781 = LINE('',#9782,#9783);
#9782 = CARTESIAN_POINT('',(93.656852722168,47.956855773926,20.5));
#9783 = VECTOR('',#9784,1.);
#9784 = DIRECTION('',(0.,0.,1.));
#9785 = PCURVE('',#9717,#9786);
#9786 = DEFINITIONAL_REPRESENTATION('',(#9787),#9791);
#9787 = LINE('',#9788,#9789);
#9788 = CARTESIAN_POINT('',(0.,0.));
#9789 = VECTOR('',#9790,1.);
#9790 = DIRECTION('',(0.,-1.));
#9791 = ( GEOMETRIC_REPRESENTATION_CONTEXT(2) 
PARAMETRIC_REPRESENTATION_CONTEXT() REPRESENTATION_CONTEXT('2D SPACE',''
  ) );
#9792 = PCURVE('',#9793,#9798);
#9793 = PLANE('',#9794);
#9794 = AXIS2_PLACEMENT_3D('',#9795,#9796,#9797);
#9795 = CARTESIAN_POINT('',(96.,47.956855773926,20.5));
#9796 = DIRECTION('',(0.,-1.,0.));
#9797 = DIRECTION('',(-1.,0.,0.));
#9798 = DEFINITIONAL_REPRESENTATION('',(#9799),#9803);
#9799 = LINE('',#9800,#9801);
#9800 = CARTESIAN_POINT('',(2.343147277832,0.));
#9801 = VECTOR('',#9802,1.);
#9802 = DIRECTION('',(0.,-1.));
#9803 = ( GEOMETRIC_REPRESENTATION_CONTEXT(2) 
PARAMETRIC_REPRESENTATION_CONTEXT() REPRESENTATION_CONTEXT('2D SPACE',''
  ) );
#9804 = ORIENTED_EDGE('',*,*,#9805,.T.);
#9805 = EDGE_CURVE('',#9778,#9702,#9806,.T.);
#9806 = SURFACE_CURVE('',#9807,(#9812,#9819),.PCURVE_S1.);
#9807 = CIRCLE('',#9808,7.203082172764);
#9808 = AXIS2_PLACEMENT_3D('',#9809,#9810,#9811);
#9809 = CARTESIAN_POINT('',(93.66070825618,55.15993691483,79.5));
#9810 = DIRECTION('',(0.,0.,-1.));
#9811 = DIRECTION('',(-5.35261700373E-04,-0.999999856747,-0.));
#9812 = PCURVE('',#9717,#9813);
#9813 = DEFINITIONAL_REPRESENTATION('',(#9814),#9818);
#9814 = LINE('',#9815,#9816);
#9815 = CARTESIAN_POINT('',(0.,-59.));
#9816 = VECTOR('',#9817,1.);
#9817 = DIRECTION('',(1.,0.));
#9818 = ( GEOMETRIC_REPRESENTATION_CONTEXT(2) 
PARAMETRIC_REPRESENTATION_CONTEXT() REPRESENTATION_CONTEXT('2D SPACE',''
  ) );
#9819 = PCURVE('',#1127,#9820);
#9820 = DEFINITIONAL_REPRESENTATION('',(#9821),#9829);
#9821 = ( BOUNDED_CURVE() B_SPLINE_CURVE(2,(#9822,#9823,#9824,#9825,
#9826,#9827,#9828),.UNSPECIFIED.,.T.,.F.) B_SPLINE_CURVE_WITH_KNOTS((1,2
    ,2,2,2,1),(-2.094395102393,0.,2.094395102393,4.188790204786,
6.28318530718,8.377580409573),.UNSPECIFIED.) CURVE() 
GEOMETRIC_REPRESENTATION_ITEM() RATIONAL_B_SPLINE_CURVE((1.,0.5,1.,0.5,
1.,0.5,1.)) REPRESENTATION_ITEM('') );
#9822 = CARTESIAN_POINT('',(93.656852722168,44.329325318685));
#9823 = CARTESIAN_POINT('',(81.180750215081,44.336003299483));
#9824 = CARTESIAN_POINT('',(87.424584769642,55.13728602044));
#9825 = CARTESIAN_POINT('',(93.668419324203,65.938568741396));
#9826 = CARTESIAN_POINT('',(99.900687276729,55.130608039641));
#9827 = CARTESIAN_POINT('',(106.13295522925,44.322647337886));
#9828 = CARTESIAN_POINT('',(93.656852722168,44.329325318685));
#9829 = ( GEOMETRIC_REPRESENTATION_CONTEXT(2) 
PARAMETRIC_REPRESENTATION_CONTEXT() REPRESENTATION_CONTEXT('2D SPACE',''
  ) );
#9830 = ORIENTED_EDGE('',*,*,#9699,.F.);
#9831 = ORIENTED_EDGE('',*,*,#9832,.F.);
#9832 = EDGE_CURVE('',#9776,#9700,#9833,.T.);
#9833 = SURFACE_CURVE('',#9834,(#9839,#9846),.PCURVE_S1.);
#9834 = CIRCLE('',#9835,7.203082172764);
#9835 = AXIS2_PLACEMENT_3D('',#9836,#9837,#9838);
#9836 = CARTESIAN_POINT('',(93.66070825618,55.15993691483,20.5));
#9837 = DIRECTION('',(0.,0.,-1.));
#9838 = DIRECTION('',(-5.35261700373E-04,-0.999999856747,-0.));
#9839 = PCURVE('',#9717,#9840);
#9840 = DEFINITIONAL_REPRESENTATION('',(#9841),#9845);
#9841 = LINE('',#9842,#9843);
#9842 = CARTESIAN_POINT('',(0.,0.));
#9843 = VECTOR('',#9844,1.);
#9844 = DIRECTION('',(1.,0.));
#9845 = ( GEOMETRIC_REPRESENTATION_CONTEXT(2) 
PARAMETRIC_REPRESENTATION_CONTEXT() REPRESENTATION_CONTEXT('2D SPACE',''
  ) );
#9846 = PCURVE('',#2059,#9847);
#9847 = DEFINITIONAL_REPRESENTATION('',(#9848),#9852);
#9848 = CIRCLE('',#9849,7.203082172764);
#9849 = AXIS2_PLACEMENT_2D('',#9850,#9851);
#9850 = CARTESIAN_POINT('',(-93.65991425096,12.612485084541));
#9851 = DIRECTION('',(5.35261700373E-04,-0.999999856747));
#9852 = ( GEOMETRIC_REPRESENTATION_CONTEXT(2) 
PARAMETRIC_REPRESENTATION_CONTEXT() REPRESENTATION_CONTEXT('2D SPACE',''
  ) );
#9853 = ADVANCED_FACE('',(#9854),#9793,.T.);
#9854 = FACE_BOUND('',#9855,.T.);
#9855 = EDGE_LOOP('',(#9856,#9886,#9907,#9908));
#9856 = ORIENTED_EDGE('',*,*,#9857,.T.);
#9857 = EDGE_CURVE('',#9858,#9860,#9862,.T.);
#9858 = VERTEX_POINT('',#9859);
#9859 = CARTESIAN_POINT('',(96.,47.956855773926,20.5));
#9860 = VERTEX_POINT('',#9861);
#9861 = CARTESIAN_POINT('',(96.,47.956855773926,79.5));
#9862 = SURFACE_CURVE('',#9863,(#9867,#9874),.PCURVE_S1.);
#9863 = LINE('',#9864,#9865);
#9864 = CARTESIAN_POINT('',(96.,47.956855773926,20.5));
#9865 = VECTOR('',#9866,1.);
#9866 = DIRECTION('',(0.,0.,1.));
#9867 = PCURVE('',#9793,#9868);
#9868 = DEFINITIONAL_REPRESENTATION('',(#9869),#9873);
#9869 = LINE('',#9870,#9871);
#9870 = CARTESIAN_POINT('',(0.,-0.));
#9871 = VECTOR('',#9872,1.);
#9872 = DIRECTION('',(0.,-1.));
#9873 = ( GEOMETRIC_REPRESENTATION_CONTEXT(2) 
PARAMETRIC_REPRESENTATION_CONTEXT() REPRESENTATION_CONTEXT('2D SPACE',''
  ) );
#9874 = PCURVE('',#9875,#9880);
#9875 = PLANE('',#9876);
#9876 = AXIS2_PLACEMENT_3D('',#9877,#9878,#9879);
#9877 = CARTESIAN_POINT('',(96.,-16.2113,0.));
#9878 = DIRECTION('',(-1.,0.,0.));
#9879 = DIRECTION('',(0.,1.,0.));
#9880 = DEFINITIONAL_REPRESENTATION('',(#9881),#9885);
#9881 = LINE('',#9882,#9883);
#9882 = CARTESIAN_POINT('',(64.168155773926,-20.5));
#9883 = VECTOR('',#9884,1.);
#9884 = DIRECTION('',(0.,-1.));
#9885 = ( GEOMETRIC_REPRESENTATION_CONTEXT(2) 
PARAMETRIC_REPRESENTATION_CONTEXT() REPRESENTATION_CONTEXT('2D SPACE',''
  ) );
#9886 = ORIENTED_EDGE('',*,*,#9887,.T.);
#9887 = EDGE_CURVE('',#9860,#9778,#9888,.T.);
#9888 = SURFACE_CURVE('',#9889,(#9893,#9900),.PCURVE_S1.);
#9889 = LINE('',#9890,#9891);
#9890 = CARTESIAN_POINT('',(96.,47.956855773926,79.5));
#9891 = VECTOR('',#9892,1.);
#9892 = DIRECTION('',(-1.,0.,0.));
#9893 = PCURVE('',#9793,#9894);
#9894 = DEFINITIONAL_REPRESENTATION('',(#9895),#9899);
#9895 = LINE('',#9896,#9897);
#9896 = CARTESIAN_POINT('',(0.,-59.));
#9897 = VECTOR('',#9898,1.);
#9898 = DIRECTION('',(1.,0.));
#9899 = ( GEOMETRIC_REPRESENTATION_CONTEXT(2) 
PARAMETRIC_REPRESENTATION_CONTEXT() REPRESENTATION_CONTEXT('2D SPACE',''
  ) );
#9900 = PCURVE('',#1127,#9901);
#9901 = DEFINITIONAL_REPRESENTATION('',(#9902),#9906);
#9902 = LINE('',#9903,#9904);
#9903 = CARTESIAN_POINT('',(96.,44.329325318685));
#9904 = VECTOR('',#9905,1.);
#9905 = DIRECTION('',(-1.,0.));
#9906 = ( GEOMETRIC_REPRESENTATION_CONTEXT(2) 
PARAMETRIC_REPRESENTATION_CONTEXT() REPRESENTATION_CONTEXT('2D SPACE',''
  ) );
#9907 = ORIENTED_EDGE('',*,*,#9775,.F.);
#9908 = ORIENTED_EDGE('',*,*,#9909,.F.);
#9909 = EDGE_CURVE('',#9858,#9776,#9910,.T.);
#9910 = SURFACE_CURVE('',#9911,(#9915,#9922),.PCURVE_S1.);
#9911 = LINE('',#9912,#9913);
#9912 = CARTESIAN_POINT('',(96.,47.956855773926,20.5));
#9913 = VECTOR('',#9914,1.);
#9914 = DIRECTION('',(-1.,0.,0.));
#9915 = PCURVE('',#9793,#9916);
#9916 = DEFINITIONAL_REPRESENTATION('',(#9917),#9921);
#9917 = LINE('',#9918,#9919);
#9918 = CARTESIAN_POINT('',(0.,-0.));
#9919 = VECTOR('',#9920,1.);
#9920 = DIRECTION('',(1.,0.));
#9921 = ( GEOMETRIC_REPRESENTATION_CONTEXT(2) 
PARAMETRIC_REPRESENTATION_CONTEXT() REPRESENTATION_CONTEXT('2D SPACE',''
  ) );
#9922 = PCURVE('',#2059,#9923);
#9923 = DEFINITIONAL_REPRESENTATION('',(#9924),#9928);
#9924 = LINE('',#9925,#9926);
#9925 = CARTESIAN_POINT('',(-95.99920599478,5.409403943638));
#9926 = VECTOR('',#9927,1.);
#9927 = DIRECTION('',(1.,0.));
#9928 = ( GEOMETRIC_REPRESENTATION_CONTEXT(2) 
PARAMETRIC_REPRESENTATION_CONTEXT() REPRESENTATION_CONTEXT('2D SPACE',''
  ) );
#9929 = ADVANCED_FACE('',(#9930),#9875,.T.);
#9930 = FACE_BOUND('',#9931,.T.);
#9931 = EDGE_LOOP('',(#9932,#9955,#9956,#9979,#10007,#10030));
#9932 = ORIENTED_EDGE('',*,*,#9933,.T.);
#9933 = EDGE_CURVE('',#9934,#9860,#9936,.T.);
#9934 = VERTEX_POINT('',#9935);
#9935 = CARTESIAN_POINT('',(96.,-16.2113,79.5));
#9936 = SURFACE_CURVE('',#9937,(#9941,#9948),.PCURVE_S1.);
#9937 = LINE('',#9938,#9939);
#9938 = CARTESIAN_POINT('',(96.,-16.2113,79.5));
#9939 = VECTOR('',#9940,1.);
#9940 = DIRECTION('',(0.,1.,0.));
#9941 = PCURVE('',#9875,#9942);
#9942 = DEFINITIONAL_REPRESENTATION('',(#9943),#9947);
#9943 = LINE('',#9944,#9945);
#9944 = CARTESIAN_POINT('',(0.,-79.5));
#9945 = VECTOR('',#9946,1.);
#9946 = DIRECTION('',(1.,0.));
#9947 = ( GEOMETRIC_REPRESENTATION_CONTEXT(2) 
PARAMETRIC_REPRESENTATION_CONTEXT() REPRESENTATION_CONTEXT('2D SPACE',''
  ) );
#9948 = PCURVE('',#1127,#9949);
#9949 = DEFINITIONAL_REPRESENTATION('',(#9950),#9954);
#9950 = LINE('',#9951,#9952);
#9951 = CARTESIAN_POINT('',(96.,-19.83883045524));
#9952 = VECTOR('',#9953,1.);
#9953 = DIRECTION('',(0.,1.));
#9954 = ( GEOMETRIC_REPRESENTATION_CONTEXT(2) 
PARAMETRIC_REPRESENTATION_CONTEXT() REPRESENTATION_CONTEXT('2D SPACE',''
  ) );
#9955 = ORIENTED_EDGE('',*,*,#9857,.F.);
#9956 = ORIENTED_EDGE('',*,*,#9957,.T.);
#9957 = EDGE_CURVE('',#9858,#9958,#9960,.T.);
#9958 = VERTEX_POINT('',#9959);
#9959 = CARTESIAN_POINT('',(96.,49.5,20.5));
#9960 = SURFACE_CURVE('',#9961,(#9965,#9972),.PCURVE_S1.);
#9961 = LINE('',#9962,#9963);
#9962 = CARTESIAN_POINT('',(96.,-13.,20.5));
#9963 = VECTOR('',#9964,1.);
#9964 = DIRECTION('',(0.,1.,0.));
#9965 = PCURVE('',#9875,#9966);
#9966 = DEFINITIONAL_REPRESENTATION('',(#9967),#9971);
#9967 = LINE('',#9968,#9969);
#9968 = CARTESIAN_POINT('',(3.2113,-20.5));
#9969 = VECTOR('',#9970,1.);
#9970 = DIRECTION('',(1.,0.));
#9971 = ( GEOMETRIC_REPRESENTATION_CONTEXT(2) 
PARAMETRIC_REPRESENTATION_CONTEXT() REPRESENTATION_CONTEXT('2D SPACE',''
  ) );
#9972 = PCURVE('',#2059,#9973);
#9973 = DEFINITIONAL_REPRESENTATION('',(#9974),#9978);
#9974 = LINE('',#9975,#9976);
#9975 = CARTESIAN_POINT('',(-95.99920599478,-55.54745183028));
#9976 = VECTOR('',#9977,1.);
#9977 = DIRECTION('',(0.,1.));
#9978 = ( GEOMETRIC_REPRESENTATION_CONTEXT(2) 
PARAMETRIC_REPRESENTATION_CONTEXT() REPRESENTATION_CONTEXT('2D SPACE',''
  ) );
#9979 = ORIENTED_EDGE('',*,*,#9980,.F.);
#9980 = EDGE_CURVE('',#9981,#9958,#9983,.T.);
#9981 = VERTEX_POINT('',#9982);
#9982 = CARTESIAN_POINT('',(96.,49.5,15.5));
#9983 = SURFACE_CURVE('',#9984,(#9988,#9995),.PCURVE_S1.);
#9984 = LINE('',#9985,#9986);
#9985 = CARTESIAN_POINT('',(96.,49.5,15.5));
#9986 = VECTOR('',#9987,1.);
#9987 = DIRECTION('',(0.,0.,1.));
#9988 = PCURVE('',#9875,#9989);
#9989 = DEFINITIONAL_REPRESENTATION('',(#9990),#9994);
#9990 = LINE('',#9991,#9992);
#9991 = CARTESIAN_POINT('',(65.7113,-15.5));
#9992 = VECTOR('',#9993,1.);
#9993 = DIRECTION('',(0.,-1.));
#9994 = ( GEOMETRIC_REPRESENTATION_CONTEXT(2) 
PARAMETRIC_REPRESENTATION_CONTEXT() REPRESENTATION_CONTEXT('2D SPACE',''
  ) );
#9995 = PCURVE('',#9996,#10001);
#9996 = CYLINDRICAL_SURFACE('',#9997,7.999938827116);
#9997 = AXIS2_PLACEMENT_3D('',#9998,#9999,#10000);
#9998 = CARTESIAN_POINT('',(88.000061330534,49.498411800926,15.5));
#9999 = DIRECTION('',(-0.,-0.,-1.));
#10000 = DIRECTION('',(0.999999980294,1.98526402257E-04,-0.));
#10001 = DEFINITIONAL_REPRESENTATION('',(#10002),#10006);
#10002 = LINE('',#10003,#10004);
#10003 = CARTESIAN_POINT('',(-0.,0.));
#10004 = VECTOR('',#10005,1.);
#10005 = DIRECTION('',(-0.,-1.));
#10006 = ( GEOMETRIC_REPRESENTATION_CONTEXT(2) 
PARAMETRIC_REPRESENTATION_CONTEXT() REPRESENTATION_CONTEXT('2D SPACE',''
  ) );
#10007 = ORIENTED_EDGE('',*,*,#10008,.F.);
#10008 = EDGE_CURVE('',#10009,#9981,#10011,.T.);
#10009 = VERTEX_POINT('',#10010);
#10010 = CARTESIAN_POINT('',(96.,-16.2113,15.5));
#10011 = SURFACE_CURVE('',#10012,(#10016,#10023),.PCURVE_S1.);
#10012 = LINE('',#10013,#10014);
#10013 = CARTESIAN_POINT('',(96.,-16.2113,15.5));
#10014 = VECTOR('',#10015,1.);
#10015 = DIRECTION('',(0.,1.,0.));
#10016 = PCURVE('',#9875,#10017);
#10017 = DEFINITIONAL_REPRESENTATION('',(#10018),#10022);
#10018 = LINE('',#10019,#10020);
#10019 = CARTESIAN_POINT('',(0.,-15.5));
#10020 = VECTOR('',#10021,1.);
#10021 = DIRECTION('',(1.,0.));
#10022 = ( GEOMETRIC_REPRESENTATION_CONTEXT(2) 
PARAMETRIC_REPRESENTATION_CONTEXT() REPRESENTATION_CONTEXT('2D SPACE',''
  ) );
#10023 = PCURVE('',#786,#10024);
#10024 = DEFINITIONAL_REPRESENTATION('',(#10025),#10029);
#10025 = LINE('',#10026,#10027);
#10026 = CARTESIAN_POINT('',(206.,48.7887));
#10027 = VECTOR('',#10028,1.);
#10028 = DIRECTION('',(0.,1.));
#10029 = ( GEOMETRIC_REPRESENTATION_CONTEXT(2) 
PARAMETRIC_REPRESENTATION_CONTEXT() REPRESENTATION_CONTEXT('2D SPACE',''
  ) );
#10030 = ORIENTED_EDGE('',*,*,#10031,.T.);
#10031 = EDGE_CURVE('',#10009,#9934,#10032,.T.);
#10032 = SURFACE_CURVE('',#10033,(#10037,#10044),.PCURVE_S1.);
#10033 = LINE('',#10034,#10035);
#10034 = CARTESIAN_POINT('',(96.,-16.2113,15.5));
#10035 = VECTOR('',#10036,1.);
#10036 = DIRECTION('',(0.,0.,1.));
#10037 = PCURVE('',#9875,#10038);
#10038 = DEFINITIONAL_REPRESENTATION('',(#10039),#10043);
#10039 = LINE('',#10040,#10041);
#10040 = CARTESIAN_POINT('',(0.,-15.5));
#10041 = VECTOR('',#10042,1.);
#10042 = DIRECTION('',(0.,-1.));
#10043 = ( GEOMETRIC_REPRESENTATION_CONTEXT(2) 
PARAMETRIC_REPRESENTATION_CONTEXT() REPRESENTATION_CONTEXT('2D SPACE',''
  ) );
#10044 = PCURVE('',#10045,#10050);
#10045 = PLANE('',#10046);
#10046 = AXIS2_PLACEMENT_3D('',#10047,#10048,#10049);
#10047 = CARTESIAN_POINT('',(-110.,-16.2113,7.5));
#10048 = DIRECTION('',(-0.,1.,0.));
#10049 = DIRECTION('',(0.,0.,1.));
#10050 = DEFINITIONAL_REPRESENTATION('',(#10051),#10055);
#10051 = LINE('',#10052,#10053);
#10052 = CARTESIAN_POINT('',(8.,206.));
#10053 = VECTOR('',#10054,1.);
#10054 = DIRECTION('',(1.,0.));
#10055 = ( GEOMETRIC_REPRESENTATION_CONTEXT(2) 
PARAMETRIC_REPRESENTATION_CONTEXT() REPRESENTATION_CONTEXT('2D SPACE',''
  ) );
#10056 = ADVANCED_FACE('',(#10057),#10045,.T.);
#10057 = FACE_BOUND('',#10058,.T.);
#10058 = EDGE_LOOP('',(#10059,#10089,#10117,#10138,#10139));
#10059 = ORIENTED_EDGE('',*,*,#10060,.F.);
#10060 = EDGE_CURVE('',#10061,#10063,#10065,.T.);
#10061 = VERTEX_POINT('',#10062);
#10062 = CARTESIAN_POINT('',(94.,-16.2113,7.5));
#10063 = VERTEX_POINT('',#10064);
#10064 = CARTESIAN_POINT('',(96.,-16.2113,7.5));
#10065 = SURFACE_CURVE('',#10066,(#10070,#10077),.PCURVE_S1.);
#10066 = LINE('',#10067,#10068);
#10067 = CARTESIAN_POINT('',(-110.,-16.2113,7.5));
#10068 = VECTOR('',#10069,1.);
#10069 = DIRECTION('',(1.,0.,-0.));
#10070 = PCURVE('',#10045,#10071);
#10071 = DEFINITIONAL_REPRESENTATION('',(#10072),#10076);
#10072 = LINE('',#10073,#10074);
#10073 = CARTESIAN_POINT('',(0.,0.));
#10074 = VECTOR('',#10075,1.);
#10075 = DIRECTION('',(0.,1.));
#10076 = ( GEOMETRIC_REPRESENTATION_CONTEXT(2) 
PARAMETRIC_REPRESENTATION_CONTEXT() REPRESENTATION_CONTEXT('2D SPACE',''
  ) );
#10077 = PCURVE('',#10078,#10083);
#10078 = PLANE('',#10079);
#10079 = AXIS2_PLACEMENT_3D('',#10080,#10081,#10082);
#10080 = CARTESIAN_POINT('',(-110.,-56.2,7.5));
#10081 = DIRECTION('',(0.,0.,1.));
#10082 = DIRECTION('',(1.,0.,-0.));
#10083 = DEFINITIONAL_REPRESENTATION('',(#10084),#10088);
#10084 = LINE('',#10085,#10086);
#10085 = CARTESIAN_POINT('',(0.,39.9887));
#10086 = VECTOR('',#10087,1.);
#10087 = DIRECTION('',(1.,0.));
#10088 = ( GEOMETRIC_REPRESENTATION_CONTEXT(2) 
PARAMETRIC_REPRESENTATION_CONTEXT() REPRESENTATION_CONTEXT('2D SPACE',''
  ) );
#10089 = ORIENTED_EDGE('',*,*,#10090,.F.);
#10090 = EDGE_CURVE('',#10091,#10061,#10093,.T.);
#10091 = VERTEX_POINT('',#10092);
#10092 = CARTESIAN_POINT('',(94.,-16.2113,79.5));
#10093 = SURFACE_CURVE('',#10094,(#10098,#10105),.PCURVE_S1.);
#10094 = LINE('',#10095,#10096);
#10095 = CARTESIAN_POINT('',(94.,-16.2113,79.5));
#10096 = VECTOR('',#10097,1.);
#10097 = DIRECTION('',(0.,0.,-1.));
#10098 = PCURVE('',#10045,#10099);
#10099 = DEFINITIONAL_REPRESENTATION('',(#10100),#10104);
#10100 = LINE('',#10101,#10102);
#10101 = CARTESIAN_POINT('',(72.,204.));
#10102 = VECTOR('',#10103,1.);
#10103 = DIRECTION('',(-1.,0.));
#10104 = ( GEOMETRIC_REPRESENTATION_CONTEXT(2) 
PARAMETRIC_REPRESENTATION_CONTEXT() REPRESENTATION_CONTEXT('2D SPACE',''
  ) );
#10105 = PCURVE('',#10106,#10111);
#10106 = PLANE('',#10107);
#10107 = AXIS2_PLACEMENT_3D('',#10108,#10109,#10110);
#10108 = CARTESIAN_POINT('',(94.951,-56.2,0.));
#10109 = DIRECTION('',(-0.999717334831,-2.3774996072E-02,0.));
#10110 = DIRECTION('',(-2.3774996072E-02,0.999717334831,0.));
#10111 = DEFINITIONAL_REPRESENTATION('',(#10112),#10116);
#10112 = LINE('',#10113,#10114);
#10113 = CARTESIAN_POINT('',(40.000006608624,-79.5));
#10114 = VECTOR('',#10115,1.);
#10115 = DIRECTION('',(0.,1.));
#10116 = ( GEOMETRIC_REPRESENTATION_CONTEXT(2) 
PARAMETRIC_REPRESENTATION_CONTEXT() REPRESENTATION_CONTEXT('2D SPACE',''
  ) );
#10117 = ORIENTED_EDGE('',*,*,#10118,.T.);
#10118 = EDGE_CURVE('',#10091,#9934,#10119,.T.);
#10119 = SURFACE_CURVE('',#10120,(#10124,#10131),.PCURVE_S1.);
#10120 = LINE('',#10121,#10122);
#10121 = CARTESIAN_POINT('',(94.,-16.2113,79.5));
#10122 = VECTOR('',#10123,1.);
#10123 = DIRECTION('',(1.,0.,0.));
#10124 = PCURVE('',#10045,#10125);
#10125 = DEFINITIONAL_REPRESENTATION('',(#10126),#10130);
#10126 = LINE('',#10127,#10128);
#10127 = CARTESIAN_POINT('',(72.,204.));
#10128 = VECTOR('',#10129,1.);
#10129 = DIRECTION('',(0.,1.));
#10130 = ( GEOMETRIC_REPRESENTATION_CONTEXT(2) 
PARAMETRIC_REPRESENTATION_CONTEXT() REPRESENTATION_CONTEXT('2D SPACE',''
  ) );
#10131 = PCURVE('',#1127,#10132);
#10132 = DEFINITIONAL_REPRESENTATION('',(#10133),#10137);
#10133 = LINE('',#10134,#10135);
#10134 = CARTESIAN_POINT('',(94.,-19.83883045524));
#10135 = VECTOR('',#10136,1.);
#10136 = DIRECTION('',(1.,0.));
#10137 = ( GEOMETRIC_REPRESENTATION_CONTEXT(2) 
PARAMETRIC_REPRESENTATION_CONTEXT() REPRESENTATION_CONTEXT('2D SPACE',''
  ) );
#10138 = ORIENTED_EDGE('',*,*,#10031,.F.);
#10139 = ORIENTED_EDGE('',*,*,#10140,.T.);
#10140 = EDGE_CURVE('',#10009,#10063,#10141,.T.);
#10141 = SURFACE_CURVE('',#10142,(#10146,#10153),.PCURVE_S1.);
#10142 = LINE('',#10143,#10144);
#10143 = CARTESIAN_POINT('',(96.,-16.2113,3.75));
#10144 = VECTOR('',#10145,1.);
#10145 = DIRECTION('',(0.,0.,-1.));
#10146 = PCURVE('',#10045,#10147);
#10147 = DEFINITIONAL_REPRESENTATION('',(#10148),#10152);
#10148 = LINE('',#10149,#10150);
#10149 = CARTESIAN_POINT('',(-3.75,206.));
#10150 = VECTOR('',#10151,1.);
#10151 = DIRECTION('',(-1.,0.));
#10152 = ( GEOMETRIC_REPRESENTATION_CONTEXT(2) 
PARAMETRIC_REPRESENTATION_CONTEXT() REPRESENTATION_CONTEXT('2D SPACE',''
  ) );
#10153 = PCURVE('',#10154,#10159);
#10154 = PLANE('',#10155);
#10155 = AXIS2_PLACEMENT_3D('',#10156,#10157,#10158);
#10156 = CARTESIAN_POINT('',(96.,-53.5,0.));
#10157 = DIRECTION('',(-1.,0.,0.));
#10158 = DIRECTION('',(0.,1.,0.));
#10159 = DEFINITIONAL_REPRESENTATION('',(#10160),#10163);
#10160 = B_SPLINE_CURVE_WITH_KNOTS('',1,(#10161,#10162),.UNSPECIFIED.,
  .F.,.F.,(2,2),(-11.76,-3.75),.PIECEWISE_BEZIER_KNOTS.);
#10161 = CARTESIAN_POINT('',(37.2887,-15.51));
#10162 = CARTESIAN_POINT('',(37.2887,-7.5));
#10163 = ( GEOMETRIC_REPRESENTATION_CONTEXT(2) 
PARAMETRIC_REPRESENTATION_CONTEXT() REPRESENTATION_CONTEXT('2D SPACE',''
  ) );
#10164 = ADVANCED_FACE('',(#10165),#10154,.F.);
#10165 = FACE_BOUND('',#10166,.F.);
#10166 = EDGE_LOOP('',(#10167,#10188,#10216,#10236));
#10167 = ORIENTED_EDGE('',*,*,#10168,.F.);
#10168 = EDGE_CURVE('',#10169,#10063,#10171,.T.);
#10169 = VERTEX_POINT('',#10170);
#10170 = CARTESIAN_POINT('',(96.,-53.5,7.5));
#10171 = SURFACE_CURVE('',#10172,(#10176,#10182),.PCURVE_S1.);
#10172 = LINE('',#10173,#10174);
#10173 = CARTESIAN_POINT('',(96.,-54.85,7.5));
#10174 = VECTOR('',#10175,1.);
#10175 = DIRECTION('',(0.,1.,-0.));
#10176 = PCURVE('',#10154,#10177);
#10177 = DEFINITIONAL_REPRESENTATION('',(#10178),#10181);
#10178 = B_SPLINE_CURVE_WITH_KNOTS('',1,(#10179,#10180),.UNSPECIFIED.,
  .F.,.F.,(2,2),(1.35,38.6387),.PIECEWISE_BEZIER_KNOTS.);
#10179 = CARTESIAN_POINT('',(0.,-7.5));
#10180 = CARTESIAN_POINT('',(37.2887,-7.5));
#10181 = ( GEOMETRIC_REPRESENTATION_CONTEXT(2) 
PARAMETRIC_REPRESENTATION_CONTEXT() REPRESENTATION_CONTEXT('2D SPACE',''
  ) );
#10182 = PCURVE('',#10078,#10183);
#10183 = DEFINITIONAL_REPRESENTATION('',(#10184),#10187);
#10184 = B_SPLINE_CURVE_WITH_KNOTS('',1,(#10185,#10186),.UNSPECIFIED.,
  .F.,.F.,(2,2),(1.35,38.6387),.PIECEWISE_BEZIER_KNOTS.);
#10185 = CARTESIAN_POINT('',(206.,2.7));
#10186 = CARTESIAN_POINT('',(206.,39.9887));
#10187 = ( GEOMETRIC_REPRESENTATION_CONTEXT(2) 
PARAMETRIC_REPRESENTATION_CONTEXT() REPRESENTATION_CONTEXT('2D SPACE',''
  ) );
#10188 = ORIENTED_EDGE('',*,*,#10189,.T.);
#10189 = EDGE_CURVE('',#10169,#10190,#10192,.T.);
#10190 = VERTEX_POINT('',#10191);
#10191 = CARTESIAN_POINT('',(96.,-53.5,15.5));
#10192 = SURFACE_CURVE('',#10193,(#10197,#10204),.PCURVE_S1.);
#10193 = LINE('',#10194,#10195);
#10194 = CARTESIAN_POINT('',(96.,-53.5,0.));
#10195 = VECTOR('',#10196,1.);
#10196 = DIRECTION('',(0.,0.,1.));
#10197 = PCURVE('',#10154,#10198);
#10198 = DEFINITIONAL_REPRESENTATION('',(#10199),#10203);
#10199 = LINE('',#10200,#10201);
#10200 = CARTESIAN_POINT('',(0.,0.));
#10201 = VECTOR('',#10202,1.);
#10202 = DIRECTION('',(0.,-1.));
#10203 = ( GEOMETRIC_REPRESENTATION_CONTEXT(2) 
PARAMETRIC_REPRESENTATION_CONTEXT() REPRESENTATION_CONTEXT('2D SPACE',''
  ) );
#10204 = PCURVE('',#10205,#10210);
#10205 = CYLINDRICAL_SURFACE('',#10206,4.);
#10206 = AXIS2_PLACEMENT_3D('',#10207,#10208,#10209);
#10207 = CARTESIAN_POINT('',(92.,-53.5,0.));
#10208 = DIRECTION('',(-0.,0.,-1.));
#10209 = DIRECTION('',(1.,0.,0.));
#10210 = DEFINITIONAL_REPRESENTATION('',(#10211),#10215);
#10211 = LINE('',#10212,#10213);
#10212 = CARTESIAN_POINT('',(-6.28318530718,0.));
#10213 = VECTOR('',#10214,1.);
#10214 = DIRECTION('',(-0.,-1.));
#10215 = ( GEOMETRIC_REPRESENTATION_CONTEXT(2) 
PARAMETRIC_REPRESENTATION_CONTEXT() REPRESENTATION_CONTEXT('2D SPACE',''
  ) );
#10216 = ORIENTED_EDGE('',*,*,#10217,.F.);
#10217 = EDGE_CURVE('',#10009,#10190,#10218,.T.);
#10218 = SURFACE_CURVE('',#10219,(#10223,#10229),.PCURVE_S1.);
#10219 = LINE('',#10220,#10221);
#10220 = CARTESIAN_POINT('',(96.,-59.25,15.5));
#10221 = VECTOR('',#10222,1.);
#10222 = DIRECTION('',(0.,-1.,0.));
#10223 = PCURVE('',#10154,#10224);
#10224 = DEFINITIONAL_REPRESENTATION('',(#10225),#10228);
#10225 = B_SPLINE_CURVE_WITH_KNOTS('',1,(#10226,#10227),.UNSPECIFIED.,
  .F.,.F.,(2,2),(-43.0387,-5.75),.PIECEWISE_BEZIER_KNOTS.);
#10226 = CARTESIAN_POINT('',(37.2887,-15.5));
#10227 = CARTESIAN_POINT('',(0.,-15.5));
#10228 = ( GEOMETRIC_REPRESENTATION_CONTEXT(2) 
PARAMETRIC_REPRESENTATION_CONTEXT() REPRESENTATION_CONTEXT('2D SPACE',''
  ) );
#10229 = PCURVE('',#786,#10230);
#10230 = DEFINITIONAL_REPRESENTATION('',(#10231),#10235);
#10231 = LINE('',#10232,#10233);
#10232 = CARTESIAN_POINT('',(206.,5.75));
#10233 = VECTOR('',#10234,1.);
#10234 = DIRECTION('',(0.,-1.));
#10235 = ( GEOMETRIC_REPRESENTATION_CONTEXT(2) 
PARAMETRIC_REPRESENTATION_CONTEXT() REPRESENTATION_CONTEXT('2D SPACE',''
  ) );
#10236 = ORIENTED_EDGE('',*,*,#10140,.T.);
#10237 = ADVANCED_FACE('',(#10238),#10205,.T.);
#10238 = FACE_BOUND('',#10239,.F.);
#10239 = EDGE_LOOP('',(#10240,#10241,#10269,#10295));
#10240 = ORIENTED_EDGE('',*,*,#10189,.F.);
#10241 = ORIENTED_EDGE('',*,*,#10242,.T.);
#10242 = EDGE_CURVE('',#10169,#10243,#10245,.T.);
#10243 = VERTEX_POINT('',#10244);
#10244 = CARTESIAN_POINT('',(94.951270912676,-56.2,7.5));
#10245 = SURFACE_CURVE('',#10246,(#10251,#10258),.PCURVE_S1.);
#10246 = CIRCLE('',#10247,4.);
#10247 = AXIS2_PLACEMENT_3D('',#10248,#10249,#10250);
#10248 = CARTESIAN_POINT('',(92.,-53.5,7.5));
#10249 = DIRECTION('',(0.,0.,-1.));
#10250 = DIRECTION('',(1.,0.,0.));
#10251 = PCURVE('',#10205,#10252);
#10252 = DEFINITIONAL_REPRESENTATION('',(#10253),#10257);
#10253 = LINE('',#10254,#10255);
#10254 = CARTESIAN_POINT('',(-6.28318530718,-7.5));
#10255 = VECTOR('',#10256,1.);
#10256 = DIRECTION('',(1.,-0.));
#10257 = ( GEOMETRIC_REPRESENTATION_CONTEXT(2) 
PARAMETRIC_REPRESENTATION_CONTEXT() REPRESENTATION_CONTEXT('2D SPACE',''
  ) );
#10258 = PCURVE('',#10078,#10259);
#10259 = DEFINITIONAL_REPRESENTATION('',(#10260),#10268);
#10260 = ( BOUNDED_CURVE() B_SPLINE_CURVE(2,(#10261,#10262,#10263,#10264
    ,#10265,#10266,#10267),.UNSPECIFIED.,.T.,.F.) 
B_SPLINE_CURVE_WITH_KNOTS((1,2,2,2,2,1),(-2.094395102393,0.,
    2.094395102393,4.188790204786,6.28318530718,8.377580409573),
.UNSPECIFIED.) CURVE() GEOMETRIC_REPRESENTATION_ITEM() 
RATIONAL_B_SPLINE_CURVE((1.,0.5,1.,0.5,1.,0.5,1.)) REPRESENTATION_ITEM(
  '') );
#10261 = CARTESIAN_POINT('',(206.,2.7));
#10262 = CARTESIAN_POINT('',(206.,-4.228203230276));
#10263 = CARTESIAN_POINT('',(200.,-0.764101615138));
#10264 = CARTESIAN_POINT('',(194.,2.7));
#10265 = CARTESIAN_POINT('',(200.,6.164101615138));
#10266 = CARTESIAN_POINT('',(206.,9.628203230276));
#10267 = CARTESIAN_POINT('',(206.,2.7));
#10268 = ( GEOMETRIC_REPRESENTATION_CONTEXT(2) 
PARAMETRIC_REPRESENTATION_CONTEXT() REPRESENTATION_CONTEXT('2D SPACE',''
  ) );
#10269 = ORIENTED_EDGE('',*,*,#10270,.F.);
#10270 = EDGE_CURVE('',#10271,#10243,#10273,.T.);
#10271 = VERTEX_POINT('',#10272);
#10272 = CARTESIAN_POINT('',(94.951270912675,-56.2,15.5));
#10273 = SURFACE_CURVE('',#10274,(#10278,#10284),.PCURVE_S1.);
#10274 = LINE('',#10275,#10276);
#10275 = CARTESIAN_POINT('',(94.951270912675,-56.2,0.));
#10276 = VECTOR('',#10277,1.);
#10277 = DIRECTION('',(-0.,0.,-1.));
#10278 = PCURVE('',#10205,#10279);
#10279 = DEFINITIONAL_REPRESENTATION('',(#10280),#10283);
#10280 = B_SPLINE_CURVE_WITH_KNOTS('',1,(#10281,#10282),.UNSPECIFIED.,
  .F.,.F.,(2,2),(-16.311,-6.699),.PIECEWISE_BEZIER_KNOTS.);
#10281 = CARTESIAN_POINT('',(-5.542220604977,-16.311));
#10282 = CARTESIAN_POINT('',(-5.542220604977,-6.699));
#10283 = ( GEOMETRIC_REPRESENTATION_CONTEXT(2) 
PARAMETRIC_REPRESENTATION_CONTEXT() REPRESENTATION_CONTEXT('2D SPACE',''
  ) );
#10284 = PCURVE('',#10285,#10290);
#10285 = PLANE('',#10286);
#10286 = AXIS2_PLACEMENT_3D('',#10287,#10288,#10289);
#10287 = CARTESIAN_POINT('',(-110.,-56.2,7.5));
#10288 = DIRECTION('',(-0.,1.,0.));
#10289 = DIRECTION('',(0.,0.,1.));
#10290 = DEFINITIONAL_REPRESENTATION('',(#10291),#10294);
#10291 = B_SPLINE_CURVE_WITH_KNOTS('',1,(#10292,#10293),.UNSPECIFIED.,
  .F.,.F.,(2,2),(-16.311,-6.699),.PIECEWISE_BEZIER_KNOTS.);
#10292 = CARTESIAN_POINT('',(8.811,204.95127091267));
#10293 = CARTESIAN_POINT('',(-0.801,204.95127091267));
#10294 = ( GEOMETRIC_REPRESENTATION_CONTEXT(2) 
PARAMETRIC_REPRESENTATION_CONTEXT() REPRESENTATION_CONTEXT('2D SPACE',''
  ) );
#10295 = ORIENTED_EDGE('',*,*,#10296,.F.);
#10296 = EDGE_CURVE('',#10190,#10271,#10297,.T.);
#10297 = SURFACE_CURVE('',#10298,(#10303,#10310),.PCURVE_S1.);
#10298 = CIRCLE('',#10299,4.);
#10299 = AXIS2_PLACEMENT_3D('',#10300,#10301,#10302);
#10300 = CARTESIAN_POINT('',(92.,-53.5,15.5));
#10301 = DIRECTION('',(0.,0.,-1.));
#10302 = DIRECTION('',(1.,0.,0.));
#10303 = PCURVE('',#10205,#10304);
#10304 = DEFINITIONAL_REPRESENTATION('',(#10305),#10309);
#10305 = LINE('',#10306,#10307);
#10306 = CARTESIAN_POINT('',(-6.28318530718,-15.5));
#10307 = VECTOR('',#10308,1.);
#10308 = DIRECTION('',(1.,-0.));
#10309 = ( GEOMETRIC_REPRESENTATION_CONTEXT(2) 
PARAMETRIC_REPRESENTATION_CONTEXT() REPRESENTATION_CONTEXT('2D SPACE',''
  ) );
#10310 = PCURVE('',#786,#10311);
#10311 = DEFINITIONAL_REPRESENTATION('',(#10312),#10320);
#10312 = ( BOUNDED_CURVE() B_SPLINE_CURVE(2,(#10313,#10314,#10315,#10316
    ,#10317,#10318,#10319),.UNSPECIFIED.,.T.,.F.) 
B_SPLINE_CURVE_WITH_KNOTS((1,2,2,2,2,1),(-2.094395102393,0.,
    2.094395102393,4.188790204786,6.28318530718,8.377580409573),
.UNSPECIFIED.) CURVE() GEOMETRIC_REPRESENTATION_ITEM() 
RATIONAL_B_SPLINE_CURVE((1.,0.5,1.,0.5,1.,0.5,1.)) REPRESENTATION_ITEM(
  '') );
#10313 = CARTESIAN_POINT('',(206.,11.5));
#10314 = CARTESIAN_POINT('',(206.,4.571796769724));
#10315 = CARTESIAN_POINT('',(200.,8.035898384862));
#10316 = CARTESIAN_POINT('',(194.,11.5));
#10317 = CARTESIAN_POINT('',(200.,14.964101615138));
#10318 = CARTESIAN_POINT('',(206.,18.428203230276));
#10319 = CARTESIAN_POINT('',(206.,11.5));
#10320 = ( GEOMETRIC_REPRESENTATION_CONTEXT(2) 
PARAMETRIC_REPRESENTATION_CONTEXT() REPRESENTATION_CONTEXT('2D SPACE',''
  ) );
#10321 = ADVANCED_FACE('',(#10322),#10285,.F.);
#10322 = FACE_BOUND('',#10323,.F.);
#10323 = EDGE_LOOP('',(#10324,#10347,#10370,#10390));
#10324 = ORIENTED_EDGE('',*,*,#10325,.F.);
#10325 = EDGE_CURVE('',#10326,#10243,#10328,.T.);
#10326 = VERTEX_POINT('',#10327);
#10327 = CARTESIAN_POINT('',(94.951,-56.2,7.5));
#10328 = SURFACE_CURVE('',#10329,(#10333,#10340),.PCURVE_S1.);
#10329 = LINE('',#10330,#10331);
#10330 = CARTESIAN_POINT('',(-110.,-56.2,7.5));
#10331 = VECTOR('',#10332,1.);
#10332 = DIRECTION('',(1.,0.,-0.));
#10333 = PCURVE('',#10285,#10334);
#10334 = DEFINITIONAL_REPRESENTATION('',(#10335),#10339);
#10335 = LINE('',#10336,#10337);
#10336 = CARTESIAN_POINT('',(0.,0.));
#10337 = VECTOR('',#10338,1.);
#10338 = DIRECTION('',(0.,1.));
#10339 = ( GEOMETRIC_REPRESENTATION_CONTEXT(2) 
PARAMETRIC_REPRESENTATION_CONTEXT() REPRESENTATION_CONTEXT('2D SPACE',''
  ) );
#10340 = PCURVE('',#10078,#10341);
#10341 = DEFINITIONAL_REPRESENTATION('',(#10342),#10346);
#10342 = LINE('',#10343,#10344);
#10343 = CARTESIAN_POINT('',(0.,0.));
#10344 = VECTOR('',#10345,1.);
#10345 = DIRECTION('',(1.,0.));
#10346 = ( GEOMETRIC_REPRESENTATION_CONTEXT(2) 
PARAMETRIC_REPRESENTATION_CONTEXT() REPRESENTATION_CONTEXT('2D SPACE',''
  ) );
#10347 = ORIENTED_EDGE('',*,*,#10348,.T.);
#10348 = EDGE_CURVE('',#10326,#10349,#10351,.T.);
#10349 = VERTEX_POINT('',#10350);
#10350 = CARTESIAN_POINT('',(94.951,-56.2,15.5));
#10351 = SURFACE_CURVE('',#10352,(#10356,#10363),.PCURVE_S1.);
#10352 = LINE('',#10353,#10354);
#10353 = CARTESIAN_POINT('',(94.951,-56.2,0.));
#10354 = VECTOR('',#10355,1.);
#10355 = DIRECTION('',(0.,0.,1.));
#10356 = PCURVE('',#10285,#10357);
#10357 = DEFINITIONAL_REPRESENTATION('',(#10358),#10362);
#10358 = LINE('',#10359,#10360);
#10359 = CARTESIAN_POINT('',(-7.5,204.951));
#10360 = VECTOR('',#10361,1.);
#10361 = DIRECTION('',(1.,0.));
#10362 = ( GEOMETRIC_REPRESENTATION_CONTEXT(2) 
PARAMETRIC_REPRESENTATION_CONTEXT() REPRESENTATION_CONTEXT('2D SPACE',''
  ) );
#10363 = PCURVE('',#10106,#10364);
#10364 = DEFINITIONAL_REPRESENTATION('',(#10365),#10369);
#10365 = LINE('',#10366,#10367);
#10366 = CARTESIAN_POINT('',(0.,0.));
#10367 = VECTOR('',#10368,1.);
#10368 = DIRECTION('',(0.,-1.));
#10369 = ( GEOMETRIC_REPRESENTATION_CONTEXT(2) 
PARAMETRIC_REPRESENTATION_CONTEXT() REPRESENTATION_CONTEXT('2D SPACE',''
  ) );
#10370 = ORIENTED_EDGE('',*,*,#10371,.F.);
#10371 = EDGE_CURVE('',#10271,#10349,#10372,.T.);
#10372 = SURFACE_CURVE('',#10373,(#10377,#10383),.PCURVE_S1.);
#10373 = LINE('',#10374,#10375);
#10374 = CARTESIAN_POINT('',(-110.,-56.2,15.5));
#10375 = VECTOR('',#10376,1.);
#10376 = DIRECTION('',(-1.,-0.,0.));
#10377 = PCURVE('',#10285,#10378);
#10378 = DEFINITIONAL_REPRESENTATION('',(#10379),#10382);
#10379 = B_SPLINE_CURVE_WITH_KNOTS('',1,(#10380,#10381),.UNSPECIFIED.,
  .F.,.F.,(2,2),(-204.9512709126,-204.951),.PIECEWISE_BEZIER_KNOTS.);
#10380 = CARTESIAN_POINT('',(8.,204.95127091267));
#10381 = CARTESIAN_POINT('',(8.,204.951));
#10382 = ( GEOMETRIC_REPRESENTATION_CONTEXT(2) 
PARAMETRIC_REPRESENTATION_CONTEXT() REPRESENTATION_CONTEXT('2D SPACE',''
  ) );
#10383 = PCURVE('',#786,#10384);
#10384 = DEFINITIONAL_REPRESENTATION('',(#10385),#10389);
#10385 = LINE('',#10386,#10387);
#10386 = CARTESIAN_POINT('',(0.,8.8));
#10387 = VECTOR('',#10388,1.);
#10388 = DIRECTION('',(-1.,0.));
#10389 = ( GEOMETRIC_REPRESENTATION_CONTEXT(2) 
PARAMETRIC_REPRESENTATION_CONTEXT() REPRESENTATION_CONTEXT('2D SPACE',''
  ) );
#10390 = ORIENTED_EDGE('',*,*,#10270,.T.);
#10391 = ADVANCED_FACE('',(#10392),#10106,.T.);
#10392 = FACE_BOUND('',#10393,.T.);
#10393 = EDGE_LOOP('',(#10394,#10395,#10414,#10415,#10438,#10459,#10480)
  );
#10394 = ORIENTED_EDGE('',*,*,#10090,.T.);
#10395 = ORIENTED_EDGE('',*,*,#10396,.T.);
#10396 = EDGE_CURVE('',#10061,#10326,#10397,.T.);
#10397 = SURFACE_CURVE('',#10398,(#10402,#10408),.PCURVE_S1.);
#10398 = LINE('',#10399,#10400);
#10399 = CARTESIAN_POINT('',(94.893075678718,-53.76433406261,7.5));
#10400 = VECTOR('',#10401,1.);
#10401 = DIRECTION('',(2.3774996072E-02,-0.999717334831,0.));
#10402 = PCURVE('',#10106,#10403);
#10403 = DEFINITIONAL_REPRESENTATION('',(#10404),#10407);
#10404 = B_SPLINE_CURVE_WITH_KNOTS('',1,(#10405,#10406),.UNSPECIFIED.,
  .F.,.F.,(2,2),(-37.56365199864,2.436354609976),
  .PIECEWISE_BEZIER_KNOTS.);
#10405 = CARTESIAN_POINT('',(40.000006608624,-7.5));
#10406 = CARTESIAN_POINT('',(0.,-7.5));
#10407 = ( GEOMETRIC_REPRESENTATION_CONTEXT(2) 
PARAMETRIC_REPRESENTATION_CONTEXT() REPRESENTATION_CONTEXT('2D SPACE',''
  ) );
#10408 = PCURVE('',#10078,#10409);
#10409 = DEFINITIONAL_REPRESENTATION('',(#10410),#10413);
#10410 = B_SPLINE_CURVE_WITH_KNOTS('',1,(#10411,#10412),.UNSPECIFIED.,
  .F.,.F.,(2,2),(-37.56365199864,2.436354609976),
  .PIECEWISE_BEZIER_KNOTS.);
#10411 = CARTESIAN_POINT('',(204.,39.9887));
#10412 = CARTESIAN_POINT('',(204.951,1.445037454526E-16));
#10413 = ( GEOMETRIC_REPRESENTATION_CONTEXT(2) 
PARAMETRIC_REPRESENTATION_CONTEXT() REPRESENTATION_CONTEXT('2D SPACE',''
  ) );
#10414 = ORIENTED_EDGE('',*,*,#10348,.T.);
#10415 = ORIENTED_EDGE('',*,*,#10416,.F.);
#10416 = EDGE_CURVE('',#10417,#10349,#10419,.T.);
#10417 = VERTEX_POINT('',#10418);
#10418 = CARTESIAN_POINT('',(94.951,-56.2,21.));
#10419 = SURFACE_CURVE('',#10420,(#10424,#10431),.PCURVE_S1.);
#10420 = LINE('',#10421,#10422);
#10421 = CARTESIAN_POINT('',(94.951,-56.2,79.5));
#10422 = VECTOR('',#10423,1.);
#10423 = DIRECTION('',(0.,0.,-1.));
#10424 = PCURVE('',#10106,#10425);
#10425 = DEFINITIONAL_REPRESENTATION('',(#10426),#10430);
#10426 = LINE('',#10427,#10428);
#10427 = CARTESIAN_POINT('',(0.,-79.5));
#10428 = VECTOR('',#10429,1.);
#10429 = DIRECTION('',(0.,1.));
#10430 = ( GEOMETRIC_REPRESENTATION_CONTEXT(2) 
PARAMETRIC_REPRESENTATION_CONTEXT() REPRESENTATION_CONTEXT('2D SPACE',''
  ) );
#10431 = PCURVE('',#760,#10432);
#10432 = DEFINITIONAL_REPRESENTATION('',(#10433),#10437);
#10433 = LINE('',#10434,#10435);
#10434 = CARTESIAN_POINT('',(1.7,-79.5));
#10435 = VECTOR('',#10436,1.);
#10436 = DIRECTION('',(0.,1.));
#10437 = ( GEOMETRIC_REPRESENTATION_CONTEXT(2) 
PARAMETRIC_REPRESENTATION_CONTEXT() REPRESENTATION_CONTEXT('2D SPACE',''
  ) );
#10438 = ORIENTED_EDGE('',*,*,#10439,.T.);
#10439 = EDGE_CURVE('',#10417,#10440,#10442,.T.);
#10440 = VERTEX_POINT('',#10441);
#10441 = CARTESIAN_POINT('',(94.1,-20.41621062039,21.));
#10442 = SURFACE_CURVE('',#10443,(#10447,#10453),.PCURVE_S1.);
#10443 = LINE('',#10444,#10445);
#10444 = CARTESIAN_POINT('',(94.995919209785,-58.08881262285,21.));
#10445 = VECTOR('',#10446,1.);
#10446 = DIRECTION('',(-2.3774996072E-02,0.999717334831,0.));
#10447 = PCURVE('',#10106,#10448);
#10448 = DEFINITIONAL_REPRESENTATION('',(#10449),#10452);
#10449 = B_SPLINE_CURVE_WITH_KNOTS('',1,(#10450,#10451),.UNSPECIFIED.,
  .F.,.F.,(2,2),(1.88934667535,37.68325374574),
  .PIECEWISE_BEZIER_KNOTS.);
#10450 = CARTESIAN_POINT('',(-3.552713678801E-15,-21.));
#10451 = CARTESIAN_POINT('',(35.79390707039,-21.));
#10452 = ( GEOMETRIC_REPRESENTATION_CONTEXT(2) 
PARAMETRIC_REPRESENTATION_CONTEXT() REPRESENTATION_CONTEXT('2D SPACE',''
  ) );
#10453 = PCURVE('',#734,#10454);
#10454 = DEFINITIONAL_REPRESENTATION('',(#10455),#10458);
#10455 = B_SPLINE_CURVE_WITH_KNOTS('',1,(#10456,#10457),.UNSPECIFIED.,
  .F.,.F.,(2,2),(1.88934667535,37.68325374574),
  .PIECEWISE_BEZIER_KNOTS.);
#10456 = CARTESIAN_POINT('',(0.851,3.8));
#10457 = CARTESIAN_POINT('',(-2.409264640021E-14,39.583789379602));
#10458 = ( GEOMETRIC_REPRESENTATION_CONTEXT(2) 
PARAMETRIC_REPRESENTATION_CONTEXT() REPRESENTATION_CONTEXT('2D SPACE',''
  ) );
#10459 = ORIENTED_EDGE('',*,*,#10460,.T.);
#10460 = EDGE_CURVE('',#10440,#10461,#10463,.T.);
#10461 = VERTEX_POINT('',#10462);
#10462 = CARTESIAN_POINT('',(94.1,-20.41621062039,79.5));
#10463 = SURFACE_CURVE('',#10464,(#10468,#10474),.PCURVE_S1.);
#10464 = LINE('',#10465,#10466);
#10465 = CARTESIAN_POINT('',(94.1,-20.41621062039,10.5));
#10466 = VECTOR('',#10467,1.);
#10467 = DIRECTION('',(0.,0.,1.));
#10468 = PCURVE('',#10106,#10469);
#10469 = DEFINITIONAL_REPRESENTATION('',(#10470),#10473);
#10470 = B_SPLINE_CURVE_WITH_KNOTS('',1,(#10471,#10472),.UNSPECIFIED.,
  .F.,.F.,(2,2),(10.5,69.),.PIECEWISE_BEZIER_KNOTS.);
#10471 = CARTESIAN_POINT('',(35.793907070392,-21.));
#10472 = CARTESIAN_POINT('',(35.793907070392,-79.5));
#10473 = ( GEOMETRIC_REPRESENTATION_CONTEXT(2) 
PARAMETRIC_REPRESENTATION_CONTEXT() REPRESENTATION_CONTEXT('2D SPACE',''
  ) );
#10474 = PCURVE('',#708,#10475);
#10475 = DEFINITIONAL_REPRESENTATION('',(#10476),#10479);
#10476 = B_SPLINE_CURVE_WITH_KNOTS('',1,(#10477,#10478),.UNSPECIFIED.,
  .F.,.F.,(2,2),(10.5,69.),.PIECEWISE_BEZIER_KNOTS.);
#10477 = CARTESIAN_POINT('',(0.,-39.5837893796));
#10478 = CARTESIAN_POINT('',(58.5,-39.5837893796));
#10479 = ( GEOMETRIC_REPRESENTATION_CONTEXT(2) 
PARAMETRIC_REPRESENTATION_CONTEXT() REPRESENTATION_CONTEXT('2D SPACE',''
  ) );
#10480 = ORIENTED_EDGE('',*,*,#10481,.T.);
#10481 = EDGE_CURVE('',#10461,#10091,#10482,.T.);
#10482 = SURFACE_CURVE('',#10483,(#10487,#10494),.PCURVE_S1.);
#10483 = LINE('',#10484,#10485);
#10484 = CARTESIAN_POINT('',(94.951,-56.2,79.5));
#10485 = VECTOR('',#10486,1.);
#10486 = DIRECTION('',(-2.3774996072E-02,0.999717334831,0.));
#10487 = PCURVE('',#10106,#10488);
#10488 = DEFINITIONAL_REPRESENTATION('',(#10489),#10493);
#10489 = LINE('',#10490,#10491);
#10490 = CARTESIAN_POINT('',(0.,-79.5));
#10491 = VECTOR('',#10492,1.);
#10492 = DIRECTION('',(1.,0.));
#10493 = ( GEOMETRIC_REPRESENTATION_CONTEXT(2) 
PARAMETRIC_REPRESENTATION_CONTEXT() REPRESENTATION_CONTEXT('2D SPACE',''
  ) );
#10494 = PCURVE('',#1127,#10495);
#10495 = DEFINITIONAL_REPRESENTATION('',(#10496),#10500);
#10496 = LINE('',#10497,#10498);
#10497 = CARTESIAN_POINT('',(94.951,-59.82753045524));
#10498 = VECTOR('',#10499,1.);
#10499 = DIRECTION('',(-2.3774996072E-02,0.999717334831));
#10500 = ( GEOMETRIC_REPRESENTATION_CONTEXT(2) 
PARAMETRIC_REPRESENTATION_CONTEXT() REPRESENTATION_CONTEXT('2D SPACE',''
  ) );
#10501 = ADVANCED_FACE('',(#10502),#10078,.F.);
#10502 = FACE_BOUND('',#10503,.F.);
#10503 = EDGE_LOOP('',(#10504,#10505,#10506,#10507,#10508));
#10504 = ORIENTED_EDGE('',*,*,#10060,.F.);
#10505 = ORIENTED_EDGE('',*,*,#10396,.T.);
#10506 = ORIENTED_EDGE('',*,*,#10325,.T.);
#10507 = ORIENTED_EDGE('',*,*,#10242,.F.);
#10508 = ORIENTED_EDGE('',*,*,#10168,.T.);
#10509 = ADVANCED_FACE('',(#10510),#9996,.F.);
#10510 = FACE_BOUND('',#10511,.T.);
#10511 = EDGE_LOOP('',(#10512,#10513,#10541,#10569));
#10512 = ORIENTED_EDGE('',*,*,#9980,.T.);
#10513 = ORIENTED_EDGE('',*,*,#10514,.T.);
#10514 = EDGE_CURVE('',#9958,#10515,#10517,.T.);
#10515 = VERTEX_POINT('',#10516);
#10516 = CARTESIAN_POINT('',(90.5,57.097709655762,20.5));
#10517 = SURFACE_CURVE('',#10518,(#10523,#10530),.PCURVE_S1.);
#10518 = CIRCLE('',#10519,7.999938827116);
#10519 = AXIS2_PLACEMENT_3D('',#10520,#10521,#10522);
#10520 = CARTESIAN_POINT('',(88.000061330534,49.498411800926,20.5));
#10521 = DIRECTION('',(0.,0.,1.));
#10522 = DIRECTION('',(0.999999980294,1.98526402257E-04,-0.));
#10523 = PCURVE('',#9996,#10524);
#10524 = DEFINITIONAL_REPRESENTATION('',(#10525),#10529);
#10525 = LINE('',#10526,#10527);
#10526 = CARTESIAN_POINT('',(-0.,-5.));
#10527 = VECTOR('',#10528,1.);
#10528 = DIRECTION('',(-1.,0.));
#10529 = ( GEOMETRIC_REPRESENTATION_CONTEXT(2) 
PARAMETRIC_REPRESENTATION_CONTEXT() REPRESENTATION_CONTEXT('2D SPACE',''
  ) );
#10530 = PCURVE('',#2059,#10531);
#10531 = DEFINITIONAL_REPRESENTATION('',(#10532),#10540);
#10532 = ( BOUNDED_CURVE() B_SPLINE_CURVE(2,(#10533,#10534,#10535,#10536
    ,#10537,#10538,#10539),.UNSPECIFIED.,.T.,.F.) 
B_SPLINE_CURVE_WITH_KNOTS((1,2,2,2,2,1),(-2.094395102393,0.,
    2.094395102393,4.188790204786,6.28318530718,8.377580409573),
.UNSPECIFIED.) CURVE() GEOMETRIC_REPRESENTATION_ITEM() 
RATIONAL_B_SPLINE_CURVE((1.,0.5,1.,0.5,1.,0.5,1.)) REPRESENTATION_ITEM(
  '') );
#10533 = CARTESIAN_POINT('',(-95.99920599478,6.952548169712));
#10534 = CARTESIAN_POINT('',(-95.99645515329,20.808848402662));
#10535 = CARTESIAN_POINT('',(-83.99792256983,13.878315987577));
#10536 = CARTESIAN_POINT('',(-71.99938998638,6.947783572491));
#10537 = CARTESIAN_POINT('',(-84.00067341132,2.201575462617E-02));
#10538 = CARTESIAN_POINT('',(-96.00195683627,-6.903752063239));
#10539 = CARTESIAN_POINT('',(-95.99920599478,6.952548169712));
#10540 = ( GEOMETRIC_REPRESENTATION_CONTEXT(2) 
PARAMETRIC_REPRESENTATION_CONTEXT() REPRESENTATION_CONTEXT('2D SPACE',''
  ) );
#10541 = ORIENTED_EDGE('',*,*,#10542,.F.);
#10542 = EDGE_CURVE('',#10543,#10515,#10545,.T.);
#10543 = VERTEX_POINT('',#10544);
#10544 = CARTESIAN_POINT('',(90.5,57.097709655762,15.5));
#10545 = SURFACE_CURVE('',#10546,(#10550,#10557),.PCURVE_S1.);
#10546 = LINE('',#10547,#10548);
#10547 = CARTESIAN_POINT('',(90.5,57.097709655762,15.5));
#10548 = VECTOR('',#10549,1.);
#10549 = DIRECTION('',(0.,0.,1.));
#10550 = PCURVE('',#9996,#10551);
#10551 = DEFINITIONAL_REPRESENTATION('',(#10552),#10556);
#10552 = LINE('',#10553,#10554);
#10553 = CARTESIAN_POINT('',(-1.252779651456,0.));
#10554 = VECTOR('',#10555,1.);
#10555 = DIRECTION('',(-0.,-1.));
#10556 = ( GEOMETRIC_REPRESENTATION_CONTEXT(2) 
PARAMETRIC_REPRESENTATION_CONTEXT() REPRESENTATION_CONTEXT('2D SPACE',''
  ) );
#10557 = PCURVE('',#10558,#10563);
#10558 = PLANE('',#10559);
#10559 = AXIS2_PLACEMENT_3D('',#10560,#10561,#10562);
#10560 = CARTESIAN_POINT('',(90.5,57.097709655762,15.5));
#10561 = DIRECTION('',(0.,-1.,0.));
#10562 = DIRECTION('',(-1.,0.,0.));
#10563 = DEFINITIONAL_REPRESENTATION('',(#10564),#10568);
#10564 = LINE('',#10565,#10566);
#10565 = CARTESIAN_POINT('',(0.,-0.));
#10566 = VECTOR('',#10567,1.);
#10567 = DIRECTION('',(0.,-1.));
#10568 = ( GEOMETRIC_REPRESENTATION_CONTEXT(2) 
PARAMETRIC_REPRESENTATION_CONTEXT() REPRESENTATION_CONTEXT('2D SPACE',''
  ) );
#10569 = ORIENTED_EDGE('',*,*,#10570,.F.);
#10570 = EDGE_CURVE('',#9981,#10543,#10571,.T.);
#10571 = SURFACE_CURVE('',#10572,(#10577,#10584),.PCURVE_S1.);
#10572 = CIRCLE('',#10573,7.999938827116);
#10573 = AXIS2_PLACEMENT_3D('',#10574,#10575,#10576);
#10574 = CARTESIAN_POINT('',(88.000061330534,49.498411800926,15.5));
#10575 = DIRECTION('',(0.,0.,1.));
#10576 = DIRECTION('',(0.999999980294,1.98526402257E-04,-0.));
#10577 = PCURVE('',#9996,#10578);
#10578 = DEFINITIONAL_REPRESENTATION('',(#10579),#10583);
#10579 = LINE('',#10580,#10581);
#10580 = CARTESIAN_POINT('',(-0.,0.));
#10581 = VECTOR('',#10582,1.);
#10582 = DIRECTION('',(-1.,0.));
#10583 = ( GEOMETRIC_REPRESENTATION_CONTEXT(2) 
PARAMETRIC_REPRESENTATION_CONTEXT() REPRESENTATION_CONTEXT('2D SPACE',''
  ) );
#10584 = PCURVE('',#786,#10585);
#10585 = DEFINITIONAL_REPRESENTATION('',(#10586),#10590);
#10586 = CIRCLE('',#10587,7.999938827116);
#10587 = AXIS2_PLACEMENT_2D('',#10588,#10589);
#10588 = CARTESIAN_POINT('',(198.00006133053,114.49841180092));
#10589 = DIRECTION('',(0.999999980294,1.98526402257E-04));
#10590 = ( GEOMETRIC_REPRESENTATION_CONTEXT(2) 
PARAMETRIC_REPRESENTATION_CONTEXT() REPRESENTATION_CONTEXT('2D SPACE',''
  ) );
#10591 = ADVANCED_FACE('',(#10592),#10558,.T.);
#10592 = FACE_BOUND('',#10593,.T.);
#10593 = EDGE_LOOP('',(#10594,#10595,#10618,#10641));
#10594 = ORIENTED_EDGE('',*,*,#10542,.T.);
#10595 = ORIENTED_EDGE('',*,*,#10596,.T.);
#10596 = EDGE_CURVE('',#10515,#10597,#10599,.T.);
#10597 = VERTEX_POINT('',#10598);
#10598 = CARTESIAN_POINT('',(88.,57.097709655762,20.5));
#10599 = SURFACE_CURVE('',#10600,(#10604,#10611),.PCURVE_S1.);
#10600 = LINE('',#10601,#10602);
#10601 = CARTESIAN_POINT('',(90.5,57.097709655762,20.5));
#10602 = VECTOR('',#10603,1.);
#10603 = DIRECTION('',(-1.,0.,0.));
#10604 = PCURVE('',#10558,#10605);
#10605 = DEFINITIONAL_REPRESENTATION('',(#10606),#10610);
#10606 = LINE('',#10607,#10608);
#10607 = CARTESIAN_POINT('',(0.,-5.));
#10608 = VECTOR('',#10609,1.);
#10609 = DIRECTION('',(1.,0.));
#10610 = ( GEOMETRIC_REPRESENTATION_CONTEXT(2) 
PARAMETRIC_REPRESENTATION_CONTEXT() REPRESENTATION_CONTEXT('2D SPACE',''
  ) );
#10611 = PCURVE('',#2059,#10612);
#10612 = DEFINITIONAL_REPRESENTATION('',(#10613),#10617);
#10613 = LINE('',#10614,#10615);
#10614 = CARTESIAN_POINT('',(-90.49920599478,14.550257825474));
#10615 = VECTOR('',#10616,1.);
#10616 = DIRECTION('',(1.,0.));
#10617 = ( GEOMETRIC_REPRESENTATION_CONTEXT(2) 
PARAMETRIC_REPRESENTATION_CONTEXT() REPRESENTATION_CONTEXT('2D SPACE',''
  ) );
#10618 = ORIENTED_EDGE('',*,*,#10619,.F.);
#10619 = EDGE_CURVE('',#10620,#10597,#10622,.T.);
#10620 = VERTEX_POINT('',#10621);
#10621 = CARTESIAN_POINT('',(88.,57.097709655762,15.5));
#10622 = SURFACE_CURVE('',#10623,(#10627,#10634),.PCURVE_S1.);
#10623 = LINE('',#10624,#10625);
#10624 = CARTESIAN_POINT('',(88.,57.097709655762,15.5));
#10625 = VECTOR('',#10626,1.);
#10626 = DIRECTION('',(0.,0.,1.));
#10627 = PCURVE('',#10558,#10628);
#10628 = DEFINITIONAL_REPRESENTATION('',(#10629),#10633);
#10629 = LINE('',#10630,#10631);
#10630 = CARTESIAN_POINT('',(2.5,0.));
#10631 = VECTOR('',#10632,1.);
#10632 = DIRECTION('',(0.,-1.));
#10633 = ( GEOMETRIC_REPRESENTATION_CONTEXT(2) 
PARAMETRIC_REPRESENTATION_CONTEXT() REPRESENTATION_CONTEXT('2D SPACE',''
  ) );
#10634 = PCURVE('',#2031,#10635);
#10635 = DEFINITIONAL_REPRESENTATION('',(#10636),#10640);
#10636 = LINE('',#10637,#10638);
#10637 = CARTESIAN_POINT('',(-0.,0.));
#10638 = VECTOR('',#10639,1.);
#10639 = DIRECTION('',(-0.,-1.));
#10640 = ( GEOMETRIC_REPRESENTATION_CONTEXT(2) 
PARAMETRIC_REPRESENTATION_CONTEXT() REPRESENTATION_CONTEXT('2D SPACE',''
  ) );
#10641 = ORIENTED_EDGE('',*,*,#10642,.F.);
#10642 = EDGE_CURVE('',#10543,#10620,#10643,.T.);
#10643 = SURFACE_CURVE('',#10644,(#10648,#10655),.PCURVE_S1.);
#10644 = LINE('',#10645,#10646);
#10645 = CARTESIAN_POINT('',(90.5,57.097709655762,15.5));
#10646 = VECTOR('',#10647,1.);
#10647 = DIRECTION('',(-1.,0.,0.));
#10648 = PCURVE('',#10558,#10649);
#10649 = DEFINITIONAL_REPRESENTATION('',(#10650),#10654);
#10650 = LINE('',#10651,#10652);
#10651 = CARTESIAN_POINT('',(0.,-0.));
#10652 = VECTOR('',#10653,1.);
#10653 = DIRECTION('',(1.,0.));
#10654 = ( GEOMETRIC_REPRESENTATION_CONTEXT(2) 
PARAMETRIC_REPRESENTATION_CONTEXT() REPRESENTATION_CONTEXT('2D SPACE',''
  ) );
#10655 = PCURVE('',#786,#10656);
#10656 = DEFINITIONAL_REPRESENTATION('',(#10657),#10661);
#10657 = LINE('',#10658,#10659);
#10658 = CARTESIAN_POINT('',(200.5,122.09770965576));
#10659 = VECTOR('',#10660,1.);
#10660 = DIRECTION('',(-1.,0.));
#10661 = ( GEOMETRIC_REPRESENTATION_CONTEXT(2) 
PARAMETRIC_REPRESENTATION_CONTEXT() REPRESENTATION_CONTEXT('2D SPACE',''
  ) );
#10662 = ADVANCED_FACE('',(#10663,#10701),#2059,.T.);
#10663 = FACE_BOUND('',#10664,.T.);
#10664 = EDGE_LOOP('',(#10665,#10666,#10667,#10668,#10669,#10670,#10671,
    #10672,#10673,#10699,#10700));
#10665 = ORIENTED_EDGE('',*,*,#9957,.F.);
#10666 = ORIENTED_EDGE('',*,*,#9909,.T.);
#10667 = ORIENTED_EDGE('',*,*,#9832,.T.);
#10668 = ORIENTED_EDGE('',*,*,#9751,.T.);
#10669 = ORIENTED_EDGE('',*,*,#9675,.T.);
#10670 = ORIENTED_EDGE('',*,*,#9598,.T.);
#10671 = ORIENTED_EDGE('',*,*,#9517,.T.);
#10672 = ORIENTED_EDGE('',*,*,#2043,.F.);
#10673 = ORIENTED_EDGE('',*,*,#10674,.F.);
#10674 = EDGE_CURVE('',#10597,#2016,#10675,.T.);
#10675 = SURFACE_CURVE('',#10676,(#10681,#10692),.PCURVE_S1.);
#10676 = CIRCLE('',#10677,8.013742691767);
#10677 = AXIS2_PLACEMENT_3D('',#10678,#10679,#10680);
#10678 = CARTESIAN_POINT('',(85.492827498277,49.486260518019,20.5));
#10679 = DIRECTION('',(0.,0.,1.));
#10680 = DIRECTION('',(0.312859121906,0.949799541925,-0.));
#10681 = PCURVE('',#2059,#10682);
#10682 = DEFINITIONAL_REPRESENTATION('',(#10683),#10691);
#10683 = ( BOUNDED_CURVE() B_SPLINE_CURVE(2,(#10684,#10685,#10686,#10687
    ,#10688,#10689,#10690),.UNSPECIFIED.,.T.,.F.) 
B_SPLINE_CURVE_WITH_KNOTS((1,2,2,2,2,1),(-2.094395102393,0.,
    2.094395102393,4.188790204786,6.28318530718,8.377580409573),
.UNSPECIFIED.) CURVE() GEOMETRIC_REPRESENTATION_ITEM() 
RATIONAL_B_SPLINE_CURVE((1.,0.5,1.,0.5,1.,0.5,1.)) REPRESENTATION_ITEM(
  '') );
#10684 = CARTESIAN_POINT('',(-87.99920599478,14.550257825474));
#10685 = CARTESIAN_POINT('',(-74.81578936898,18.892807981798));
#10686 = CARTESIAN_POINT('',(-77.64673892929,5.304359197022));
#10687 = CARTESIAN_POINT('',(-80.47768848961,-8.284089587755));
#10688 = CARTESIAN_POINT('',(-90.83015555509,0.961809040697));
#10689 = CARTESIAN_POINT('',(-101.1826226205,10.207707669149));
#10690 = CARTESIAN_POINT('',(-87.99920599478,14.550257825474));
#10691 = ( GEOMETRIC_REPRESENTATION_CONTEXT(2) 
PARAMETRIC_REPRESENTATION_CONTEXT() REPRESENTATION_CONTEXT('2D SPACE',''
  ) );
#10692 = PCURVE('',#2031,#10693);
#10693 = DEFINITIONAL_REPRESENTATION('',(#10694),#10698);
#10694 = LINE('',#10695,#10696);
#10695 = CARTESIAN_POINT('',(-0.,-5.));
#10696 = VECTOR('',#10697,1.);
#10697 = DIRECTION('',(-1.,0.));
#10698 = ( GEOMETRIC_REPRESENTATION_CONTEXT(2) 
PARAMETRIC_REPRESENTATION_CONTEXT() REPRESENTATION_CONTEXT('2D SPACE',''
  ) );
#10699 = ORIENTED_EDGE('',*,*,#10596,.F.);
#10700 = ORIENTED_EDGE('',*,*,#10514,.F.);
#10701 = FACE_BOUND('',#10702,.T.);
#10702 = EDGE_LOOP('',(#10703));
#10703 = ORIENTED_EDGE('',*,*,#10704,.T.);
#10704 = EDGE_CURVE('',#10705,#10705,#10707,.T.);
#10705 = VERTEX_POINT('',#10706);
#10706 = CARTESIAN_POINT('',(91.939311218,52.239311218,20.5));
#10707 = SURFACE_CURVE('',#10708,(#10713,#10724),.PCURVE_S1.);
#10708 = CIRCLE('',#10709,1.2);
#10709 = AXIS2_PLACEMENT_3D('',#10710,#10711,#10712);
#10710 = CARTESIAN_POINT('',(90.739311218,52.239311218,20.5));
#10711 = DIRECTION('',(0.,0.,1.));
#10712 = DIRECTION('',(1.,0.,-0.));
#10713 = PCURVE('',#2059,#10714);
#10714 = DEFINITIONAL_REPRESENTATION('',(#10715),#10723);
#10715 = ( BOUNDED_CURVE() B_SPLINE_CURVE(2,(#10716,#10717,#10718,#10719
    ,#10720,#10721,#10722),.UNSPECIFIED.,.T.,.F.) 
B_SPLINE_CURVE_WITH_KNOTS((1,2,2,2,2,1),(-2.094395102393,0.,
    2.094395102393,4.188790204786,6.28318530718,8.377580409573),
.UNSPECIFIED.) CURVE() GEOMETRIC_REPRESENTATION_ITEM() 
RATIONAL_B_SPLINE_CURVE((1.,0.5,1.,0.5,1.,0.5,1.)) REPRESENTATION_ITEM(
  '') );
#10716 = CARTESIAN_POINT('',(-91.93851721278,9.691859387712));
#10717 = CARTESIAN_POINT('',(-91.93851721278,11.770320356795));
#10718 = CARTESIAN_POINT('',(-90.13851721278,10.731089872253));
#10719 = CARTESIAN_POINT('',(-88.33851721278,9.691859387712));
#10720 = CARTESIAN_POINT('',(-90.13851721278,8.652628903171));
#10721 = CARTESIAN_POINT('',(-91.93851721278,7.613398418629));
#10722 = CARTESIAN_POINT('',(-91.93851721278,9.691859387712));
#10723 = ( GEOMETRIC_REPRESENTATION_CONTEXT(2) 
PARAMETRIC_REPRESENTATION_CONTEXT() REPRESENTATION_CONTEXT('2D SPACE',''
  ) );
#10724 = PCURVE('',#10725,#10730);
#10725 = CYLINDRICAL_SURFACE('',#10726,1.2);
#10726 = AXIS2_PLACEMENT_3D('',#10727,#10728,#10729);
#10727 = CARTESIAN_POINT('',(90.739311218,52.239311218,20.49));
#10728 = DIRECTION('',(0.,0.,1.));
#10729 = DIRECTION('',(1.,0.,-0.));
#10730 = DEFINITIONAL_REPRESENTATION('',(#10731),#10735);
#10731 = LINE('',#10732,#10733);
#10732 = CARTESIAN_POINT('',(0.,1.E-02));
#10733 = VECTOR('',#10734,1.);
#10734 = DIRECTION('',(1.,0.));
#10735 = ( GEOMETRIC_REPRESENTATION_CONTEXT(2) 
PARAMETRIC_REPRESENTATION_CONTEXT() REPRESENTATION_CONTEXT('2D SPACE',''
  ) );
#10736 = ADVANCED_FACE('',(#10737),#10725,.F.);
#10737 = FACE_BOUND('',#10738,.F.);
#10738 = EDGE_LOOP('',(#10739,#10762,#10788,#10789));
#10739 = ORIENTED_EDGE('',*,*,#10740,.T.);
#10740 = EDGE_CURVE('',#10705,#10741,#10743,.T.);
#10741 = VERTEX_POINT('',#10742);
#10742 = CARTESIAN_POINT('',(91.939311218,52.239311218,26.));
#10743 = SEAM_CURVE('',#10744,(#10748,#10755),.PCURVE_S1.);
#10744 = LINE('',#10745,#10746);
#10745 = CARTESIAN_POINT('',(91.939311218,52.239311218,20.49));
#10746 = VECTOR('',#10747,1.);
#10747 = DIRECTION('',(0.,0.,1.));
#10748 = PCURVE('',#10725,#10749);
#10749 = DEFINITIONAL_REPRESENTATION('',(#10750),#10754);
#10750 = LINE('',#10751,#10752);
#10751 = CARTESIAN_POINT('',(6.28318530718,-0.));
#10752 = VECTOR('',#10753,1.);
#10753 = DIRECTION('',(0.,1.));
#10754 = ( GEOMETRIC_REPRESENTATION_CONTEXT(2) 
PARAMETRIC_REPRESENTATION_CONTEXT() REPRESENTATION_CONTEXT('2D SPACE',''
  ) );
#10755 = PCURVE('',#10725,#10756);
#10756 = DEFINITIONAL_REPRESENTATION('',(#10757),#10761);
#10757 = LINE('',#10758,#10759);
#10758 = CARTESIAN_POINT('',(0.,-0.));
#10759 = VECTOR('',#10760,1.);
#10760 = DIRECTION('',(0.,1.));
#10761 = ( GEOMETRIC_REPRESENTATION_CONTEXT(2) 
PARAMETRIC_REPRESENTATION_CONTEXT() REPRESENTATION_CONTEXT('2D SPACE',''
  ) );
#10762 = ORIENTED_EDGE('',*,*,#10763,.F.);
#10763 = EDGE_CURVE('',#10741,#10741,#10764,.T.);
#10764 = SURFACE_CURVE('',#10765,(#10770,#10777),.PCURVE_S1.);
#10765 = CIRCLE('',#10766,1.2);
#10766 = AXIS2_PLACEMENT_3D('',#10767,#10768,#10769);
#10767 = CARTESIAN_POINT('',(90.739311218,52.239311218,26.));
#10768 = DIRECTION('',(0.,0.,1.));
#10769 = DIRECTION('',(1.,0.,-0.));
#10770 = PCURVE('',#10725,#10771);
#10771 = DEFINITIONAL_REPRESENTATION('',(#10772),#10776);
#10772 = LINE('',#10773,#10774);
#10773 = CARTESIAN_POINT('',(0.,5.51));
#10774 = VECTOR('',#10775,1.);
#10775 = DIRECTION('',(1.,0.));
#10776 = ( GEOMETRIC_REPRESENTATION_CONTEXT(2) 
PARAMETRIC_REPRESENTATION_CONTEXT() REPRESENTATION_CONTEXT('2D SPACE',''
  ) );
#10777 = PCURVE('',#10778,#10783);
#10778 = CONICAL_SURFACE('',#10779,1.2,1.02974404244);
#10779 = AXIS2_PLACEMENT_3D('',#10780,#10781,#10782);
#10780 = CARTESIAN_POINT('',(90.739311218,52.239311218,26.));
#10781 = DIRECTION('',(-0.,-0.,-1.));
#10782 = DIRECTION('',(1.,0.,-0.));
#10783 = DEFINITIONAL_REPRESENTATION('',(#10784),#10787);
#10784 = B_SPLINE_CURVE_WITH_KNOTS('',1,(#10785,#10786),.UNSPECIFIED.,
  .F.,.F.,(2,2),(0.,6.28318530718),.PIECEWISE_BEZIER_KNOTS.);
#10785 = CARTESIAN_POINT('',(0.,0.));
#10786 = CARTESIAN_POINT('',(-6.28318530718,0.));
#10787 = ( GEOMETRIC_REPRESENTATION_CONTEXT(2) 
PARAMETRIC_REPRESENTATION_CONTEXT() REPRESENTATION_CONTEXT('2D SPACE',''
  ) );
#10788 = ORIENTED_EDGE('',*,*,#10740,.F.);
#10789 = ORIENTED_EDGE('',*,*,#10704,.T.);
#10790 = ADVANCED_FACE('',(#10791),#10778,.F.);
#10791 = FACE_BOUND('',#10792,.F.);
#10792 = EDGE_LOOP('',(#10793,#10816,#10817));
#10793 = ORIENTED_EDGE('',*,*,#10794,.F.);
#10794 = EDGE_CURVE('',#10741,#10795,#10797,.T.);
#10795 = VERTEX_POINT('',#10796);
#10796 = CARTESIAN_POINT('',(90.739311218,52.239311218,26.721033096));
#10797 = SEAM_CURVE('',#10798,(#10802,#10809),.PCURVE_S1.);
#10798 = LINE('',#10799,#10800);
#10799 = CARTESIAN_POINT('',(91.939311218,52.239311218,26.));
#10800 = VECTOR('',#10801,1.);
#10801 = DIRECTION('',(-0.857167189332,2.099454109499E-16,0.515038260261
    ));
#10802 = PCURVE('',#10778,#10803);
#10803 = DEFINITIONAL_REPRESENTATION('',(#10804),#10808);
#10804 = LINE('',#10805,#10806);
#10805 = CARTESIAN_POINT('',(-6.28318530718,0.));
#10806 = VECTOR('',#10807,1.);
#10807 = DIRECTION('',(-0.,-1.));
#10808 = ( GEOMETRIC_REPRESENTATION_CONTEXT(2) 
PARAMETRIC_REPRESENTATION_CONTEXT() REPRESENTATION_CONTEXT('2D SPACE',''
  ) );
#10809 = PCURVE('',#10778,#10810);
#10810 = DEFINITIONAL_REPRESENTATION('',(#10811),#10815);
#10811 = LINE('',#10812,#10813);
#10812 = CARTESIAN_POINT('',(0.,-0.));
#10813 = VECTOR('',#10814,1.);
#10814 = DIRECTION('',(-0.,-1.));
#10815 = ( GEOMETRIC_REPRESENTATION_CONTEXT(2) 
PARAMETRIC_REPRESENTATION_CONTEXT() REPRESENTATION_CONTEXT('2D SPACE',''
  ) );
#10816 = ORIENTED_EDGE('',*,*,#10763,.T.);
#10817 = ORIENTED_EDGE('',*,*,#10794,.T.);
#10818 = ADVANCED_FACE('',(#10819),#2031,.F.);
#10819 = FACE_BOUND('',#10820,.T.);
#10820 = EDGE_LOOP('',(#10821,#10822,#10823,#10824));
#10821 = ORIENTED_EDGE('',*,*,#10619,.T.);
#10822 = ORIENTED_EDGE('',*,*,#10674,.T.);
#10823 = ORIENTED_EDGE('',*,*,#2015,.F.);
#10824 = ORIENTED_EDGE('',*,*,#10825,.F.);
#10825 = EDGE_CURVE('',#10620,#1991,#10826,.T.);
#10826 = SURFACE_CURVE('',#10827,(#10832,#10839),.PCURVE_S1.);
#10827 = CIRCLE('',#10828,8.013742691767);
#10828 = AXIS2_PLACEMENT_3D('',#10829,#10830,#10831);
#10829 = CARTESIAN_POINT('',(85.492827498277,49.486260518019,15.5));
#10830 = DIRECTION('',(0.,0.,1.));
#10831 = DIRECTION('',(0.312859121906,0.949799541925,-0.));
#10832 = PCURVE('',#2031,#10833);
#10833 = DEFINITIONAL_REPRESENTATION('',(#10834),#10838);
#10834 = LINE('',#10835,#10836);
#10835 = CARTESIAN_POINT('',(-0.,0.));
#10836 = VECTOR('',#10837,1.);
#10837 = DIRECTION('',(-1.,0.));
#10838 = ( GEOMETRIC_REPRESENTATION_CONTEXT(2) 
PARAMETRIC_REPRESENTATION_CONTEXT() REPRESENTATION_CONTEXT('2D SPACE',''
  ) );
#10839 = PCURVE('',#786,#10840);
#10840 = DEFINITIONAL_REPRESENTATION('',(#10841),#10845);
#10841 = CIRCLE('',#10842,8.013742691767);
#10842 = AXIS2_PLACEMENT_2D('',#10843,#10844);
#10843 = CARTESIAN_POINT('',(195.49282749827,114.48626051801));
#10844 = DIRECTION('',(0.312859121906,0.949799541925));
#10845 = ( GEOMETRIC_REPRESENTATION_CONTEXT(2) 
PARAMETRIC_REPRESENTATION_CONTEXT() REPRESENTATION_CONTEXT('2D SPACE',''
  ) );
#10846 = ADVANCED_FACE('',(#10847,#10884),#1533,.T.);
#10847 = FACE_BOUND('',#10848,.T.);
#10848 = EDGE_LOOP('',(#10849,#10850,#10851,#10877,#10878,#10879,#10880,
    #10881,#10882,#10883));
#10849 = ORIENTED_EDGE('',*,*,#1650,.T.);
#10850 = ORIENTED_EDGE('',*,*,#1517,.F.);
#10851 = ORIENTED_EDGE('',*,*,#10852,.F.);
#10852 = EDGE_CURVE('',#9396,#1490,#10853,.T.);
#10853 = SURFACE_CURVE('',#10854,(#10859,#10870),.PCURVE_S1.);
#10854 = CIRCLE('',#10855,7.999938827116);
#10855 = AXIS2_PLACEMENT_3D('',#10856,#10857,#10858);
#10856 = CARTESIAN_POINT('',(-88.00006133053,49.498411800926,20.5));
#10857 = DIRECTION('',(0.,0.,1.));
#10858 = DIRECTION('',(-0.312494723209,0.949919495519,0.));
#10859 = PCURVE('',#1533,#10860);
#10860 = DEFINITIONAL_REPRESENTATION('',(#10861),#10869);
#10861 = ( BOUNDED_CURVE() B_SPLINE_CURVE(2,(#10862,#10863,#10864,#10865
    ,#10866,#10867,#10868),.UNSPECIFIED.,.T.,.F.) 
B_SPLINE_CURVE_WITH_KNOTS((1,2,2,2,2,1),(-2.094395102393,0.,
    2.094395102393,4.188790204786,6.28318530718,8.377580409573),
.UNSPECIFIED.) CURVE() GEOMETRIC_REPRESENTATION_ITEM() 
RATIONAL_B_SPLINE_CURVE((1.,0.5,1.,0.5,1.,0.5,1.)) REPRESENTATION_ITEM(
  '') );
#10862 = CARTESIAN_POINT('',(90.500794005218,14.550257825474));
#10863 = CARTESIAN_POINT('',(103.66316399164,10.220237034152));
#10864 = CARTESIAN_POINT('',(93.332070994231,0.98630064756));
#10865 = CARTESIAN_POINT('',(83.00097799682,-8.247635739032));
#10866 = CARTESIAN_POINT('',(80.169701007807,5.316321438881));
#10867 = CARTESIAN_POINT('',(77.338424018794,18.880278616795));
#10868 = CARTESIAN_POINT('',(90.500794005218,14.550257825474));
#10869 = ( GEOMETRIC_REPRESENTATION_CONTEXT(2) 
PARAMETRIC_REPRESENTATION_CONTEXT() REPRESENTATION_CONTEXT('2D SPACE',''
  ) );
#10870 = PCURVE('',#1505,#10871);
#10871 = DEFINITIONAL_REPRESENTATION('',(#10872),#10876);
#10872 = LINE('',#10873,#10874);
#10873 = CARTESIAN_POINT('',(-0.,-5.));
#10874 = VECTOR('',#10875,1.);
#10875 = DIRECTION('',(-1.,0.));
#10876 = ( GEOMETRIC_REPRESENTATION_CONTEXT(2) 
PARAMETRIC_REPRESENTATION_CONTEXT() REPRESENTATION_CONTEXT('2D SPACE',''
  ) );
#10877 = ORIENTED_EDGE('',*,*,#9395,.F.);
#10878 = ORIENTED_EDGE('',*,*,#9313,.F.);
#10879 = ORIENTED_EDGE('',*,*,#2121,.F.);
#10880 = ORIENTED_EDGE('',*,*,#1966,.T.);
#10881 = ORIENTED_EDGE('',*,*,#1889,.T.);
#10882 = ORIENTED_EDGE('',*,*,#1808,.T.);
#10883 = ORIENTED_EDGE('',*,*,#1731,.T.);
#10884 = FACE_BOUND('',#10885,.T.);
#10885 = EDGE_LOOP('',(#10886));
#10886 = ORIENTED_EDGE('',*,*,#10887,.T.);
#10887 = EDGE_CURVE('',#10888,#10888,#10890,.T.);
#10888 = VERTEX_POINT('',#10889);
#10889 = CARTESIAN_POINT('',(-89.539311218,52.239311218,20.5));
#10890 = SURFACE_CURVE('',#10891,(#10896,#10907),.PCURVE_S1.);
#10891 = CIRCLE('',#10892,1.2);
#10892 = AXIS2_PLACEMENT_3D('',#10893,#10894,#10895);
#10893 = CARTESIAN_POINT('',(-90.739311218,52.239311218,20.5));
#10894 = DIRECTION('',(0.,0.,1.));
#10895 = DIRECTION('',(1.,0.,-0.));
#10896 = PCURVE('',#1533,#10897);
#10897 = DEFINITIONAL_REPRESENTATION('',(#10898),#10906);
#10898 = ( BOUNDED_CURVE() B_SPLINE_CURVE(2,(#10899,#10900,#10901,#10902
    ,#10903,#10904,#10905),.UNSPECIFIED.,.T.,.F.) 
B_SPLINE_CURVE_WITH_KNOTS((1,2,2,2,2,1),(-2.094395102393,0.,
    2.094395102393,4.188790204786,6.28318530718,8.377580409573),
.UNSPECIFIED.) CURVE() GEOMETRIC_REPRESENTATION_ITEM() 
RATIONAL_B_SPLINE_CURVE((1.,0.5,1.,0.5,1.,0.5,1.)) REPRESENTATION_ITEM(
  '') );
#10899 = CARTESIAN_POINT('',(89.540105223218,9.691859387712));
#10900 = CARTESIAN_POINT('',(89.540105223218,11.770320356795));
#10901 = CARTESIAN_POINT('',(91.340105223218,10.731089872253));
#10902 = CARTESIAN_POINT('',(93.140105223218,9.691859387712));
#10903 = CARTESIAN_POINT('',(91.340105223218,8.652628903171));
#10904 = CARTESIAN_POINT('',(89.540105223218,7.613398418629));
#10905 = CARTESIAN_POINT('',(89.540105223218,9.691859387712));
#10906 = ( GEOMETRIC_REPRESENTATION_CONTEXT(2) 
PARAMETRIC_REPRESENTATION_CONTEXT() REPRESENTATION_CONTEXT('2D SPACE',''
  ) );
#10907 = PCURVE('',#10908,#10913);
#10908 = CYLINDRICAL_SURFACE('',#10909,1.2);
#10909 = AXIS2_PLACEMENT_3D('',#10910,#10911,#10912);
#10910 = CARTESIAN_POINT('',(-90.739311218,52.239311218,20.49));
#10911 = DIRECTION('',(0.,0.,1.));
#10912 = DIRECTION('',(1.,0.,-0.));
#10913 = DEFINITIONAL_REPRESENTATION('',(#10914),#10918);
#10914 = LINE('',#10915,#10916);
#10915 = CARTESIAN_POINT('',(0.,1.E-02));
#10916 = VECTOR('',#10917,1.);
#10917 = DIRECTION('',(1.,0.));
#10918 = ( GEOMETRIC_REPRESENTATION_CONTEXT(2) 
PARAMETRIC_REPRESENTATION_CONTEXT() REPRESENTATION_CONTEXT('2D SPACE',''
  ) );
#10919 = ADVANCED_FACE('',(#10920),#10908,.F.);
#10920 = FACE_BOUND('',#10921,.F.);
#10921 = EDGE_LOOP('',(#10922,#10945,#10971,#10972));
#10922 = ORIENTED_EDGE('',*,*,#10923,.T.);
#10923 = EDGE_CURVE('',#10888,#10924,#10926,.T.);
#10924 = VERTEX_POINT('',#10925);
#10925 = CARTESIAN_POINT('',(-89.539311218,52.239311218,26.));
#10926 = SEAM_CURVE('',#10927,(#10931,#10938),.PCURVE_S1.);
#10927 = LINE('',#10928,#10929);
#10928 = CARTESIAN_POINT('',(-89.539311218,52.239311218,20.49));
#10929 = VECTOR('',#10930,1.);
#10930 = DIRECTION('',(0.,0.,1.));
#10931 = PCURVE('',#10908,#10932);
#10932 = DEFINITIONAL_REPRESENTATION('',(#10933),#10937);
#10933 = LINE('',#10934,#10935);
#10934 = CARTESIAN_POINT('',(6.28318530718,-0.));
#10935 = VECTOR('',#10936,1.);
#10936 = DIRECTION('',(0.,1.));
#10937 = ( GEOMETRIC_REPRESENTATION_CONTEXT(2) 
PARAMETRIC_REPRESENTATION_CONTEXT() REPRESENTATION_CONTEXT('2D SPACE',''
  ) );
#10938 = PCURVE('',#10908,#10939);
#10939 = DEFINITIONAL_REPRESENTATION('',(#10940),#10944);
#10940 = LINE('',#10941,#10942);
#10941 = CARTESIAN_POINT('',(0.,-0.));
#10942 = VECTOR('',#10943,1.);
#10943 = DIRECTION('',(0.,1.));
#10944 = ( GEOMETRIC_REPRESENTATION_CONTEXT(2) 
PARAMETRIC_REPRESENTATION_CONTEXT() REPRESENTATION_CONTEXT('2D SPACE',''
  ) );
#10945 = ORIENTED_EDGE('',*,*,#10946,.F.);
#10946 = EDGE_CURVE('',#10924,#10924,#10947,.T.);
#10947 = SURFACE_CURVE('',#10948,(#10953,#10960),.PCURVE_S1.);
#10948 = CIRCLE('',#10949,1.2);
#10949 = AXIS2_PLACEMENT_3D('',#10950,#10951,#10952);
#10950 = CARTESIAN_POINT('',(-90.739311218,52.239311218,26.));
#10951 = DIRECTION('',(0.,0.,1.));
#10952 = DIRECTION('',(1.,0.,-0.));
#10953 = PCURVE('',#10908,#10954);
#10954 = DEFINITIONAL_REPRESENTATION('',(#10955),#10959);
#10955 = LINE('',#10956,#10957);
#10956 = CARTESIAN_POINT('',(0.,5.51));
#10957 = VECTOR('',#10958,1.);
#10958 = DIRECTION('',(1.,0.));
#10959 = ( GEOMETRIC_REPRESENTATION_CONTEXT(2) 
PARAMETRIC_REPRESENTATION_CONTEXT() REPRESENTATION_CONTEXT('2D SPACE',''
  ) );
#10960 = PCURVE('',#10961,#10966);
#10961 = CONICAL_SURFACE('',#10962,1.2,1.02974404244);
#10962 = AXIS2_PLACEMENT_3D('',#10963,#10964,#10965);
#10963 = CARTESIAN_POINT('',(-90.739311218,52.239311218,26.));
#10964 = DIRECTION('',(-0.,-0.,-1.));
#10965 = DIRECTION('',(1.,0.,-0.));
#10966 = DEFINITIONAL_REPRESENTATION('',(#10967),#10970);
#10967 = B_SPLINE_CURVE_WITH_KNOTS('',1,(#10968,#10969),.UNSPECIFIED.,
  .F.,.F.,(2,2),(0.,6.28318530718),.PIECEWISE_BEZIER_KNOTS.);
#10968 = CARTESIAN_POINT('',(0.,0.));
#10969 = CARTESIAN_POINT('',(-6.28318530718,0.));
#10970 = ( GEOMETRIC_REPRESENTATION_CONTEXT(2) 
PARAMETRIC_REPRESENTATION_CONTEXT() REPRESENTATION_CONTEXT('2D SPACE',''
  ) );
#10971 = ORIENTED_EDGE('',*,*,#10923,.F.);
#10972 = ORIENTED_EDGE('',*,*,#10887,.T.);
#10973 = ADVANCED_FACE('',(#10974),#10961,.F.);
#10974 = FACE_BOUND('',#10975,.F.);
#10975 = EDGE_LOOP('',(#10976,#10999,#11000));
#10976 = ORIENTED_EDGE('',*,*,#10977,.F.);
#10977 = EDGE_CURVE('',#10924,#10978,#10980,.T.);
#10978 = VERTEX_POINT('',#10979);
#10979 = CARTESIAN_POINT('',(-90.739311218,52.239311218,26.721033096));
#10980 = SEAM_CURVE('',#10981,(#10985,#10992),.PCURVE_S1.);
#10981 = LINE('',#10982,#10983);
#10982 = CARTESIAN_POINT('',(-89.539311218,52.239311218,26.));
#10983 = VECTOR('',#10984,1.);
#10984 = DIRECTION('',(-0.857167189332,2.099454109499E-16,0.515038260261
    ));
#10985 = PCURVE('',#10961,#10986);
#10986 = DEFINITIONAL_REPRESENTATION('',(#10987),#10991);
#10987 = LINE('',#10988,#10989);
#10988 = CARTESIAN_POINT('',(-6.28318530718,0.));
#10989 = VECTOR('',#10990,1.);
#10990 = DIRECTION('',(-0.,-1.));
#10991 = ( GEOMETRIC_REPRESENTATION_CONTEXT(2) 
PARAMETRIC_REPRESENTATION_CONTEXT() REPRESENTATION_CONTEXT('2D SPACE',''
  ) );
#10992 = PCURVE('',#10961,#10993);
#10993 = DEFINITIONAL_REPRESENTATION('',(#10994),#10998);
#10994 = LINE('',#10995,#10996);
#10995 = CARTESIAN_POINT('',(0.,-0.));
#10996 = VECTOR('',#10997,1.);
#10997 = DIRECTION('',(-0.,-1.));
#10998 = ( GEOMETRIC_REPRESENTATION_CONTEXT(2) 
PARAMETRIC_REPRESENTATION_CONTEXT() REPRESENTATION_CONTEXT('2D SPACE',''
  ) );
#10999 = ORIENTED_EDGE('',*,*,#10946,.T.);
#11000 = ORIENTED_EDGE('',*,*,#10977,.T.);
#11001 = ADVANCED_FACE('',(#11002),#1505,.F.);
#11002 = FACE_BOUND('',#11003,.T.);
#11003 = EDGE_LOOP('',(#11004,#11005,#11006,#11007));
#11004 = ORIENTED_EDGE('',*,*,#9418,.T.);
#11005 = ORIENTED_EDGE('',*,*,#10852,.T.);
#11006 = ORIENTED_EDGE('',*,*,#1489,.F.);
#11007 = ORIENTED_EDGE('',*,*,#11008,.F.);
#11008 = EDGE_CURVE('',#9419,#1467,#11009,.T.);
#11009 = SURFACE_CURVE('',#11010,(#11015,#11022),.PCURVE_S1.);
#11010 = CIRCLE('',#11011,7.999938827116);
#11011 = AXIS2_PLACEMENT_3D('',#11012,#11013,#11014);
#11012 = CARTESIAN_POINT('',(-88.00006133053,49.498411800926,15.5));
#11013 = DIRECTION('',(0.,0.,1.));
#11014 = DIRECTION('',(-0.312494723209,0.949919495519,0.));
#11015 = PCURVE('',#1505,#11016);
#11016 = DEFINITIONAL_REPRESENTATION('',(#11017),#11021);
#11017 = LINE('',#11018,#11019);
#11018 = CARTESIAN_POINT('',(-0.,0.));
#11019 = VECTOR('',#11020,1.);
#11020 = DIRECTION('',(-1.,0.));
#11021 = ( GEOMETRIC_REPRESENTATION_CONTEXT(2) 
PARAMETRIC_REPRESENTATION_CONTEXT() REPRESENTATION_CONTEXT('2D SPACE',''
  ) );
#11022 = PCURVE('',#467,#11023);
#11023 = DEFINITIONAL_REPRESENTATION('',(#11024),#11028);
#11024 = CIRCLE('',#11025,7.999938827116);
#11025 = AXIS2_PLACEMENT_2D('',#11026,#11027);
#11026 = CARTESIAN_POINT('',(21.999938669466,114.49841180092));
#11027 = DIRECTION('',(-0.312494723209,0.949919495519));
#11028 = ( GEOMETRIC_REPRESENTATION_CONTEXT(2) 
PARAMETRIC_REPRESENTATION_CONTEXT() REPRESENTATION_CONTEXT('2D SPACE',''
  ) );
#11029 = ADVANCED_FACE('',(#11030,#11122,#11128,#11134,#11165,#11171,
    #11202),#1127,.F.);
#11030 = FACE_BOUND('',#11031,.F.);
#11031 = EDGE_LOOP('',(#11032,#11033,#11034,#11057,#11085,#11106,#11107,
    #11108,#11109,#11110,#11111,#11112,#11113,#11114,#11115,#11116,
    #11117,#11118,#11119,#11120,#11121));
#11032 = ORIENTED_EDGE('',*,*,#1441,.T.);
#11033 = ORIENTED_EDGE('',*,*,#1111,.T.);
#11034 = ORIENTED_EDGE('',*,*,#11035,.F.);
#11035 = EDGE_CURVE('',#11036,#1112,#11038,.T.);
#11036 = VERTEX_POINT('',#11037);
#11037 = CARTESIAN_POINT('',(-94.1,-57.9,79.5));
#11038 = SURFACE_CURVE('',#11039,(#11043,#11050),.PCURVE_S1.);
#11039 = LINE('',#11040,#11041);
#11040 = CARTESIAN_POINT('',(-94.1,-60.,79.5));
#11041 = VECTOR('',#11042,1.);
#11042 = DIRECTION('',(-0.,1.,0.));
#11043 = PCURVE('',#1127,#11044);
#11044 = DEFINITIONAL_REPRESENTATION('',(#11045),#11049);
#11045 = LINE('',#11046,#11047);
#11046 = CARTESIAN_POINT('',(-94.1,-63.62753045524));
#11047 = VECTOR('',#11048,1.);
#11048 = DIRECTION('',(0.,1.));
#11049 = ( GEOMETRIC_REPRESENTATION_CONTEXT(2) 
PARAMETRIC_REPRESENTATION_CONTEXT() REPRESENTATION_CONTEXT('2D SPACE',''
  ) );
#11050 = PCURVE('',#546,#11051);
#11051 = DEFINITIONAL_REPRESENTATION('',(#11052),#11056);
#11052 = LINE('',#11053,#11054);
#11053 = CARTESIAN_POINT('',(58.5,0.));
#11054 = VECTOR('',#11055,1.);
#11055 = DIRECTION('',(0.,-1.));
#11056 = ( GEOMETRIC_REPRESENTATION_CONTEXT(2) 
PARAMETRIC_REPRESENTATION_CONTEXT() REPRESENTATION_CONTEXT('2D SPACE',''
  ) );
#11057 = ORIENTED_EDGE('',*,*,#11058,.T.);
#11058 = EDGE_CURVE('',#11036,#11059,#11061,.T.);
#11059 = VERTEX_POINT('',#11060);
#11060 = CARTESIAN_POINT('',(94.1,-57.9,79.5));
#11061 = SURFACE_CURVE('',#11062,(#11066,#11073),.PCURVE_S1.);
#11062 = LINE('',#11063,#11064);
#11063 = CARTESIAN_POINT('',(-94.951,-57.9,79.5));
#11064 = VECTOR('',#11065,1.);
#11065 = DIRECTION('',(1.,0.,0.));
#11066 = PCURVE('',#1127,#11067);
#11067 = DEFINITIONAL_REPRESENTATION('',(#11068),#11072);
#11068 = LINE('',#11069,#11070);
#11069 = CARTESIAN_POINT('',(-94.951,-61.52753045524));
#11070 = VECTOR('',#11071,1.);
#11071 = DIRECTION('',(1.,0.));
#11072 = ( GEOMETRIC_REPRESENTATION_CONTEXT(2) 
PARAMETRIC_REPRESENTATION_CONTEXT() REPRESENTATION_CONTEXT('2D SPACE',''
  ) );
#11073 = PCURVE('',#11074,#11079);
#11074 = PLANE('',#11075);
#11075 = AXIS2_PLACEMENT_3D('',#11076,#11077,#11078);
#11076 = CARTESIAN_POINT('',(-94.951,-57.9,0.));
#11077 = DIRECTION('',(0.,1.,0.));
#11078 = DIRECTION('',(1.,0.,0.));
#11079 = DEFINITIONAL_REPRESENTATION('',(#11080),#11084);
#11080 = LINE('',#11081,#11082);
#11081 = CARTESIAN_POINT('',(0.,-79.5));
#11082 = VECTOR('',#11083,1.);
#11083 = DIRECTION('',(1.,0.));
#11084 = ( GEOMETRIC_REPRESENTATION_CONTEXT(2) 
PARAMETRIC_REPRESENTATION_CONTEXT() REPRESENTATION_CONTEXT('2D SPACE',''
  ) );
#11085 = ORIENTED_EDGE('',*,*,#11086,.T.);
#11086 = EDGE_CURVE('',#11059,#10461,#11087,.T.);
#11087 = SURFACE_CURVE('',#11088,(#11092,#11099),.PCURVE_S1.);
#11088 = LINE('',#11089,#11090);
#11089 = CARTESIAN_POINT('',(94.1,-60.,79.5));
#11090 = VECTOR('',#11091,1.);
#11091 = DIRECTION('',(-0.,1.,0.));
#11092 = PCURVE('',#1127,#11093);
#11093 = DEFINITIONAL_REPRESENTATION('',(#11094),#11098);
#11094 = LINE('',#11095,#11096);
#11095 = CARTESIAN_POINT('',(94.1,-63.62753045524));
#11096 = VECTOR('',#11097,1.);
#11097 = DIRECTION('',(0.,1.));
#11098 = ( GEOMETRIC_REPRESENTATION_CONTEXT(2) 
PARAMETRIC_REPRESENTATION_CONTEXT() REPRESENTATION_CONTEXT('2D SPACE',''
  ) );
#11099 = PCURVE('',#708,#11100);
#11100 = DEFINITIONAL_REPRESENTATION('',(#11101),#11105);
#11101 = LINE('',#11102,#11103);
#11102 = CARTESIAN_POINT('',(58.5,0.));
#11103 = VECTOR('',#11104,1.);
#11104 = DIRECTION('',(0.,-1.));
#11105 = ( GEOMETRIC_REPRESENTATION_CONTEXT(2) 
PARAMETRIC_REPRESENTATION_CONTEXT() REPRESENTATION_CONTEXT('2D SPACE',''
  ) );
#11106 = ORIENTED_EDGE('',*,*,#10481,.T.);
#11107 = ORIENTED_EDGE('',*,*,#10118,.T.);
#11108 = ORIENTED_EDGE('',*,*,#9933,.T.);
#11109 = ORIENTED_EDGE('',*,*,#9887,.T.);
#11110 = ORIENTED_EDGE('',*,*,#9805,.T.);
#11111 = ORIENTED_EDGE('',*,*,#9729,.T.);
#11112 = ORIENTED_EDGE('',*,*,#9653,.T.);
#11113 = ORIENTED_EDGE('',*,*,#9571,.T.);
#11114 = ORIENTED_EDGE('',*,*,#9495,.T.);
#11115 = ORIENTED_EDGE('',*,*,#2099,.T.);
#11116 = ORIENTED_EDGE('',*,*,#1944,.T.);
#11117 = ORIENTED_EDGE('',*,*,#1862,.T.);
#11118 = ORIENTED_EDGE('',*,*,#1786,.T.);
#11119 = ORIENTED_EDGE('',*,*,#1704,.T.);
#11120 = ORIENTED_EDGE('',*,*,#1628,.T.);
#11121 = ORIENTED_EDGE('',*,*,#1573,.T.);
#11122 = FACE_BOUND('',#11123,.F.);
#11123 = EDGE_LOOP('',(#11124,#11125,#11126,#11127));
#11124 = ORIENTED_EDGE('',*,*,#7109,.T.);
#11125 = ORIENTED_EDGE('',*,*,#7059,.F.);
#11126 = ORIENTED_EDGE('',*,*,#7008,.T.);
#11127 = ORIENTED_EDGE('',*,*,#7159,.T.);
#11128 = FACE_BOUND('',#11129,.F.);
#11129 = EDGE_LOOP('',(#11130,#11131,#11132,#11133));
#11130 = ORIENTED_EDGE('',*,*,#6961,.F.);
#11131 = ORIENTED_EDGE('',*,*,#6907,.T.);
#11132 = ORIENTED_EDGE('',*,*,#6859,.F.);
#11133 = ORIENTED_EDGE('',*,*,#6783,.T.);
#11134 = FACE_BOUND('',#11135,.F.);
#11135 = EDGE_LOOP('',(#11136));
#11136 = ORIENTED_EDGE('',*,*,#11137,.F.);
#11137 = EDGE_CURVE('',#11138,#11138,#11140,.T.);
#11138 = VERTEX_POINT('',#11139);
#11139 = CARTESIAN_POINT('',(42.16,-43.5,79.5));
#11140 = SURFACE_CURVE('',#11141,(#11146,#11153),.PCURVE_S1.);
#11141 = CIRCLE('',#11142,4.41);
#11142 = AXIS2_PLACEMENT_3D('',#11143,#11144,#11145);
#11143 = CARTESIAN_POINT('',(37.75,-43.5,79.5));
#11144 = DIRECTION('',(0.,0.,1.));
#11145 = DIRECTION('',(1.,0.,-0.));
#11146 = PCURVE('',#1127,#11147);
#11147 = DEFINITIONAL_REPRESENTATION('',(#11148),#11152);
#11148 = CIRCLE('',#11149,4.41);
#11149 = AXIS2_PLACEMENT_2D('',#11150,#11151);
#11150 = CARTESIAN_POINT('',(37.75,-47.12753045524));
#11151 = DIRECTION('',(1.,0.));
#11152 = ( GEOMETRIC_REPRESENTATION_CONTEXT(2) 
PARAMETRIC_REPRESENTATION_CONTEXT() REPRESENTATION_CONTEXT('2D SPACE',''
  ) );
#11153 = PCURVE('',#11154,#11159);
#11154 = CONICAL_SURFACE('',#11155,0.,1.063697822403);
#11155 = AXIS2_PLACEMENT_3D('',#11156,#11157,#11158);
#11156 = CARTESIAN_POINT('',(37.75,-43.5,77.05));
#11157 = DIRECTION('',(0.,0.,1.));
#11158 = DIRECTION('',(1.,0.,-0.));
#11159 = DEFINITIONAL_REPRESENTATION('',(#11160),#11164);
#11160 = LINE('',#11161,#11162);
#11161 = CARTESIAN_POINT('',(0.,2.45));
#11162 = VECTOR('',#11163,1.);
#11163 = DIRECTION('',(1.,0.));
#11164 = ( GEOMETRIC_REPRESENTATION_CONTEXT(2) 
PARAMETRIC_REPRESENTATION_CONTEXT() REPRESENTATION_CONTEXT('2D SPACE',''
  ) );
#11165 = FACE_BOUND('',#11166,.F.);
#11166 = EDGE_LOOP('',(#11167,#11168,#11169,#11170));
#11167 = ORIENTED_EDGE('',*,*,#6757,.F.);
#11168 = ORIENTED_EDGE('',*,*,#6703,.T.);
#11169 = ORIENTED_EDGE('',*,*,#6655,.F.);
#11170 = ORIENTED_EDGE('',*,*,#6579,.T.);
#11171 = FACE_BOUND('',#11172,.F.);
#11172 = EDGE_LOOP('',(#11173));
#11173 = ORIENTED_EDGE('',*,*,#11174,.F.);
#11174 = EDGE_CURVE('',#11175,#11175,#11177,.T.);
#11175 = VERTEX_POINT('',#11176);
#11176 = CARTESIAN_POINT('',(72.16,-43.5,79.5));
#11177 = SURFACE_CURVE('',#11178,(#11183,#11190),.PCURVE_S1.);
#11178 = CIRCLE('',#11179,4.41);
#11179 = AXIS2_PLACEMENT_3D('',#11180,#11181,#11182);
#11180 = CARTESIAN_POINT('',(67.75,-43.5,79.5));
#11181 = DIRECTION('',(0.,0.,1.));
#11182 = DIRECTION('',(1.,0.,-0.));
#11183 = PCURVE('',#1127,#11184);
#11184 = DEFINITIONAL_REPRESENTATION('',(#11185),#11189);
#11185 = CIRCLE('',#11186,4.41);
#11186 = AXIS2_PLACEMENT_2D('',#11187,#11188);
#11187 = CARTESIAN_POINT('',(67.75,-47.12753045524));
#11188 = DIRECTION('',(1.,0.));
#11189 = ( GEOMETRIC_REPRESENTATION_CONTEXT(2) 
PARAMETRIC_REPRESENTATION_CONTEXT() REPRESENTATION_CONTEXT('2D SPACE',''
  ) );
#11190 = PCURVE('',#11191,#11196);
#11191 = CONICAL_SURFACE('',#11192,0.,1.063697822403);
#11192 = AXIS2_PLACEMENT_3D('',#11193,#11194,#11195);
#11193 = CARTESIAN_POINT('',(67.75,-43.5,77.05));
#11194 = DIRECTION('',(0.,0.,1.));
#11195 = DIRECTION('',(1.,0.,-0.));
#11196 = DEFINITIONAL_REPRESENTATION('',(#11197),#11201);
#11197 = LINE('',#11198,#11199);
#11198 = CARTESIAN_POINT('',(0.,2.45));
#11199 = VECTOR('',#11200,1.);
#11200 = DIRECTION('',(1.,0.));
#11201 = ( GEOMETRIC_REPRESENTATION_CONTEXT(2) 
PARAMETRIC_REPRESENTATION_CONTEXT() REPRESENTATION_CONTEXT('2D SPACE',''
  ) );
#11202 = FACE_BOUND('',#11203,.F.);
#11203 = EDGE_LOOP('',(#11204,#11205,#11206,#11207));
#11204 = ORIENTED_EDGE('',*,*,#7648,.F.);
#11205 = ORIENTED_EDGE('',*,*,#7763,.T.);
#11206 = ORIENTED_EDGE('',*,*,#7715,.F.);
#11207 = ORIENTED_EDGE('',*,*,#7567,.T.);
#11208 = ADVANCED_FACE('',(#11209),#11191,.T.);
#11209 = FACE_BOUND('',#11210,.T.);
#11210 = EDGE_LOOP('',(#11211,#11212,#11235,#11262));
#11211 = ORIENTED_EDGE('',*,*,#11174,.F.);
#11212 = ORIENTED_EDGE('',*,*,#11213,.F.);
#11213 = EDGE_CURVE('',#11214,#11175,#11216,.T.);
#11214 = VERTEX_POINT('',#11215);
#11215 = CARTESIAN_POINT('',(70.,-43.5,78.3));
#11216 = SEAM_CURVE('',#11217,(#11221,#11228),.PCURVE_S1.);
#11217 = LINE('',#11218,#11219);
#11218 = CARTESIAN_POINT('',(67.75,-43.5,77.05));
#11219 = VECTOR('',#11220,1.);
#11220 = DIRECTION('',(0.874157276122,-2.141067820307E-16,0.485642931179
    ));
#11221 = PCURVE('',#11191,#11222);
#11222 = DEFINITIONAL_REPRESENTATION('',(#11223),#11227);
#11223 = LINE('',#11224,#11225);
#11224 = CARTESIAN_POINT('',(6.28318530718,-0.));
#11225 = VECTOR('',#11226,1.);
#11226 = DIRECTION('',(0.,1.));
#11227 = ( GEOMETRIC_REPRESENTATION_CONTEXT(2) 
PARAMETRIC_REPRESENTATION_CONTEXT() REPRESENTATION_CONTEXT('2D SPACE',''
  ) );
#11228 = PCURVE('',#11191,#11229);
#11229 = DEFINITIONAL_REPRESENTATION('',(#11230),#11234);
#11230 = LINE('',#11231,#11232);
#11231 = CARTESIAN_POINT('',(0.,-0.));
#11232 = VECTOR('',#11233,1.);
#11233 = DIRECTION('',(0.,1.));
#11234 = ( GEOMETRIC_REPRESENTATION_CONTEXT(2) 
PARAMETRIC_REPRESENTATION_CONTEXT() REPRESENTATION_CONTEXT('2D SPACE',''
  ) );
#11235 = ORIENTED_EDGE('',*,*,#11236,.T.);
#11236 = EDGE_CURVE('',#11214,#11214,#11237,.T.);
#11237 = SURFACE_CURVE('',#11238,(#11243,#11250),.PCURVE_S1.);
#11238 = CIRCLE('',#11239,2.25);
#11239 = AXIS2_PLACEMENT_3D('',#11240,#11241,#11242);
#11240 = CARTESIAN_POINT('',(67.75,-43.5,78.3));
#11241 = DIRECTION('',(0.,0.,1.));
#11242 = DIRECTION('',(0.,-1.,0.));
#11243 = PCURVE('',#11191,#11244);
#11244 = DEFINITIONAL_REPRESENTATION('',(#11245),#11249);
#11245 = LINE('',#11246,#11247);
#11246 = CARTESIAN_POINT('',(-1.570796326795,1.25));
#11247 = VECTOR('',#11248,1.);
#11248 = DIRECTION('',(1.,0.));
#11249 = ( GEOMETRIC_REPRESENTATION_CONTEXT(2) 
PARAMETRIC_REPRESENTATION_CONTEXT() REPRESENTATION_CONTEXT('2D SPACE',''
  ) );
#11250 = PCURVE('',#11251,#11256);
#11251 = CYLINDRICAL_SURFACE('',#11252,2.25);
#11252 = AXIS2_PLACEMENT_3D('',#11253,#11254,#11255);
#11253 = CARTESIAN_POINT('',(67.75,-43.5,70.5));
#11254 = DIRECTION('',(0.,0.,1.));
#11255 = DIRECTION('',(1.,0.,-0.));
#11256 = DEFINITIONAL_REPRESENTATION('',(#11257),#11261);
#11257 = LINE('',#11258,#11259);
#11258 = CARTESIAN_POINT('',(-1.570796326795,7.8));
#11259 = VECTOR('',#11260,1.);
#11260 = DIRECTION('',(1.,0.));
#11261 = ( GEOMETRIC_REPRESENTATION_CONTEXT(2) 
PARAMETRIC_REPRESENTATION_CONTEXT() REPRESENTATION_CONTEXT('2D SPACE',''
  ) );
#11262 = ORIENTED_EDGE('',*,*,#11213,.T.);
#11263 = ADVANCED_FACE('',(#11264),#11251,.T.);
#11264 = FACE_BOUND('',#11265,.T.);
#11265 = EDGE_LOOP('',(#11266,#11267,#11290,#11317));
#11266 = ORIENTED_EDGE('',*,*,#11236,.F.);
#11267 = ORIENTED_EDGE('',*,*,#11268,.F.);
#11268 = EDGE_CURVE('',#11269,#11214,#11271,.T.);
#11269 = VERTEX_POINT('',#11270);
#11270 = CARTESIAN_POINT('',(70.,-43.5,70.5));
#11271 = SEAM_CURVE('',#11272,(#11276,#11283),.PCURVE_S1.);
#11272 = LINE('',#11273,#11274);
#11273 = CARTESIAN_POINT('',(70.,-43.5,70.5));
#11274 = VECTOR('',#11275,1.);
#11275 = DIRECTION('',(0.,0.,1.));
#11276 = PCURVE('',#11251,#11277);
#11277 = DEFINITIONAL_REPRESENTATION('',(#11278),#11282);
#11278 = LINE('',#11279,#11280);
#11279 = CARTESIAN_POINT('',(6.28318530718,-0.));
#11280 = VECTOR('',#11281,1.);
#11281 = DIRECTION('',(0.,1.));
#11282 = ( GEOMETRIC_REPRESENTATION_CONTEXT(2) 
PARAMETRIC_REPRESENTATION_CONTEXT() REPRESENTATION_CONTEXT('2D SPACE',''
  ) );
#11283 = PCURVE('',#11251,#11284);
#11284 = DEFINITIONAL_REPRESENTATION('',(#11285),#11289);
#11285 = LINE('',#11286,#11287);
#11286 = CARTESIAN_POINT('',(0.,-0.));
#11287 = VECTOR('',#11288,1.);
#11288 = DIRECTION('',(0.,1.));
#11289 = ( GEOMETRIC_REPRESENTATION_CONTEXT(2) 
PARAMETRIC_REPRESENTATION_CONTEXT() REPRESENTATION_CONTEXT('2D SPACE',''
  ) );
#11290 = ORIENTED_EDGE('',*,*,#11291,.T.);
#11291 = EDGE_CURVE('',#11269,#11269,#11292,.T.);
#11292 = SURFACE_CURVE('',#11293,(#11298,#11305),.PCURVE_S1.);
#11293 = CIRCLE('',#11294,2.25);
#11294 = AXIS2_PLACEMENT_3D('',#11295,#11296,#11297);
#11295 = CARTESIAN_POINT('',(67.75,-43.5,70.5));
#11296 = DIRECTION('',(0.,0.,1.));
#11297 = DIRECTION('',(1.,0.,-0.));
#11298 = PCURVE('',#11251,#11299);
#11299 = DEFINITIONAL_REPRESENTATION('',(#11300),#11304);
#11300 = LINE('',#11301,#11302);
#11301 = CARTESIAN_POINT('',(0.,0.));
#11302 = VECTOR('',#11303,1.);
#11303 = DIRECTION('',(1.,0.));
#11304 = ( GEOMETRIC_REPRESENTATION_CONTEXT(2) 
PARAMETRIC_REPRESENTATION_CONTEXT() REPRESENTATION_CONTEXT('2D SPACE',''
  ) );
#11305 = PCURVE('',#11306,#11311);
#11306 = PLANE('',#11307);
#11307 = AXIS2_PLACEMENT_3D('',#11308,#11309,#11310);
#11308 = CARTESIAN_POINT('',(67.75,-43.5,70.5));
#11309 = DIRECTION('',(0.,0.,1.));
#11310 = DIRECTION('',(1.,0.,-0.));
#11311 = DEFINITIONAL_REPRESENTATION('',(#11312),#11316);
#11312 = CIRCLE('',#11313,2.25);
#11313 = AXIS2_PLACEMENT_2D('',#11314,#11315);
#11314 = CARTESIAN_POINT('',(0.,0.));
#11315 = DIRECTION('',(1.,0.));
#11316 = ( GEOMETRIC_REPRESENTATION_CONTEXT(2) 
PARAMETRIC_REPRESENTATION_CONTEXT() REPRESENTATION_CONTEXT('2D SPACE',''
  ) );
#11317 = ORIENTED_EDGE('',*,*,#11268,.T.);
#11318 = ADVANCED_FACE('',(#11319,#11322),#11306,.F.);
#11319 = FACE_BOUND('',#11320,.F.);
#11320 = EDGE_LOOP('',(#11321));
#11321 = ORIENTED_EDGE('',*,*,#11291,.T.);
#11322 = FACE_BOUND('',#11323,.F.);
#11323 = EDGE_LOOP('',(#11324));
#11324 = ORIENTED_EDGE('',*,*,#11325,.F.);
#11325 = EDGE_CURVE('',#11326,#11326,#11328,.T.);
#11326 = VERTEX_POINT('',#11327);
#11327 = CARTESIAN_POINT('',(68.75,-43.5,70.5));
#11328 = SURFACE_CURVE('',#11329,(#11334,#11341),.PCURVE_S1.);
#11329 = CIRCLE('',#11330,1.);
#11330 = AXIS2_PLACEMENT_3D('',#11331,#11332,#11333);
#11331 = CARTESIAN_POINT('',(67.75,-43.5,70.5));
#11332 = DIRECTION('',(0.,0.,1.));
#11333 = DIRECTION('',(1.,0.,-0.));
#11334 = PCURVE('',#11306,#11335);
#11335 = DEFINITIONAL_REPRESENTATION('',(#11336),#11340);
#11336 = CIRCLE('',#11337,1.);
#11337 = AXIS2_PLACEMENT_2D('',#11338,#11339);
#11338 = CARTESIAN_POINT('',(0.,0.));
#11339 = DIRECTION('',(1.,0.));
#11340 = ( GEOMETRIC_REPRESENTATION_CONTEXT(2) 
PARAMETRIC_REPRESENTATION_CONTEXT() REPRESENTATION_CONTEXT('2D SPACE',''
  ) );
#11341 = PCURVE('',#11342,#11347);
#11342 = CYLINDRICAL_SURFACE('',#11343,1.);
#11343 = AXIS2_PLACEMENT_3D('',#11344,#11345,#11346);
#11344 = CARTESIAN_POINT('',(67.75,-43.5,70.49));
#11345 = DIRECTION('',(0.,0.,1.));
#11346 = DIRECTION('',(1.,0.,-0.));
#11347 = DEFINITIONAL_REPRESENTATION('',(#11348),#11352);
#11348 = LINE('',#11349,#11350);
#11349 = CARTESIAN_POINT('',(0.,1.000000000001E-02));
#11350 = VECTOR('',#11351,1.);
#11351 = DIRECTION('',(1.,0.));
#11352 = ( GEOMETRIC_REPRESENTATION_CONTEXT(2) 
PARAMETRIC_REPRESENTATION_CONTEXT() REPRESENTATION_CONTEXT('2D SPACE',''
  ) );
#11353 = ADVANCED_FACE('',(#11354),#11342,.F.);
#11354 = FACE_BOUND('',#11355,.F.);
#11355 = EDGE_LOOP('',(#11356,#11379,#11406,#11407));
#11356 = ORIENTED_EDGE('',*,*,#11357,.T.);
#11357 = EDGE_CURVE('',#11326,#11358,#11360,.T.);
#11358 = VERTEX_POINT('',#11359);
#11359 = CARTESIAN_POINT('',(68.75,-43.5,77.));
#11360 = SEAM_CURVE('',#11361,(#11365,#11372),.PCURVE_S1.);
#11361 = LINE('',#11362,#11363);
#11362 = CARTESIAN_POINT('',(68.75,-43.5,70.49));
#11363 = VECTOR('',#11364,1.);
#11364 = DIRECTION('',(0.,0.,1.));
#11365 = PCURVE('',#11342,#11366);
#11366 = DEFINITIONAL_REPRESENTATION('',(#11367),#11371);
#11367 = LINE('',#11368,#11369);
#11368 = CARTESIAN_POINT('',(6.28318530718,-0.));
#11369 = VECTOR('',#11370,1.);
#11370 = DIRECTION('',(0.,1.));
#11371 = ( GEOMETRIC_REPRESENTATION_CONTEXT(2) 
PARAMETRIC_REPRESENTATION_CONTEXT() REPRESENTATION_CONTEXT('2D SPACE',''
  ) );
#11372 = PCURVE('',#11342,#11373);
#11373 = DEFINITIONAL_REPRESENTATION('',(#11374),#11378);
#11374 = LINE('',#11375,#11376);
#11375 = CARTESIAN_POINT('',(0.,-0.));
#11376 = VECTOR('',#11377,1.);
#11377 = DIRECTION('',(0.,1.));
#11378 = ( GEOMETRIC_REPRESENTATION_CONTEXT(2) 
PARAMETRIC_REPRESENTATION_CONTEXT() REPRESENTATION_CONTEXT('2D SPACE',''
  ) );
#11379 = ORIENTED_EDGE('',*,*,#11380,.F.);
#11380 = EDGE_CURVE('',#11358,#11358,#11381,.T.);
#11381 = SURFACE_CURVE('',#11382,(#11387,#11394),.PCURVE_S1.);
#11382 = CIRCLE('',#11383,1.);
#11383 = AXIS2_PLACEMENT_3D('',#11384,#11385,#11386);
#11384 = CARTESIAN_POINT('',(67.75,-43.5,77.));
#11385 = DIRECTION('',(0.,0.,1.));
#11386 = DIRECTION('',(1.,0.,-0.));
#11387 = PCURVE('',#11342,#11388);
#11388 = DEFINITIONAL_REPRESENTATION('',(#11389),#11393);
#11389 = LINE('',#11390,#11391);
#11390 = CARTESIAN_POINT('',(0.,6.51));
#11391 = VECTOR('',#11392,1.);
#11392 = DIRECTION('',(1.,0.));
#11393 = ( GEOMETRIC_REPRESENTATION_CONTEXT(2) 
PARAMETRIC_REPRESENTATION_CONTEXT() REPRESENTATION_CONTEXT('2D SPACE',''
  ) );
#11394 = PCURVE('',#11395,#11400);
#11395 = PLANE('',#11396);
#11396 = AXIS2_PLACEMENT_3D('',#11397,#11398,#11399);
#11397 = CARTESIAN_POINT('',(67.75,-43.5,77.));
#11398 = DIRECTION('',(0.,0.,1.));
#11399 = DIRECTION('',(1.,0.,-0.));
#11400 = DEFINITIONAL_REPRESENTATION('',(#11401),#11405);
#11401 = CIRCLE('',#11402,1.);
#11402 = AXIS2_PLACEMENT_2D('',#11403,#11404);
#11403 = CARTESIAN_POINT('',(0.,0.));
#11404 = DIRECTION('',(1.,0.));
#11405 = ( GEOMETRIC_REPRESENTATION_CONTEXT(2) 
PARAMETRIC_REPRESENTATION_CONTEXT() REPRESENTATION_CONTEXT('2D SPACE',''
  ) );
#11406 = ORIENTED_EDGE('',*,*,#11357,.F.);
#11407 = ORIENTED_EDGE('',*,*,#11325,.T.);
#11408 = ADVANCED_FACE('',(#11409),#11395,.F.);
#11409 = FACE_BOUND('',#11410,.F.);
#11410 = EDGE_LOOP('',(#11411));
#11411 = ORIENTED_EDGE('',*,*,#11380,.T.);
#11412 = ADVANCED_FACE('',(#11413),#11154,.T.);
#11413 = FACE_BOUND('',#11414,.T.);
#11414 = EDGE_LOOP('',(#11415,#11416,#11439,#11466));
#11415 = ORIENTED_EDGE('',*,*,#11137,.F.);
#11416 = ORIENTED_EDGE('',*,*,#11417,.F.);
#11417 = EDGE_CURVE('',#11418,#11138,#11420,.T.);
#11418 = VERTEX_POINT('',#11419);
#11419 = CARTESIAN_POINT('',(40.75,-43.5,78.716666666667));
#11420 = SEAM_CURVE('',#11421,(#11425,#11432),.PCURVE_S1.);
#11421 = LINE('',#11422,#11423);
#11422 = CARTESIAN_POINT('',(37.75,-43.5,77.05));
#11423 = VECTOR('',#11424,1.);
#11424 = DIRECTION('',(0.874157276122,-2.141067820307E-16,0.485642931179
    ));
#11425 = PCURVE('',#11154,#11426);
#11426 = DEFINITIONAL_REPRESENTATION('',(#11427),#11431);
#11427 = LINE('',#11428,#11429);
#11428 = CARTESIAN_POINT('',(6.28318530718,-0.));
#11429 = VECTOR('',#11430,1.);
#11430 = DIRECTION('',(0.,1.));
#11431 = ( GEOMETRIC_REPRESENTATION_CONTEXT(2) 
PARAMETRIC_REPRESENTATION_CONTEXT() REPRESENTATION_CONTEXT('2D SPACE',''
  ) );
#11432 = PCURVE('',#11154,#11433);
#11433 = DEFINITIONAL_REPRESENTATION('',(#11434),#11438);
#11434 = LINE('',#11435,#11436);
#11435 = CARTESIAN_POINT('',(0.,-0.));
#11436 = VECTOR('',#11437,1.);
#11437 = DIRECTION('',(0.,1.));
#11438 = ( GEOMETRIC_REPRESENTATION_CONTEXT(2) 
PARAMETRIC_REPRESENTATION_CONTEXT() REPRESENTATION_CONTEXT('2D SPACE',''
  ) );
#11439 = ORIENTED_EDGE('',*,*,#11440,.T.);
#11440 = EDGE_CURVE('',#11418,#11418,#11441,.T.);
#11441 = SURFACE_CURVE('',#11442,(#11447,#11454),.PCURVE_S1.);
#11442 = CIRCLE('',#11443,3.);
#11443 = AXIS2_PLACEMENT_3D('',#11444,#11445,#11446);
#11444 = CARTESIAN_POINT('',(37.75,-43.5,78.716666666667));
#11445 = DIRECTION('',(0.,0.,1.));
#11446 = DIRECTION('',(0.,-1.,0.));
#11447 = PCURVE('',#11154,#11448);
#11448 = DEFINITIONAL_REPRESENTATION('',(#11449),#11453);
#11449 = LINE('',#11450,#11451);
#11450 = CARTESIAN_POINT('',(-1.570796326795,1.666666666667));
#11451 = VECTOR('',#11452,1.);
#11452 = DIRECTION('',(1.,0.));
#11453 = ( GEOMETRIC_REPRESENTATION_CONTEXT(2) 
PARAMETRIC_REPRESENTATION_CONTEXT() REPRESENTATION_CONTEXT('2D SPACE',''
  ) );
#11454 = PCURVE('',#11455,#11460);
#11455 = CYLINDRICAL_SURFACE('',#11456,3.);
#11456 = AXIS2_PLACEMENT_3D('',#11457,#11458,#11459);
#11457 = CARTESIAN_POINT('',(37.75,-43.5,70.5));
#11458 = DIRECTION('',(0.,0.,1.));
#11459 = DIRECTION('',(1.,0.,-0.));
#11460 = DEFINITIONAL_REPRESENTATION('',(#11461),#11465);
#11461 = LINE('',#11462,#11463);
#11462 = CARTESIAN_POINT('',(-1.570796326795,8.216666666667));
#11463 = VECTOR('',#11464,1.);
#11464 = DIRECTION('',(1.,0.));
#11465 = ( GEOMETRIC_REPRESENTATION_CONTEXT(2) 
PARAMETRIC_REPRESENTATION_CONTEXT() REPRESENTATION_CONTEXT('2D SPACE',''
  ) );
#11466 = ORIENTED_EDGE('',*,*,#11417,.T.);
#11467 = ADVANCED_FACE('',(#11468),#11455,.T.);
#11468 = FACE_BOUND('',#11469,.T.);
#11469 = EDGE_LOOP('',(#11470,#11471,#11494,#11521));
#11470 = ORIENTED_EDGE('',*,*,#11440,.F.);
#11471 = ORIENTED_EDGE('',*,*,#11472,.F.);
#11472 = EDGE_CURVE('',#11473,#11418,#11475,.T.);
#11473 = VERTEX_POINT('',#11474);
#11474 = CARTESIAN_POINT('',(40.75,-43.5,70.5));
#11475 = SEAM_CURVE('',#11476,(#11480,#11487),.PCURVE_S1.);
#11476 = LINE('',#11477,#11478);
#11477 = CARTESIAN_POINT('',(40.75,-43.5,70.5));
#11478 = VECTOR('',#11479,1.);
#11479 = DIRECTION('',(0.,0.,1.));
#11480 = PCURVE('',#11455,#11481);
#11481 = DEFINITIONAL_REPRESENTATION('',(#11482),#11486);
#11482 = LINE('',#11483,#11484);
#11483 = CARTESIAN_POINT('',(6.28318530718,-0.));
#11484 = VECTOR('',#11485,1.);
#11485 = DIRECTION('',(0.,1.));
#11486 = ( GEOMETRIC_REPRESENTATION_CONTEXT(2) 
PARAMETRIC_REPRESENTATION_CONTEXT() REPRESENTATION_CONTEXT('2D SPACE',''
  ) );
#11487 = PCURVE('',#11455,#11488);
#11488 = DEFINITIONAL_REPRESENTATION('',(#11489),#11493);
#11489 = LINE('',#11490,#11491);
#11490 = CARTESIAN_POINT('',(0.,-0.));
#11491 = VECTOR('',#11492,1.);
#11492 = DIRECTION('',(0.,1.));
#11493 = ( GEOMETRIC_REPRESENTATION_CONTEXT(2) 
PARAMETRIC_REPRESENTATION_CONTEXT() REPRESENTATION_CONTEXT('2D SPACE',''
  ) );
#11494 = ORIENTED_EDGE('',*,*,#11495,.T.);
#11495 = EDGE_CURVE('',#11473,#11473,#11496,.T.);
#11496 = SURFACE_CURVE('',#11497,(#11502,#11509),.PCURVE_S1.);
#11497 = CIRCLE('',#11498,3.);
#11498 = AXIS2_PLACEMENT_3D('',#11499,#11500,#11501);
#11499 = CARTESIAN_POINT('',(37.75,-43.5,70.5));
#11500 = DIRECTION('',(0.,0.,1.));
#11501 = DIRECTION('',(1.,0.,-0.));
#11502 = PCURVE('',#11455,#11503);
#11503 = DEFINITIONAL_REPRESENTATION('',(#11504),#11508);
#11504 = LINE('',#11505,#11506);
#11505 = CARTESIAN_POINT('',(0.,0.));
#11506 = VECTOR('',#11507,1.);
#11507 = DIRECTION('',(1.,0.));
#11508 = ( GEOMETRIC_REPRESENTATION_CONTEXT(2) 
PARAMETRIC_REPRESENTATION_CONTEXT() REPRESENTATION_CONTEXT('2D SPACE',''
  ) );
#11509 = PCURVE('',#11510,#11515);
#11510 = PLANE('',#11511);
#11511 = AXIS2_PLACEMENT_3D('',#11512,#11513,#11514);
#11512 = CARTESIAN_POINT('',(37.75,-43.5,70.5));
#11513 = DIRECTION('',(0.,0.,1.));
#11514 = DIRECTION('',(1.,0.,-0.));
#11515 = DEFINITIONAL_REPRESENTATION('',(#11516),#11520);
#11516 = CIRCLE('',#11517,3.);
#11517 = AXIS2_PLACEMENT_2D('',#11518,#11519);
#11518 = CARTESIAN_POINT('',(0.,0.));
#11519 = DIRECTION('',(1.,0.));
#11520 = ( GEOMETRIC_REPRESENTATION_CONTEXT(2) 
PARAMETRIC_REPRESENTATION_CONTEXT() REPRESENTATION_CONTEXT('2D SPACE',''
  ) );
#11521 = ORIENTED_EDGE('',*,*,#11472,.T.);
#11522 = ADVANCED_FACE('',(#11523,#11526),#11510,.F.);
#11523 = FACE_BOUND('',#11524,.F.);
#11524 = EDGE_LOOP('',(#11525));
#11525 = ORIENTED_EDGE('',*,*,#11495,.T.);
#11526 = FACE_BOUND('',#11527,.F.);
#11527 = EDGE_LOOP('',(#11528));
#11528 = ORIENTED_EDGE('',*,*,#11529,.F.);
#11529 = EDGE_CURVE('',#11530,#11530,#11532,.T.);
#11530 = VERTEX_POINT('',#11531);
#11531 = CARTESIAN_POINT('',(38.75,-43.5,70.5));
#11532 = SURFACE_CURVE('',#11533,(#11538,#11545),.PCURVE_S1.);
#11533 = CIRCLE('',#11534,1.);
#11534 = AXIS2_PLACEMENT_3D('',#11535,#11536,#11537);
#11535 = CARTESIAN_POINT('',(37.75,-43.5,70.5));
#11536 = DIRECTION('',(0.,0.,1.));
#11537 = DIRECTION('',(1.,0.,-0.));
#11538 = PCURVE('',#11510,#11539);
#11539 = DEFINITIONAL_REPRESENTATION('',(#11540),#11544);
#11540 = CIRCLE('',#11541,1.);
#11541 = AXIS2_PLACEMENT_2D('',#11542,#11543);
#11542 = CARTESIAN_POINT('',(0.,0.));
#11543 = DIRECTION('',(1.,0.));
#11544 = ( GEOMETRIC_REPRESENTATION_CONTEXT(2) 
PARAMETRIC_REPRESENTATION_CONTEXT() REPRESENTATION_CONTEXT('2D SPACE',''
  ) );
#11545 = PCURVE('',#11546,#11551);
#11546 = CYLINDRICAL_SURFACE('',#11547,1.);
#11547 = AXIS2_PLACEMENT_3D('',#11548,#11549,#11550);
#11548 = CARTESIAN_POINT('',(37.75,-43.5,70.49));
#11549 = DIRECTION('',(0.,0.,1.));
#11550 = DIRECTION('',(1.,0.,-0.));
#11551 = DEFINITIONAL_REPRESENTATION('',(#11552),#11556);
#11552 = LINE('',#11553,#11554);
#11553 = CARTESIAN_POINT('',(0.,1.000000000001E-02));
#11554 = VECTOR('',#11555,1.);
#11555 = DIRECTION('',(1.,0.));
#11556 = ( GEOMETRIC_REPRESENTATION_CONTEXT(2) 
PARAMETRIC_REPRESENTATION_CONTEXT() REPRESENTATION_CONTEXT('2D SPACE',''
  ) );
#11557 = ADVANCED_FACE('',(#11558),#11546,.F.);
#11558 = FACE_BOUND('',#11559,.F.);
#11559 = EDGE_LOOP('',(#11560,#11583,#11610,#11611));
#11560 = ORIENTED_EDGE('',*,*,#11561,.T.);
#11561 = EDGE_CURVE('',#11530,#11562,#11564,.T.);
#11562 = VERTEX_POINT('',#11563);
#11563 = CARTESIAN_POINT('',(38.75,-43.5,77.));
#11564 = SEAM_CURVE('',#11565,(#11569,#11576),.PCURVE_S1.);
#11565 = LINE('',#11566,#11567);
#11566 = CARTESIAN_POINT('',(38.75,-43.5,70.49));
#11567 = VECTOR('',#11568,1.);
#11568 = DIRECTION('',(0.,0.,1.));
#11569 = PCURVE('',#11546,#11570);
#11570 = DEFINITIONAL_REPRESENTATION('',(#11571),#11575);
#11571 = LINE('',#11572,#11573);
#11572 = CARTESIAN_POINT('',(6.28318530718,-0.));
#11573 = VECTOR('',#11574,1.);
#11574 = DIRECTION('',(0.,1.));
#11575 = ( GEOMETRIC_REPRESENTATION_CONTEXT(2) 
PARAMETRIC_REPRESENTATION_CONTEXT() REPRESENTATION_CONTEXT('2D SPACE',''
  ) );
#11576 = PCURVE('',#11546,#11577);
#11577 = DEFINITIONAL_REPRESENTATION('',(#11578),#11582);
#11578 = LINE('',#11579,#11580);
#11579 = CARTESIAN_POINT('',(0.,-0.));
#11580 = VECTOR('',#11581,1.);
#11581 = DIRECTION('',(0.,1.));
#11582 = ( GEOMETRIC_REPRESENTATION_CONTEXT(2) 
PARAMETRIC_REPRESENTATION_CONTEXT() REPRESENTATION_CONTEXT('2D SPACE',''
  ) );
#11583 = ORIENTED_EDGE('',*,*,#11584,.F.);
#11584 = EDGE_CURVE('',#11562,#11562,#11585,.T.);
#11585 = SURFACE_CURVE('',#11586,(#11591,#11598),.PCURVE_S1.);
#11586 = CIRCLE('',#11587,1.);
#11587 = AXIS2_PLACEMENT_3D('',#11588,#11589,#11590);
#11588 = CARTESIAN_POINT('',(37.75,-43.5,77.));
#11589 = DIRECTION('',(0.,0.,1.));
#11590 = DIRECTION('',(1.,0.,-0.));
#11591 = PCURVE('',#11546,#11592);
#11592 = DEFINITIONAL_REPRESENTATION('',(#11593),#11597);
#11593 = LINE('',#11594,#11595);
#11594 = CARTESIAN_POINT('',(0.,6.51));
#11595 = VECTOR('',#11596,1.);
#11596 = DIRECTION('',(1.,0.));
#11597 = ( GEOMETRIC_REPRESENTATION_CONTEXT(2) 
PARAMETRIC_REPRESENTATION_CONTEXT() REPRESENTATION_CONTEXT('2D SPACE',''
  ) );
#11598 = PCURVE('',#11599,#11604);
#11599 = PLANE('',#11600);
#11600 = AXIS2_PLACEMENT_3D('',#11601,#11602,#11603);
#11601 = CARTESIAN_POINT('',(37.75,-43.5,77.));
#11602 = DIRECTION('',(0.,0.,1.));
#11603 = DIRECTION('',(1.,0.,-0.));
#11604 = DEFINITIONAL_REPRESENTATION('',(#11605),#11609);
#11605 = CIRCLE('',#11606,1.);
#11606 = AXIS2_PLACEMENT_2D('',#11607,#11608);
#11607 = CARTESIAN_POINT('',(0.,0.));
#11608 = DIRECTION('',(1.,0.));
#11609 = ( GEOMETRIC_REPRESENTATION_CONTEXT(2) 
PARAMETRIC_REPRESENTATION_CONTEXT() REPRESENTATION_CONTEXT('2D SPACE',''
  ) );
#11610 = ORIENTED_EDGE('',*,*,#11561,.F.);
#11611 = ORIENTED_EDGE('',*,*,#11529,.T.);
#11612 = ADVANCED_FACE('',(#11613),#11599,.F.);
#11613 = FACE_BOUND('',#11614,.F.);
#11614 = EDGE_LOOP('',(#11615));
#11615 = ORIENTED_EDGE('',*,*,#11584,.T.);
#11616 = ADVANCED_FACE('',(#11617),#11074,.T.);
#11617 = FACE_BOUND('',#11618,.T.);
#11618 = EDGE_LOOP('',(#11619,#11620,#11641,#11664,#11687,#11713,#11736,
    #11759));
#11619 = ORIENTED_EDGE('',*,*,#11058,.T.);
#11620 = ORIENTED_EDGE('',*,*,#11621,.T.);
#11621 = EDGE_CURVE('',#11059,#11622,#11624,.T.);
#11622 = VERTEX_POINT('',#11623);
#11623 = CARTESIAN_POINT('',(94.1,-57.9,62.8));
#11624 = SURFACE_CURVE('',#11625,(#11629,#11635),.PCURVE_S1.);
#11625 = LINE('',#11626,#11627);
#11626 = CARTESIAN_POINT('',(94.1,-57.9,10.5));
#11627 = VECTOR('',#11628,1.);
#11628 = DIRECTION('',(-0.,0.,-1.));
#11629 = PCURVE('',#11074,#11630);
#11630 = DEFINITIONAL_REPRESENTATION('',(#11631),#11634);
#11631 = B_SPLINE_CURVE_WITH_KNOTS('',1,(#11632,#11633),.UNSPECIFIED.,
  .F.,.F.,(2,2),(-69.,-52.3),.PIECEWISE_BEZIER_KNOTS.);
#11632 = CARTESIAN_POINT('',(189.051,-79.5));
#11633 = CARTESIAN_POINT('',(189.051,-62.8));
#11634 = ( GEOMETRIC_REPRESENTATION_CONTEXT(2) 
PARAMETRIC_REPRESENTATION_CONTEXT() REPRESENTATION_CONTEXT('2D SPACE',''
  ) );
#11635 = PCURVE('',#708,#11636);
#11636 = DEFINITIONAL_REPRESENTATION('',(#11637),#11640);
#11637 = B_SPLINE_CURVE_WITH_KNOTS('',1,(#11638,#11639),.UNSPECIFIED.,
  .F.,.F.,(2,2),(-69.,-52.3),.PIECEWISE_BEZIER_KNOTS.);
#11638 = CARTESIAN_POINT('',(58.5,-2.1));
#11639 = CARTESIAN_POINT('',(41.8,-2.1));
#11640 = ( GEOMETRIC_REPRESENTATION_CONTEXT(2) 
PARAMETRIC_REPRESENTATION_CONTEXT() REPRESENTATION_CONTEXT('2D SPACE',''
  ) );
#11641 = ORIENTED_EDGE('',*,*,#11642,.F.);
#11642 = EDGE_CURVE('',#11643,#11622,#11645,.T.);
#11643 = VERTEX_POINT('',#11644);
#11644 = CARTESIAN_POINT('',(15.,-57.9,62.8));
#11645 = SURFACE_CURVE('',#11646,(#11650,#11657),.PCURVE_S1.);
#11646 = LINE('',#11647,#11648);
#11647 = CARTESIAN_POINT('',(-94.951,-57.9,62.8));
#11648 = VECTOR('',#11649,1.);
#11649 = DIRECTION('',(1.,0.,0.));
#11650 = PCURVE('',#11074,#11651);
#11651 = DEFINITIONAL_REPRESENTATION('',(#11652),#11656);
#11652 = LINE('',#11653,#11654);
#11653 = CARTESIAN_POINT('',(0.,-62.8));
#11654 = VECTOR('',#11655,1.);
#11655 = DIRECTION('',(1.,0.));
#11656 = ( GEOMETRIC_REPRESENTATION_CONTEXT(2) 
PARAMETRIC_REPRESENTATION_CONTEXT() REPRESENTATION_CONTEXT('2D SPACE',''
  ) );
#11657 = PCURVE('',#681,#11658);
#11658 = DEFINITIONAL_REPRESENTATION('',(#11659),#11663);
#11659 = LINE('',#11660,#11661);
#11660 = CARTESIAN_POINT('',(1.131370849898,0.));
#11661 = VECTOR('',#11662,1.);
#11662 = DIRECTION('',(0.,-1.));
#11663 = ( GEOMETRIC_REPRESENTATION_CONTEXT(2) 
PARAMETRIC_REPRESENTATION_CONTEXT() REPRESENTATION_CONTEXT('2D SPACE',''
  ) );
#11664 = ORIENTED_EDGE('',*,*,#11665,.F.);
#11665 = EDGE_CURVE('',#11666,#11643,#11668,.T.);
#11666 = VERTEX_POINT('',#11667);
#11667 = CARTESIAN_POINT('',(15.,-57.9,73.8));
#11668 = SURFACE_CURVE('',#11669,(#11673,#11680),.PCURVE_S1.);
#11669 = LINE('',#11670,#11671);
#11670 = CARTESIAN_POINT('',(15.,-57.9,73.8));
#11671 = VECTOR('',#11672,1.);
#11672 = DIRECTION('',(0.,0.,-1.));
#11673 = PCURVE('',#11074,#11674);
#11674 = DEFINITIONAL_REPRESENTATION('',(#11675),#11679);
#11675 = LINE('',#11676,#11677);
#11676 = CARTESIAN_POINT('',(109.951,-73.8));
#11677 = VECTOR('',#11678,1.);
#11678 = DIRECTION('',(0.,1.));
#11679 = ( GEOMETRIC_REPRESENTATION_CONTEXT(2) 
PARAMETRIC_REPRESENTATION_CONTEXT() REPRESENTATION_CONTEXT('2D SPACE',''
  ) );
#11680 = PCURVE('',#653,#11681);
#11681 = DEFINITIONAL_REPRESENTATION('',(#11682),#11686);
#11682 = LINE('',#11683,#11684);
#11683 = CARTESIAN_POINT('',(13.9,-1.1));
#11684 = VECTOR('',#11685,1.);
#11685 = DIRECTION('',(-1.,0.));
#11686 = ( GEOMETRIC_REPRESENTATION_CONTEXT(2) 
PARAMETRIC_REPRESENTATION_CONTEXT() REPRESENTATION_CONTEXT('2D SPACE',''
  ) );
#11687 = ORIENTED_EDGE('',*,*,#11688,.T.);
#11688 = EDGE_CURVE('',#11666,#11689,#11691,.T.);
#11689 = VERTEX_POINT('',#11690);
#11690 = CARTESIAN_POINT('',(-15.,-57.9,73.8));
#11691 = SURFACE_CURVE('',#11692,(#11696,#11702),.PCURVE_S1.);
#11692 = LINE('',#11693,#11694);
#11693 = CARTESIAN_POINT('',(-54.9755,-57.9,73.8));
#11694 = VECTOR('',#11695,1.);
#11695 = DIRECTION('',(-1.,0.,-0.));
#11696 = PCURVE('',#11074,#11697);
#11697 = DEFINITIONAL_REPRESENTATION('',(#11698),#11701);
#11698 = B_SPLINE_CURVE_WITH_KNOTS('',1,(#11699,#11700),.UNSPECIFIED.,
  .F.,.F.,(2,2),(-69.9755,-39.9755),.PIECEWISE_BEZIER_KNOTS.);
#11699 = CARTESIAN_POINT('',(109.951,-73.8));
#11700 = CARTESIAN_POINT('',(79.951,-73.8));
#11701 = ( GEOMETRIC_REPRESENTATION_CONTEXT(2) 
PARAMETRIC_REPRESENTATION_CONTEXT() REPRESENTATION_CONTEXT('2D SPACE',''
  ) );
#11702 = PCURVE('',#11703,#11708);
#11703 = PLANE('',#11704);
#11704 = AXIS2_PLACEMENT_3D('',#11705,#11706,#11707);
#11705 = CARTESIAN_POINT('',(-15.,-47.,62.9));
#11706 = DIRECTION('',(0.,-0.707106781187,-0.707106781187));
#11707 = DIRECTION('',(0.,-0.707106781187,0.707106781187));
#11708 = DEFINITIONAL_REPRESENTATION('',(#11709),#11712);
#11709 = B_SPLINE_CURVE_WITH_KNOTS('',1,(#11710,#11711),.UNSPECIFIED.,
  .F.,.F.,(2,2),(-69.9755,-39.9755),.PIECEWISE_BEZIER_KNOTS.);
#11710 = CARTESIAN_POINT('',(15.414927829867,-30.));
#11711 = CARTESIAN_POINT('',(15.414927829867,0.));
#11712 = ( GEOMETRIC_REPRESENTATION_CONTEXT(2) 
PARAMETRIC_REPRESENTATION_CONTEXT() REPRESENTATION_CONTEXT('2D SPACE',''
  ) );
#11713 = ORIENTED_EDGE('',*,*,#11714,.F.);
#11714 = EDGE_CURVE('',#11715,#11689,#11717,.T.);
#11715 = VERTEX_POINT('',#11716);
#11716 = CARTESIAN_POINT('',(-15.,-57.9,62.8));
#11717 = SURFACE_CURVE('',#11718,(#11722,#11729),.PCURVE_S1.);
#11718 = LINE('',#11719,#11720);
#11719 = CARTESIAN_POINT('',(-15.,-57.9,62.8));
#11720 = VECTOR('',#11721,1.);
#11721 = DIRECTION('',(0.,0.,1.));
#11722 = PCURVE('',#11074,#11723);
#11723 = DEFINITIONAL_REPRESENTATION('',(#11724),#11728);
#11724 = LINE('',#11725,#11726);
#11725 = CARTESIAN_POINT('',(79.951,-62.8));
#11726 = VECTOR('',#11727,1.);
#11727 = DIRECTION('',(0.,-1.));
#11728 = ( GEOMETRIC_REPRESENTATION_CONTEXT(2) 
PARAMETRIC_REPRESENTATION_CONTEXT() REPRESENTATION_CONTEXT('2D SPACE',''
  ) );
#11729 = PCURVE('',#600,#11730);
#11730 = DEFINITIONAL_REPRESENTATION('',(#11731),#11735);
#11731 = LINE('',#11732,#11733);
#11732 = CARTESIAN_POINT('',(2.9,-1.1));
#11733 = VECTOR('',#11734,1.);
#11734 = DIRECTION('',(1.,0.));
#11735 = ( GEOMETRIC_REPRESENTATION_CONTEXT(2) 
PARAMETRIC_REPRESENTATION_CONTEXT() REPRESENTATION_CONTEXT('2D SPACE',''
  ) );
#11736 = ORIENTED_EDGE('',*,*,#11737,.F.);
#11737 = EDGE_CURVE('',#11738,#11715,#11740,.T.);
#11738 = VERTEX_POINT('',#11739);
#11739 = CARTESIAN_POINT('',(-94.1,-57.9,62.8));
#11740 = SURFACE_CURVE('',#11741,(#11745,#11752),.PCURVE_S1.);
#11741 = LINE('',#11742,#11743);
#11742 = CARTESIAN_POINT('',(-94.951,-57.9,62.8));
#11743 = VECTOR('',#11744,1.);
#11744 = DIRECTION('',(1.,0.,0.));
#11745 = PCURVE('',#11074,#11746);
#11746 = DEFINITIONAL_REPRESENTATION('',(#11747),#11751);
#11747 = LINE('',#11748,#11749);
#11748 = CARTESIAN_POINT('',(0.,-62.8));
#11749 = VECTOR('',#11750,1.);
#11750 = DIRECTION('',(1.,0.));
#11751 = ( GEOMETRIC_REPRESENTATION_CONTEXT(2) 
PARAMETRIC_REPRESENTATION_CONTEXT() REPRESENTATION_CONTEXT('2D SPACE',''
  ) );
#11752 = PCURVE('',#573,#11753);
#11753 = DEFINITIONAL_REPRESENTATION('',(#11754),#11758);
#11754 = LINE('',#11755,#11756);
#11755 = CARTESIAN_POINT('',(1.131370849898,0.));
#11756 = VECTOR('',#11757,1.);
#11757 = DIRECTION('',(0.,-1.));
#11758 = ( GEOMETRIC_REPRESENTATION_CONTEXT(2) 
PARAMETRIC_REPRESENTATION_CONTEXT() REPRESENTATION_CONTEXT('2D SPACE',''
  ) );
#11759 = ORIENTED_EDGE('',*,*,#11760,.F.);
#11760 = EDGE_CURVE('',#11036,#11738,#11761,.T.);
#11761 = SURFACE_CURVE('',#11762,(#11766,#11772),.PCURVE_S1.);
#11762 = LINE('',#11763,#11764);
#11763 = CARTESIAN_POINT('',(-94.1,-57.9,10.5));
#11764 = VECTOR('',#11765,1.);
#11765 = DIRECTION('',(-0.,0.,-1.));
#11766 = PCURVE('',#11074,#11767);
#11767 = DEFINITIONAL_REPRESENTATION('',(#11768),#11771);
#11768 = B_SPLINE_CURVE_WITH_KNOTS('',1,(#11769,#11770),.UNSPECIFIED.,
  .F.,.F.,(2,2),(-69.,-52.3),.PIECEWISE_BEZIER_KNOTS.);
#11769 = CARTESIAN_POINT('',(0.851,-79.5));
#11770 = CARTESIAN_POINT('',(0.851,-62.8));
#11771 = ( GEOMETRIC_REPRESENTATION_CONTEXT(2) 
PARAMETRIC_REPRESENTATION_CONTEXT() REPRESENTATION_CONTEXT('2D SPACE',''
  ) );
#11772 = PCURVE('',#546,#11773);
#11773 = DEFINITIONAL_REPRESENTATION('',(#11774),#11777);
#11774 = B_SPLINE_CURVE_WITH_KNOTS('',1,(#11775,#11776),.UNSPECIFIED.,
  .F.,.F.,(2,2),(-69.,-52.3),.PIECEWISE_BEZIER_KNOTS.);
#11775 = CARTESIAN_POINT('',(58.5,-2.1));
#11776 = CARTESIAN_POINT('',(41.8,-2.1));
#11777 = ( GEOMETRIC_REPRESENTATION_CONTEXT(2) 
PARAMETRIC_REPRESENTATION_CONTEXT() REPRESENTATION_CONTEXT('2D SPACE',''
  ) );
#11778 = ADVANCED_FACE('',(#11779),#11703,.F.);
#11779 = FACE_BOUND('',#11780,.F.);
#11780 = EDGE_LOOP('',(#11781,#11804,#11832,#11853));
#11781 = ORIENTED_EDGE('',*,*,#11782,.F.);
#11782 = EDGE_CURVE('',#11783,#11689,#11785,.T.);
#11783 = VERTEX_POINT('',#11784);
#11784 = CARTESIAN_POINT('',(-15.,-47.,62.9));
#11785 = SURFACE_CURVE('',#11786,(#11790,#11797),.PCURVE_S1.);
#11786 = LINE('',#11787,#11788);
#11787 = CARTESIAN_POINT('',(-15.,-47.,62.9));
#11788 = VECTOR('',#11789,1.);
#11789 = DIRECTION('',(0.,-0.707106781187,0.707106781187));
#11790 = PCURVE('',#11703,#11791);
#11791 = DEFINITIONAL_REPRESENTATION('',(#11792),#11796);
#11792 = LINE('',#11793,#11794);
#11793 = CARTESIAN_POINT('',(0.,0.));
#11794 = VECTOR('',#11795,1.);
#11795 = DIRECTION('',(1.,0.));
#11796 = ( GEOMETRIC_REPRESENTATION_CONTEXT(2) 
PARAMETRIC_REPRESENTATION_CONTEXT() REPRESENTATION_CONTEXT('2D SPACE',''
  ) );
#11797 = PCURVE('',#600,#11798);
#11798 = DEFINITIONAL_REPRESENTATION('',(#11799),#11803);
#11799 = LINE('',#11800,#11801);
#11800 = CARTESIAN_POINT('',(3.,-12.));
#11801 = VECTOR('',#11802,1.);
#11802 = DIRECTION('',(0.707106781187,0.707106781187));
#11803 = ( GEOMETRIC_REPRESENTATION_CONTEXT(2) 
PARAMETRIC_REPRESENTATION_CONTEXT() REPRESENTATION_CONTEXT('2D SPACE',''
  ) );
#11804 = ORIENTED_EDGE('',*,*,#11805,.T.);
#11805 = EDGE_CURVE('',#11783,#11806,#11808,.T.);
#11806 = VERTEX_POINT('',#11807);
#11807 = CARTESIAN_POINT('',(15.,-47.,62.9));
#11808 = SURFACE_CURVE('',#11809,(#11813,#11820),.PCURVE_S1.);
#11809 = LINE('',#11810,#11811);
#11810 = CARTESIAN_POINT('',(-15.,-47.,62.9));
#11811 = VECTOR('',#11812,1.);
#11812 = DIRECTION('',(1.,0.,-0.));
#11813 = PCURVE('',#11703,#11814);
#11814 = DEFINITIONAL_REPRESENTATION('',(#11815),#11819);
#11815 = LINE('',#11816,#11817);
#11816 = CARTESIAN_POINT('',(0.,0.));
#11817 = VECTOR('',#11818,1.);
#11818 = DIRECTION('',(0.,-1.));
#11819 = ( GEOMETRIC_REPRESENTATION_CONTEXT(2) 
PARAMETRIC_REPRESENTATION_CONTEXT() REPRESENTATION_CONTEXT('2D SPACE',''
  ) );
#11820 = PCURVE('',#11821,#11826);
#11821 = PLANE('',#11822);
#11822 = AXIS2_PLACEMENT_3D('',#11823,#11824,#11825);
#11823 = CARTESIAN_POINT('',(-15.,-47.,59.9));
#11824 = DIRECTION('',(-0.,1.,0.));
#11825 = DIRECTION('',(0.,0.,1.));
#11826 = DEFINITIONAL_REPRESENTATION('',(#11827),#11831);
#11827 = LINE('',#11828,#11829);
#11828 = CARTESIAN_POINT('',(3.,0.));
#11829 = VECTOR('',#11830,1.);
#11830 = DIRECTION('',(0.,1.));
#11831 = ( GEOMETRIC_REPRESENTATION_CONTEXT(2) 
PARAMETRIC_REPRESENTATION_CONTEXT() REPRESENTATION_CONTEXT('2D SPACE',''
  ) );
#11832 = ORIENTED_EDGE('',*,*,#11833,.T.);
#11833 = EDGE_CURVE('',#11806,#11666,#11834,.T.);
#11834 = SURFACE_CURVE('',#11835,(#11839,#11846),.PCURVE_S1.);
#11835 = LINE('',#11836,#11837);
#11836 = CARTESIAN_POINT('',(15.,-47.,62.9));
#11837 = VECTOR('',#11838,1.);
#11838 = DIRECTION('',(0.,-0.707106781187,0.707106781187));
#11839 = PCURVE('',#11703,#11840);
#11840 = DEFINITIONAL_REPRESENTATION('',(#11841),#11845);
#11841 = LINE('',#11842,#11843);
#11842 = CARTESIAN_POINT('',(0.,-30.));
#11843 = VECTOR('',#11844,1.);
#11844 = DIRECTION('',(1.,0.));
#11845 = ( GEOMETRIC_REPRESENTATION_CONTEXT(2) 
PARAMETRIC_REPRESENTATION_CONTEXT() REPRESENTATION_CONTEXT('2D SPACE',''
  ) );
#11846 = PCURVE('',#653,#11847);
#11847 = DEFINITIONAL_REPRESENTATION('',(#11848),#11852);
#11848 = LINE('',#11849,#11850);
#11849 = CARTESIAN_POINT('',(3.,-12.));
#11850 = VECTOR('',#11851,1.);
#11851 = DIRECTION('',(0.707106781187,0.707106781187));
#11852 = ( GEOMETRIC_REPRESENTATION_CONTEXT(2) 
PARAMETRIC_REPRESENTATION_CONTEXT() REPRESENTATION_CONTEXT('2D SPACE',''
  ) );
#11853 = ORIENTED_EDGE('',*,*,#11688,.T.);
#11854 = ADVANCED_FACE('',(#11855),#11821,.T.);
#11855 = FACE_BOUND('',#11856,.T.);
#11856 = EDGE_LOOP('',(#11857,#11882,#11903,#11904));
#11857 = ORIENTED_EDGE('',*,*,#11858,.F.);
#11858 = EDGE_CURVE('',#11859,#11861,#11863,.T.);
#11859 = VERTEX_POINT('',#11860);
#11860 = CARTESIAN_POINT('',(-15.,-47.,59.9));
#11861 = VERTEX_POINT('',#11862);
#11862 = CARTESIAN_POINT('',(15.,-47.,59.9));
#11863 = SURFACE_CURVE('',#11864,(#11868,#11875),.PCURVE_S1.);
#11864 = LINE('',#11865,#11866);
#11865 = CARTESIAN_POINT('',(-15.,-47.,59.9));
#11866 = VECTOR('',#11867,1.);
#11867 = DIRECTION('',(1.,0.,-0.));
#11868 = PCURVE('',#11821,#11869);
#11869 = DEFINITIONAL_REPRESENTATION('',(#11870),#11874);
#11870 = LINE('',#11871,#11872);
#11871 = CARTESIAN_POINT('',(0.,0.));
#11872 = VECTOR('',#11873,1.);
#11873 = DIRECTION('',(0.,1.));
#11874 = ( GEOMETRIC_REPRESENTATION_CONTEXT(2) 
PARAMETRIC_REPRESENTATION_CONTEXT() REPRESENTATION_CONTEXT('2D SPACE',''
  ) );
#11875 = PCURVE('',#627,#11876);
#11876 = DEFINITIONAL_REPRESENTATION('',(#11877),#11881);
#11877 = LINE('',#11878,#11879);
#11878 = CARTESIAN_POINT('',(0.,12.));
#11879 = VECTOR('',#11880,1.);
#11880 = DIRECTION('',(1.,0.));
#11881 = ( GEOMETRIC_REPRESENTATION_CONTEXT(2) 
PARAMETRIC_REPRESENTATION_CONTEXT() REPRESENTATION_CONTEXT('2D SPACE',''
  ) );
#11882 = ORIENTED_EDGE('',*,*,#11883,.T.);
#11883 = EDGE_CURVE('',#11859,#11783,#11884,.T.);
#11884 = SURFACE_CURVE('',#11885,(#11889,#11896),.PCURVE_S1.);
#11885 = LINE('',#11886,#11887);
#11886 = CARTESIAN_POINT('',(-15.,-47.,59.9));
#11887 = VECTOR('',#11888,1.);
#11888 = DIRECTION('',(0.,0.,1.));
#11889 = PCURVE('',#11821,#11890);
#11890 = DEFINITIONAL_REPRESENTATION('',(#11891),#11895);
#11891 = LINE('',#11892,#11893);
#11892 = CARTESIAN_POINT('',(0.,0.));
#11893 = VECTOR('',#11894,1.);
#11894 = DIRECTION('',(1.,0.));
#11895 = ( GEOMETRIC_REPRESENTATION_CONTEXT(2) 
PARAMETRIC_REPRESENTATION_CONTEXT() REPRESENTATION_CONTEXT('2D SPACE',''
  ) );
#11896 = PCURVE('',#600,#11897);
#11897 = DEFINITIONAL_REPRESENTATION('',(#11898),#11902);
#11898 = LINE('',#11899,#11900);
#11899 = CARTESIAN_POINT('',(0.,-12.));
#11900 = VECTOR('',#11901,1.);
#11901 = DIRECTION('',(1.,0.));
#11902 = ( GEOMETRIC_REPRESENTATION_CONTEXT(2) 
PARAMETRIC_REPRESENTATION_CONTEXT() REPRESENTATION_CONTEXT('2D SPACE',''
  ) );
#11903 = ORIENTED_EDGE('',*,*,#11805,.T.);
#11904 = ORIENTED_EDGE('',*,*,#11905,.F.);
#11905 = EDGE_CURVE('',#11861,#11806,#11906,.T.);
#11906 = SURFACE_CURVE('',#11907,(#11911,#11918),.PCURVE_S1.);
#11907 = LINE('',#11908,#11909);
#11908 = CARTESIAN_POINT('',(15.,-47.,59.9));
#11909 = VECTOR('',#11910,1.);
#11910 = DIRECTION('',(0.,0.,1.));
#11911 = PCURVE('',#11821,#11912);
#11912 = DEFINITIONAL_REPRESENTATION('',(#11913),#11917);
#11913 = LINE('',#11914,#11915);
#11914 = CARTESIAN_POINT('',(0.,30.));
#11915 = VECTOR('',#11916,1.);
#11916 = DIRECTION('',(1.,0.));
#11917 = ( GEOMETRIC_REPRESENTATION_CONTEXT(2) 
PARAMETRIC_REPRESENTATION_CONTEXT() REPRESENTATION_CONTEXT('2D SPACE',''
  ) );
#11918 = PCURVE('',#653,#11919);
#11919 = DEFINITIONAL_REPRESENTATION('',(#11920),#11924);
#11920 = LINE('',#11921,#11922);
#11921 = CARTESIAN_POINT('',(0.,-12.));
#11922 = VECTOR('',#11923,1.);
#11923 = DIRECTION('',(1.,0.));
#11924 = ( GEOMETRIC_REPRESENTATION_CONTEXT(2) 
PARAMETRIC_REPRESENTATION_CONTEXT() REPRESENTATION_CONTEXT('2D SPACE',''
  ) );
#11925 = ADVANCED_FACE('',(#11926),#1045,.F.);
#11926 = FACE_BOUND('',#11927,.F.);
#11927 = EDGE_LOOP('',(#11928,#11929,#11930,#11950));
#11928 = ORIENTED_EDGE('',*,*,#1265,.F.);
#11929 = ORIENTED_EDGE('',*,*,#1359,.F.);
#11930 = ORIENTED_EDGE('',*,*,#11931,.F.);
#11931 = EDGE_CURVE('',#958,#1360,#11932,.T.);
#11932 = SURFACE_CURVE('',#11933,(#11937,#11943),.PCURVE_S1.);
#11933 = LINE('',#11934,#11935);
#11934 = CARTESIAN_POINT('',(-110.,-56.2,15.5));
#11935 = VECTOR('',#11936,1.);
#11936 = DIRECTION('',(-1.,-0.,0.));
#11937 = PCURVE('',#1045,#11938);
#11938 = DEFINITIONAL_REPRESENTATION('',(#11939),#11942);
#11939 = B_SPLINE_CURVE_WITH_KNOTS('',1,(#11940,#11941),.UNSPECIFIED.,
  .F.,.F.,(2,2),(-15.049,-15.04872908732),.PIECEWISE_BEZIER_KNOTS.);
#11940 = CARTESIAN_POINT('',(8.,15.049));
#11941 = CARTESIAN_POINT('',(8.,15.048729087325));
#11942 = ( GEOMETRIC_REPRESENTATION_CONTEXT(2) 
PARAMETRIC_REPRESENTATION_CONTEXT() REPRESENTATION_CONTEXT('2D SPACE',''
  ) );
#11943 = PCURVE('',#467,#11944);
#11944 = DEFINITIONAL_REPRESENTATION('',(#11945),#11949);
#11945 = LINE('',#11946,#11947);
#11946 = CARTESIAN_POINT('',(0.,8.8));
#11947 = VECTOR('',#11948,1.);
#11948 = DIRECTION('',(-1.,0.));
#11949 = ( GEOMETRIC_REPRESENTATION_CONTEXT(2) 
PARAMETRIC_REPRESENTATION_CONTEXT() REPRESENTATION_CONTEXT('2D SPACE',''
  ) );
#11950 = ORIENTED_EDGE('',*,*,#1029,.F.);
#11951 = ADVANCED_FACE('',(#11952),#520,.F.);
#11952 = FACE_BOUND('',#11953,.F.);
#11953 = EDGE_LOOP('',(#11954,#11955,#11976,#11977));
#11954 = ORIENTED_EDGE('',*,*,#505,.T.);
#11955 = ORIENTED_EDGE('',*,*,#11956,.T.);
#11956 = EDGE_CURVE('',#506,#1140,#11957,.T.);
#11957 = SURFACE_CURVE('',#11958,(#11962,#11969),.PCURVE_S1.);
#11958 = LINE('',#11959,#11960);
#11959 = CARTESIAN_POINT('',(-94.1,-60.,21.));
#11960 = VECTOR('',#11961,1.);
#11961 = DIRECTION('',(-0.,1.,0.));
#11962 = PCURVE('',#520,#11963);
#11963 = DEFINITIONAL_REPRESENTATION('',(#11964),#11968);
#11964 = LINE('',#11965,#11966);
#11965 = CARTESIAN_POINT('',(4.4,0.));
#11966 = VECTOR('',#11967,1.);
#11967 = DIRECTION('',(0.,1.));
#11968 = ( GEOMETRIC_REPRESENTATION_CONTEXT(2) 
PARAMETRIC_REPRESENTATION_CONTEXT() REPRESENTATION_CONTEXT('2D SPACE',''
  ) );
#11969 = PCURVE('',#546,#11970);
#11970 = DEFINITIONAL_REPRESENTATION('',(#11971),#11975);
#11971 = LINE('',#11972,#11973);
#11972 = CARTESIAN_POINT('',(0.,0.));
#11973 = VECTOR('',#11974,1.);
#11974 = DIRECTION('',(0.,-1.));
#11975 = ( GEOMETRIC_REPRESENTATION_CONTEXT(2) 
PARAMETRIC_REPRESENTATION_CONTEXT() REPRESENTATION_CONTEXT('2D SPACE',''
  ) );
#11976 = ORIENTED_EDGE('',*,*,#1160,.T.);
#11977 = ORIENTED_EDGE('',*,*,#1007,.T.);
#11978 = ADVANCED_FACE('',(#11979),#546,.T.);
#11979 = FACE_BOUND('',#11980,.T.);
#11980 = EDGE_LOOP('',(#11981,#11982,#11983,#12002,#12003,#12004));
#11981 = ORIENTED_EDGE('',*,*,#11035,.F.);
#11982 = ORIENTED_EDGE('',*,*,#11760,.T.);
#11983 = ORIENTED_EDGE('',*,*,#11984,.F.);
#11984 = EDGE_CURVE('',#532,#11738,#11985,.T.);
#11985 = SURFACE_CURVE('',#11986,(#11990,#11996),.PCURVE_S1.);
#11986 = LINE('',#11987,#11988);
#11987 = CARTESIAN_POINT('',(-94.1,-47.575,52.475));
#11988 = VECTOR('',#11989,1.);
#11989 = DIRECTION('',(0.,-0.707106781187,0.707106781187));
#11990 = PCURVE('',#546,#11991);
#11991 = DEFINITIONAL_REPRESENTATION('',(#11992),#11995);
#11992 = B_SPLINE_CURVE_WITH_KNOTS('',1,(#11993,#11994),.UNSPECIFIED.,
  .F.,.F.,(2,2),(13.470384181604,14.601755031502),
  .PIECEWISE_BEZIER_KNOTS.);
#11993 = CARTESIAN_POINT('',(41.,-2.9));
#11994 = CARTESIAN_POINT('',(41.8,-2.1));
#11995 = ( GEOMETRIC_REPRESENTATION_CONTEXT(2) 
PARAMETRIC_REPRESENTATION_CONTEXT() REPRESENTATION_CONTEXT('2D SPACE',''
  ) );
#11996 = PCURVE('',#573,#11997);
#11997 = DEFINITIONAL_REPRESENTATION('',(#11998),#12001);
#11998 = B_SPLINE_CURVE_WITH_KNOTS('',1,(#11999,#12000),.UNSPECIFIED.,
  .F.,.F.,(2,2),(13.470384181604,14.601755031502),
  .PIECEWISE_BEZIER_KNOTS.);
#11999 = CARTESIAN_POINT('',(0.,-0.851));
#12000 = CARTESIAN_POINT('',(1.131370849898,-0.851));
#12001 = ( GEOMETRIC_REPRESENTATION_CONTEXT(2) 
PARAMETRIC_REPRESENTATION_CONTEXT() REPRESENTATION_CONTEXT('2D SPACE',''
  ) );
#12002 = ORIENTED_EDGE('',*,*,#531,.T.);
#12003 = ORIENTED_EDGE('',*,*,#11956,.T.);
#12004 = ORIENTED_EDGE('',*,*,#1139,.T.);
#12005 = ADVANCED_FACE('',(#12006),#573,.F.);
#12006 = FACE_BOUND('',#12007,.F.);
#12007 = EDGE_LOOP('',(#12008,#12009,#12010,#12030));
#12008 = ORIENTED_EDGE('',*,*,#11984,.F.);
#12009 = ORIENTED_EDGE('',*,*,#557,.T.);
#12010 = ORIENTED_EDGE('',*,*,#12011,.T.);
#12011 = EDGE_CURVE('',#558,#11715,#12012,.T.);
#12012 = SURFACE_CURVE('',#12013,(#12017,#12023),.PCURVE_S1.);
#12013 = LINE('',#12014,#12015);
#12014 = CARTESIAN_POINT('',(-15.,-57.05,61.95));
#12015 = VECTOR('',#12016,1.);
#12016 = DIRECTION('',(0.,-0.707106781187,0.707106781187));
#12017 = PCURVE('',#573,#12018);
#12018 = DEFINITIONAL_REPRESENTATION('',(#12019),#12022);
#12019 = B_SPLINE_CURVE_WITH_KNOTS('',1,(#12020,#12021),.UNSPECIFIED.,
  .F.,.F.,(2,2),(7.071067811866E-02,1.202081528017),
  .PIECEWISE_BEZIER_KNOTS.);
#12020 = CARTESIAN_POINT('',(0.,-79.951));
#12021 = CARTESIAN_POINT('',(1.131370849898,-79.951));
#12022 = ( GEOMETRIC_REPRESENTATION_CONTEXT(2) 
PARAMETRIC_REPRESENTATION_CONTEXT() REPRESENTATION_CONTEXT('2D SPACE',''
  ) );
#12023 = PCURVE('',#600,#12024);
#12024 = DEFINITIONAL_REPRESENTATION('',(#12025),#12029);
#12025 = LINE('',#12026,#12027);
#12026 = CARTESIAN_POINT('',(2.05,-1.95));
#12027 = VECTOR('',#12028,1.);
#12028 = DIRECTION('',(0.707106781187,0.707106781187));
#12029 = ( GEOMETRIC_REPRESENTATION_CONTEXT(2) 
PARAMETRIC_REPRESENTATION_CONTEXT() REPRESENTATION_CONTEXT('2D SPACE',''
  ) );
#12030 = ORIENTED_EDGE('',*,*,#11737,.F.);
#12031 = ADVANCED_FACE('',(#12032),#600,.F.);
#12032 = FACE_BOUND('',#12033,.F.);
#12033 = EDGE_LOOP('',(#12034,#12035,#12056,#12057,#12058,#12059));
#12034 = ORIENTED_EDGE('',*,*,#585,.T.);
#12035 = ORIENTED_EDGE('',*,*,#12036,.T.);
#12036 = EDGE_CURVE('',#586,#11859,#12037,.T.);
#12037 = SURFACE_CURVE('',#12038,(#12042,#12049),.PCURVE_S1.);
#12038 = LINE('',#12039,#12040);
#12039 = CARTESIAN_POINT('',(-15.,-59.,59.9));
#12040 = VECTOR('',#12041,1.);
#12041 = DIRECTION('',(-0.,1.,0.));
#12042 = PCURVE('',#600,#12043);
#12043 = DEFINITIONAL_REPRESENTATION('',(#12044),#12048);
#12044 = LINE('',#12045,#12046);
#12045 = CARTESIAN_POINT('',(0.,0.));
#12046 = VECTOR('',#12047,1.);
#12047 = DIRECTION('',(0.,-1.));
#12048 = ( GEOMETRIC_REPRESENTATION_CONTEXT(2) 
PARAMETRIC_REPRESENTATION_CONTEXT() REPRESENTATION_CONTEXT('2D SPACE',''
  ) );
#12049 = PCURVE('',#627,#12050);
#12050 = DEFINITIONAL_REPRESENTATION('',(#12051),#12055);
#12051 = LINE('',#12052,#12053);
#12052 = CARTESIAN_POINT('',(0.,0.));
#12053 = VECTOR('',#12054,1.);
#12054 = DIRECTION('',(0.,1.));
#12055 = ( GEOMETRIC_REPRESENTATION_CONTEXT(2) 
PARAMETRIC_REPRESENTATION_CONTEXT() REPRESENTATION_CONTEXT('2D SPACE',''
  ) );
#12056 = ORIENTED_EDGE('',*,*,#11883,.T.);
#12057 = ORIENTED_EDGE('',*,*,#11782,.T.);
#12058 = ORIENTED_EDGE('',*,*,#11714,.F.);
#12059 = ORIENTED_EDGE('',*,*,#12011,.F.);
#12060 = ADVANCED_FACE('',(#12061),#627,.F.);
#12061 = FACE_BOUND('',#12062,.F.);
#12062 = EDGE_LOOP('',(#12063,#12064,#12065,#12086));
#12063 = ORIENTED_EDGE('',*,*,#12036,.F.);
#12064 = ORIENTED_EDGE('',*,*,#612,.T.);
#12065 = ORIENTED_EDGE('',*,*,#12066,.T.);
#12066 = EDGE_CURVE('',#613,#11861,#12067,.T.);
#12067 = SURFACE_CURVE('',#12068,(#12072,#12079),.PCURVE_S1.);
#12068 = LINE('',#12069,#12070);
#12069 = CARTESIAN_POINT('',(15.,-59.,59.9));
#12070 = VECTOR('',#12071,1.);
#12071 = DIRECTION('',(-0.,1.,0.));
#12072 = PCURVE('',#627,#12073);
#12073 = DEFINITIONAL_REPRESENTATION('',(#12074),#12078);
#12074 = LINE('',#12075,#12076);
#12075 = CARTESIAN_POINT('',(30.,0.));
#12076 = VECTOR('',#12077,1.);
#12077 = DIRECTION('',(0.,1.));
#12078 = ( GEOMETRIC_REPRESENTATION_CONTEXT(2) 
PARAMETRIC_REPRESENTATION_CONTEXT() REPRESENTATION_CONTEXT('2D SPACE',''
  ) );
#12079 = PCURVE('',#653,#12080);
#12080 = DEFINITIONAL_REPRESENTATION('',(#12081),#12085);
#12081 = LINE('',#12082,#12083);
#12082 = CARTESIAN_POINT('',(0.,0.));
#12083 = VECTOR('',#12084,1.);
#12084 = DIRECTION('',(0.,-1.));
#12085 = ( GEOMETRIC_REPRESENTATION_CONTEXT(2) 
PARAMETRIC_REPRESENTATION_CONTEXT() REPRESENTATION_CONTEXT('2D SPACE',''
  ) );
#12086 = ORIENTED_EDGE('',*,*,#11858,.F.);
#12087 = ADVANCED_FACE('',(#12088),#653,.T.);
#12088 = FACE_BOUND('',#12089,.T.);
#12089 = EDGE_LOOP('',(#12090,#12091,#12092,#12093,#12094,#12095));
#12090 = ORIENTED_EDGE('',*,*,#638,.T.);
#12091 = ORIENTED_EDGE('',*,*,#12066,.T.);
#12092 = ORIENTED_EDGE('',*,*,#11905,.T.);
#12093 = ORIENTED_EDGE('',*,*,#11833,.T.);
#12094 = ORIENTED_EDGE('',*,*,#11665,.T.);
#12095 = ORIENTED_EDGE('',*,*,#12096,.F.);
#12096 = EDGE_CURVE('',#639,#11643,#12097,.T.);
#12097 = SURFACE_CURVE('',#12098,(#12102,#12109),.PCURVE_S1.);
#12098 = LINE('',#12099,#12100);
#12099 = CARTESIAN_POINT('',(15.,-57.05,61.95));
#12100 = VECTOR('',#12101,1.);
#12101 = DIRECTION('',(0.,-0.707106781187,0.707106781187));
#12102 = PCURVE('',#653,#12103);
#12103 = DEFINITIONAL_REPRESENTATION('',(#12104),#12108);
#12104 = LINE('',#12105,#12106);
#12105 = CARTESIAN_POINT('',(2.05,-1.95));
#12106 = VECTOR('',#12107,1.);
#12107 = DIRECTION('',(0.707106781187,0.707106781187));
#12108 = ( GEOMETRIC_REPRESENTATION_CONTEXT(2) 
PARAMETRIC_REPRESENTATION_CONTEXT() REPRESENTATION_CONTEXT('2D SPACE',''
  ) );
#12109 = PCURVE('',#681,#12110);
#12110 = DEFINITIONAL_REPRESENTATION('',(#12111),#12114);
#12111 = B_SPLINE_CURVE_WITH_KNOTS('',1,(#12112,#12113),.UNSPECIFIED.,
  .F.,.F.,(2,2),(7.071067811866E-02,1.202081528017),
  .PIECEWISE_BEZIER_KNOTS.);
#12112 = CARTESIAN_POINT('',(0.,-109.951));
#12113 = CARTESIAN_POINT('',(1.131370849898,-109.951));
#12114 = ( GEOMETRIC_REPRESENTATION_CONTEXT(2) 
PARAMETRIC_REPRESENTATION_CONTEXT() REPRESENTATION_CONTEXT('2D SPACE',''
  ) );
#12115 = ADVANCED_FACE('',(#12116),#681,.F.);
#12116 = FACE_BOUND('',#12117,.F.);
#12117 = EDGE_LOOP('',(#12118,#12119,#12120,#12139));
#12118 = ORIENTED_EDGE('',*,*,#12096,.F.);
#12119 = ORIENTED_EDGE('',*,*,#665,.T.);
#12120 = ORIENTED_EDGE('',*,*,#12121,.T.);
#12121 = EDGE_CURVE('',#666,#11622,#12122,.T.);
#12122 = SURFACE_CURVE('',#12123,(#12127,#12133),.PCURVE_S1.);
#12123 = LINE('',#12124,#12125);
#12124 = CARTESIAN_POINT('',(94.1,-47.575,52.475));
#12125 = VECTOR('',#12126,1.);
#12126 = DIRECTION('',(0.,-0.707106781187,0.707106781187));
#12127 = PCURVE('',#681,#12128);
#12128 = DEFINITIONAL_REPRESENTATION('',(#12129),#12132);
#12129 = B_SPLINE_CURVE_WITH_KNOTS('',1,(#12130,#12131),.UNSPECIFIED.,
  .F.,.F.,(2,2),(13.470384181604,14.601755031502),
  .PIECEWISE_BEZIER_KNOTS.);
#12130 = CARTESIAN_POINT('',(0.,-189.051));
#12131 = CARTESIAN_POINT('',(1.131370849898,-189.051));
#12132 = ( GEOMETRIC_REPRESENTATION_CONTEXT(2) 
PARAMETRIC_REPRESENTATION_CONTEXT() REPRESENTATION_CONTEXT('2D SPACE',''
  ) );
#12133 = PCURVE('',#708,#12134);
#12134 = DEFINITIONAL_REPRESENTATION('',(#12135),#12138);
#12135 = B_SPLINE_CURVE_WITH_KNOTS('',1,(#12136,#12137),.UNSPECIFIED.,
  .F.,.F.,(2,2),(13.470384181604,14.601755031502),
  .PIECEWISE_BEZIER_KNOTS.);
#12136 = CARTESIAN_POINT('',(41.,-2.9));
#12137 = CARTESIAN_POINT('',(41.8,-2.1));
#12138 = ( GEOMETRIC_REPRESENTATION_CONTEXT(2) 
PARAMETRIC_REPRESENTATION_CONTEXT() REPRESENTATION_CONTEXT('2D SPACE',''
  ) );
#12139 = ORIENTED_EDGE('',*,*,#11642,.F.);
#12140 = ADVANCED_FACE('',(#12141),#708,.F.);
#12141 = FACE_BOUND('',#12142,.F.);
#12142 = EDGE_LOOP('',(#12143,#12144,#12145,#12146,#12147,#12168));
#12143 = ORIENTED_EDGE('',*,*,#11086,.F.);
#12144 = ORIENTED_EDGE('',*,*,#11621,.T.);
#12145 = ORIENTED_EDGE('',*,*,#12121,.F.);
#12146 = ORIENTED_EDGE('',*,*,#693,.T.);
#12147 = ORIENTED_EDGE('',*,*,#12148,.T.);
#12148 = EDGE_CURVE('',#694,#10440,#12149,.T.);
#12149 = SURFACE_CURVE('',#12150,(#12154,#12161),.PCURVE_S1.);
#12150 = LINE('',#12151,#12152);
#12151 = CARTESIAN_POINT('',(94.1,-60.,21.));
#12152 = VECTOR('',#12153,1.);
#12153 = DIRECTION('',(-0.,1.,0.));
#12154 = PCURVE('',#708,#12155);
#12155 = DEFINITIONAL_REPRESENTATION('',(#12156),#12160);
#12156 = LINE('',#12157,#12158);
#12157 = CARTESIAN_POINT('',(0.,0.));
#12158 = VECTOR('',#12159,1.);
#12159 = DIRECTION('',(0.,-1.));
#12160 = ( GEOMETRIC_REPRESENTATION_CONTEXT(2) 
PARAMETRIC_REPRESENTATION_CONTEXT() REPRESENTATION_CONTEXT('2D SPACE',''
  ) );
#12161 = PCURVE('',#734,#12162);
#12162 = DEFINITIONAL_REPRESENTATION('',(#12163),#12167);
#12163 = LINE('',#12164,#12165);
#12164 = CARTESIAN_POINT('',(0.,0.));
#12165 = VECTOR('',#12166,1.);
#12166 = DIRECTION('',(0.,1.));
#12167 = ( GEOMETRIC_REPRESENTATION_CONTEXT(2) 
PARAMETRIC_REPRESENTATION_CONTEXT() REPRESENTATION_CONTEXT('2D SPACE',''
  ) );
#12168 = ORIENTED_EDGE('',*,*,#10460,.T.);
#12169 = ADVANCED_FACE('',(#12170),#734,.F.);
#12170 = FACE_BOUND('',#12171,.F.);
#12171 = EDGE_LOOP('',(#12172,#12173,#12174,#12193));
#12172 = ORIENTED_EDGE('',*,*,#12148,.F.);
#12173 = ORIENTED_EDGE('',*,*,#719,.T.);
#12174 = ORIENTED_EDGE('',*,*,#12175,.T.);
#12175 = EDGE_CURVE('',#720,#10417,#12176,.T.);
#12176 = SURFACE_CURVE('',#12177,(#12181,#12187),.PCURVE_S1.);
#12177 = LINE('',#12178,#12179);
#12178 = CARTESIAN_POINT('',(94.951,-58.95,21.));
#12179 = VECTOR('',#12180,1.);
#12180 = DIRECTION('',(0.,1.,-0.));
#12181 = PCURVE('',#734,#12182);
#12182 = DEFINITIONAL_REPRESENTATION('',(#12183),#12186);
#12183 = B_SPLINE_CURVE_WITH_KNOTS('',1,(#12184,#12185),.UNSPECIFIED.,
  .F.,.F.,(2,2),(1.05,2.75),.PIECEWISE_BEZIER_KNOTS.);
#12184 = CARTESIAN_POINT('',(0.851,2.1));
#12185 = CARTESIAN_POINT('',(0.851,3.8));
#12186 = ( GEOMETRIC_REPRESENTATION_CONTEXT(2) 
PARAMETRIC_REPRESENTATION_CONTEXT() REPRESENTATION_CONTEXT('2D SPACE',''
  ) );
#12187 = PCURVE('',#760,#12188);
#12188 = DEFINITIONAL_REPRESENTATION('',(#12189),#12192);
#12189 = B_SPLINE_CURVE_WITH_KNOTS('',1,(#12190,#12191),.UNSPECIFIED.,
  .F.,.F.,(2,2),(1.05,2.75),.PIECEWISE_BEZIER_KNOTS.);
#12190 = CARTESIAN_POINT('',(0.,-21.));
#12191 = CARTESIAN_POINT('',(1.7,-21.));
#12192 = ( GEOMETRIC_REPRESENTATION_CONTEXT(2) 
PARAMETRIC_REPRESENTATION_CONTEXT() REPRESENTATION_CONTEXT('2D SPACE',''
  ) );
#12193 = ORIENTED_EDGE('',*,*,#10439,.T.);
#12194 = ADVANCED_FACE('',(#12195),#760,.T.);
#12195 = FACE_BOUND('',#12196,.T.);
#12196 = EDGE_LOOP('',(#12197,#12198,#12199,#12219));
#12197 = ORIENTED_EDGE('',*,*,#12175,.T.);
#12198 = ORIENTED_EDGE('',*,*,#10416,.T.);
#12199 = ORIENTED_EDGE('',*,*,#12200,.T.);
#12200 = EDGE_CURVE('',#10349,#746,#12201,.T.);
#12201 = SURFACE_CURVE('',#12202,(#12206,#12212),.PCURVE_S1.);
#12202 = LINE('',#12203,#12204);
#12203 = CARTESIAN_POINT('',(94.951,-61.45,15.5));
#12204 = VECTOR('',#12205,1.);
#12205 = DIRECTION('',(0.,-1.,0.));
#12206 = PCURVE('',#760,#12207);
#12207 = DEFINITIONAL_REPRESENTATION('',(#12208),#12211);
#12208 = B_SPLINE_CURVE_WITH_KNOTS('',1,(#12209,#12210),.UNSPECIFIED.,
  .F.,.F.,(2,2),(-5.25,-3.55),.PIECEWISE_BEZIER_KNOTS.);
#12209 = CARTESIAN_POINT('',(1.7,-15.5));
#12210 = CARTESIAN_POINT('',(0.,-15.5));
#12211 = ( GEOMETRIC_REPRESENTATION_CONTEXT(2) 
PARAMETRIC_REPRESENTATION_CONTEXT() REPRESENTATION_CONTEXT('2D SPACE',''
  ) );
#12212 = PCURVE('',#786,#12213);
#12213 = DEFINITIONAL_REPRESENTATION('',(#12214),#12218);
#12214 = LINE('',#12215,#12216);
#12215 = CARTESIAN_POINT('',(204.951,3.55));
#12216 = VECTOR('',#12217,1.);
#12217 = DIRECTION('',(0.,-1.));
#12218 = ( GEOMETRIC_REPRESENTATION_CONTEXT(2) 
PARAMETRIC_REPRESENTATION_CONTEXT() REPRESENTATION_CONTEXT('2D SPACE',''
  ) );
#12219 = ORIENTED_EDGE('',*,*,#745,.F.);
#12220 = ADVANCED_FACE('',(#12221),#786,.F.);
#12221 = FACE_BOUND('',#12222,.F.);
#12222 = EDGE_LOOP('',(#12223,#12246,#12270,#12298,#12321,#12322,#12323,
    #12324,#12325,#12326,#12327,#12328,#12329,#12330,#12331,#12332,
    #12333,#12334,#12335));
#12223 = ORIENTED_EDGE('',*,*,#12224,.F.);
#12224 = EDGE_CURVE('',#12225,#772,#12227,.T.);
#12225 = VERTEX_POINT('',#12226);
#12226 = CARTESIAN_POINT('',(92.09486210966,-59.83941419056,15.5));
#12227 = SURFACE_CURVE('',#12228,(#12232,#12239),.PCURVE_S1.);
#12228 = LINE('',#12229,#12230);
#12229 = CARTESIAN_POINT('',(92.09486210966,-59.83941419056,15.5));
#12230 = VECTOR('',#12231,1.);
#12231 = DIRECTION('',(-5.187552420575E-15,1.,0.));
#12232 = PCURVE('',#786,#12233);
#12233 = DEFINITIONAL_REPRESENTATION('',(#12234),#12238);
#12234 = LINE('',#12235,#12236);
#12235 = CARTESIAN_POINT('',(202.09486210966,5.160585809439));
#12236 = VECTOR('',#12237,1.);
#12237 = DIRECTION('',(-5.187552420575E-15,1.));
#12238 = ( GEOMETRIC_REPRESENTATION_CONTEXT(2) 
PARAMETRIC_REPRESENTATION_CONTEXT() REPRESENTATION_CONTEXT('2D SPACE',''
  ) );
#12239 = PCURVE('',#815,#12240);
#12240 = DEFINITIONAL_REPRESENTATION('',(#12241),#12245);
#12241 = LINE('',#12242,#12243);
#12242 = CARTESIAN_POINT('',(-6.080457233651,-4.839414190561));
#12243 = VECTOR('',#12244,1.);
#12244 = DIRECTION('',(-0.,1.));
#12245 = ( GEOMETRIC_REPRESENTATION_CONTEXT(2) 
PARAMETRIC_REPRESENTATION_CONTEXT() REPRESENTATION_CONTEXT('2D SPACE',''
  ) );
#12246 = ORIENTED_EDGE('',*,*,#12247,.T.);
#12247 = EDGE_CURVE('',#12225,#12248,#12250,.T.);
#12248 = VERTEX_POINT('',#12249);
#12249 = CARTESIAN_POINT('',(92.328605414507,-59.78820918042,15.5));
#12250 = SURFACE_CURVE('',#12251,(#12256,#12263),.PCURVE_S1.);
#12251 = CIRCLE('',#12252,8.);
#12252 = AXIS2_PLACEMENT_3D('',#12253,#12254,#12255);
#12253 = CARTESIAN_POINT('',(90.5,-52.,15.5));
#12254 = DIRECTION('',(0.,0.,1.));
#12255 = DIRECTION('',(0.199357763708,-0.97992677382,0.));
#12256 = PCURVE('',#786,#12257);
#12257 = DEFINITIONAL_REPRESENTATION('',(#12258),#12262);
#12258 = CIRCLE('',#12259,8.);
#12259 = AXIS2_PLACEMENT_2D('',#12260,#12261);
#12260 = CARTESIAN_POINT('',(200.5,13.));
#12261 = DIRECTION('',(0.199357763708,-0.97992677382));
#12262 = ( GEOMETRIC_REPRESENTATION_CONTEXT(2) 
PARAMETRIC_REPRESENTATION_CONTEXT() REPRESENTATION_CONTEXT('2D SPACE',''
  ) );
#12263 = PCURVE('',#307,#12264);
#12264 = DEFINITIONAL_REPRESENTATION('',(#12265),#12269);
#12265 = LINE('',#12266,#12267);
#12266 = CARTESIAN_POINT('',(0.200702484918,15.5));
#12267 = VECTOR('',#12268,1.);
#12268 = DIRECTION('',(1.,0.));
#12269 = ( GEOMETRIC_REPRESENTATION_CONTEXT(2) 
PARAMETRIC_REPRESENTATION_CONTEXT() REPRESENTATION_CONTEXT('2D SPACE',''
  ) );
#12270 = ORIENTED_EDGE('',*,*,#12271,.F.);
#12271 = EDGE_CURVE('',#12272,#12248,#12274,.T.);
#12272 = VERTEX_POINT('',#12273);
#12273 = CARTESIAN_POINT('',(92.328605414507,-59.83941419056,15.5));
#12274 = SURFACE_CURVE('',#12275,(#12278,#12284),.PCURVE_S1.);
#12275 = B_SPLINE_CURVE_WITH_KNOTS('',1,(#12276,#12277),.UNSPECIFIED.,
  .F.,.F.,(2,2),(0.,2.739414190561),.PIECEWISE_BEZIER_KNOTS.);
#12276 = CARTESIAN_POINT('',(92.328605414507,-59.83941419056,15.5));
#12277 = CARTESIAN_POINT('',(92.328605414507,-57.1,15.5));
#12278 = PCURVE('',#786,#12279);
#12279 = DEFINITIONAL_REPRESENTATION('',(#12280),#12283);
#12280 = B_SPLINE_CURVE_WITH_KNOTS('',1,(#12281,#12282),.UNSPECIFIED.,
  .F.,.F.,(2,2),(0.,2.739414190561),.PIECEWISE_BEZIER_KNOTS.);
#12281 = CARTESIAN_POINT('',(202.3286054145,5.160585809439));
#12282 = CARTESIAN_POINT('',(202.3286054145,7.9));
#12283 = ( GEOMETRIC_REPRESENTATION_CONTEXT(2) 
PARAMETRIC_REPRESENTATION_CONTEXT() REPRESENTATION_CONTEXT('2D SPACE',''
  ) );
#12284 = PCURVE('',#12285,#12292);
#12285 = ( BOUNDED_SURFACE() B_SPLINE_SURFACE(2,1,(
    (#12286,#12287)
    ,(#12288,#12289)
    ,(#12290,#12291
)),.UNSPECIFIED.,.F.,.F.,.F.) B_SPLINE_SURFACE_WITH_KNOTS((3,3),(2,2),(
    6.080457233651,6.28318530718),(-4.839414190561,-2.1),
.PIECEWISE_BEZIER_KNOTS.) GEOMETRIC_REPRESENTATION_ITEM() 
RATIONAL_B_SPLINE_SURFACE((
    (1.,1.)
    ,(0.994867063219,0.994867063219)
,(1.,1.))) REPRESENTATION_ITEM('') SURFACE() );
#12286 = CARTESIAN_POINT('',(92.328605414507,-59.83941419056,15.5));
#12287 = CARTESIAN_POINT('',(92.328605414507,-57.1,15.5));
#12288 = CARTESIAN_POINT('',(92.634517766497,-59.83941419056,
    16.984481811313));
#12289 = CARTESIAN_POINT('',(92.634517766497,-57.1,16.984481811313));
#12290 = CARTESIAN_POINT('',(92.634517766497,-59.83941419056,18.5));
#12291 = CARTESIAN_POINT('',(92.634517766497,-57.1,18.5));
#12292 = DEFINITIONAL_REPRESENTATION('',(#12293),#12297);
#12293 = B_SPLINE_CURVE_WITH_KNOTS('',2,(#12294,#12295,#12296),
  .UNSPECIFIED.,.F.,.F.,(3,3),(0.,2.739414190561),
  .PIECEWISE_BEZIER_KNOTS.);
#12294 = CARTESIAN_POINT('',(6.080457233651,-4.839414190561));
#12295 = CARTESIAN_POINT('',(6.080457233651,-3.469707095281));
#12296 = CARTESIAN_POINT('',(6.080457233651,-2.1));
#12297 = ( GEOMETRIC_REPRESENTATION_CONTEXT(2) 
PARAMETRIC_REPRESENTATION_CONTEXT() REPRESENTATION_CONTEXT('2D SPACE',''
  ) );
#12298 = ORIENTED_EDGE('',*,*,#12299,.T.);
#12299 = EDGE_CURVE('',#12272,#8991,#12300,.T.);
#12300 = SURFACE_CURVE('',#12301,(#12305,#12312),.PCURVE_S1.);
#12301 = ( BOUNDED_CURVE() B_SPLINE_CURVE(2,(#12302,#12303,#12304),
.UNSPECIFIED.,.F.,.F.) B_SPLINE_CURVE_WITH_KNOTS((3,3),(0.,
1.370093841877),.PIECEWISE_BEZIER_KNOTS.) CURVE() 
GEOMETRIC_REPRESENTATION_ITEM() RATIONAL_B_SPLINE_CURVE((1.,
0.774389360628,1.)) REPRESENTATION_ITEM('') );
#12302 = CARTESIAN_POINT('',(92.328605414507,-59.83941419056,15.5));
#12303 = CARTESIAN_POINT('',(98.75,-58.53634338958,15.5));
#12304 = CARTESIAN_POINT('',(98.75,-52.,15.5));
#12305 = PCURVE('',#786,#12306);
#12306 = DEFINITIONAL_REPRESENTATION('',(#12307),#12311);
#12307 = ( BOUNDED_CURVE() B_SPLINE_CURVE(2,(#12308,#12309,#12310),
.UNSPECIFIED.,.F.,.F.) B_SPLINE_CURVE_WITH_KNOTS((3,3),(0.,
1.370093841877),.PIECEWISE_BEZIER_KNOTS.) CURVE() 
GEOMETRIC_REPRESENTATION_ITEM() RATIONAL_B_SPLINE_CURVE((1.,
0.774389360628,1.)) REPRESENTATION_ITEM('') );
#12308 = CARTESIAN_POINT('',(202.3286054145,5.160585809439));
#12309 = CARTESIAN_POINT('',(208.75,6.463656610412));
#12310 = CARTESIAN_POINT('',(208.75,13.));
#12311 = ( GEOMETRIC_REPRESENTATION_CONTEXT(2) 
PARAMETRIC_REPRESENTATION_CONTEXT() REPRESENTATION_CONTEXT('2D SPACE',''
  ) );
#12312 = PCURVE('',#244,#12313);
#12313 = DEFINITIONAL_REPRESENTATION('',(#12314),#12320);
#12314 = B_SPLINE_CURVE_WITH_KNOTS('',4,(#12315,#12316,#12317,#12318,
    #12319),.UNSPECIFIED.,.F.,.F.,(5,5),(0.,1.370093841877),
  .PIECEWISE_BEZIER_KNOTS.);
#12315 = CARTESIAN_POINT('',(0.214720416892,15.5));
#12316 = CARTESIAN_POINT('',(0.541811595486,15.5));
#12317 = CARTESIAN_POINT('',(0.876575105178,15.5));
#12318 = CARTESIAN_POINT('',(1.219414672615,15.5));
#12319 = CARTESIAN_POINT('',(1.570796326795,15.5));
#12320 = ( GEOMETRIC_REPRESENTATION_CONTEXT(2) 
PARAMETRIC_REPRESENTATION_CONTEXT() REPRESENTATION_CONTEXT('2D SPACE',''
  ) );
#12321 = ORIENTED_EDGE('',*,*,#9014,.F.);
#12322 = ORIENTED_EDGE('',*,*,#5267,.F.);
#12323 = ORIENTED_EDGE('',*,*,#3581,.T.);
#12324 = ORIENTED_EDGE('',*,*,#2535,.F.);
#12325 = ORIENTED_EDGE('',*,*,#2393,.T.);
#12326 = ORIENTED_EDGE('',*,*,#1990,.F.);
#12327 = ORIENTED_EDGE('',*,*,#10825,.F.);
#12328 = ORIENTED_EDGE('',*,*,#10642,.F.);
#12329 = ORIENTED_EDGE('',*,*,#10570,.F.);
#12330 = ORIENTED_EDGE('',*,*,#10008,.F.);
#12331 = ORIENTED_EDGE('',*,*,#10217,.T.);
#12332 = ORIENTED_EDGE('',*,*,#10296,.T.);
#12333 = ORIENTED_EDGE('',*,*,#10371,.T.);
#12334 = ORIENTED_EDGE('',*,*,#12200,.T.);
#12335 = ORIENTED_EDGE('',*,*,#771,.F.);
#12336 = ADVANCED_FACE('',(#12337),#12285,.T.);
#12337 = FACE_BOUND('',#12338,.T.);
#12338 = EDGE_LOOP('',(#12339,#12367,#12421,#12422));
#12339 = ORIENTED_EDGE('',*,*,#12340,.F.);
#12340 = EDGE_CURVE('',#12341,#12343,#12345,.T.);
#12341 = VERTEX_POINT('',#12342);
#12342 = CARTESIAN_POINT('',(92.634517766497,-59.70998274346,18.5));
#12343 = VERTEX_POINT('',#12344);
#12344 = CARTESIAN_POINT('',(92.634517766497,-59.77110030819,18.5));
#12345 = SURFACE_CURVE('',#12346,(#12349,#12356),.PCURVE_S1.);
#12346 = B_SPLINE_CURVE_WITH_KNOTS('',1,(#12347,#12348),.UNSPECIFIED.,
  .F.,.F.,(2,2),(0.,2.671100308193),.PIECEWISE_BEZIER_KNOTS.);
#12347 = CARTESIAN_POINT('',(92.634517766497,-57.1,18.5));
#12348 = CARTESIAN_POINT('',(92.634517766497,-59.77110030819,18.5));
#12349 = PCURVE('',#12285,#12350);
#12350 = DEFINITIONAL_REPRESENTATION('',(#12351),#12355);
#12351 = B_SPLINE_CURVE_WITH_KNOTS('',2,(#12352,#12353,#12354),
  .UNSPECIFIED.,.F.,.F.,(3,3),(0.,2.671100308193),
  .PIECEWISE_BEZIER_KNOTS.);
#12352 = CARTESIAN_POINT('',(6.28318530718,-2.1));
#12353 = CARTESIAN_POINT('',(6.28318530718,-3.435550154097));
#12354 = CARTESIAN_POINT('',(6.28318530718,-4.771100308193));
#12355 = ( GEOMETRIC_REPRESENTATION_CONTEXT(2) 
PARAMETRIC_REPRESENTATION_CONTEXT() REPRESENTATION_CONTEXT('2D SPACE',''
  ) );
#12356 = PCURVE('',#12357,#12362);
#12357 = B_SPLINE_SURFACE_WITH_KNOTS('',1,1,(
    (#12358,#12359)
    ,(#12360,#12361
    )),.UNSPECIFIED.,.F.,.F.,.F.,(2,2),(2,2),(-5.296985414952E-16,24.),(
    -4.771100308193,-2.1),.PIECEWISE_BEZIER_KNOTS.);
#12358 = CARTESIAN_POINT('',(92.634517766497,-59.77110030819,18.5));
#12359 = CARTESIAN_POINT('',(92.634517766497,-57.1,18.5));
#12360 = CARTESIAN_POINT('',(92.634517766497,-59.77110030819,42.5));
#12361 = CARTESIAN_POINT('',(92.634517766497,-57.1,42.5));
#12362 = DEFINITIONAL_REPRESENTATION('',(#12363),#12366);
#12363 = B_SPLINE_CURVE_WITH_KNOTS('',1,(#12364,#12365),.UNSPECIFIED.,
  .F.,.F.,(2,2),(0.,2.671100308193),.PIECEWISE_BEZIER_KNOTS.);
#12364 = CARTESIAN_POINT('',(0.,-2.1));
#12365 = CARTESIAN_POINT('',(0.,-4.771100308193));
#12366 = ( GEOMETRIC_REPRESENTATION_CONTEXT(2) 
PARAMETRIC_REPRESENTATION_CONTEXT() REPRESENTATION_CONTEXT('2D SPACE',''
  ) );
#12367 = ORIENTED_EDGE('',*,*,#12368,.T.);
#12368 = EDGE_CURVE('',#12341,#12248,#12369,.T.);
#12369 = SURFACE_CURVE('',#12370,(#12385,#12403),.PCURVE_S1.);
#12370 = B_SPLINE_CURVE_WITH_KNOTS('',4,(#12371,#12372,#12373,#12374,
    #12375,#12376,#12377,#12378,#12379,#12380,#12381,#12382,#12383,
    #12384),.UNSPECIFIED.,.F.,.F.,(5,3,3,3,5),(0.,0.252147423156,
    0.502692891565,0.753682612987,1.),.UNSPECIFIED.);
#12371 = CARTESIAN_POINT('',(92.634517766497,-59.70998274346,18.5));
#12372 = CARTESIAN_POINT('',(92.634517766497,-59.70998274346,
    18.310139072821));
#12373 = CARTESIAN_POINT('',(92.63128387875,-59.71087805134,
    18.120277754096));
#12374 = CARTESIAN_POINT('',(92.62481609064,-59.71266865845,
    17.930464652824));
#12375 = CARTESIAN_POINT('',(92.605468849968,-59.71797258957,
    17.552236489645));
#12376 = CARTESIAN_POINT('',(92.592630379439,-59.72147490972,
    17.363820169514));
#12377 = CARTESIAN_POINT('',(92.576593550743,-59.72581100322,
    17.175546157255));
#12378 = CARTESIAN_POINT('',(92.538077540166,-59.7360608697,
    16.799041220952));
#12379 = CARTESIAN_POINT('',(92.515586961095,-59.74197744767,
    16.610810946612));
#12380 = CARTESIAN_POINT('',(92.489875093711,-59.74863138504,
    16.422815802951));
#12381 = CARTESIAN_POINT('',(92.432528379317,-59.76313032353,
    16.050879397198));
#12382 = CARTESIAN_POINT('',(92.401012675789,-59.77095086482,
    15.86692782698));
#12383 = CARTESIAN_POINT('',(92.3663761624,-59.77934092939,
    15.683287755079));
#12384 = CARTESIAN_POINT('',(92.328605414507,-59.78820918042,15.5));
#12385 = PCURVE('',#12285,#12386);
#12386 = DEFINITIONAL_REPRESENTATION('',(#12387),#12402);
#12387 = B_SPLINE_CURVE_WITH_KNOTS('',4,(#12388,#12389,#12390,#12391,
    #12392,#12393,#12394,#12395,#12396,#12397,#12398,#12399,#12400,
    #12401),.UNSPECIFIED.,.F.,.F.,(5,3,3,3,5),(0.,0.252147423156,
    0.502692891565,0.753682612987,1.),.UNSPECIFIED.);
#12388 = CARTESIAN_POINT('',(6.28318530718,-4.709982743464));
#12389 = CARTESIAN_POINT('',(6.27042111633,-4.709982743464));
#12390 = CARTESIAN_POINT('',(6.25766789805,-4.710878051347));
#12391 = CARTESIAN_POINT('',(6.24492061796,-4.712668658453));
#12392 = CARTESIAN_POINT('',(6.219508798902,-4.717972589576));
#12393 = CARTESIAN_POINT('',(6.206844243257,-4.721474909729));
#12394 = CARTESIAN_POINT('',(6.194175587227,-4.72581100322));
#12395 = CARTESIAN_POINT('',(6.168797340395,-4.736060869709));
#12396 = CARTESIAN_POINT('',(6.156087712251,-4.741977447676));
#12397 = CARTESIAN_POINT('',(6.143363662697,-4.748631385041));
#12398 = CARTESIAN_POINT('',(6.118113064992,-4.763130323534));
#12399 = CARTESIAN_POINT('',(6.105587246611,-4.770950864822));
#12400 = CARTESIAN_POINT('',(6.09303714023,-4.779340929391));
#12401 = CARTESIAN_POINT('',(6.080457233651,-4.788209180424));
#12402 = ( GEOMETRIC_REPRESENTATION_CONTEXT(2) 
PARAMETRIC_REPRESENTATION_CONTEXT() REPRESENTATION_CONTEXT('2D SPACE',''
  ) );
#12403 = PCURVE('',#307,#12404);
#12404 = DEFINITIONAL_REPRESENTATION('',(#12405),#12420);
#12405 = B_SPLINE_CURVE_WITH_KNOTS('',4,(#12406,#12407,#12408,#12409,
    #12410,#12411,#12412,#12413,#12414,#12415,#12416,#12417,#12418,
    #12419),.UNSPECIFIED.,.F.,.F.,(5,3,3,3,5),(0.,0.252147423156,
    0.502692891565,0.753682612987,1.),.UNSPECIFIED.);
#12406 = CARTESIAN_POINT('',(0.27008641589,18.5));
#12407 = CARTESIAN_POINT('',(0.27008641589,18.310139072821));
#12408 = CARTESIAN_POINT('',(0.269666973619,18.120277754096));
#12409 = CARTESIAN_POINT('',(0.268828090861,17.930464652824));
#12410 = CARTESIAN_POINT('',(0.266320454378,17.552236489645));
#12411 = CARTESIAN_POINT('',(0.264657002207,17.363820169514));
#12412 = CARTESIAN_POINT('',(0.262580429957,17.175546157255));
#12413 = CARTESIAN_POINT('',(0.257598363942,16.799041220952));
#12414 = CARTESIAN_POINT('',(0.254691398209,16.610810946612));
#12415 = CARTESIAN_POINT('',(0.251371584763,16.422815802951));
#12416 = CARTESIAN_POINT('',(0.243977684332,16.050879397198));
#12417 = CARTESIAN_POINT('',(0.239918778254,15.86692782698));
#12418 = CARTESIAN_POINT('',(0.235464109698,15.683287755079));
#12419 = CARTESIAN_POINT('',(0.230614375052,15.5));
#12420 = ( GEOMETRIC_REPRESENTATION_CONTEXT(2) 
PARAMETRIC_REPRESENTATION_CONTEXT() REPRESENTATION_CONTEXT('2D SPACE',''
  ) );
#12421 = ORIENTED_EDGE('',*,*,#12271,.F.);
#12422 = ORIENTED_EDGE('',*,*,#12423,.T.);
#12423 = EDGE_CURVE('',#12272,#12343,#12424,.T.);
#12424 = SURFACE_CURVE('',#12425,(#12432,#12442),.PCURVE_S1.);
#12425 = B_SPLINE_CURVE_WITH_KNOTS('',5,(#12426,#12427,#12428,#12429,
    #12430,#12431),.UNSPECIFIED.,.F.,.F.,(6,6),(0.,1.),
  .PIECEWISE_BEZIER_KNOTS.);
#12426 = CARTESIAN_POINT('',(92.328605290863,-59.83941421565,15.4999994)
  );
#12427 = CARTESIAN_POINT('',(92.451300359106,-59.81451614314,
    16.095393989309));
#12428 = CARTESIAN_POINT('',(92.542988766867,-59.79342300979,
    16.694269010407));
#12429 = CARTESIAN_POINT('',(92.604003892288,-59.77854171694,
    17.295402927477));
#12430 = CARTESIAN_POINT('',(92.634517766497,-59.77110030819,
    17.897662549599));
#12431 = CARTESIAN_POINT('',(92.634517766497,-59.77110030819,18.5));
#12432 = PCURVE('',#12285,#12433);
#12433 = DEFINITIONAL_REPRESENTATION('',(#12434),#12441);
#12434 = B_SPLINE_CURVE_WITH_KNOTS('',5,(#12435,#12436,#12437,#12438,
    #12439,#12440),.UNSPECIFIED.,.F.,.F.,(6,6),(2.015470128814E-07,1.),
  .PIECEWISE_BEZIER_KNOTS.);
#12435 = CARTESIAN_POINT('',(6.080457233651,-4.839414190561));
#12436 = CARTESIAN_POINT('',(6.12132197532,-4.814516126141));
#12437 = CARTESIAN_POINT('',(6.161891565747,-4.793423000795));
#12438 = CARTESIAN_POINT('',(6.202305070597,-4.778541713945));
#12439 = CARTESIAN_POINT('',(6.24269067377,-4.771100308193));
#12440 = CARTESIAN_POINT('',(6.28318530718,-4.771100308193));
#12441 = ( GEOMETRIC_REPRESENTATION_CONTEXT(2) 
PARAMETRIC_REPRESENTATION_CONTEXT() REPRESENTATION_CONTEXT('2D SPACE',''
  ) );
#12442 = PCURVE('',#244,#12443);
#12443 = DEFINITIONAL_REPRESENTATION('',(#12444),#12451);
#12444 = B_SPLINE_CURVE_WITH_KNOTS('',5,(#12445,#12446,#12447,#12448,
    #12449,#12450),.UNSPECIFIED.,.F.,.F.,(6,6),(2.015470128814E-07,1.),
  .PIECEWISE_BEZIER_KNOTS.);
#12445 = CARTESIAN_POINT('',(0.214720416892,15.5));
#12446 = CARTESIAN_POINT('',(0.23086158211,16.095394472115));
#12447 = CARTESIAN_POINT('',(0.242893527657,16.694269373879));
#12448 = CARTESIAN_POINT('',(0.250901254797,17.295403170246));
#12449 = CARTESIAN_POINT('',(0.254904603737,17.897662670999));
#12450 = CARTESIAN_POINT('',(0.254904683646,18.5));
#12451 = ( GEOMETRIC_REPRESENTATION_CONTEXT(2) 
PARAMETRIC_REPRESENTATION_CONTEXT() REPRESENTATION_CONTEXT('2D SPACE',''
  ) );
#12452 = ADVANCED_FACE('',(#12453),#12357,.T.);
#12453 = FACE_BOUND('',#12454,.T.);
#12454 = EDGE_LOOP('',(#12455,#12478,#12505,#12506));
#12455 = ORIENTED_EDGE('',*,*,#12456,.F.);
#12456 = EDGE_CURVE('',#12457,#12459,#12461,.T.);
#12457 = VERTEX_POINT('',#12458);
#12458 = CARTESIAN_POINT('',(92.634517766497,-59.70998274346,42.5));
#12459 = VERTEX_POINT('',#12460);
#12460 = CARTESIAN_POINT('',(92.634517766497,-59.77110030819,42.5));
#12461 = SURFACE_CURVE('',#12462,(#12465,#12471),.PCURVE_S1.);
#12462 = B_SPLINE_CURVE_WITH_KNOTS('',1,(#12463,#12464),.UNSPECIFIED.,
  .F.,.F.,(2,2),(0.,2.671100308193),.PIECEWISE_BEZIER_KNOTS.);
#12463 = CARTESIAN_POINT('',(92.634517766497,-57.1,42.5));
#12464 = CARTESIAN_POINT('',(92.634517766497,-59.77110030819,42.5));
#12465 = PCURVE('',#12357,#12466);
#12466 = DEFINITIONAL_REPRESENTATION('',(#12467),#12470);
#12467 = B_SPLINE_CURVE_WITH_KNOTS('',1,(#12468,#12469),.UNSPECIFIED.,
  .F.,.F.,(2,2),(0.,2.671100308193),.PIECEWISE_BEZIER_KNOTS.);
#12468 = CARTESIAN_POINT('',(24.,-2.1));
#12469 = CARTESIAN_POINT('',(24.,-4.771100308193));
#12470 = ( GEOMETRIC_REPRESENTATION_CONTEXT(2) 
PARAMETRIC_REPRESENTATION_CONTEXT() REPRESENTATION_CONTEXT('2D SPACE',''
  ) );
#12471 = PCURVE('',#274,#12472);
#12472 = DEFINITIONAL_REPRESENTATION('',(#12473),#12477);
#12473 = B_SPLINE_CURVE_WITH_KNOTS('',2,(#12474,#12475,#12476),
  .UNSPECIFIED.,.F.,.F.,(3,3),(0.,2.671100308193),
  .PIECEWISE_BEZIER_KNOTS.);
#12474 = CARTESIAN_POINT('',(-8.939987115174E-31,-2.1));
#12475 = CARTESIAN_POINT('',(-8.396576133664E-31,-3.435550154097));
#12476 = CARTESIAN_POINT('',(0.,-4.771100308193));
#12477 = ( GEOMETRIC_REPRESENTATION_CONTEXT(2) 
PARAMETRIC_REPRESENTATION_CONTEXT() REPRESENTATION_CONTEXT('2D SPACE',''
  ) );
#12478 = ORIENTED_EDGE('',*,*,#12479,.T.);
#12479 = EDGE_CURVE('',#12457,#12341,#12480,.T.);
#12480 = SURFACE_CURVE('',#12481,(#12487,#12496),.PCURVE_S1.);
#12481 = B_SPLINE_CURVE_WITH_KNOTS('',4,(#12482,#12483,#12484,#12485,
    #12486),.UNSPECIFIED.,.F.,.F.,(5,5),(0.,1.),
  .PIECEWISE_BEZIER_KNOTS.);
#12482 = CARTESIAN_POINT('',(92.634517766497,-59.70998274346,42.5));
#12483 = CARTESIAN_POINT('',(92.634517766497,-59.70998274346,36.5));
#12484 = CARTESIAN_POINT('',(92.634517766497,-59.70998274346,30.5));
#12485 = CARTESIAN_POINT('',(92.634517766497,-59.70998274346,24.5));
#12486 = CARTESIAN_POINT('',(92.634517766497,-59.70998274346,18.5));
#12487 = PCURVE('',#12357,#12488);
#12488 = DEFINITIONAL_REPRESENTATION('',(#12489),#12495);
#12489 = B_SPLINE_CURVE_WITH_KNOTS('',4,(#12490,#12491,#12492,#12493,
    #12494),.UNSPECIFIED.,.F.,.F.,(5,5),(0.,1.),
  .PIECEWISE_BEZIER_KNOTS.);
#12490 = CARTESIAN_POINT('',(24.,-4.709982743464));
#12491 = CARTESIAN_POINT('',(18.,-4.709982743464));
#12492 = CARTESIAN_POINT('',(12.,-4.709982743464));
#12493 = CARTESIAN_POINT('',(6.,-4.709982743464));
#12494 = CARTESIAN_POINT('',(-5.296985414952E-16,-4.709982743464));
#12495 = ( GEOMETRIC_REPRESENTATION_CONTEXT(2) 
PARAMETRIC_REPRESENTATION_CONTEXT() REPRESENTATION_CONTEXT('2D SPACE',''
  ) );
#12496 = PCURVE('',#307,#12497);
#12497 = DEFINITIONAL_REPRESENTATION('',(#12498),#12504);
#12498 = B_SPLINE_CURVE_WITH_KNOTS('',4,(#12499,#12500,#12501,#12502,
    #12503),.UNSPECIFIED.,.F.,.F.,(5,5),(0.,1.),
  .PIECEWISE_BEZIER_KNOTS.);
#12499 = CARTESIAN_POINT('',(0.27008641589,42.5));
#12500 = CARTESIAN_POINT('',(0.27008641589,36.5));
#12501 = CARTESIAN_POINT('',(0.27008641589,30.5));
#12502 = CARTESIAN_POINT('',(0.27008641589,24.5));
#12503 = CARTESIAN_POINT('',(0.27008641589,18.5));
#12504 = ( GEOMETRIC_REPRESENTATION_CONTEXT(2) 
PARAMETRIC_REPRESENTATION_CONTEXT() REPRESENTATION_CONTEXT('2D SPACE',''
  ) );
#12505 = ORIENTED_EDGE('',*,*,#12340,.T.);
#12506 = ORIENTED_EDGE('',*,*,#12507,.T.);
#12507 = EDGE_CURVE('',#12343,#12459,#12508,.T.);
#12508 = SURFACE_CURVE('',#12509,(#12512,#12518),.PCURVE_S1.);
#12509 = B_SPLINE_CURVE_WITH_KNOTS('',1,(#12510,#12511),.UNSPECIFIED.,
  .F.,.F.,(2,2),(18.5,42.5),.PIECEWISE_BEZIER_KNOTS.);
#12510 = CARTESIAN_POINT('',(92.634517766497,-59.77110030819,18.5));
#12511 = CARTESIAN_POINT('',(92.634517766497,-59.77110030819,42.5));
#12512 = PCURVE('',#12357,#12513);
#12513 = DEFINITIONAL_REPRESENTATION('',(#12514),#12517);
#12514 = B_SPLINE_CURVE_WITH_KNOTS('',1,(#12515,#12516),.UNSPECIFIED.,
  .F.,.F.,(2,2),(18.5,42.5),.PIECEWISE_BEZIER_KNOTS.);
#12515 = CARTESIAN_POINT('',(0.,-4.771100308193));
#12516 = CARTESIAN_POINT('',(24.,-4.771100308193));
#12517 = ( GEOMETRIC_REPRESENTATION_CONTEXT(2) 
PARAMETRIC_REPRESENTATION_CONTEXT() REPRESENTATION_CONTEXT('2D SPACE',''
  ) );
#12518 = PCURVE('',#244,#12519);
#12519 = DEFINITIONAL_REPRESENTATION('',(#12520),#12524);
#12520 = B_SPLINE_CURVE_WITH_KNOTS('',2,(#12521,#12522,#12523),
  .UNSPECIFIED.,.F.,.F.,(3,3),(18.5,42.5),.PIECEWISE_BEZIER_KNOTS.);
#12521 = CARTESIAN_POINT('',(0.254904683646,18.5));
#12522 = CARTESIAN_POINT('',(0.254904683646,30.5));
#12523 = CARTESIAN_POINT('',(0.254904683646,42.5));
#12524 = ( GEOMETRIC_REPRESENTATION_CONTEXT(2) 
PARAMETRIC_REPRESENTATION_CONTEXT() REPRESENTATION_CONTEXT('2D SPACE',''
  ) );
#12525 = ADVANCED_FACE('',(#12526),#815,.F.);
#12526 = FACE_BOUND('',#12527,.T.);
#12527 = EDGE_LOOP('',(#12528,#12551,#12552,#12553));
#12528 = ORIENTED_EDGE('',*,*,#12529,.F.);
#12529 = EDGE_CURVE('',#799,#12530,#12532,.T.);
#12530 = VERTEX_POINT('',#12531);
#12531 = CARTESIAN_POINT('',(92.4,-59.77110030819,18.5));
#12532 = SURFACE_CURVE('',#12533,(#12537,#12544),.PCURVE_S1.);
#12533 = LINE('',#12534,#12535);
#12534 = CARTESIAN_POINT('',(92.4,-57.1,18.5));
#12535 = VECTOR('',#12536,1.);
#12536 = DIRECTION('',(0.,-1.,0.));
#12537 = PCURVE('',#815,#12538);
#12538 = DEFINITIONAL_REPRESENTATION('',(#12539),#12543);
#12539 = LINE('',#12540,#12541);
#12540 = CARTESIAN_POINT('',(-6.28318530718,-2.1));
#12541 = VECTOR('',#12542,1.);
#12542 = DIRECTION('',(-0.,-1.));
#12543 = ( GEOMETRIC_REPRESENTATION_CONTEXT(2) 
PARAMETRIC_REPRESENTATION_CONTEXT() REPRESENTATION_CONTEXT('2D SPACE',''
  ) );
#12544 = PCURVE('',#842,#12545);
#12545 = DEFINITIONAL_REPRESENTATION('',(#12546),#12550);
#12546 = LINE('',#12547,#12548);
#12547 = CARTESIAN_POINT('',(-2.331468351713E-16,-2.1));
#12548 = VECTOR('',#12549,1.);
#12549 = DIRECTION('',(-1.110223024625E-16,-1.));
#12550 = ( GEOMETRIC_REPRESENTATION_CONTEXT(2) 
PARAMETRIC_REPRESENTATION_CONTEXT() REPRESENTATION_CONTEXT('2D SPACE',''
  ) );
#12551 = ORIENTED_EDGE('',*,*,#798,.T.);
#12552 = ORIENTED_EDGE('',*,*,#12224,.F.);
#12553 = ORIENTED_EDGE('',*,*,#12554,.T.);
#12554 = EDGE_CURVE('',#12225,#12530,#12555,.T.);
#12555 = SURFACE_CURVE('',#12556,(#12563,#12573),.PCURVE_S1.);
#12556 = B_SPLINE_CURVE_WITH_KNOTS('',5,(#12557,#12558,#12559,#12560,
    #12561,#12562),.UNSPECIFIED.,.F.,.F.,(6,6),(0.,1.),
  .PIECEWISE_BEZIER_KNOTS.);
#12557 = CARTESIAN_POINT('',(92.094861986329,-59.83941421565,15.4999994)
  );
#12558 = CARTESIAN_POINT('',(92.217246434146,-59.81451614314,
    16.095393989309));
#12559 = CARTESIAN_POINT('',(92.308702719356,-59.79342300979,
    16.694269010407));
#12560 = CARTESIAN_POINT('',(92.369563376105,-59.77854171694,
    17.295402927477));
#12561 = CARTESIAN_POINT('',(92.4,-59.77110030819,17.897662549599));
#12562 = CARTESIAN_POINT('',(92.4,-59.77110030819,18.5));
#12563 = PCURVE('',#815,#12564);
#12564 = DEFINITIONAL_REPRESENTATION('',(#12565),#12572);
#12565 = B_SPLINE_CURVE_WITH_KNOTS('',5,(#12566,#12567,#12568,#12569,
    #12570,#12571),.UNSPECIFIED.,.F.,.F.,(6,6),(0.,1.),
  .PIECEWISE_BEZIER_KNOTS.);
#12566 = CARTESIAN_POINT('',(-6.080457192541,-4.839414215652));
#12567 = CARTESIAN_POINT('',(-6.121252000321,-4.814516143146));
#12568 = CARTESIAN_POINT('',(-6.161857679082,-4.793423009792));
#12569 = CARTESIAN_POINT('',(-6.202339866744,-4.778541716945));
#12570 = CARTESIAN_POINT('',(-6.242759974938,-4.771100308193));
#12571 = CARTESIAN_POINT('',(-6.28318530718,-4.771100308193));
#12572 = ( GEOMETRIC_REPRESENTATION_CONTEXT(2) 
PARAMETRIC_REPRESENTATION_CONTEXT() REPRESENTATION_CONTEXT('2D SPACE',''
  ) );
#12573 = PCURVE('',#307,#12574);
#12574 = DEFINITIONAL_REPRESENTATION('',(#12575),#12582);
#12575 = B_SPLINE_CURVE_WITH_KNOTS('',5,(#12576,#12577,#12578,#12579,
    #12580,#12581),.UNSPECIFIED.,.F.,.F.,(6,6),(0.,1.),
  .PIECEWISE_BEZIER_KNOTS.);
#12576 = CARTESIAN_POINT('',(0.200702469186,15.4999994));
#12577 = CARTESIAN_POINT('',(0.216313896832,16.095393989309));
#12578 = CARTESIAN_POINT('',(0.228042308851,16.694269010407));
#12579 = CARTESIAN_POINT('',(0.235874984832,17.295402927477));
#12580 = CARTESIAN_POINT('',(0.23979139984,17.897662549599));
#12581 = CARTESIAN_POINT('',(0.23979139984,18.5));
#12582 = ( GEOMETRIC_REPRESENTATION_CONTEXT(2) 
PARAMETRIC_REPRESENTATION_CONTEXT() REPRESENTATION_CONTEXT('2D SPACE',''
  ) );
#12583 = ADVANCED_FACE('',(#12584),#842,.T.);
#12584 = FACE_BOUND('',#12585,.T.);
#12585 = EDGE_LOOP('',(#12586,#12609,#12610,#12611));
#12586 = ORIENTED_EDGE('',*,*,#12587,.F.);
#12587 = EDGE_CURVE('',#828,#12588,#12590,.T.);
#12588 = VERTEX_POINT('',#12589);
#12589 = CARTESIAN_POINT('',(92.4,-59.77110030819,42.5));
#12590 = SURFACE_CURVE('',#12591,(#12595,#12602),.PCURVE_S1.);
#12591 = LINE('',#12592,#12593);
#12592 = CARTESIAN_POINT('',(92.4,-57.1,42.5));
#12593 = VECTOR('',#12594,1.);
#12594 = DIRECTION('',(0.,-1.,0.));
#12595 = PCURVE('',#842,#12596);
#12596 = DEFINITIONAL_REPRESENTATION('',(#12597),#12601);
#12597 = LINE('',#12598,#12599);
#12598 = CARTESIAN_POINT('',(24.,-2.1));
#12599 = VECTOR('',#12600,1.);
#12600 = DIRECTION('',(-1.110223024625E-16,-1.));
#12601 = ( GEOMETRIC_REPRESENTATION_CONTEXT(2) 
PARAMETRIC_REPRESENTATION_CONTEXT() REPRESENTATION_CONTEXT('2D SPACE',''
  ) );
#12602 = PCURVE('',#336,#12603);
#12603 = DEFINITIONAL_REPRESENTATION('',(#12604),#12608);
#12604 = LINE('',#12605,#12606);
#12605 = CARTESIAN_POINT('',(-0.,-2.1));
#12606 = VECTOR('',#12607,1.);
#12607 = DIRECTION('',(-0.,-1.));
#12608 = ( GEOMETRIC_REPRESENTATION_CONTEXT(2) 
PARAMETRIC_REPRESENTATION_CONTEXT() REPRESENTATION_CONTEXT('2D SPACE',''
  ) );
#12609 = ORIENTED_EDGE('',*,*,#827,.F.);
#12610 = ORIENTED_EDGE('',*,*,#12529,.T.);
#12611 = ORIENTED_EDGE('',*,*,#12612,.T.);
#12612 = EDGE_CURVE('',#12530,#12588,#12613,.T.);
#12613 = SURFACE_CURVE('',#12614,(#12618,#12624),.PCURVE_S1.);
#12614 = LINE('',#12615,#12616);
#12615 = CARTESIAN_POINT('',(92.4,-59.77110030819,0.));
#12616 = VECTOR('',#12617,1.);
#12617 = DIRECTION('',(0.,0.,1.));
#12618 = PCURVE('',#842,#12619);
#12619 = DEFINITIONAL_REPRESENTATION('',(#12620),#12623);
#12620 = B_SPLINE_CURVE_WITH_KNOTS('',1,(#12621,#12622),.UNSPECIFIED.,
  .F.,.F.,(2,2),(16.1,44.9),.PIECEWISE_BEZIER_KNOTS.);
#12621 = CARTESIAN_POINT('',(-2.4,-4.771100308193));
#12622 = CARTESIAN_POINT('',(26.4,-4.771100308193));
#12623 = ( GEOMETRIC_REPRESENTATION_CONTEXT(2) 
PARAMETRIC_REPRESENTATION_CONTEXT() REPRESENTATION_CONTEXT('2D SPACE',''
  ) );
#12624 = PCURVE('',#307,#12625);
#12625 = DEFINITIONAL_REPRESENTATION('',(#12626),#12629);
#12626 = B_SPLINE_CURVE_WITH_KNOTS('',1,(#12627,#12628),.UNSPECIFIED.,
  .F.,.F.,(2,2),(16.1,44.9),.PIECEWISE_BEZIER_KNOTS.);
#12627 = CARTESIAN_POINT('',(0.23979139984,16.1));
#12628 = CARTESIAN_POINT('',(0.23979139984,44.9));
#12629 = ( GEOMETRIC_REPRESENTATION_CONTEXT(2) 
PARAMETRIC_REPRESENTATION_CONTEXT() REPRESENTATION_CONTEXT('2D SPACE',''
  ) );
#12630 = ADVANCED_FACE('',(#12631),#915,.T.);
#12631 = FACE_BOUND('',#12632,.T.);
#12632 = EDGE_LOOP('',(#12633,#12656,#12657,#12680));
#12633 = ORIENTED_EDGE('',*,*,#12634,.T.);
#12634 = EDGE_CURVE('',#12635,#901,#12637,.T.);
#12635 = VERTEX_POINT('',#12636);
#12636 = CARTESIAN_POINT('',(-92.4,-59.77110030819,18.5));
#12637 = SURFACE_CURVE('',#12638,(#12642,#12649),.PCURVE_S1.);
#12638 = LINE('',#12639,#12640);
#12639 = CARTESIAN_POINT('',(-92.4,-59.77110030819,18.5));
#12640 = VECTOR('',#12641,1.);
#12641 = DIRECTION('',(0.,1.,0.));
#12642 = PCURVE('',#915,#12643);
#12643 = DEFINITIONAL_REPRESENTATION('',(#12644),#12648);
#12644 = LINE('',#12645,#12646);
#12645 = CARTESIAN_POINT('',(24.,-4.771100308193));
#12646 = VECTOR('',#12647,1.);
#12647 = DIRECTION('',(-1.110223024625E-16,1.));
#12648 = ( GEOMETRIC_REPRESENTATION_CONTEXT(2) 
PARAMETRIC_REPRESENTATION_CONTEXT() REPRESENTATION_CONTEXT('2D SPACE',''
  ) );
#12649 = PCURVE('',#941,#12650);
#12650 = DEFINITIONAL_REPRESENTATION('',(#12651),#12655);
#12651 = LINE('',#12652,#12653);
#12652 = CARTESIAN_POINT('',(-3.14159265359,-4.771100308193));
#12653 = VECTOR('',#12654,1.);
#12654 = DIRECTION('',(0.,1.));
#12655 = ( GEOMETRIC_REPRESENTATION_CONTEXT(2) 
PARAMETRIC_REPRESENTATION_CONTEXT() REPRESENTATION_CONTEXT('2D SPACE',''
  ) );
#12656 = ORIENTED_EDGE('',*,*,#900,.F.);
#12657 = ORIENTED_EDGE('',*,*,#12658,.F.);
#12658 = EDGE_CURVE('',#12659,#877,#12661,.T.);
#12659 = VERTEX_POINT('',#12660);
#12660 = CARTESIAN_POINT('',(-92.4,-59.77110030819,42.5));
#12661 = SURFACE_CURVE('',#12662,(#12666,#12673),.PCURVE_S1.);
#12662 = LINE('',#12663,#12664);
#12663 = CARTESIAN_POINT('',(-92.4,-59.77110030819,42.5));
#12664 = VECTOR('',#12665,1.);
#12665 = DIRECTION('',(5.320225029218E-15,1.,0.));
#12666 = PCURVE('',#915,#12667);
#12667 = DEFINITIONAL_REPRESENTATION('',(#12668),#12672);
#12668 = LINE('',#12669,#12670);
#12669 = CARTESIAN_POINT('',(5.296985414952E-16,-4.771100308193));
#12670 = VECTOR('',#12671,1.);
#12671 = DIRECTION('',(-1.110223024625E-16,1.));
#12672 = ( GEOMETRIC_REPRESENTATION_CONTEXT(2) 
PARAMETRIC_REPRESENTATION_CONTEXT() REPRESENTATION_CONTEXT('2D SPACE',''
  ) );
#12673 = PCURVE('',#45,#12674);
#12674 = DEFINITIONAL_REPRESENTATION('',(#12675),#12679);
#12675 = LINE('',#12676,#12677);
#12676 = CARTESIAN_POINT('',(-3.14159265359,-4.771100308193));
#12677 = VECTOR('',#12678,1.);
#12678 = DIRECTION('',(0.,1.));
#12679 = ( GEOMETRIC_REPRESENTATION_CONTEXT(2) 
PARAMETRIC_REPRESENTATION_CONTEXT() REPRESENTATION_CONTEXT('2D SPACE',''
  ) );
#12680 = ORIENTED_EDGE('',*,*,#12681,.F.);
#12681 = EDGE_CURVE('',#12635,#12659,#12682,.T.);
#12682 = SURFACE_CURVE('',#12683,(#12687,#12693),.PCURVE_S1.);
#12683 = LINE('',#12684,#12685);
#12684 = CARTESIAN_POINT('',(-92.4,-59.77110030819,0.));
#12685 = VECTOR('',#12686,1.);
#12686 = DIRECTION('',(0.,0.,1.));
#12687 = PCURVE('',#915,#12688);
#12688 = DEFINITIONAL_REPRESENTATION('',(#12689),#12692);
#12689 = B_SPLINE_CURVE_WITH_KNOTS('',1,(#12690,#12691),.UNSPECIFIED.,
  .F.,.F.,(2,2),(16.1,44.9),.PIECEWISE_BEZIER_KNOTS.);
#12690 = CARTESIAN_POINT('',(26.4,-4.771100308193));
#12691 = CARTESIAN_POINT('',(-2.4,-4.771100308193));
#12692 = ( GEOMETRIC_REPRESENTATION_CONTEXT(2) 
PARAMETRIC_REPRESENTATION_CONTEXT() REPRESENTATION_CONTEXT('2D SPACE',''
  ) );
#12693 = PCURVE('',#73,#12694);
#12694 = DEFINITIONAL_REPRESENTATION('',(#12695),#12698);
#12695 = B_SPLINE_CURVE_WITH_KNOTS('',1,(#12696,#12697),.UNSPECIFIED.,
  .F.,.F.,(2,2),(16.1,44.9),.PIECEWISE_BEZIER_KNOTS.);
#12696 = CARTESIAN_POINT('',(-0.23979139984,16.1));
#12697 = CARTESIAN_POINT('',(-0.23979139984,44.9));
#12698 = ( GEOMETRIC_REPRESENTATION_CONTEXT(2) 
PARAMETRIC_REPRESENTATION_CONTEXT() REPRESENTATION_CONTEXT('2D SPACE',''
  ) );
#12699 = ADVANCED_FACE('',(#12700),#941,.F.);
#12700 = FACE_BOUND('',#12701,.T.);
#12701 = EDGE_LOOP('',(#12702,#12725,#12726,#12727));
#12702 = ORIENTED_EDGE('',*,*,#12703,.F.);
#12703 = EDGE_CURVE('',#453,#12704,#12706,.T.);
#12704 = VERTEX_POINT('',#12705);
#12705 = CARTESIAN_POINT('',(-92.09486210966,-59.83941419056,15.5));
#12706 = SURFACE_CURVE('',#12707,(#12711,#12718),.PCURVE_S1.);
#12707 = LINE('',#12708,#12709);
#12708 = CARTESIAN_POINT('',(-92.09486210966,-57.1,15.5));
#12709 = VECTOR('',#12710,1.);
#12710 = DIRECTION('',(-5.187552420575E-15,-1.,1.296888105144E-15));
#12711 = PCURVE('',#941,#12712);
#12712 = DEFINITIONAL_REPRESENTATION('',(#12713),#12717);
#12713 = LINE('',#12714,#12715);
#12714 = CARTESIAN_POINT('',(-3.344320727118,-2.1));
#12715 = VECTOR('',#12716,1.);
#12716 = DIRECTION('',(-0.,-1.));
#12717 = ( GEOMETRIC_REPRESENTATION_CONTEXT(2) 
PARAMETRIC_REPRESENTATION_CONTEXT() REPRESENTATION_CONTEXT('2D SPACE',''
  ) );
#12718 = PCURVE('',#467,#12719);
#12719 = DEFINITIONAL_REPRESENTATION('',(#12720),#12724);
#12720 = LINE('',#12721,#12722);
#12721 = CARTESIAN_POINT('',(17.90513789034,7.9));
#12722 = VECTOR('',#12723,1.);
#12723 = DIRECTION('',(-5.187552420575E-15,-1.));
#12724 = ( GEOMETRIC_REPRESENTATION_CONTEXT(2) 
PARAMETRIC_REPRESENTATION_CONTEXT() REPRESENTATION_CONTEXT('2D SPACE',''
  ) );
#12725 = ORIENTED_EDGE('',*,*,#926,.T.);
#12726 = ORIENTED_EDGE('',*,*,#12634,.F.);
#12727 = ORIENTED_EDGE('',*,*,#12728,.T.);
#12728 = EDGE_CURVE('',#12635,#12704,#12729,.T.);
#12729 = SURFACE_CURVE('',#12730,(#12737,#12747),.PCURVE_S1.);
#12730 = B_SPLINE_CURVE_WITH_KNOTS('',5,(#12731,#12732,#12733,#12734,
    #12735,#12736),.UNSPECIFIED.,.F.,.F.,(6,6),(0.,1.),
  .PIECEWISE_BEZIER_KNOTS.);
#12731 = CARTESIAN_POINT('',(-92.4,-59.77110030819,18.5));
#12732 = CARTESIAN_POINT('',(-92.4,-59.77110030819,17.897662472402));
#12733 = CARTESIAN_POINT('',(-92.36956336834,-59.77854171899,
    17.295402874482));
#12734 = CARTESIAN_POINT('',(-92.30870271602,-59.79342301018,
    16.694269015409));
#12735 = CARTESIAN_POINT('',(-92.21724644312,-59.81451614132,
    16.095394032973));
#12736 = CARTESIAN_POINT('',(-92.09486198632,-59.83941421565,15.4999994)
  );
#12737 = PCURVE('',#941,#12738);
#12738 = DEFINITIONAL_REPRESENTATION('',(#12739),#12746);
#12739 = B_SPLINE_CURVE_WITH_KNOTS('',5,(#12740,#12741,#12742,#12743,
    #12744,#12745),.UNSPECIFIED.,.F.,.F.,(6,6),(0.,1.),
  .PIECEWISE_BEZIER_KNOTS.);
#12740 = CARTESIAN_POINT('',(-3.14159265359,-4.771100308193));
#12741 = CARTESIAN_POINT('',(-3.182017991012,-4.771100308193));
#12742 = CARTESIAN_POINT('',(-3.222438097582,-4.778541718993));
#12743 = CARTESIAN_POINT('',(-3.262920281405,-4.793423010182));
#12744 = CARTESIAN_POINT('',(-3.303525957457,-4.81451614132));
#12745 = CARTESIAN_POINT('',(-3.344320768228,-4.839414215652));
#12746 = ( GEOMETRIC_REPRESENTATION_CONTEXT(2) 
PARAMETRIC_REPRESENTATION_CONTEXT() REPRESENTATION_CONTEXT('2D SPACE',''
  ) );
#12747 = PCURVE('',#73,#12748);
#12748 = DEFINITIONAL_REPRESENTATION('',(#12749),#12756);
#12749 = B_SPLINE_CURVE_WITH_KNOTS('',5,(#12750,#12751,#12752,#12753,
    #12754,#12755),.UNSPECIFIED.,.F.,.F.,(6,6),(0.,1.),
  .PIECEWISE_BEZIER_KNOTS.);
#12750 = CARTESIAN_POINT('',(-0.23979139984,18.5));
#12751 = CARTESIAN_POINT('',(-0.23979139984,17.897662472402));
#12752 = CARTESIAN_POINT('',(-0.235874983772,17.295402874482));
#12753 = CARTESIAN_POINT('',(-0.228042308491,16.694269015409));
#12754 = CARTESIAN_POINT('',(-0.216313897977,16.095394032973));
#12755 = CARTESIAN_POINT('',(-0.200702469186,15.4999994));
#12756 = ( GEOMETRIC_REPRESENTATION_CONTEXT(2) 
PARAMETRIC_REPRESENTATION_CONTEXT() REPRESENTATION_CONTEXT('2D SPACE',''
  ) );
#12757 = ADVANCED_FACE('',(#12758),#467,.F.);
#12758 = FACE_BOUND('',#12759,.F.);
#12759 = EDGE_LOOP('',(#12760,#12761,#12762,#12763,#12764,#12765,#12766,
    #12767,#12768,#12769,#12770,#12771,#12772,#12773,#12774,#12775,
    #12776,#12801,#12829));
#12760 = ORIENTED_EDGE('',*,*,#12703,.F.);
#12761 = ORIENTED_EDGE('',*,*,#450,.F.);
#12762 = ORIENTED_EDGE('',*,*,#957,.T.);
#12763 = ORIENTED_EDGE('',*,*,#11931,.T.);
#12764 = ORIENTED_EDGE('',*,*,#1382,.T.);
#12765 = ORIENTED_EDGE('',*,*,#1336,.T.);
#12766 = ORIENTED_EDGE('',*,*,#1466,.F.);
#12767 = ORIENTED_EDGE('',*,*,#11008,.F.);
#12768 = ORIENTED_EDGE('',*,*,#9441,.F.);
#12769 = ORIENTED_EDGE('',*,*,#9369,.F.);
#12770 = ORIENTED_EDGE('',*,*,#2172,.F.);
#12771 = ORIENTED_EDGE('',*,*,#9289,.F.);
#12772 = ORIENTED_EDGE('',*,*,#4444,.T.);
#12773 = ORIENTED_EDGE('',*,*,#4356,.T.);
#12774 = ORIENTED_EDGE('',*,*,#9124,.F.);
#12775 = ORIENTED_EDGE('',*,*,#8553,.F.);
#12776 = ORIENTED_EDGE('',*,*,#12777,.T.);
#12777 = EDGE_CURVE('',#8554,#12778,#12780,.T.);
#12778 = VERTEX_POINT('',#12779);
#12779 = CARTESIAN_POINT('',(-92.3286054145,-59.83941419056,15.5));
#12780 = SURFACE_CURVE('',#12781,(#12785,#12792),.PCURVE_S1.);
#12781 = ( BOUNDED_CURVE() B_SPLINE_CURVE(2,(#12782,#12783,#12784),
.UNSPECIFIED.,.F.,.F.) B_SPLINE_CURVE_WITH_KNOTS((3,3),(0.,
1.370093841877),.PIECEWISE_BEZIER_KNOTS.) CURVE() 
GEOMETRIC_REPRESENTATION_ITEM() RATIONAL_B_SPLINE_CURVE((1.,
0.774389360628,1.)) REPRESENTATION_ITEM('') );
#12782 = CARTESIAN_POINT('',(-98.75,-52.,15.5));
#12783 = CARTESIAN_POINT('',(-98.75,-58.53634338958,15.5));
#12784 = CARTESIAN_POINT('',(-92.3286054145,-59.83941419056,15.5));
#12785 = PCURVE('',#467,#12786);
#12786 = DEFINITIONAL_REPRESENTATION('',(#12787),#12791);
#12787 = ( BOUNDED_CURVE() B_SPLINE_CURVE(2,(#12788,#12789,#12790),
.UNSPECIFIED.,.F.,.F.) B_SPLINE_CURVE_WITH_KNOTS((3,3),(0.,
1.370093841877),.PIECEWISE_BEZIER_KNOTS.) CURVE() 
GEOMETRIC_REPRESENTATION_ITEM() RATIONAL_B_SPLINE_CURVE((1.,
0.774389360628,1.)) REPRESENTATION_ITEM('') );
#12788 = CARTESIAN_POINT('',(11.25,13.));
#12789 = CARTESIAN_POINT('',(11.25,6.463656610412));
#12790 = CARTESIAN_POINT('',(17.671394585493,5.160585809439));
#12791 = ( GEOMETRIC_REPRESENTATION_CONTEXT(2) 
PARAMETRIC_REPRESENTATION_CONTEXT() REPRESENTATION_CONTEXT('2D SPACE',''
  ) );
#12792 = PCURVE('',#132,#12793);
#12793 = DEFINITIONAL_REPRESENTATION('',(#12794),#12800);
#12794 = B_SPLINE_CURVE_WITH_KNOTS('',4,(#12795,#12796,#12797,#12798,
    #12799),.UNSPECIFIED.,.F.,.F.,(5,5),(0.,1.370093841877),
  .PIECEWISE_BEZIER_KNOTS.);
#12795 = CARTESIAN_POINT('',(1.570796326795,15.5));
#12796 = CARTESIAN_POINT('',(1.219414672615,15.5));
#12797 = CARTESIAN_POINT('',(0.876575105178,15.5));
#12798 = CARTESIAN_POINT('',(0.541811595486,15.5));
#12799 = CARTESIAN_POINT('',(0.214720416892,15.5));
#12800 = ( GEOMETRIC_REPRESENTATION_CONTEXT(2) 
PARAMETRIC_REPRESENTATION_CONTEXT() REPRESENTATION_CONTEXT('2D SPACE',''
  ) );
#12801 = ORIENTED_EDGE('',*,*,#12802,.F.);
#12802 = EDGE_CURVE('',#12803,#12778,#12805,.T.);
#12803 = VERTEX_POINT('',#12804);
#12804 = CARTESIAN_POINT('',(-92.3286054145,-59.78820918042,15.5));
#12805 = SURFACE_CURVE('',#12806,(#12809,#12815),.PCURVE_S1.);
#12806 = B_SPLINE_CURVE_WITH_KNOTS('',1,(#12807,#12808),.UNSPECIFIED.,
  .F.,.F.,(2,2),(0.,2.739414190561),.PIECEWISE_BEZIER_KNOTS.);
#12807 = CARTESIAN_POINT('',(-92.3286054145,-57.1,15.5));
#12808 = CARTESIAN_POINT('',(-92.3286054145,-59.83941419056,15.5));
#12809 = PCURVE('',#467,#12810);
#12810 = DEFINITIONAL_REPRESENTATION('',(#12811),#12814);
#12811 = B_SPLINE_CURVE_WITH_KNOTS('',1,(#12812,#12813),.UNSPECIFIED.,
  .F.,.F.,(2,2),(0.,2.739414190561),.PIECEWISE_BEZIER_KNOTS.);
#12812 = CARTESIAN_POINT('',(17.671394585493,7.9));
#12813 = CARTESIAN_POINT('',(17.671394585493,5.160585809439));
#12814 = ( GEOMETRIC_REPRESENTATION_CONTEXT(2) 
PARAMETRIC_REPRESENTATION_CONTEXT() REPRESENTATION_CONTEXT('2D SPACE',''
  ) );
#12815 = PCURVE('',#12816,#12823);
#12816 = ( BOUNDED_SURFACE() B_SPLINE_SURFACE(2,1,(
    (#12817,#12818)
    ,(#12819,#12820)
    ,(#12821,#12822
)),.UNSPECIFIED.,.F.,.F.,.F.) B_SPLINE_SURFACE_WITH_KNOTS((3,3),(2,2),(
    3.14159265359,3.344320727118),(-4.839414190561,-2.1),
.PIECEWISE_BEZIER_KNOTS.) GEOMETRIC_REPRESENTATION_ITEM() 
RATIONAL_B_SPLINE_SURFACE((
    (1.,1.)
    ,(0.994867063219,0.994867063219)
,(1.,1.))) REPRESENTATION_ITEM('') SURFACE() );
#12817 = CARTESIAN_POINT('',(-92.63451776649,-59.83941419056,18.5));
#12818 = CARTESIAN_POINT('',(-92.63451776649,-57.1,18.5));
#12819 = CARTESIAN_POINT('',(-92.63451776649,-59.83941419056,
    16.984481811313));
#12820 = CARTESIAN_POINT('',(-92.63451776649,-57.1,16.984481811313));
#12821 = CARTESIAN_POINT('',(-92.3286054145,-59.83941419056,15.5));
#12822 = CARTESIAN_POINT('',(-92.3286054145,-57.1,15.5));
#12823 = DEFINITIONAL_REPRESENTATION('',(#12824),#12828);
#12824 = B_SPLINE_CURVE_WITH_KNOTS('',2,(#12825,#12826,#12827),
  .UNSPECIFIED.,.F.,.F.,(3,3),(0.,2.739414190561),
  .PIECEWISE_BEZIER_KNOTS.);
#12825 = CARTESIAN_POINT('',(3.344320727118,-2.1));
#12826 = CARTESIAN_POINT('',(3.344320727118,-3.469707095281));
#12827 = CARTESIAN_POINT('',(3.344320727118,-4.839414190561));
#12828 = ( GEOMETRIC_REPRESENTATION_CONTEXT(2) 
PARAMETRIC_REPRESENTATION_CONTEXT() REPRESENTATION_CONTEXT('2D SPACE',''
  ) );
#12829 = ORIENTED_EDGE('',*,*,#12830,.T.);
#12830 = EDGE_CURVE('',#12803,#12704,#12831,.T.);
#12831 = SURFACE_CURVE('',#12832,(#12837,#12844),.PCURVE_S1.);
#12832 = CIRCLE('',#12833,8.);
#12833 = AXIS2_PLACEMENT_3D('',#12834,#12835,#12836);
#12834 = CARTESIAN_POINT('',(-90.5,-52.,15.5));
#12835 = DIRECTION('',(0.,0.,1.));
#12836 = DIRECTION('',(-1.,0.,0.));
#12837 = PCURVE('',#467,#12838);
#12838 = DEFINITIONAL_REPRESENTATION('',(#12839),#12843);
#12839 = CIRCLE('',#12840,8.);
#12840 = AXIS2_PLACEMENT_2D('',#12841,#12842);
#12841 = CARTESIAN_POINT('',(19.5,13.));
#12842 = DIRECTION('',(-1.,0.));
#12843 = ( GEOMETRIC_REPRESENTATION_CONTEXT(2) 
PARAMETRIC_REPRESENTATION_CONTEXT() REPRESENTATION_CONTEXT('2D SPACE',''
  ) );
#12844 = PCURVE('',#73,#12845);
#12845 = DEFINITIONAL_REPRESENTATION('',(#12846),#12850);
#12846 = LINE('',#12847,#12848);
#12847 = CARTESIAN_POINT('',(-1.570796326795,15.5));
#12848 = VECTOR('',#12849,1.);
#12849 = DIRECTION('',(1.,-0.));
#12850 = ( GEOMETRIC_REPRESENTATION_CONTEXT(2) 
PARAMETRIC_REPRESENTATION_CONTEXT() REPRESENTATION_CONTEXT('2D SPACE',''
  ) );
#12851 = ADVANCED_FACE('',(#12852),#12816,.T.);
#12852 = FACE_BOUND('',#12853,.T.);
#12853 = EDGE_LOOP('',(#12854,#12855,#12911,#12937));
#12854 = ORIENTED_EDGE('',*,*,#12802,.F.);
#12855 = ORIENTED_EDGE('',*,*,#12856,.T.);
#12856 = EDGE_CURVE('',#12803,#12857,#12859,.T.);
#12857 = VERTEX_POINT('',#12858);
#12858 = CARTESIAN_POINT('',(-92.63451776649,-59.70998274346,18.5));
#12859 = SURFACE_CURVE('',#12860,(#12875,#12893),.PCURVE_S1.);
#12860 = B_SPLINE_CURVE_WITH_KNOTS('',4,(#12861,#12862,#12863,#12864,
    #12865,#12866,#12867,#12868,#12869,#12870,#12871,#12872,#12873,
    #12874),.UNSPECIFIED.,.F.,.F.,(5,3,3,3,5),(0.,0.247177326479,
    0.498237031649,0.749840409205,1.),.UNSPECIFIED.);
#12861 = CARTESIAN_POINT('',(-92.3286054145,-59.78820918042,15.5));
#12862 = CARTESIAN_POINT('',(-92.36650802705,-59.77930996868,
    15.683927646477));
#12863 = CARTESIAN_POINT('',(-92.40125448265,-59.77089228804,
    15.868210073982));
#12864 = CARTESIAN_POINT('',(-92.43285834647,-59.76304843558,
    16.052806035323));
#12865 = CARTESIAN_POINT('',(-92.49024637223,-59.74853593155,
    16.42544363566));
#12866 = CARTESIAN_POINT('',(-92.51593135613,-59.74188765453,
    16.613493844949));
#12867 = CARTESIAN_POINT('',(-92.53839330949,-59.7359775924,
    16.801778992316));
#12868 = CARTESIAN_POINT('',(-92.57692436004,-59.72572220032,
    17.179134845675));
#12869 = CARTESIAN_POINT('',(-92.59297953272,-59.72138026516,
    17.368206388896));
#12870 = CARTESIAN_POINT('',(-92.60580933557,-59.71787964908,
    17.557420898576));
#12871 = CARTESIAN_POINT('',(-92.62496845617,-59.71262647612,
    17.934953900089));
#12872 = CARTESIAN_POINT('',(-92.63133466728,-59.71086399037,
    18.123271340331));
#12873 = CARTESIAN_POINT('',(-92.63451776649,-59.70998274346,
    18.31163586261));
#12874 = CARTESIAN_POINT('',(-92.63451776649,-59.70998274346,18.5));
#12875 = PCURVE('',#12816,#12876);
#12876 = DEFINITIONAL_REPRESENTATION('',(#12877),#12892);
#12877 = B_SPLINE_CURVE_WITH_KNOTS('',4,(#12878,#12879,#12880,#12881,
    #12882,#12883,#12884,#12885,#12886,#12887,#12888,#12889,#12890,
    #12891),.UNSPECIFIED.,.F.,.F.,(5,3,3,3,5),(0.,0.247177326479,
    0.498237031649,0.749840409205,1.),.UNSPECIFIED.);
#12878 = CARTESIAN_POINT('',(3.344320727118,-4.788209180424));
#12879 = CARTESIAN_POINT('',(3.331696901763,-4.779309968689));
#12880 = CARTESIAN_POINT('',(3.31910308503,-4.770892288041));
#12881 = CARTESIAN_POINT('',(3.306533706848,-4.763048435585));
#12882 = CARTESIAN_POINT('',(3.28123629764,-4.748535931552));
#12883 = CARTESIAN_POINT('',(3.268508872442,-4.741887654538));
#12884 = CARTESIAN_POINT('',(3.255795838956,-4.735977592408));
#12885 = CARTESIAN_POINT('',(3.230360725237,-4.725722200327));
#12886 = CARTESIAN_POINT('',(3.217638680377,-4.721380265166));
#12887 = CARTESIAN_POINT('',(3.204920711239,-4.717879649085));
#12888 = CARTESIAN_POINT('',(3.179555857918,-4.712626476124));
#12889 = CARTESIAN_POINT('',(3.166908979133,-4.710863990378));
#12890 = CARTESIAN_POINT('',(3.154256216518,-4.709982743464));
#12891 = CARTESIAN_POINT('',(3.14159265359,-4.709982743464));
#12892 = ( GEOMETRIC_REPRESENTATION_CONTEXT(2) 
PARAMETRIC_REPRESENTATION_CONTEXT() REPRESENTATION_CONTEXT('2D SPACE',''
  ) );
#12893 = PCURVE('',#73,#12894);
#12894 = DEFINITIONAL_REPRESENTATION('',(#12895),#12910);
#12895 = B_SPLINE_CURVE_WITH_KNOTS('',4,(#12896,#12897,#12898,#12899,
    #12900,#12901,#12902,#12903,#12904,#12905,#12906,#12907,#12908,
    #12909),.UNSPECIFIED.,.F.,.F.,(5,3,3,3,5),(0.,0.247177326479,
    0.498237031649,0.749840409205,1.),.UNSPECIFIED.);
#12896 = CARTESIAN_POINT('',(-0.230614375052,15.5));
#12897 = CARTESIAN_POINT('',(-0.235481041017,15.683927646477));
#12898 = CARTESIAN_POINT('',(-0.23994987764,15.868210073982));
#12899 = CARTESIAN_POINT('',(-0.24402018097,16.052806035323));
#12900 = CARTESIAN_POINT('',(-0.251419503441,16.42544363566));
#12901 = CARTESIAN_POINT('',(-0.254735886487,16.613493844949));
#12902 = CARTESIAN_POINT('',(-0.257639184594,16.801778992316));
#12903 = CARTESIAN_POINT('',(-0.262623245004,17.179134845675));
#12904 = CARTESIAN_POINT('',(-0.26470222126,17.368206388896));
#12905 = CARTESIAN_POINT('',(-0.266364572159,17.557420898576));
#12906 = CARTESIAN_POINT('',(-0.268847852902,17.934953900089));
#12907 = CARTESIAN_POINT('',(-0.269673561021,18.123271340331));
#12908 = CARTESIAN_POINT('',(-0.27008641589,18.31163586261));
#12909 = CARTESIAN_POINT('',(-0.27008641589,18.5));
#12910 = ( GEOMETRIC_REPRESENTATION_CONTEXT(2) 
PARAMETRIC_REPRESENTATION_CONTEXT() REPRESENTATION_CONTEXT('2D SPACE',''
  ) );
#12911 = ORIENTED_EDGE('',*,*,#12912,.F.);
#12912 = EDGE_CURVE('',#12913,#12857,#12915,.T.);
#12913 = VERTEX_POINT('',#12914);
#12914 = CARTESIAN_POINT('',(-92.63451776649,-59.77110030819,18.5));
#12915 = SURFACE_CURVE('',#12916,(#12919,#12926),.PCURVE_S1.);
#12916 = B_SPLINE_CURVE_WITH_KNOTS('',1,(#12917,#12918),.UNSPECIFIED.,
  .F.,.F.,(2,2),(0.,2.671100308193),.PIECEWISE_BEZIER_KNOTS.);
#12917 = CARTESIAN_POINT('',(-92.63451776649,-59.77110030819,18.5));
#12918 = CARTESIAN_POINT('',(-92.63451776649,-57.1,18.5));
#12919 = PCURVE('',#12816,#12920);
#12920 = DEFINITIONAL_REPRESENTATION('',(#12921),#12925);
#12921 = B_SPLINE_CURVE_WITH_KNOTS('',2,(#12922,#12923,#12924),
  .UNSPECIFIED.,.F.,.F.,(3,3),(0.,2.671100308193),
  .PIECEWISE_BEZIER_KNOTS.);
#12922 = CARTESIAN_POINT('',(3.14159265359,-4.771100308193));
#12923 = CARTESIAN_POINT('',(3.14159265359,-3.435550154097));
#12924 = CARTESIAN_POINT('',(3.14159265359,-2.1));
#12925 = ( GEOMETRIC_REPRESENTATION_CONTEXT(2) 
PARAMETRIC_REPRESENTATION_CONTEXT() REPRESENTATION_CONTEXT('2D SPACE',''
  ) );
#12926 = PCURVE('',#12927,#12932);
#12927 = B_SPLINE_SURFACE_WITH_KNOTS('',1,1,(
    (#12928,#12929)
    ,(#12930,#12931
    )),.UNSPECIFIED.,.F.,.F.,.F.,(2,2),(2,2),(0.,24.),(-4.771100308193,
    -2.1),.PIECEWISE_BEZIER_KNOTS.);
#12928 = CARTESIAN_POINT('',(-92.63451776649,-59.77110030819,42.5));
#12929 = CARTESIAN_POINT('',(-92.63451776649,-57.1,42.5));
#12930 = CARTESIAN_POINT('',(-92.63451776649,-59.77110030819,18.5));
#12931 = CARTESIAN_POINT('',(-92.63451776649,-57.1,18.5));
#12932 = DEFINITIONAL_REPRESENTATION('',(#12933),#12936);
#12933 = B_SPLINE_CURVE_WITH_KNOTS('',1,(#12934,#12935),.UNSPECIFIED.,
  .F.,.F.,(2,2),(0.,2.671100308193),.PIECEWISE_BEZIER_KNOTS.);
#12934 = CARTESIAN_POINT('',(24.,-4.771100308193));
#12935 = CARTESIAN_POINT('',(24.,-2.1));
#12936 = ( GEOMETRIC_REPRESENTATION_CONTEXT(2) 
PARAMETRIC_REPRESENTATION_CONTEXT() REPRESENTATION_CONTEXT('2D SPACE',''
  ) );
#12937 = ORIENTED_EDGE('',*,*,#12938,.T.);
#12938 = EDGE_CURVE('',#12913,#12778,#12939,.T.);
#12939 = SURFACE_CURVE('',#12940,(#12947,#12957),.PCURVE_S1.);
#12940 = B_SPLINE_CURVE_WITH_KNOTS('',5,(#12941,#12942,#12943,#12944,
    #12945,#12946),.UNSPECIFIED.,.F.,.F.,(6,6),(0.,1.),
  .PIECEWISE_BEZIER_KNOTS.);
#12941 = CARTESIAN_POINT('',(-92.63451776649,-59.77110030819,18.5));
#12942 = CARTESIAN_POINT('',(-92.63451776649,-59.77110030819,
    17.897662472402));
#12943 = CARTESIAN_POINT('',(-92.6040038845,-59.77854171899,
    17.295402874482));
#12944 = CARTESIAN_POINT('',(-92.54298876352,-59.79342301018,
    16.694269015409));
#12945 = CARTESIAN_POINT('',(-92.4513003681,-59.81451614132,
    16.095394032973));
#12946 = CARTESIAN_POINT('',(-92.32860529086,-59.83941421565,15.4999994)
  );
#12947 = PCURVE('',#12816,#12948);
#12948 = DEFINITIONAL_REPRESENTATION('',(#12949),#12956);
#12949 = B_SPLINE_CURVE_WITH_KNOTS('',5,(#12950,#12951,#12952,#12953,
    #12954,#12955),.UNSPECIFIED.,.F.,.F.,(6,6),(0.,0.999999798453),
  .PIECEWISE_BEZIER_KNOTS.);
#12950 = CARTESIAN_POINT('',(3.14159265359,-4.771100308193));
#12951 = CARTESIAN_POINT('',(3.182087292189,-4.771100308193));
#12952 = CARTESIAN_POINT('',(3.22247289371,-4.778541715994));
#12953 = CARTESIAN_POINT('',(3.262886394754,-4.793423001185));
#12954 = CARTESIAN_POINT('',(3.303455982453,-4.814516124315));
#12955 = CARTESIAN_POINT('',(3.344320727118,-4.839414190561));
#12956 = ( GEOMETRIC_REPRESENTATION_CONTEXT(2) 
PARAMETRIC_REPRESENTATION_CONTEXT() REPRESENTATION_CONTEXT('2D SPACE',''
  ) );
#12957 = PCURVE('',#132,#12958);
#12958 = DEFINITIONAL_REPRESENTATION('',(#12959),#12966);
#12959 = B_SPLINE_CURVE_WITH_KNOTS('',5,(#12960,#12961,#12962,#12963,
    #12964,#12965),.UNSPECIFIED.,.F.,.F.,(6,6),(0.,0.999999798453),
  .PIECEWISE_BEZIER_KNOTS.);
#12960 = CARTESIAN_POINT('',(0.254904683646,18.5));
#12961 = CARTESIAN_POINT('',(0.254904603736,17.897662593804));
#12962 = CARTESIAN_POINT('',(0.250901253777,17.295403117245));
#12963 = CARTESIAN_POINT('',(0.242893527217,16.694269378883));
#12964 = CARTESIAN_POINT('',(0.230861583292,16.095394515778));
#12965 = CARTESIAN_POINT('',(0.214720416892,15.5));
#12966 = ( GEOMETRIC_REPRESENTATION_CONTEXT(2) 
PARAMETRIC_REPRESENTATION_CONTEXT() REPRESENTATION_CONTEXT('2D SPACE',''
  ) );
#12967 = ADVANCED_FACE('',(#12968),#12927,.T.);
#12968 = FACE_BOUND('',#12969,.T.);
#12969 = EDGE_LOOP('',(#12970,#12991,#12992,#13021));
#12970 = ORIENTED_EDGE('',*,*,#12971,.F.);
#12971 = EDGE_CURVE('',#12913,#12972,#12974,.T.);
#12972 = VERTEX_POINT('',#12973);
#12973 = CARTESIAN_POINT('',(-92.63451776649,-59.77110030819,42.5));
#12974 = SURFACE_CURVE('',#12975,(#12978,#12984),.PCURVE_S1.);
#12975 = B_SPLINE_CURVE_WITH_KNOTS('',1,(#12976,#12977),.UNSPECIFIED.,
  .F.,.F.,(2,2),(18.5,42.5),.PIECEWISE_BEZIER_KNOTS.);
#12976 = CARTESIAN_POINT('',(-92.63451776649,-59.77110030819,18.5));
#12977 = CARTESIAN_POINT('',(-92.63451776649,-59.77110030819,42.5));
#12978 = PCURVE('',#12927,#12979);
#12979 = DEFINITIONAL_REPRESENTATION('',(#12980),#12983);
#12980 = B_SPLINE_CURVE_WITH_KNOTS('',1,(#12981,#12982),.UNSPECIFIED.,
  .F.,.F.,(2,2),(18.5,42.5),.PIECEWISE_BEZIER_KNOTS.);
#12981 = CARTESIAN_POINT('',(24.,-4.771100308193));
#12982 = CARTESIAN_POINT('',(0.,-4.771100308193));
#12983 = ( GEOMETRIC_REPRESENTATION_CONTEXT(2) 
PARAMETRIC_REPRESENTATION_CONTEXT() REPRESENTATION_CONTEXT('2D SPACE',''
  ) );
#12984 = PCURVE('',#132,#12985);
#12985 = DEFINITIONAL_REPRESENTATION('',(#12986),#12990);
#12986 = B_SPLINE_CURVE_WITH_KNOTS('',2,(#12987,#12988,#12989),
  .UNSPECIFIED.,.F.,.F.,(3,3),(18.5,42.5),.PIECEWISE_BEZIER_KNOTS.);
#12987 = CARTESIAN_POINT('',(0.254904683646,18.5));
#12988 = CARTESIAN_POINT('',(0.254904683646,30.5));
#12989 = CARTESIAN_POINT('',(0.254904683646,42.5));
#12990 = ( GEOMETRIC_REPRESENTATION_CONTEXT(2) 
PARAMETRIC_REPRESENTATION_CONTEXT() REPRESENTATION_CONTEXT('2D SPACE',''
  ) );
#12991 = ORIENTED_EDGE('',*,*,#12912,.T.);
#12992 = ORIENTED_EDGE('',*,*,#12993,.T.);
#12993 = EDGE_CURVE('',#12857,#12994,#12996,.T.);
#12994 = VERTEX_POINT('',#12995);
#12995 = CARTESIAN_POINT('',(-92.63451776649,-59.70998274346,42.5));
#12996 = SURFACE_CURVE('',#12997,(#13003,#13012),.PCURVE_S1.);
#12997 = B_SPLINE_CURVE_WITH_KNOTS('',4,(#12998,#12999,#13000,#13001,
    #13002),.UNSPECIFIED.,.F.,.F.,(5,5),(0.,1.),
  .PIECEWISE_BEZIER_KNOTS.);
#12998 = CARTESIAN_POINT('',(-92.63451776649,-59.70998274346,18.5));
#12999 = CARTESIAN_POINT('',(-92.63451776649,-59.70998274346,24.5));
#13000 = CARTESIAN_POINT('',(-92.63451776649,-59.70998274346,30.5));
#13001 = CARTESIAN_POINT('',(-92.63451776649,-59.70998274346,36.5));
#13002 = CARTESIAN_POINT('',(-92.63451776649,-59.70998274346,42.5));
#13003 = PCURVE('',#12927,#13004);
#13004 = DEFINITIONAL_REPRESENTATION('',(#13005),#13011);
#13005 = B_SPLINE_CURVE_WITH_KNOTS('',4,(#13006,#13007,#13008,#13009,
    #13010),.UNSPECIFIED.,.F.,.F.,(5,5),(0.,1.),
  .PIECEWISE_BEZIER_KNOTS.);
#13006 = CARTESIAN_POINT('',(24.,-4.709982743464));
#13007 = CARTESIAN_POINT('',(18.,-4.709982743464));
#13008 = CARTESIAN_POINT('',(12.,-4.709982743464));
#13009 = CARTESIAN_POINT('',(6.,-4.709982743464));
#13010 = CARTESIAN_POINT('',(0.,-4.709982743464));
#13011 = ( GEOMETRIC_REPRESENTATION_CONTEXT(2) 
PARAMETRIC_REPRESENTATION_CONTEXT() REPRESENTATION_CONTEXT('2D SPACE',''
  ) );
#13012 = PCURVE('',#73,#13013);
#13013 = DEFINITIONAL_REPRESENTATION('',(#13014),#13020);
#13014 = B_SPLINE_CURVE_WITH_KNOTS('',4,(#13015,#13016,#13017,#13018,
    #13019),.UNSPECIFIED.,.F.,.F.,(5,5),(0.,1.),
  .PIECEWISE_BEZIER_KNOTS.);
#13015 = CARTESIAN_POINT('',(-0.27008641589,18.5));
#13016 = CARTESIAN_POINT('',(-0.27008641589,24.5));
#13017 = CARTESIAN_POINT('',(-0.27008641589,30.5));
#13018 = CARTESIAN_POINT('',(-0.27008641589,36.5));
#13019 = CARTESIAN_POINT('',(-0.27008641589,42.5));
#13020 = ( GEOMETRIC_REPRESENTATION_CONTEXT(2) 
PARAMETRIC_REPRESENTATION_CONTEXT() REPRESENTATION_CONTEXT('2D SPACE',''
  ) );
#13021 = ORIENTED_EDGE('',*,*,#13022,.F.);
#13022 = EDGE_CURVE('',#12972,#12994,#13023,.T.);
#13023 = SURFACE_CURVE('',#13024,(#13027,#13033),.PCURVE_S1.);
#13024 = B_SPLINE_CURVE_WITH_KNOTS('',1,(#13025,#13026),.UNSPECIFIED.,
  .F.,.F.,(2,2),(0.,2.671100308193),.PIECEWISE_BEZIER_KNOTS.);
#13025 = CARTESIAN_POINT('',(-92.63451776649,-59.77110030819,42.5));
#13026 = CARTESIAN_POINT('',(-92.63451776649,-57.1,42.5));
#13027 = PCURVE('',#12927,#13028);
#13028 = DEFINITIONAL_REPRESENTATION('',(#13029),#13032);
#13029 = B_SPLINE_CURVE_WITH_KNOTS('',1,(#13030,#13031),.UNSPECIFIED.,
  .F.,.F.,(2,2),(0.,2.671100308193),.PIECEWISE_BEZIER_KNOTS.);
#13030 = CARTESIAN_POINT('',(0.,-4.771100308193));
#13031 = CARTESIAN_POINT('',(0.,-2.1));
#13032 = ( GEOMETRIC_REPRESENTATION_CONTEXT(2) 
PARAMETRIC_REPRESENTATION_CONTEXT() REPRESENTATION_CONTEXT('2D SPACE',''
  ) );
#13033 = PCURVE('',#101,#13034);
#13034 = DEFINITIONAL_REPRESENTATION('',(#13035),#13039);
#13035 = B_SPLINE_CURVE_WITH_KNOTS('',2,(#13036,#13037,#13038),
  .UNSPECIFIED.,.F.,.F.,(3,3),(0.,2.671100308193),
  .PIECEWISE_BEZIER_KNOTS.);
#13036 = CARTESIAN_POINT('',(3.14159265359,-4.771100308193));
#13037 = CARTESIAN_POINT('',(3.14159265359,-3.435550154097));
#13038 = CARTESIAN_POINT('',(3.14159265359,-2.1));
#13039 = ( GEOMETRIC_REPRESENTATION_CONTEXT(2) 
PARAMETRIC_REPRESENTATION_CONTEXT() REPRESENTATION_CONTEXT('2D SPACE',''
  ) );
#13040 = ADVANCED_FACE('',(#13041),#336,.F.);
#13041 = FACE_BOUND('',#13042,.T.);
#13042 = EDGE_LOOP('',(#13043,#13044,#13045,#13046,#13100));
#13043 = ORIENTED_EDGE('',*,*,#425,.F.);
#13044 = ORIENTED_EDGE('',*,*,#853,.T.);
#13045 = ORIENTED_EDGE('',*,*,#12587,.T.);
#13046 = ORIENTED_EDGE('',*,*,#13047,.T.);
#13047 = EDGE_CURVE('',#12588,#292,#13048,.T.);
#13048 = SURFACE_CURVE('',#13049,(#13064,#13082),.PCURVE_S1.);
#13049 = B_SPLINE_CURVE_WITH_KNOTS('',7,(#13050,#13051,#13052,#13053,
    #13054,#13055,#13056,#13057,#13058,#13059,#13060,#13061,#13062,
    #13063),.UNSPECIFIED.,.F.,.F.,(8,6,8),(0.,0.394425542712,1.),
  .UNSPECIFIED.);
#13050 = CARTESIAN_POINT('',(92.4,-59.77110030819,42.5));
#13051 = CARTESIAN_POINT('',(92.4,-59.77110030819,42.920096647125));
#13052 = CARTESIAN_POINT('',(92.386181763608,-59.77447871027,
    43.340160109949));
#13053 = CARTESIAN_POINT('',(92.358548446238,-59.78123515807,
    43.759910426634));
#13054 = CARTESIAN_POINT('',(92.31707944127,-59.79120997975,
    44.179056748498));
#13055 = CARTESIAN_POINT('',(92.261731369775,-59.80408621182,
    44.597297215922));
#13056 = CARTESIAN_POINT('',(92.192439070233,-59.81939162284,
    45.014318834265));
#13057 = CARTESIAN_POINT('',(91.981188851996,-59.86276892118,
    46.067695125891));
#13058 = CARTESIAN_POINT('',(91.820222201392,-59.89328214888,
    46.701784872763));
#13059 = CARTESIAN_POINT('',(91.625842959107,-59.9257912768,
    47.331354400867));
#13060 = CARTESIAN_POINT('',(91.397438175891,-59.95721811393,
    47.955471924845));
#13061 = CARTESIAN_POINT('',(91.134225203062,-59.98360195537,
    48.572914545226));
#13062 = CARTESIAN_POINT('',(90.835327988685,-60.,49.18206220019));
#13063 = CARTESIAN_POINT('',(90.5,-60.,49.780796659707));
#13064 = PCURVE('',#336,#13065);
#13065 = DEFINITIONAL_REPRESENTATION('',(#13066),#13081);
#13066 = B_SPLINE_CURVE_WITH_KNOTS('',7,(#13067,#13068,#13069,#13070,
    #13071,#13072,#13073,#13074,#13075,#13076,#13077,#13078,#13079,
    #13080),.UNSPECIFIED.,.F.,.F.,(8,6,8),(0.,0.394425542712,1.),
  .UNSPECIFIED.);
#13067 = CARTESIAN_POINT('',(0.,-4.771100308193));
#13068 = CARTESIAN_POINT('',(-2.819440584731E-02,-4.771100308193));
#13069 = CARTESIAN_POINT('',(-5.638658434177E-02,-4.774478710276));
#13070 = CARTESIAN_POINT('',(-8.459435256565E-02,-4.781235158074));
#13071 = CARTESIAN_POINT('',(-0.112834777045,-4.791209979759));
#13072 = CARTESIAN_POINT('',(-0.14112459957,-4.80408621182));
#13073 = CARTESIAN_POINT('',(-0.169480663018,-4.819391622841));
#13074 = CARTESIAN_POINT('',(-0.241584700608,-4.862768921182));
#13075 = CARTESIAN_POINT('',(-0.28543448876,-4.89328214888));
#13076 = CARTESIAN_POINT('',(-0.329563717189,-4.925791276803));
#13077 = CARTESIAN_POINT('',(-0.374060420031,-4.957218113936));
#13078 = CARTESIAN_POINT('',(-0.419006971019,-4.983601955376));
#13079 = CARTESIAN_POINT('',(-0.464478475392,-5.));
#13080 = CARTESIAN_POINT('',(-0.510534972278,-5.));
#13081 = ( GEOMETRIC_REPRESENTATION_CONTEXT(2) 
PARAMETRIC_REPRESENTATION_CONTEXT() REPRESENTATION_CONTEXT('2D SPACE',''
  ) );
#13082 = PCURVE('',#307,#13083);
#13083 = DEFINITIONAL_REPRESENTATION('',(#13084),#13099);
#13084 = B_SPLINE_CURVE_WITH_KNOTS('',7,(#13085,#13086,#13087,#13088,
    #13089,#13090,#13091,#13092,#13093,#13094,#13095,#13096,#13097,
    #13098),.UNSPECIFIED.,.F.,.F.,(8,6,8),(0.,0.394425542712,1.),
  .UNSPECIFIED.);
#13085 = CARTESIAN_POINT('',(0.23979139984,42.5));
#13086 = CARTESIAN_POINT('',(0.23979139984,42.920096647125));
#13087 = CARTESIAN_POINT('',(0.238013337137,43.340160109949));
#13088 = CARTESIAN_POINT('',(0.234457253639,43.759910426634));
#13089 = CARTESIAN_POINT('',(0.229125818917,44.179056748498));
#13090 = CARTESIAN_POINT('',(0.222023168941,44.597297215922));
#13091 = CARTESIAN_POINT('',(0.213153744816,45.014318834265));
#13092 = CARTESIAN_POINT('',(0.186196531983,46.067695125891));
#13093 = CARTESIAN_POINT('',(0.165719770724,46.701784872763));
#13094 = CARTESIAN_POINT('',(0.141094321795,47.331354400867));
#13095 = CARTESIAN_POINT('',(0.112299907121,47.955471924845));
#13096 = CARTESIAN_POINT('',(7.927818242115E-02,48.572914545226));
#13097 = CARTESIAN_POINT('',(4.191599858557E-02,49.18206220019));
#13098 = CARTESIAN_POINT('',(0.,49.780796659707));
#13099 = ( GEOMETRIC_REPRESENTATION_CONTEXT(2) 
PARAMETRIC_REPRESENTATION_CONTEXT() REPRESENTATION_CONTEXT('2D SPACE',''
  ) );
#13100 = ORIENTED_EDGE('',*,*,#319,.F.);
#13101 = ADVANCED_FACE('',(#13102),#307,.T.);
#13102 = FACE_BOUND('',#13103,.T.);
#13103 = EDGE_LOOP('',(#13104,#13105,#13106,#13107,#13108,#13109,#13110,
    #13111));
#13104 = ORIENTED_EDGE('',*,*,#291,.F.);
#13105 = ORIENTED_EDGE('',*,*,#13047,.F.);
#13106 = ORIENTED_EDGE('',*,*,#12612,.F.);
#13107 = ORIENTED_EDGE('',*,*,#12554,.F.);
#13108 = ORIENTED_EDGE('',*,*,#12247,.T.);
#13109 = ORIENTED_EDGE('',*,*,#12368,.F.);
#13110 = ORIENTED_EDGE('',*,*,#12479,.F.);
#13111 = ORIENTED_EDGE('',*,*,#13112,.T.);
#13112 = EDGE_CURVE('',#12457,#259,#13113,.T.);
#13113 = SURFACE_CURVE('',#13114,(#13137,#13163),.PCURVE_S1.);
#13114 = B_SPLINE_CURVE_WITH_KNOTS('',6,(#13115,#13116,#13117,#13118,
    #13119,#13120,#13121,#13122,#13123,#13124,#13125,#13126,#13127,
    #13128,#13129,#13130,#13131,#13132,#13133,#13134,#13135,#13136),
  .UNSPECIFIED.,.F.,.F.,(7,5,5,5,7),(0.,0.22064058871,0.420517653889,
    0.671252859222,1.),.UNSPECIFIED.);
#13115 = CARTESIAN_POINT('',(92.634517766497,-59.70998274346,42.5));
#13116 = CARTESIAN_POINT('',(92.634517766497,-59.70998274346,
    42.789895088441));
#13117 = CARTESIAN_POINT('',(92.627732344229,-59.71186127728,
    43.07979844024));
#13118 = CARTESIAN_POINT('',(92.614160723287,-59.71561865039,
    43.369592039703));
#13119 = CARTESIAN_POINT('',(92.59379757502,-59.72120792734,
    43.65915976256));
#13120 = CARTESIAN_POINT('',(92.566632114857,-59.72853584994,
    43.948387312523));
#13121 = CARTESIAN_POINT('',(92.501860454681,-59.74555149457,
    44.498761661889));
#13122 = CARTESIAN_POINT('',(92.465477329781,-59.75495228454,
    44.759989921098));
#13123 = CARTESIAN_POINT('',(92.423484870711,-59.76556309203,
    45.020764149753));
#13124 = CARTESIAN_POINT('',(92.375865639631,-59.7772506284,
    45.281003499193));
#13125 = CARTESIAN_POINT('',(92.322596456168,-59.789852033,
    45.540628906218));
#13126 = CARTESIAN_POINT('',(92.18969833998,-59.8198892122,
    46.124381991854));
#13127 = CARTESIAN_POINT('',(92.106811821002,-59.83773919543,
    46.448109951721));
#13128 = CARTESIAN_POINT('',(92.014926865802,-59.8563463457,
    46.770598881017));
#13129 = CARTESIAN_POINT('',(91.91396722669,-59.87526107223,
    47.091694697616));
#13130 = CARTESIAN_POINT('',(91.803837973415,-59.89395884289,
    47.41123687476));
#13131 = CARTESIAN_POINT('',(91.527852594971,-59.93527457057,
    48.145764007825));
#13132 = CARTESIAN_POINT('',(91.355332826392,-59.95729971614,
    48.559474257957));
#13133 = CARTESIAN_POINT('',(91.166585847924,-59.97655174061,
    48.96986241287));
#13134 = CARTESIAN_POINT('',(90.961305072366,-59.99141805489,
    49.376447389524));
#13135 = CARTESIAN_POINT('',(90.739194142328,-59.99999999599,
    49.778604256171));
#13136 = CARTESIAN_POINT('',(90.50000013385,-60.,50.175575901847));
#13137 = PCURVE('',#307,#13138);
#13138 = DEFINITIONAL_REPRESENTATION('',(#13139),#13162);
#13139 = B_SPLINE_CURVE_WITH_KNOTS('',6,(#13140,#13141,#13142,#13143,
    #13144,#13145,#13146,#13147,#13148,#13149,#13150,#13151,#13152,
    #13153,#13154,#13155,#13156,#13157,#13158,#13159,#13160,#13161),
  .UNSPECIFIED.,.F.,.F.,(7,5,5,5,7),(0.,0.22064058871,0.420517653889,
    0.671252859222,1.),.UNSPECIFIED.);
#13140 = CARTESIAN_POINT('',(0.27008641589,42.5));
#13141 = CARTESIAN_POINT('',(0.27008641589,42.789895088441));
#13142 = CARTESIAN_POINT('',(0.269206339514,43.07979844024));
#13143 = CARTESIAN_POINT('',(0.267446055637,43.369592039703));
#13144 = CARTESIAN_POINT('',(0.264806541651,43.65915976256));
#13145 = CARTESIAN_POINT('',(0.261289553997,43.948387312523));
#13146 = CARTESIAN_POINT('',(0.252918379381,44.498761661889));
#13147 = CARTESIAN_POINT('',(0.248221169966,44.759989921098));
#13148 = CARTESIAN_POINT('',(0.242807248779,45.020764149753));
#13149 = CARTESIAN_POINT('',(0.236678451055,45.281003499193));
#13150 = CARTESIAN_POINT('',(0.229836366612,45.540628906218));
#13151 = CARTESIAN_POINT('',(0.21280508041,46.124381991854));
#13152 = CARTESIAN_POINT('',(0.202207296714,46.448109951721));
#13153 = CARTESIAN_POINT('',(0.190489928431,46.770598881017));
#13154 = CARTESIAN_POINT('',(0.177652858784,47.091694697616));
#13155 = CARTESIAN_POINT('',(0.163692365743,47.41123687476));
#13156 = CARTESIAN_POINT('',(0.128809768347,48.145764007825));
#13157 = CARTESIAN_POINT('',(0.10707483259,48.559474257957));
#13158 = CARTESIAN_POINT('',(8.337128973235E-02,48.96986241287));
#13159 = CARTESIAN_POINT('',(5.766314719299E-02,49.376447389524));
#13160 = CARTESIAN_POINT('',(2.989926779105E-02,49.778604256171));
#13161 = CARTESIAN_POINT('',(1.673122618229E-08,50.175575901847));
#13162 = ( GEOMETRIC_REPRESENTATION_CONTEXT(2) 
PARAMETRIC_REPRESENTATION_CONTEXT() REPRESENTATION_CONTEXT('2D SPACE',''
  ) );
#13163 = PCURVE('',#274,#13164);
#13164 = DEFINITIONAL_REPRESENTATION('',(#13165),#13188);
#13165 = B_SPLINE_CURVE_WITH_KNOTS('',6,(#13166,#13167,#13168,#13169,
    #13170,#13171,#13172,#13173,#13174,#13175,#13176,#13177,#13178,
    #13179,#13180,#13181,#13182,#13183,#13184,#13185,#13186,#13187),
  .UNSPECIFIED.,.F.,.F.,(7,5,5,5,7),(0.,0.22064058871,0.420517653889,
    0.671252859222,1.),.UNSPECIFIED.);
#13166 = CARTESIAN_POINT('',(0.,-4.709982743464));
#13167 = CARTESIAN_POINT('',(2.161023393105E-02,-4.709982743464));
#13168 = CARTESIAN_POINT('',(4.301209717937E-02,-4.711861277283));
#13169 = CARTESIAN_POINT('',(6.422264371635E-02,-4.715618650394));
#13170 = CARTESIAN_POINT('',(8.525810488365E-02,-4.721207927348));
#13171 = CARTESIAN_POINT('',(0.106134132306,-4.728535849944));
#13172 = CARTESIAN_POINT('',(0.145646959811,-4.745551494575));
#13173 = CARTESIAN_POINT('',(0.164309626745,-4.754952284545));
#13174 = CARTESIAN_POINT('',(0.182865489512,-4.765563092037));
#13175 = CARTESIAN_POINT('',(0.201325813655,-4.777250628405));
#13176 = CARTESIAN_POINT('',(0.21970182508,-4.789852033009));
#13177 = CARTESIAN_POINT('',(0.260965032889,-4.819889212201));
#13178 = CARTESIAN_POINT('',(0.28381014114,-4.837739195439));
#13179 = CARTESIAN_POINT('',(0.306562902247,-4.856346345708));
#13180 = CARTESIAN_POINT('',(0.329245561955,-4.875261072234));
#13181 = CARTESIAN_POINT('',(0.351880465068,-4.893958842892));
#13182 = CARTESIAN_POINT('',(0.404135565882,-4.935274570578));
#13183 = CARTESIAN_POINT('',(0.43373533242,-4.957299716148));
#13184 = CARTESIAN_POINT('',(0.463345384004,-4.976551740619));
#13185 = CARTESIAN_POINT('',(0.493013794093,-4.991418054891));
#13186 = CARTESIAN_POINT('',(0.522784275607,-4.999999995998));
#13187 = CARTESIAN_POINT('',(0.552697711983,-5.));
#13188 = ( GEOMETRIC_REPRESENTATION_CONTEXT(2) 
PARAMETRIC_REPRESENTATION_CONTEXT() REPRESENTATION_CONTEXT('2D SPACE',''
  ) );
#13189 = ADVANCED_FACE('',(#13190),#274,.T.);
#13190 = FACE_BOUND('',#13191,.T.);
#13191 = EDGE_LOOP('',(#13192,#13193,#13194,#13195));
#13192 = ORIENTED_EDGE('',*,*,#258,.F.);
#13193 = ORIENTED_EDGE('',*,*,#13112,.F.);
#13194 = ORIENTED_EDGE('',*,*,#12456,.T.);
#13195 = ORIENTED_EDGE('',*,*,#13196,.T.);
#13196 = EDGE_CURVE('',#12459,#231,#13197,.T.);
#13197 = SURFACE_CURVE('',#13198,(#13213,#13235),.PCURVE_S1.);
#13198 = B_SPLINE_CURVE_WITH_KNOTS('',7,(#13199,#13200,#13201,#13202,
    #13203,#13204,#13205,#13206,#13207,#13208,#13209,#13210,#13211,
    #13212),.UNSPECIFIED.,.F.,.F.,(8,6,8),(0.,0.394425542712,1.),
  .UNSPECIFIED.);
#13199 = CARTESIAN_POINT('',(92.634517766497,-59.77110030819,42.5));
#13200 = CARTESIAN_POINT('',(92.634517766497,-59.77110030819,
    42.920096647125));
#13201 = CARTESIAN_POINT('',(92.62066445844,-59.77447871027,
    43.340160109949));
#13202 = CARTESIAN_POINT('',(92.592961005746,-59.78123515807,
    43.759910426634));
#13203 = CARTESIAN_POINT('',(92.551386749496,-59.79120997975,
    44.179056748498));
#13204 = CARTESIAN_POINT('',(92.495898200662,-59.80408621182,
    44.597297215922));
#13205 = CARTESIAN_POINT('',(92.42643003234,-59.81939162284,
    45.014318834265));
#13206 = CARTESIAN_POINT('',(92.214643646037,-59.86276892118,
    46.067695125891));
#13207 = CARTESIAN_POINT('',(92.053268450634,-59.89328214888,
    46.701784872763));
#13208 = CARTESIAN_POINT('',(91.858395860019,-59.9257912768,
    47.331354400867));
#13209 = CARTESIAN_POINT('',(91.629411369231,-59.95721811393,
    47.955471924845));
#13210 = CARTESIAN_POINT('',(91.365530343171,-59.98360195537,
    48.572914545226));
#13211 = CARTESIAN_POINT('',(91.065874506422,-60.,49.18206220019));
#13212 = CARTESIAN_POINT('',(90.729695431472,-60.,49.780796659707));
#13213 = PCURVE('',#274,#13214);
#13214 = DEFINITIONAL_REPRESENTATION('',(#13215),#13234);
#13215 = B_SPLINE_CURVE_WITH_KNOTS('',6,(#13216,#13217,#13218,#13219,
    #13220,#13221,#13222,#13223,#13224,#13225,#13226,#13227,#13228,
    #13229,#13230,#13231,#13232,#13233),.UNSPECIFIED.,.F.,.F.,(7,5,6,7),
  (0.,0.25,0.4375,1.),.UNSPECIFIED.);
#13216 = CARTESIAN_POINT('',(-1.787997423035E-30,-4.771100308193));
#13217 = CARTESIAN_POINT('',(2.315735734086E-02,-4.771100255173));
#13218 = CARTESIAN_POINT('',(4.607346666813E-02,-4.773000566998));
#13219 = CARTESIAN_POINT('',(6.877063671312E-02,-4.776800618285));
#13220 = CARTESIAN_POINT('',(9.126991690242E-02,-4.782440510562));
#13221 = CARTESIAN_POINT('',(0.113591097358,-4.789801072264));
#13222 = CARTESIAN_POINT('',(0.152374018421,-4.80538102684));
#13223 = CARTESIAN_POINT('',(0.16890535314,-4.812925677017));
#13224 = CARTESIAN_POINT('',(0.185355156788,-4.821262954449));
#13225 = CARTESIAN_POINT('',(0.201731143749,-4.830299328738));
#13226 = CARTESIAN_POINT('',(0.218040299049,-4.839922593908));
#13227 = CARTESIAN_POINT('',(0.234288878364,-4.850001868401));
#13228 = CARTESIAN_POINT('',(0.283035224809,-4.880240322073));
#13229 = CARTESIAN_POINT('',(0.331246913328,-4.914587132797));
#13230 = CARTESIAN_POINT('',(0.379163879244,-4.949565530597));
#13231 = CARTESIAN_POINT('',(0.426995122848,-4.980194139996));
#13232 = CARTESIAN_POINT('',(0.474935122703,-4.999999736904));
#13233 = CARTESIAN_POINT('',(0.523158422483,-5.));
#13234 = ( GEOMETRIC_REPRESENTATION_CONTEXT(2) 
PARAMETRIC_REPRESENTATION_CONTEXT() REPRESENTATION_CONTEXT('2D SPACE',''
  ) );
#13235 = PCURVE('',#244,#13236);
#13236 = DEFINITIONAL_REPRESENTATION('',(#13237),#13268);
#13237 = B_SPLINE_CURVE_WITH_KNOTS('',8,(#13238,#13239,#13240,#13241,
    #13242,#13243,#13244,#13245,#13246,#13247,#13248,#13249,#13250,
    #13251,#13252,#13253,#13254,#13255,#13256,#13257,#13258,#13259,
    #13260,#13261,#13262,#13263,#13264,#13265,#13266,#13267),
  .UNSPECIFIED.,.F.,.F.,(9,7,7,7,9),(0.,0.25,0.34375,0.42578125,1.),
  .UNSPECIFIED.);
#13238 = CARTESIAN_POINT('',(0.254904683646,42.5));
#13239 = CARTESIAN_POINT('',(0.254904704012,42.732987300692));
#13240 = CARTESIAN_POINT('',(0.254356966738,42.965964595824));
#13241 = CARTESIAN_POINT('',(0.253261605885,43.198887339864));
#13242 = CARTESIAN_POINT('',(0.251618400354,43.431710099193));
#13243 = CARTESIAN_POINT('',(0.24942677388,43.664386552112));
#13244 = CARTESIAN_POINT('',(0.246685795038,43.896869488842));
#13245 = CARTESIAN_POINT('',(0.24339417724,44.129110811518));
#13246 = CARTESIAN_POINT('',(0.238108787607,44.448043022605));
#13247 = CARTESIAN_POINT('',(0.236589653834,44.534983697984));
#13248 = CARTESIAN_POINT('',(0.234992758018,44.621880932076));
#13249 = CARTESIAN_POINT('',(0.233317980763,44.708732096621));
#13250 = CARTESIAN_POINT('',(0.231565202675,44.795534563361));
#13251 = CARTESIAN_POINT('',(0.229734304356,44.882285704037));
#13252 = CARTESIAN_POINT('',(0.227825166413,44.96898289039));
#13253 = CARTESIAN_POINT('',(0.224098587961,45.131434135975));
#13254 = CARTESIAN_POINT('',(0.222299523375,45.207200027381));
#13255 = CARTESIAN_POINT('',(0.220440175632,45.282926852025));
#13256 = CARTESIAN_POINT('',(0.218521009062,45.358591304208));
#13257 = CARTESIAN_POINT('',(0.21654086974,45.434230910242));
#13258 = CARTESIAN_POINT('',(0.214500799919,45.509799119186));
#13259 = CARTESIAN_POINT('',(0.212400002256,45.585320194487));
#13260 = CARTESIAN_POINT('',(0.195108186123,46.189038947706));
#13261 = CARTESIAN_POINT('',(0.177002074011,46.714596812448));
#13262 = CARTESIAN_POINT('',(0.155866310757,47.237053670948));
#13263 = CARTESIAN_POINT('',(0.131613532326,47.755912530213));
#13264 = CARTESIAN_POINT('',(0.104119886328,48.2705603935));
#13265 = CARTESIAN_POINT('',(7.320971591759E-02,48.780241885415));
#13266 = CARTESIAN_POINT('',(3.862792146527E-02,49.284030383988));
#13267 = CARTESIAN_POINT('',(0.,49.780796659707));
#13268 = ( GEOMETRIC_REPRESENTATION_CONTEXT(2) 
PARAMETRIC_REPRESENTATION_CONTEXT() REPRESENTATION_CONTEXT('2D SPACE',''
  ) );
#13269 = ADVANCED_FACE('',(#13270),#244,.T.);
#13270 = FACE_BOUND('',#13271,.T.);
#13271 = EDGE_LOOP('',(#13272,#13273,#13274,#13275,#13276,#13277,#13278)
  );
#13272 = ORIENTED_EDGE('',*,*,#230,.F.);
#13273 = ORIENTED_EDGE('',*,*,#13196,.F.);
#13274 = ORIENTED_EDGE('',*,*,#12507,.F.);
#13275 = ORIENTED_EDGE('',*,*,#12423,.F.);
#13276 = ORIENTED_EDGE('',*,*,#12299,.T.);
#13277 = ORIENTED_EDGE('',*,*,#8990,.T.);
#13278 = ORIENTED_EDGE('',*,*,#8837,.T.);
#13279 = ADVANCED_FACE('',(#13280),#216,.F.);
#13280 = FACE_BOUND('',#13281,.F.);
#13281 = EDGE_LOOP('',(#13282,#13283,#13313,#13314));
#13282 = ORIENTED_EDGE('',*,*,#202,.F.);
#13283 = ORIENTED_EDGE('',*,*,#13284,.T.);
#13284 = EDGE_CURVE('',#175,#5620,#13285,.T.);
#13285 = SURFACE_CURVE('',#13286,(#13291,#13307),.PCURVE_S1.);
#13286 = CIRCLE('',#13287,3.);
#13287 = AXIS2_PLACEMENT_3D('',#13288,#13289,#13290);
#13288 = CARTESIAN_POINT('',(90.5,-57.,79.));
#13289 = DIRECTION('',(-1.,-0.,0.));
#13290 = DIRECTION('',(0.,-1.,0.));
#13291 = PCURVE('',#216,#13292);
#13292 = DEFINITIONAL_REPRESENTATION('',(#13293),#13306);
#13293 = B_SPLINE_CURVE_WITH_KNOTS('',6,(#13294,#13295,#13296,#13297,
    #13298,#13299,#13300,#13301,#13302,#13303,#13304,#13305),
  .UNSPECIFIED.,.F.,.F.,(7,5,7),(0.,0.785398163397,1.570796326795),
  .UNSPECIFIED.);
#13294 = CARTESIAN_POINT('',(0.,180.77088607594));
#13295 = CARTESIAN_POINT('',(0.145392649905,180.77088607593));
#13296 = CARTESIAN_POINT('',(0.281328396572,180.77088607604));
#13297 = CARTESIAN_POINT('',(0.411187833803,180.77088607572));
#13298 = CARTESIAN_POINT('',(0.537194888734,180.77088607609));
#13299 = CARTESIAN_POINT('',(0.661297780171,180.77088607593));
#13300 = CARTESIAN_POINT('',(0.909498546624,180.7708860759));
#13301 = CARTESIAN_POINT('',(1.03360143806,180.77088607619));
#13302 = CARTESIAN_POINT('',(1.159608492994,180.77088607555));
#13303 = CARTESIAN_POINT('',(1.289467930222,180.77088607624));
#13304 = CARTESIAN_POINT('',(1.42540367689,180.77088607589));
#13305 = CARTESIAN_POINT('',(1.570796326795,180.77088607594));
#13306 = ( GEOMETRIC_REPRESENTATION_CONTEXT(2) 
PARAMETRIC_REPRESENTATION_CONTEXT() REPRESENTATION_CONTEXT('2D SPACE',''
  ) );
#13307 = PCURVE('',#190,#13308);
#13308 = DEFINITIONAL_REPRESENTATION('',(#13309),#13312);
#13309 = B_SPLINE_CURVE_WITH_KNOTS('',1,(#13310,#13311),.UNSPECIFIED.,
  .F.,.F.,(2,2),(0.,1.570796326795),.PIECEWISE_BEZIER_KNOTS.);
#13310 = CARTESIAN_POINT('',(0.,181.));
#13311 = CARTESIAN_POINT('',(-1.570796326795,181.));
#13312 = ( GEOMETRIC_REPRESENTATION_CONTEXT(2) 
PARAMETRIC_REPRESENTATION_CONTEXT() REPRESENTATION_CONTEXT('2D SPACE',''
  ) );
#13313 = ORIENTED_EDGE('',*,*,#5642,.T.);
#13314 = ORIENTED_EDGE('',*,*,#8816,.F.);
#13315 = ADVANCED_FACE('',(#13316),#190,.T.);
#13316 = FACE_BOUND('',#13317,.F.);
#13317 = EDGE_LOOP('',(#13318,#13348,#13349,#13350));
#13318 = ORIENTED_EDGE('',*,*,#13319,.T.);
#13319 = EDGE_CURVE('',#147,#5599,#13320,.T.);
#13320 = SURFACE_CURVE('',#13321,(#13326,#13332),.PCURVE_S1.);
#13321 = CIRCLE('',#13322,3.);
#13322 = AXIS2_PLACEMENT_3D('',#13323,#13324,#13325);
#13323 = CARTESIAN_POINT('',(-90.5,-57.,79.));
#13324 = DIRECTION('',(-1.,-0.,0.));
#13325 = DIRECTION('',(0.,-1.,0.));
#13326 = PCURVE('',#190,#13327);
#13327 = DEFINITIONAL_REPRESENTATION('',(#13328),#13331);
#13328 = B_SPLINE_CURVE_WITH_KNOTS('',1,(#13329,#13330),.UNSPECIFIED.,
  .F.,.F.,(2,2),(0.,1.570796326795),.PIECEWISE_BEZIER_KNOTS.);
#13329 = CARTESIAN_POINT('',(0.,0.));
#13330 = CARTESIAN_POINT('',(-1.570796326795,0.));
#13331 = ( GEOMETRIC_REPRESENTATION_CONTEXT(2) 
PARAMETRIC_REPRESENTATION_CONTEXT() REPRESENTATION_CONTEXT('2D SPACE',''
  ) );
#13332 = PCURVE('',#160,#13333);
#13333 = DEFINITIONAL_REPRESENTATION('',(#13334),#13347);
#13334 = B_SPLINE_CURVE_WITH_KNOTS('',6,(#13335,#13336,#13337,#13338,
    #13339,#13340,#13341,#13342,#13343,#13344,#13345,#13346),
  .UNSPECIFIED.,.F.,.F.,(7,5,7),(0.,0.785398163397,1.570796326795),
  .UNSPECIFIED.);
#13335 = CARTESIAN_POINT('',(0.,0.229113924051));
#13336 = CARTESIAN_POINT('',(0.145392649905,0.229113924051));
#13337 = CARTESIAN_POINT('',(0.281328396572,0.229113924051));
#13338 = CARTESIAN_POINT('',(0.411187833803,0.229113924051));
#13339 = CARTESIAN_POINT('',(0.537194888734,0.22911392405));
#13340 = CARTESIAN_POINT('',(0.661297780171,0.229113924051));
#13341 = CARTESIAN_POINT('',(0.909498546624,0.229113924051));
#13342 = CARTESIAN_POINT('',(1.03360143806,0.22911392405));
#13343 = CARTESIAN_POINT('',(1.159608492993,0.229113924051));
#13344 = CARTESIAN_POINT('',(1.289467930223,0.229113924051));
#13345 = CARTESIAN_POINT('',(1.42540367689,0.229113924051));
#13346 = CARTESIAN_POINT('',(1.570796326795,0.229113924051));
#13347 = ( GEOMETRIC_REPRESENTATION_CONTEXT(2) 
PARAMETRIC_REPRESENTATION_CONTEXT() REPRESENTATION_CONTEXT('2D SPACE',''
  ) );
#13348 = ORIENTED_EDGE('',*,*,#5619,.F.);
#13349 = ORIENTED_EDGE('',*,*,#13284,.F.);
#13350 = ORIENTED_EDGE('',*,*,#174,.T.);
#13351 = ADVANCED_FACE('',(#13352),#160,.F.);
#13352 = FACE_BOUND('',#13353,.F.);
#13353 = EDGE_LOOP('',(#13354,#13355,#13356,#13357));
#13354 = ORIENTED_EDGE('',*,*,#146,.F.);
#13355 = ORIENTED_EDGE('',*,*,#8905,.T.);
#13356 = ORIENTED_EDGE('',*,*,#5598,.T.);
#13357 = ORIENTED_EDGE('',*,*,#13319,.F.);
#13358 = ADVANCED_FACE('',(#13359),#132,.F.);
#13359 = FACE_BOUND('',#13360,.F.);
#13360 = EDGE_LOOP('',(#13361,#13362,#13436,#13437,#13438,#13439,#13440)
  );
#13361 = ORIENTED_EDGE('',*,*,#118,.T.);
#13362 = ORIENTED_EDGE('',*,*,#13363,.T.);
#13363 = EDGE_CURVE('',#86,#12972,#13364,.T.);
#13364 = SURFACE_CURVE('',#13365,(#13380,#13407),.PCURVE_S1.);
#13365 = B_SPLINE_CURVE_WITH_KNOTS('',7,(#13366,#13367,#13368,#13369,
    #13370,#13371,#13372,#13373,#13374,#13375,#13376,#13377,#13378,
    #13379),.UNSPECIFIED.,.F.,.F.,(8,6,8),(0.,0.605522608154,1.),
  .UNSPECIFIED.);
#13366 = CARTESIAN_POINT('',(-90.72969543147,-60.,49.780796659707));
#13367 = CARTESIAN_POINT('',(-91.06584573215,-60.,49.182113447117));
#13368 = CARTESIAN_POINT('',(-91.36547904428,-59.98360476227,
    48.573018825689));
#13369 = CARTESIAN_POINT('',(-91.62934359362,-59.95722488909,
    47.955630500291));
#13370 = CARTESIAN_POINT('',(-91.8583174272,-59.92580204004,
    47.331568160965));
#13371 = CARTESIAN_POINT('',(-92.05318500732,-59.8932960691,
    46.702054440613));
#13372 = CARTESIAN_POINT('',(-92.21456073363,-59.86278459822,
    46.068020917582));
#13373 = CARTESIAN_POINT('',(-92.42637524849,-59.81940369282,
    45.014647687484));
#13374 = CARTESIAN_POINT('',(-92.49586173548,-59.8040946736,
    44.597572053073));
#13375 = CARTESIAN_POINT('',(-92.55136489217,-59.79121522392,
    44.179277093767));
#13376 = CARTESIAN_POINT('',(-92.59295008146,-59.78123782232,
    43.760075928437));
#13377 = CARTESIAN_POINT('',(-92.62066081624,-59.77447959849,
    43.340270533942));
#13378 = CARTESIAN_POINT('',(-92.63451776649,-59.77110030819,
    42.920151869325));
#13379 = CARTESIAN_POINT('',(-92.63451776649,-59.77110030819,42.5));
#13380 = PCURVE('',#132,#13381);
#13381 = DEFINITIONAL_REPRESENTATION('',(#13382),#13406);
#13382 = B_SPLINE_CURVE_WITH_KNOTS('',6,(#13383,#13384,#13385,#13386,
    #13387,#13388,#13389,#13390,#13391,#13392,#13393,#13394,#13395,
    #13396,#13397,#13398,#13399,#13400,#13401,#13402,#13403,#13404,
    #13405),.UNSPECIFIED.,.F.,.F.,(7,5,5,6,7),(0.,0.5,0.5625,0.6171875,
    1.),.UNSPECIFIED.);
#13383 = CARTESIAN_POINT('',(0.,49.780796659707));
#13384 = CARTESIAN_POINT('',(4.484699255166E-02,49.20405210679));
#13385 = CARTESIAN_POINT('',(8.396705583591E-02,48.617369035043));
#13386 = CARTESIAN_POINT('',(0.118053956065,48.022834515122));
#13387 = CARTESIAN_POINT('',(0.147477036724,47.421993189562));
#13388 = CARTESIAN_POINT('',(0.172477444408,46.815991156238));
#13389 = CARTESIAN_POINT('',(0.195784023328,46.129407736372));
#13390 = CARTESIAN_POINT('',(0.198306743559,46.053053637895));
#13391 = CARTESIAN_POINT('',(0.200762810713,45.976634109608));
#13392 = CARTESIAN_POINT('',(0.2031524675,45.900150742234));
#13393 = CARTESIAN_POINT('',(0.20547595663,45.823605126496));
#13394 = CARTESIAN_POINT('',(0.209708878162,45.679968412498));
#13395 = CARTESIAN_POINT('',(0.211633753233,45.612891011605));
#13396 = CARTESIAN_POINT('',(0.213508251565,45.545769138852));
#13397 = CARTESIAN_POINT('',(0.215332546263,45.478601997917));
#13398 = CARTESIAN_POINT('',(0.217106768512,45.411389984802));
#13399 = CARTESIAN_POINT('',(0.21883089809,45.344139164899));
#13400 = CARTESIAN_POINT('',(0.230899793883,44.873382040106));
#13401 = CARTESIAN_POINT('',(0.240516318087,44.400652750141));
#13402 = CARTESIAN_POINT('',(0.247713438048,43.926467953989));
#13403 = CARTESIAN_POINT('',(0.252507665692,43.451321019777));
#13404 = CARTESIAN_POINT('',(0.254904635691,42.975682398876));
#13405 = CARTESIAN_POINT('',(0.254904683646,42.5));
#13406 = ( GEOMETRIC_REPRESENTATION_CONTEXT(2) 
PARAMETRIC_REPRESENTATION_CONTEXT() REPRESENTATION_CONTEXT('2D SPACE',''
  ) );
#13407 = PCURVE('',#101,#13408);
#13408 = DEFINITIONAL_REPRESENTATION('',(#13409),#13435);
#13409 = B_SPLINE_CURVE_WITH_KNOTS('',8,(#13410,#13411,#13412,#13413,
    #13414,#13415,#13416,#13417,#13418,#13419,#13420,#13421,#13422,
    #13423,#13424,#13425,#13426,#13427,#13428,#13429,#13430,#13431,
    #13432,#13433,#13434),.UNSPECIFIED.,.F.,.F.,(9,8,8,9),(0.,0.5,0.75,
    1.),.UNSPECIFIED.);
#13410 = CARTESIAN_POINT('',(2.618434231107,-5.));
#13411 = CARTESIAN_POINT('',(2.650583098022,-4.999999913479));
#13412 = CARTESIAN_POINT('',(2.682612051768,-4.991616204942));
#13413 = CARTESIAN_POINT('',(2.71456486738,-4.977102959338));
#13414 = CARTESIAN_POINT('',(2.746487996864,-4.958376876285));
#13415 = CARTESIAN_POINT('',(2.77843023576,-4.937079775683));
#13416 = CARTESIAN_POINT('',(2.810442782265,-4.914621562093));
#13417 = CARTESIAN_POINT('',(2.842579688922,-4.892203647868));
#13418 = CARTESIAN_POINT('',(2.874898706869,-4.870822835038));
#13419 = CARTESIAN_POINT('',(2.891058061345,-4.860132559606));
#13420 = CARTESIAN_POINT('',(2.907264397581,-4.849700849725));
#13421 = CARTESIAN_POINT('',(2.923517599917,-4.839656803821));
#13422 = CARTESIAN_POINT('',(2.939843443641,-4.830101723511));
#13423 = CARTESIAN_POINT('',(2.95622503651,-4.821151142502));
#13424 = CARTESIAN_POINT('',(2.972682979712,-4.812884341101));
#13425 = CARTESIAN_POINT('',(2.989218723652,-4.805380987569));
#13426 = CARTESIAN_POINT('',(3.005839948299,-4.798703857304));
#13427 = CARTESIAN_POINT('',(3.022461156562,-4.792026767767));
#13428 = CARTESIAN_POINT('',(3.03916784805,-4.786175870088));
#13429 = CARTESIAN_POINT('',(3.055966640954,-4.781214894451));
#13430 = CARTESIAN_POINT('',(3.072864423326,-4.77719486968));
#13431 = CARTESIAN_POINT('',(3.089868353075,-4.774154123241));
#13432 = CARTESIAN_POINT('',(3.106985857973,-4.772118281241));
#13433 = CARTESIAN_POINT('',(3.124224635648,-4.771100268429));
#13434 = CARTESIAN_POINT('',(3.14159265359,-4.771100308193));
#13435 = ( GEOMETRIC_REPRESENTATION_CONTEXT(2) 
PARAMETRIC_REPRESENTATION_CONTEXT() REPRESENTATION_CONTEXT('2D SPACE',''
  ) );
#13436 = ORIENTED_EDGE('',*,*,#12971,.F.);
#13437 = ORIENTED_EDGE('',*,*,#12938,.T.);
#13438 = ORIENTED_EDGE('',*,*,#12777,.F.);
#13439 = ORIENTED_EDGE('',*,*,#8619,.F.);
#13440 = ORIENTED_EDGE('',*,*,#8884,.F.);
#13441 = ADVANCED_FACE('',(#13442),#101,.T.);
#13442 = FACE_BOUND('',#13443,.T.);
#13443 = EDGE_LOOP('',(#13444,#13445,#13446,#13447));
#13444 = ORIENTED_EDGE('',*,*,#85,.F.);
#13445 = ORIENTED_EDGE('',*,*,#13363,.T.);
#13446 = ORIENTED_EDGE('',*,*,#13022,.T.);
#13447 = ORIENTED_EDGE('',*,*,#13448,.T.);
#13448 = EDGE_CURVE('',#12994,#58,#13449,.T.);
#13449 = SURFACE_CURVE('',#13450,(#13473,#13499),.PCURVE_S1.);
#13450 = B_SPLINE_CURVE_WITH_KNOTS('',6,(#13451,#13452,#13453,#13454,
    #13455,#13456,#13457,#13458,#13459,#13460,#13461,#13462,#13463,
    #13464,#13465,#13466,#13467,#13468,#13469,#13470,#13471,#13472),
  .UNSPECIFIED.,.F.,.F.,(7,5,5,5,7),(0.,0.220640581945,0.420517641017,
    0.671252838684,1.),.UNSPECIFIED.);
#13451 = CARTESIAN_POINT('',(-92.63451776649,-59.70998274346,42.5));
#13452 = CARTESIAN_POINT('',(-92.63451776649,-59.70998274346,
    42.789895088416));
#13453 = CARTESIAN_POINT('',(-92.62773234423,-59.71186127728,
    43.079798440191));
#13454 = CARTESIAN_POINT('',(-92.61416072329,-59.71561865039,
    43.369592039628));
#13455 = CARTESIAN_POINT('',(-92.59379757502,-59.72120792734,
    43.65915976246));
#13456 = CARTESIAN_POINT('',(-92.56663211486,-59.72853584994,
    43.948387312399));
#13457 = CARTESIAN_POINT('',(-92.5018604547,-59.74555149457,
    44.498761661747));
#13458 = CARTESIAN_POINT('',(-92.4654773298,-59.75495228454,
    44.759989920963));
#13459 = CARTESIAN_POINT('',(-92.42348487073,-59.76556309203,
    45.020764149624));
#13460 = CARTESIAN_POINT('',(-92.37586563965,-59.77725062839,
    45.28100349907));
#13461 = CARTESIAN_POINT('',(-92.32259645619,-59.789852033,
    45.540628906102));
#13462 = CARTESIAN_POINT('',(-92.18969834,-59.81988921219,
    46.124381991746));
#13463 = CARTESIAN_POINT('',(-92.10681182103,-59.83773919543,
    46.448109951614));
#13464 = CARTESIAN_POINT('',(-92.01492686583,-59.8563463457,
    46.770598880911));
#13465 = CARTESIAN_POINT('',(-91.91396722672,-59.87526107222,
    47.091694697513));
#13466 = CARTESIAN_POINT('',(-91.80383797345,-59.89395884288,
    47.411236874657));
#13467 = CARTESIAN_POINT('',(-91.52785258044,-59.93527457275,
    48.1457640465));
#13468 = CARTESIAN_POINT('',(-91.35533279433,-59.95729972023,
    48.559474334845));
#13469 = CARTESIAN_POINT('',(-91.16658579529,-59.97655174599,
    48.969862527312));
#13470 = CARTESIAN_POINT('',(-90.96130499601,-59.99141806041,
    49.376447540757));
#13471 = CARTESIAN_POINT('',(-90.73919403904,-59.99999999999,
    49.778604443172));
#13472 = CARTESIAN_POINT('',(-90.50000000037,-60.,50.175576123359));
#13473 = PCURVE('',#101,#13474);
#13474 = DEFINITIONAL_REPRESENTATION('',(#13475),#13498);
#13475 = B_SPLINE_CURVE_WITH_KNOTS('',6,(#13476,#13477,#13478,#13479,
    #13480,#13481,#13482,#13483,#13484,#13485,#13486,#13487,#13488,
    #13489,#13490,#13491,#13492,#13493,#13494,#13495,#13496,#13497),
  .UNSPECIFIED.,.F.,.F.,(7,5,5,5,7),(0.,0.220640581945,0.420517641017,
    0.671252838684,1.),.UNSPECIFIED.);
#13476 = CARTESIAN_POINT('',(3.14159265359,-4.709982743464));
#13477 = CARTESIAN_POINT('',(3.119982419661,-4.709982743464));
#13478 = CARTESIAN_POINT('',(3.098580556414,-4.711861277283));
#13479 = CARTESIAN_POINT('',(3.077370009879,-4.715618650393));
#13480 = CARTESIAN_POINT('',(3.056334548713,-4.721207927346));
#13481 = CARTESIAN_POINT('',(3.035458521293,-4.728535849941));
#13482 = CARTESIAN_POINT('',(2.995945693789,-4.74555149457));
#13483 = CARTESIAN_POINT('',(2.977283026855,-4.75495228454));
#13484 = CARTESIAN_POINT('',(2.958727164087,-4.765563092031));
#13485 = CARTESIAN_POINT('',(2.940266839944,-4.777250628399));
#13486 = CARTESIAN_POINT('',(2.921890828518,-4.789852033004));
#13487 = CARTESIAN_POINT('',(2.880627620708,-4.819889212195));
#13488 = CARTESIAN_POINT('',(2.857782512458,-4.837739195433));
#13489 = CARTESIAN_POINT('',(2.83502975135,-4.856346345702));
#13490 = CARTESIAN_POINT('',(2.812347091642,-4.875261072228));
#13491 = CARTESIAN_POINT('',(2.789712188529,-4.893958842886));
#13492 = CARTESIAN_POINT('',(2.737457084956,-4.935274572754));
#13493 = CARTESIAN_POINT('',(2.707857315668,-4.957299720238));
#13494 = CARTESIAN_POINT('',(2.678247261329,-4.976551745999));
#13495 = CARTESIAN_POINT('',(2.648578848462,-4.99141806041));
#13496 = CARTESIAN_POINT('',(2.618808364139,-4.999999999994));
#13497 = CARTESIAN_POINT('',(2.588894924915,-5.));
#13498 = ( GEOMETRIC_REPRESENTATION_CONTEXT(2) 
PARAMETRIC_REPRESENTATION_CONTEXT() REPRESENTATION_CONTEXT('2D SPACE',''
  ) );
#13499 = PCURVE('',#73,#13500);
#13500 = DEFINITIONAL_REPRESENTATION('',(#13501),#13524);
#13501 = B_SPLINE_CURVE_WITH_KNOTS('',6,(#13502,#13503,#13504,#13505,
    #13506,#13507,#13508,#13509,#13510,#13511,#13512,#13513,#13514,
    #13515,#13516,#13517,#13518,#13519,#13520,#13521,#13522,#13523),
  .UNSPECIFIED.,.F.,.F.,(7,5,5,5,7),(0.,0.220640581945,0.420517641017,
    0.671252838684,1.),.UNSPECIFIED.);
#13502 = CARTESIAN_POINT('',(-0.27008641589,42.5));
#13503 = CARTESIAN_POINT('',(-0.27008641589,42.789895088416));
#13504 = CARTESIAN_POINT('',(-0.269206339515,43.079798440191));
#13505 = CARTESIAN_POINT('',(-0.267446055638,43.369592039628));
#13506 = CARTESIAN_POINT('',(-0.264806541652,43.65915976246));
#13507 = CARTESIAN_POINT('',(-0.261289553998,43.948387312399));
#13508 = CARTESIAN_POINT('',(-0.252918379384,44.498761661747));
#13509 = CARTESIAN_POINT('',(-0.248221169969,44.759989920963));
#13510 = CARTESIAN_POINT('',(-0.242807248782,45.020764149624));
#13511 = CARTESIAN_POINT('',(-0.236678451058,45.28100349907));
#13512 = CARTESIAN_POINT('',(-0.229836366615,45.540628906102));
#13513 = CARTESIAN_POINT('',(-0.212805080413,46.124381991746));
#13514 = CARTESIAN_POINT('',(-0.202207296718,46.448109951614));
#13515 = CARTESIAN_POINT('',(-0.190489928435,46.770598880911));
#13516 = CARTESIAN_POINT('',(-0.177652858788,47.091694697513));
#13517 = CARTESIAN_POINT('',(-0.163692365748,47.411236874657));
#13518 = CARTESIAN_POINT('',(-0.128809766511,48.1457640465));
#13519 = CARTESIAN_POINT('',(-0.107074828621,48.559474334845));
#13520 = CARTESIAN_POINT('',(-8.337128293938E-02,48.969862527312));
#13521 = CARTESIAN_POINT('',(-5.766313781295E-02,49.376447540757));
#13522 = CARTESIAN_POINT('',(-2.989925483374E-02,49.778604443172));
#13523 = CARTESIAN_POINT('',(0.,50.175576123359));
#13524 = ( GEOMETRIC_REPRESENTATION_CONTEXT(2) 
PARAMETRIC_REPRESENTATION_CONTEXT() REPRESENTATION_CONTEXT('2D SPACE',''
  ) );
#13525 = ADVANCED_FACE('',(#13526),#73,.T.);
#13526 = FACE_BOUND('',#13527,.F.);
#13527 = EDGE_LOOP('',(#13528,#13529,#13530,#13584,#13585,#13586,#13587,
    #13588));
#13528 = ORIENTED_EDGE('',*,*,#13448,.T.);
#13529 = ORIENTED_EDGE('',*,*,#57,.T.);
#13530 = ORIENTED_EDGE('',*,*,#13531,.T.);
#13531 = EDGE_CURVE('',#22,#12659,#13532,.T.);
#13532 = SURFACE_CURVE('',#13533,(#13548,#13566),.PCURVE_S1.);
#13533 = B_SPLINE_CURVE_WITH_KNOTS('',7,(#13534,#13535,#13536,#13537,
    #13538,#13539,#13540,#13541,#13542,#13543,#13544,#13545,#13546,
    #13547),.UNSPECIFIED.,.F.,.F.,(8,6,8),(0.,0.605522608154,1.),
  .UNSPECIFIED.);
#13534 = CARTESIAN_POINT('',(-90.5,-60.,49.780796659707));
#13535 = CARTESIAN_POINT('',(-90.83529928726,-60.,49.182113447117));
#13536 = CARTESIAN_POINT('',(-91.13417403404,-59.98360476227,
    48.573018825689));
#13537 = CARTESIAN_POINT('',(-91.39737057187,-59.95722488909,
    47.955630500291));
#13538 = CARTESIAN_POINT('',(-91.62576472486,-59.92580204004,
    47.331568160965));
#13539 = CARTESIAN_POINT('',(-91.82013896933,-59.8932960691,
    46.702054440613));
#13540 = CARTESIAN_POINT('',(-91.98110614949,-59.86278459822,
    46.068020917582));
#13541 = CARTESIAN_POINT('',(-92.19238442507,-59.81940369282,
    45.014647687484));
#13542 = CARTESIAN_POINT('',(-92.26169499691,-59.8040946736,
    44.597572053073));
#13543 = CARTESIAN_POINT('',(-92.31705763928,-59.79121522392,
    44.179277093767));
#13544 = CARTESIAN_POINT('',(-92.35853754961,-59.78123782232,
    43.760075928437));
#13545 = CARTESIAN_POINT('',(-92.38617813063,-59.77447959849,
    43.340270533942));
#13546 = CARTESIAN_POINT('',(-92.4,-59.77110030819,42.920151869325));
#13547 = CARTESIAN_POINT('',(-92.4,-59.77110030819,42.5));
#13548 = PCURVE('',#73,#13549);
#13549 = DEFINITIONAL_REPRESENTATION('',(#13550),#13565);
#13550 = B_SPLINE_CURVE_WITH_KNOTS('',7,(#13551,#13552,#13553,#13554,
    #13555,#13556,#13557,#13558,#13559,#13560,#13561,#13562,#13563,
    #13564),.UNSPECIFIED.,.F.,.F.,(8,6,8),(0.,0.605522608154,1.),
  .UNSPECIFIED.);
#13551 = CARTESIAN_POINT('',(0.,49.780796659707));
#13552 = CARTESIAN_POINT('',(-4.191241090818E-02,49.182113447117));
#13553 = CARTESIAN_POINT('',(-7.927178627372E-02,48.573018825689));
#13554 = CARTESIAN_POINT('',(-0.11229142583,47.955630500291));
#13555 = CARTESIAN_POINT('',(-0.141084458963,47.331568160965));
#13556 = CARTESIAN_POINT('',(-0.165709226298,46.702054440613));
#13557 = CARTESIAN_POINT('',(-0.186186011289,46.068020917582));
#13558 = CARTESIAN_POINT('',(-0.213146750304,45.014647687484));
#13559 = CARTESIAN_POINT('',(-0.222018501285,44.597572053073));
#13560 = CARTESIAN_POINT('',(-0.2291230159,44.179277093767));
#13561 = CARTESIAN_POINT('',(-0.234455851378,43.760075928437));
#13562 = CARTESIAN_POINT('',(-0.238012869712,43.340270533942));
#13563 = CARTESIAN_POINT('',(-0.23979139984,42.920151869325));
#13564 = CARTESIAN_POINT('',(-0.23979139984,42.5));
#13565 = ( GEOMETRIC_REPRESENTATION_CONTEXT(2) 
PARAMETRIC_REPRESENTATION_CONTEXT() REPRESENTATION_CONTEXT('2D SPACE',''
  ) );
#13566 = PCURVE('',#45,#13567);
#13567 = DEFINITIONAL_REPRESENTATION('',(#13568),#13583);
#13568 = B_SPLINE_CURVE_WITH_KNOTS('',7,(#13569,#13570,#13571,#13572,
    #13573,#13574,#13575,#13576,#13577,#13578,#13579,#13580,#13581,
    #13582),.UNSPECIFIED.,.F.,.F.,(8,6,8),(0.,0.605522608154,1.),
  .UNSPECIFIED.);
#13569 = CARTESIAN_POINT('',(-2.631057681311,-5.));
#13570 = CARTESIAN_POINT('',(-2.677110236126,-5.));
#13571 = CARTESIAN_POINT('',(-2.722577898251,-4.983604762273));
#13572 = CARTESIAN_POINT('',(-2.767520689982,-4.957224889091));
#13573 = CARTESIAN_POINT('',(-2.812013696174,-4.925802040045));
#13574 = CARTESIAN_POINT('',(-2.856139269614,-4.893296069104));
#13575 = CARTESIAN_POINT('',(-2.899985423215,-4.862784598228));
#13576 = CARTESIAN_POINT('',(-2.972089629632,-4.819403692828));
#13577 = CARTESIAN_POINT('',(-3.000449463993,-4.804094673608));
#13578 = CARTESIAN_POINT('',(-3.02874303054,-4.791215223924));
#13579 = CARTESIAN_POINT('',(-3.056987179083,-4.781237822323));
#13580 = CARTESIAN_POINT('',(-3.085198658242,-4.774479598492));
#13581 = CARTESIAN_POINT('',(-3.113394541555,-4.771100308193));
#13582 = CARTESIAN_POINT('',(-3.14159265359,-4.771100308193));
#13583 = ( GEOMETRIC_REPRESENTATION_CONTEXT(2) 
PARAMETRIC_REPRESENTATION_CONTEXT() REPRESENTATION_CONTEXT('2D SPACE',''
  ) );
#13584 = ORIENTED_EDGE('',*,*,#12681,.F.);
#13585 = ORIENTED_EDGE('',*,*,#12728,.T.);
#13586 = ORIENTED_EDGE('',*,*,#12830,.F.);
#13587 = ORIENTED_EDGE('',*,*,#12856,.T.);
#13588 = ORIENTED_EDGE('',*,*,#12993,.T.);
#13589 = ADVANCED_FACE('',(#13590),#45,.F.);
#13590 = FACE_BOUND('',#13591,.T.);
#13591 = EDGE_LOOP('',(#13592,#13593,#13594,#13595,#13596));
#13592 = ORIENTED_EDGE('',*,*,#12658,.T.);
#13593 = ORIENTED_EDGE('',*,*,#876,.T.);
#13594 = ORIENTED_EDGE('',*,*,#376,.T.);
#13595 = ORIENTED_EDGE('',*,*,#21,.F.);
#13596 = ORIENTED_EDGE('',*,*,#13531,.T.);
#13597 = ( GEOMETRIC_REPRESENTATION_CONTEXT(3) 
GLOBAL_UNCERTAINTY_ASSIGNED_CONTEXT((#13601)) 
GLOBAL_UNIT_ASSIGNED_CONTEXT((#13598,#13599,#13600)) 
REPRESENTATION_CONTEXT('Context #1',
  '3D Context with UNIT and UNCERTAINTY') );
#13598 = ( LENGTH_UNIT() NAMED_UNIT(*) SI_UNIT(.MILLI.,.METRE.) );
#13599 = ( NAMED_UNIT(*) PLANE_ANGLE_UNIT() SI_UNIT($,.RADIAN.) );
#13600 = ( NAMED_UNIT(*) SI_UNIT($,.STERADIAN.) SOLID_ANGLE_UNIT() );
#13601 = UNCERTAINTY_MEASURE_WITH_UNIT(LENGTH_MEASURE(1.E-06),#13598,
  'distance_accuracy_value','confusion accuracy');
#13602 = PRODUCT_RELATED_PRODUCT_CATEGORY('part',$,(#7));
ENDSEC;
END-ISO-10303-21;
